[2026-07-19 18:36:59] local.ERROR: Command "server" is not defined.

Did you mean one of these?
    make:observer
    serve {"exception":"[object] (Symfony\\Component\\Console\\Exception\\CommandNotFoundException(code: 0): Command \"server\" is not defined.

Did you mean one of these?
    make:observer
    serve at C:/Users/israe/OneDrive/Desktop/Pasantia/Proyectos/recursos-humanos/vendor/symfony/console/Application.php:759)
[stacktrace]
#0 C:/Users/israe/OneDrive/Desktop/Pasantia/Proyectos/recursos-humanos/vendor/symfony/console/Application.php(298): Symfony/Component/Console/Application->find()
#1 C:/Users/israe/OneDrive/Desktop/Pasantia/Proyectos/recursos-humanos/vendor/symfony/console/Application.php(195): Symfony/Component/Console/Application->doRun()
#2 C:/Users/israe/OneDrive/Desktop/Pasantia/Proyectos/recursos-humanos/vendor/laravel/framework/src/Illuminate/Foundation/Console/Kernel.php(198): Symfony/Component/Console/Application->run()
#3 C:/Users/israe/OneDrive/Desktop/Pasantia/Proyectos/recursos-humanos/vendor/laravel/framework/src/Illuminate/Foundation/Application.php(1235): Illuminate/Foundation/Console/Kernel->handle()
#4 C:/Users/israe/OneDrive/Desktop/Pasantia/Proyectos/recursos-humanos/artisan(13): Illuminate/Foundation/Application->handleCommand()
#5 {main}
"} 
[2026-07-19 19:16:37] local.ERROR: Command "server" is not defined.

Did you mean one of these?
    make:observer
    serve {"exception":"[object] (Symfony\\Component\\Console\\Exception\\CommandNotFoundException(code: 0): Command \"server\" is not defined.

Did you mean one of these?
    make:observer
    serve at C:/Users/israe/OneDrive/Desktop/Pasantia/Proyectos/recursos-humanos/vendor/symfony/console/Application.php:759)
[stacktrace]
#0 C:/Users/israe/OneDrive/Desktop/Pasantia/Proyectos/recursos-humanos/vendor/symfony/console/Application.php(298): Symfony/Component/Console/Application->find()
#1 C:/Users/israe/OneDrive/Desktop/Pasantia/Proyectos/recursos-humanos/vendor/symfony/console/Application.php(195): Symfony/Component/Console/Application->doRun()
#2 C:/Users/israe/OneDrive/Desktop/Pasantia/Proyectos/recursos-humanos/vendor/laravel/framework/src/Illuminate/Foundation/Console/Kernel.php(198): Symfony/Component/Console/Application->run()
#3 C:/Users/israe/OneDrive/Desktop/Pasantia/Proyectos/recursos-humanos/vendor/laravel/framework/src/Illuminate/Foundation/Application.php(1235): Illuminate/Foundation/Console/Kernel->handle()
#4 C:/Users/israe/OneDrive/Desktop/Pasantia/Proyectos/recursos-humanos/artisan(13): Illuminate/Foundation/Application->handleCommand()
#5 {main}
"} 
[2026-07-19 20:25:49] local.ERROR: PHP Parse error: Syntax error, unexpected T_NS_SEPARATOR on line 1 {"exception":"[object] (Psy\\Exception\\ParseErrorException(code: 0): PHP Parse error: Syntax error, unexpected T_NS_SEPARATOR on line 1 at C:/Users/israe/OneDrive/Desktop/Pasantia/Proyectos/recursos-humanos/vendor/psy/psysh/src/Exception/ParseErrorException.php:44)
[stacktrace]
#0 C:/Users/israe/OneDrive/Desktop/Pasantia/Proyectos/recursos-humanos/vendor/psy/psysh/src/CodeCleaner.php(657): Psy/Exception/ParseErrorException::fromParseError()
#1 C:/Users/israe/OneDrive/Desktop/Pasantia/Proyectos/recursos-humanos/vendor/psy/psysh/src/CodeCleaner.php(273): Psy/CodeCleaner->parse()
#2 C:/Users/israe/OneDrive/Desktop/Pasantia/Proyectos/recursos-humanos/vendor/psy/psysh/src/Shell.php(1399): Psy/CodeCleaner->clean()
#3 C:/Users/israe/OneDrive/Desktop/Pasantia/Proyectos/recursos-humanos/vendor/psy/psysh/src/Shell.php(1506): Psy/Shell->appendCode()
#4 C:/Users/israe/OneDrive/Desktop/Pasantia/Proyectos/recursos-humanos/vendor/psy/psysh/src/Shell.php(2215): Psy/Shell->setCode()
#5 C:/Users/israe/OneDrive/Desktop/Pasantia/Proyectos/recursos-humanos/vendor/laravel/tinker/src/Console/TinkerCommand.php(77): Psy/Shell->execute()
#6 C:/Users/israe/OneDrive/Desktop/Pasantia/Proyectos/recursos-humanos/vendor/laravel/framework/src/Illuminate/Container/BoundMethod.php(36): Laravel/Tinker/Console/TinkerCommand->handle()
#7 C:/Users/israe/OneDrive/Desktop/Pasantia/Proyectos/recursos-humanos/vendor/laravel/framework/src/Illuminate/Container/Util.php(43): Illuminate/Container/BoundMethod::Illuminate/Container/{closure}()
#8 C:/Users/israe/OneDrive/Desktop/Pasantia/Proyectos/recursos-humanos/vendor/laravel/framework/src/Illuminate/Container/BoundMethod.php(95): Illuminate/Container/Util::unwrapIfClosure()
#9 C:/Users/israe/OneDrive/Desktop/Pasantia/Proyectos/recursos-humanos/vendor/laravel/framework/src/Illuminate/Container/BoundMethod.php(35): Illuminate/Container/BoundMethod::callBoundMethod()
#10 C:/Users/israe/OneDrive/Desktop/Pasantia/Proyectos/recursos-humanos/vendor/laravel/framework/src/Illuminate/Container/Container.php(696): Illuminate/Container/BoundMethod::call()
#11 C:/Users/israe/OneDrive/Desktop/Pasantia/Proyectos/recursos-humanos/vendor/laravel/framework/src/Illuminate/Console/Command.php(213): Illuminate/Container/Container->call()
#12 C:/Users/israe/OneDrive/Desktop/Pasantia/Proyectos/recursos-humanos/vendor/symfony/console/Command/Command.php(341): Illuminate/Console/Command->execute()
#13 C:/Users/israe/OneDrive/Desktop/Pasantia/Proyectos/recursos-humanos/vendor/laravel/framework/src/Illuminate/Console/Command.php(182): Symfony/Component/Console/Command/Command->run()
#14 C:/Users/israe/OneDrive/Desktop/Pasantia/Proyectos/recursos-humanos/vendor/symfony/console/Application.php(1117): Illuminate/Console/Command->run()
#15 C:/Users/israe/OneDrive/Desktop/Pasantia/Proyectos/recursos-humanos/vendor/symfony/console/Application.php(356): Symfony/Component/Console/Application->doRunCommand()
#16 C:/Users/israe/OneDrive/Desktop/Pasantia/Proyectos/recursos-humanos/vendor/symfony/console/Application.php(195): Symfony/Component/Console/Application->doRun()
#17 C:/Users/israe/OneDrive/Desktop/Pasantia/Proyectos/recursos-humanos/vendor/laravel/framework/src/Illuminate/Foundation/Console/Kernel.php(198): Symfony/Component/Console/Application->run()
#18 C:/Users/israe/OneDrive/Desktop/Pasantia/Proyectos/recursos-humanos/vendor/laravel/framework/src/Illuminate/Foundation/Application.php(1235): Illuminate/Foundation/Console/Kernel->handle()
#19 C:/Users/israe/OneDrive/Desktop/Pasantia/Proyectos/recursos-humanos/artisan(13): Illuminate/Foundation/Application->handleCommand()
#20 {main}
"} 
[2026-07-19 20:53:45] local.ERROR: View [livewire.reportes] not found. {"userId":2,"exception":"[object] (InvalidArgumentException(code: 0): View [livewire.reportes] not found. at C:/Users/israe/OneDrive/Desktop/Pasantia/Proyectos/recursos-humanos/vendor/laravel/framework/src/Illuminate/View/FileViewFinder.php:139)
[stacktrace]
#0 C:/Users/israe/OneDrive/Desktop/Pasantia/Proyectos/recursos-humanos/vendor/laravel/framework/src/Illuminate/View/FileViewFinder.php(79): Illuminate/View/FileViewFinder->findInPaths()
#1 C:/Users/israe/OneDrive/Desktop/Pasantia/Proyectos/recursos-humanos/vendor/laravel/framework/src/Illuminate/View/Factory.php(151): Illuminate/View/FileViewFinder->find()
#2 C:/Users/israe/OneDrive/Desktop/Pasantia/Proyectos/recursos-humanos/vendor/laravel/framework/src/Illuminate/Foundation/helpers.php(1062): Illuminate/View/Factory->make()
#3 C:/Users/israe/OneDrive/Desktop/Pasantia/Proyectos/recursos-humanos/app/Livewire/ReportesPage.php(14): view()
#4 C:/Users/israe/OneDrive/Desktop/Pasantia/Proyectos/recursos-humanos/vendor/laravel/framework/src/Illuminate/Container/BoundMethod.php(36): App/Livewire/ReportesPage->render()
#5 C:/Users/israe/OneDrive/Desktop/Pasantia/Proyectos/recursos-humanos/vendor/laravel/framework/src/Illuminate/Container/Util.php(43): Illuminate/Container/BoundMethod::Illuminate/Container/{closure}()
#6 C:/Users/israe/OneDrive/Desktop/Pasantia/Proyectos/recursos-humanos/vendor/laravel/framework/src/Illuminate/Container/BoundMethod.php(95): Illuminate/Container/Util::unwrapIfClosure()
#7 C:/Users/israe/OneDrive/Desktop/Pasantia/Proyectos/recursos-humanos/vendor/laravel/framework/src/Illuminate/Container/BoundMethod.php(35): Illuminate/Container/BoundMethod::callBoundMethod()
#8 C:/Users/israe/OneDrive/Desktop/Pasantia/Proyectos/recursos-humanos/vendor/livewire/livewire/src/Wrapped.php(23): Illuminate/Container/BoundMethod::call()
#9 C:/Users/israe/OneDrive/Desktop/Pasantia/Proyectos/recursos-humanos/vendor/livewire/livewire/src/Mechanisms/HandleComponents/HandleComponents.php(312): Livewire/Wrapped->__call()
#10 C:/Users/israe/OneDrive/Desktop/Pasantia/Proyectos/recursos-humanos/vendor/livewire/livewire/src/Mechanisms/HandleComponents/HandleComponents.php(272): Livewire/Mechanisms/HandleComponents/HandleComponents->getView()
#11 C:/Users/israe/OneDrive/Desktop/Pasantia/Proyectos/recursos-humanos/vendor/livewire/livewire/src/Mechanisms/HandleComponents/HandleComponents.php(54): Livewire/Mechanisms/HandleComponents/HandleComponents->render()
#12 C:/Users/israe/OneDrive/Desktop/Pasantia/Proyectos/recursos-humanos/vendor/livewire/livewire/src/LivewireManager.php(73): Livewire/Mechanisms/HandleComponents/HandleComponents->mount()
#13 C:/Users/israe/OneDrive/Desktop/Pasantia/Proyectos/recursos-humanos/vendor/livewire/livewire/src/Features/SupportPageComponents/HandlesPageComponents.php(17): Livewire/LivewireManager->mount()
#14 C:/Users/israe/OneDrive/Desktop/Pasantia/Proyectos/recursos-humanos/vendor/livewire/livewire/src/Features/SupportPageComponents/SupportPageComponents.php(117): Livewire/Component->Livewire/Features/SupportPageComponents/{closure}()
#15 C:/Users/israe/OneDrive/Desktop/Pasantia/Proyectos/recursos-humanos/vendor/livewire/livewire/src/Features/SupportPageComponents/HandlesPageComponents.php(14): Livewire/Features/SupportPageComponents/SupportPageComponents::interceptTheRenderOfTheComponentAndRetreiveTheLayoutConfiguration()
#16 C:/Users/israe/OneDrive/Desktop/Pasantia/Proyectos/recursos-humanos/vendor/laravel/framework/src/Illuminate/Routing/ControllerDispatcher.php(47): Livewire/Component->__invoke()
#17 C:/Users/israe/OneDrive/Desktop/Pasantia/Proyectos/recursos-humanos/vendor/laravel/framework/src/Illuminate/Routing/Route.php(266): Illuminate/Routing/ControllerDispatcher->dispatch()
#18 C:/Users/israe/OneDrive/Desktop/Pasantia/Proyectos/recursos-humanos/vendor/laravel/framework/src/Illuminate/Routing/Route.php(212): Illuminate/Routing/Route->runController()
#19 C:/Users/israe/OneDrive/Desktop/Pasantia/Proyectos/recursos-humanos/vendor/laravel/framework/src/Illuminate/Routing/Router.php(808): Illuminate/Routing/Route->run()
#20 C:/Users/israe/OneDrive/Desktop/Pasantia/Proyectos/recursos-humanos/vendor/laravel/framework/src/Illuminate/Pipeline/Pipeline.php(170): Illuminate/Routing/Router->Illuminate/Routing/{closure}()
#21 C:/Users/israe/OneDrive/Desktop/Pasantia/Proyectos/recursos-humanos/vendor/laravel/framework/src/Illuminate/Routing/Middleware/SubstituteBindings.php(51): Illuminate/Pipeline/Pipeline->Illuminate/Pipeline/{closure}()
#22 C:/Users/israe/OneDrive/Desktop/Pasantia/Proyectos/recursos-humanos/vendor/laravel/framework/src/Illuminate/Pipeline/Pipeline.php(209): Illuminate/Routing/Middleware/SubstituteBindings->handle()
#23 C:/Users/israe/OneDrive/Desktop/Pasantia/Proyectos/recursos-humanos/vendor/laravel/framework/src/Illuminate/Auth/Middleware/Authenticate.php(64): Illuminate/Pipeline/Pipeline->Illuminate/Pipeline/{closure}()
#24 C:/Users/israe/OneDrive/Desktop/Pasantia/Proyectos/recursos-humanos/vendor/laravel/framework/src/Illuminate/Pipeline/Pipeline.php(209): Illuminate/Auth/Middleware/Authenticate->handle()
#25 C:/Users/israe/OneDrive/Desktop/Pasantia/Proyectos/recursos-humanos/vendor/laravel/framework/src/Illuminate/Foundation/Http/Middleware/VerifyCsrfToken.php(88): Illuminate/Pipeline/Pipeline->Illuminate/Pipeline/{closure}()
#26 C:/Users/israe/OneDrive/Desktop/Pasantia/Proyectos/recursos-humanos/vendor/laravel/framework/src/Illuminate/Pipeline/Pipeline.php(209): Illuminate/Foundation/Http/Middleware/VerifyCsrfToken->handle()
#27 C:/Users/israe/OneDrive/Desktop/Pasantia/Proyectos/recursos-humanos/vendor/laravel/framework/src/Illuminate/View/Middleware/ShareErrorsFromSession.php(49): Illuminate/Pipeline/Pipeline->Illuminate/Pipeline/{closure}()
#28 C:/Users/israe/OneDrive/Desktop/Pasantia/Proyectos/recursos-humanos/vendor/laravel/framework/src/Illuminate/Pipeline/Pipeline.php(209): Illuminate/View/Middleware/ShareErrorsFromSession->handle()
#29 C:/Users/israe/OneDrive/Desktop/Pasantia/Proyectos/recursos-humanos/vendor/laravel/framework/src/Illuminate/Session/Middleware/StartSession.php(121): Illuminate/Pipeline/Pipeline->Illuminate/Pipeline/{closure}()
#30 C:/Users/israe/OneDrive/Desktop/Pasantia/Proyectos/recursos-humanos/vendor/laravel/framework/src/Illuminate/Session/Middleware/StartSession.php(64): Illuminate/Session/Middleware/StartSession->handleStatefulRequest()
#31 C:/Users/israe/OneDrive/Desktop/Pasantia/Proyectos/recursos-humanos/vendor/laravel/framework/src/Illuminate/Pipeline/Pipeline.php(209): Illuminate/Session/Middleware/StartSession->handle()
#32 C:/Users/israe/OneDrive/Desktop/Pasantia/Proyectos/recursos-humanos/vendor/laravel/framework/src/Illuminate/Cookie/Middleware/AddQueuedCookiesToResponse.php(37): Illuminate/Pipeline/Pipeline->Illuminate/Pipeline/{closure}()
#33 C:/Users/israe/OneDrive/Desktop/Pasantia/Proyectos/recursos-humanos/vendor/laravel/framework/src/Illuminate/Pipeline/Pipeline.php(209): Illuminate/Cookie/Middleware/AddQueuedCookiesToResponse->handle()
#34 C:/Users/israe/OneDrive/Desktop/Pasantia/Proyectos/recursos-humanos/vendor/laravel/framework/src/Illuminate/Cookie/Middleware/EncryptCookies.php(75): Illuminate/Pipeline/Pipeline->Illuminate/Pipeline/{closure}()
#35 C:/Users/israe/OneDrive/Desktop/Pasantia/Proyectos/recursos-humanos/vendor/laravel/framework/src/Illuminate/Pipeline/Pipeline.php(209): Illuminate/Cookie/Middleware/EncryptCookies->handle()
#36 C:/Users/israe/OneDrive/Desktop/Pasantia/Proyectos/recursos-humanos/vendor/laravel/framework/src/Illuminate/Pipeline/Pipeline.php(127): Illuminate/Pipeline/Pipeline->Illuminate/Pipeline/{closure}()
#37 C:/Users/israe/OneDrive/Desktop/Pasantia/Proyectos/recursos-humanos/vendor/laravel/framework/src/Illuminate/Routing/Router.php(807): Illuminate/Pipeline/Pipeline->then()
#38 C:/Users/israe/OneDrive/Desktop/Pasantia/Proyectos/recursos-humanos/vendor/laravel/framework/src/Illuminate/Routing/Router.php(786): Illuminate/Routing/Router->runRouteWithinStack()
#39 C:/Users/israe/OneDrive/Desktop/Pasantia/Proyectos/recursos-humanos/vendor/laravel/framework/src/Illuminate/Routing/Router.php(750): Illuminate/Routing/Router->runRoute()
#40 C:/Users/israe/OneDrive/Desktop/Pasantia/Proyectos/recursos-humanos/vendor/laravel/framework/src/Illuminate/Routing/Router.php(739): Illuminate/Routing/Router->dispatchToRoute()
#41 C:/Users/israe/OneDrive/Desktop/Pasantia/Proyectos/recursos-humanos/vendor/laravel/framework/src/Illuminate/Foundation/Http/Kernel.php(201): Illuminate/Routing/Router->dispatch()
#42 C:/Users/israe/OneDrive/Desktop/Pasantia/Proyectos/recursos-humanos/vendor/laravel/framework/src/Illuminate/Pipeline/Pipeline.php(170): Illuminate/Foundation/Http/Kernel->Illuminate/Foundation/Http/{closure}()
#43 C:/Users/israe/OneDrive/Desktop/Pasantia/Proyectos/recursos-humanos/vendor/livewire/livewire/src/Features/SupportDisablingBackButtonCache/DisableBackButtonCacheMiddleware.php(19): Illuminate/Pipeline/Pipeline->Illuminate/Pipeline/{closure}()
#44 C:/Users/israe/OneDrive/Desktop/Pasantia/Proyectos/recursos-humanos/vendor/laravel/framework/src/Illuminate/Pipeline/Pipeline.php(209): Livewire/Features/SupportDisablingBackButtonCache/DisableBackButtonCacheMiddleware->handle()
#45 C:/Users/israe/OneDrive/Desktop/Pasantia/Proyectos/recursos-humanos/vendor/laravel/framework/src/Illuminate/Foundation/Http/Middleware/TransformsRequest.php(21): Illuminate/Pipeline/Pipeline->Illuminate/Pipeline/{closure}()
#46 C:/Users/israe/OneDrive/Desktop/Pasantia/Proyectos/recursos-humanos/vendor/laravel/framework/src/Illuminate/Foundation/Http/Middleware/ConvertEmptyStringsToNull.php(31): Illuminate/Foundation/Http/Middleware/TransformsRequest->handle()
#47 C:/Users/israe/OneDrive/Desktop/Pasantia/Proyectos/recursos-humanos/vendor/laravel/framework/src/Illuminate/Pipeline/Pipeline.php(209): Illuminate/Foundation/Http/Middleware/ConvertEmptyStringsToNull->handle()
#48 C:/Users/israe/OneDrive/Desktop/Pasantia/Proyectos/recursos-humanos/vendor/laravel/framework/src/Illuminate/Foundation/Http/Middleware/TransformsRequest.php(21): Illuminate/Pipeline/Pipeline->Illuminate/Pipeline/{closure}()
#49 C:/Users/israe/OneDrive/Desktop/Pasantia/Proyectos/recursos-humanos/vendor/laravel/framework/src/Illuminate/Foundation/Http/Middleware/TrimStrings.php(51): Illuminate/Foundation/Http/Middleware/TransformsRequest->handle()
#50 C:/Users/israe/OneDrive/Desktop/Pasantia/Proyectos/recursos-humanos/vendor/laravel/framework/src/Illuminate/Pipeline/Pipeline.php(209): Illuminate/Foundation/Http/Middleware/TrimStrings->handle()
#51 C:/Users/israe/OneDrive/Desktop/Pasantia/Proyectos/recursos-humanos/vendor/laravel/framework/src/Illuminate/Http/Middleware/ValidatePostSize.php(27): Illuminate/Pipeline/Pipeline->Illuminate/Pipeline/{closure}()
#52 C:/Users/israe/OneDrive/Desktop/Pasantia/Proyectos/recursos-humanos/vendor/laravel/framework/src/Illuminate/Pipeline/Pipeline.php(209): Illuminate/Http/Middleware/ValidatePostSize->handle()
#53 C:/Users/israe/OneDrive/Desktop/Pasantia/Proyectos/recursos-humanos/vendor/laravel/framework/src/Illuminate/Foundation/Http/Middleware/PreventRequestsDuringMaintenance.php(110): Illuminate/Pipeline/Pipeline->Illuminate/Pipeline/{closure}()
#54 C:/Users/israe/OneDrive/Desktop/Pasantia/Proyectos/recursos-humanos/vendor/laravel/framework/src/Illuminate/Pipeline/Pipeline.php(209): Illuminate/Foundation/Http/Middleware/PreventRequestsDuringMaintenance->handle()
#55 C:/Users/israe/OneDrive/Desktop/Pasantia/Proyectos/recursos-humanos/vendor/laravel/framework/src/Illuminate/Http/Middleware/HandleCors.php(49): Illuminate/Pipeline/Pipeline->Illuminate/Pipeline/{closure}()
#56 C:/Users/israe/OneDrive/Desktop/Pasantia/Proyectos/recursos-humanos/vendor/laravel/framework/src/Illuminate/Pipeline/Pipeline.php(209): Illuminate/Http/Middleware/HandleCors->handle()
#57 C:/Users/israe/OneDrive/Desktop/Pasantia/Proyectos/recursos-humanos/vendor/laravel/framework/src/Illuminate/Http/Middleware/TrustProxies.php(58): Illuminate/Pipeline/Pipeline->Illuminate/Pipeline/{closure}()
#58 C:/Users/israe/OneDrive/Desktop/Pasantia/Proyectos/recursos-humanos/vendor/laravel/framework/src/Illuminate/Pipeline/Pipeline.php(209): Illuminate/Http/Middleware/TrustProxies->handle()
#59 C:/Users/israe/OneDrive/Desktop/Pasantia/Proyectos/recursos-humanos/vendor/laravel/framework/src/Illuminate/Foundation/Http/Middleware/InvokeDeferredCallbacks.php(22): Illuminate/Pipeline/Pipeline->Illuminate/Pipeline/{closure}()
#60 C:/Users/israe/OneDrive/Desktop/Pasantia/Proyectos/recursos-humanos/vendor/laravel/framework/src/Illuminate/Pipeline/Pipeline.php(209): Illuminate/Foundation/Http/Middleware/InvokeDeferredCallbacks->handle()
#61 C:/Users/israe/OneDrive/Desktop/Pasantia/Proyectos/recursos-humanos/vendor/laravel/framework/src/Illuminate/Pipeline/Pipeline.php(127): Illuminate/Pipeline/Pipeline->Illuminate/Pipeline/{closure}()
#62 C:/Users/israe/OneDrive/Desktop/Pasantia/Proyectos/recursos-humanos/vendor/laravel/framework/src/Illuminate/Foundation/Http/Kernel.php(176): Illuminate/Pipeline/Pipeline->then()
#63 C:/Users/israe/OneDrive/Desktop/Pasantia/Proyectos/recursos-humanos/vendor/laravel/framework/src/Illuminate/Foundation/Http/Kernel.php(145): Illuminate/Foundation/Http/Kernel->sendRequestThroughRouter()
#64 C:/Users/israe/OneDrive/Desktop/Pasantia/Proyectos/recursos-humanos/vendor/laravel/framework/src/Illuminate/Foundation/Application.php(1220): Illuminate/Foundation/Http/Kernel->handle()
#65 C:/Users/israe/OneDrive/Desktop/Pasantia/Proyectos/recursos-humanos/public/index.php(17): Illuminate/Foundation/Application->handleRequest()
#66 C:/Users/israe/OneDrive/Desktop/Pasantia/Proyectos/recursos-humanos/vendor/laravel/framework/src/Illuminate/Foundation/resources/server.php(23): require_once('...')
#67 {main}
"} 
[2026-07-19 22:51:50] local.ERROR: PHP Parse error: Syntax error, unexpected T_NS_SEPARATOR on line 1 {"exception":"[object] (Psy\\Exception\\ParseErrorException(code: 0): PHP Parse error: Syntax error, unexpected T_NS_SEPARATOR on line 1 at C:/Users/israe/OneDrive/Desktop/Pasantia/Proyectos/recursos-humanos/vendor/psy/psysh/src/Exception/ParseErrorException.php:44)
[stacktrace]
#0 C:/Users/israe/OneDrive/Desktop/Pasantia/Proyectos/recursos-humanos/vendor/psy/psysh/src/CodeCleaner.php(657): Psy/Exception/ParseErrorException::fromParseError()
#1 C:/Users/israe/OneDrive/Desktop/Pasantia/Proyectos/recursos-humanos/vendor/psy/psysh/src/CodeCleaner.php(273): Psy/CodeCleaner->parse()
#2 C:/Users/israe/OneDrive/Desktop/Pasantia/Proyectos/recursos-humanos/vendor/psy/psysh/src/Shell.php(1399): Psy/CodeCleaner->clean()
#3 C:/Users/israe/OneDrive/Desktop/Pasantia/Proyectos/recursos-humanos/vendor/psy/psysh/src/Shell.php(1506): Psy/Shell->appendCode()
#4 C:/Users/israe/OneDrive/Desktop/Pasantia/Proyectos/recursos-humanos/vendor/psy/psysh/src/Shell.php(2215): Psy/Shell->setCode()
#5 C:/Users/israe/OneDrive/Desktop/Pasantia/Proyectos/recursos-humanos/vendor/laravel/tinker/src/Console/TinkerCommand.php(77): Psy/Shell->execute()
#6 C:/Users/israe/OneDrive/Desktop/Pasantia/Proyectos/recursos-humanos/vendor/laravel/framework/src/Illuminate/Container/BoundMethod.php(36): Laravel/Tinker/Console/TinkerCommand->handle()
#7 C:/Users/israe/OneDrive/Desktop/Pasantia/Proyectos/recursos-humanos/vendor/laravel/framework/src/Illuminate/Container/Util.php(43): Illuminate/Container/BoundMethod::Illuminate/Container/{closure}()
#8 C:/Users/israe/OneDrive/Desktop/Pasantia/Proyectos/recursos-humanos/vendor/laravel/framework/src/Illuminate/Container/BoundMethod.php(95): Illuminate/Container/Util::unwrapIfClosure()
#9 C:/Users/israe/OneDrive/Desktop/Pasantia/Proyectos/recursos-humanos/vendor/laravel/framework/src/Illuminate/Container/BoundMethod.php(35): Illuminate/Container/BoundMethod::callBoundMethod()
#10 C:/Users/israe/OneDrive/Desktop/Pasantia/Proyectos/recursos-humanos/vendor/laravel/framework/src/Illuminate/Container/Container.php(696): Illuminate/Container/BoundMethod::call()
#11 C:/Users/israe/OneDrive/Desktop/Pasantia/Proyectos/recursos-humanos/vendor/laravel/framework/src/Illuminate/Console/Command.php(213): Illuminate/Container/Container->call()
#12 C:/Users/israe/OneDrive/Desktop/Pasantia/Proyectos/recursos-humanos/vendor/symfony/console/Command/Command.php(341): Illuminate/Console/Command->execute()
#13 C:/Users/israe/OneDrive/Desktop/Pasantia/Proyectos/recursos-humanos/vendor/laravel/framework/src/Illuminate/Console/Command.php(182): Symfony/Component/Console/Command/Command->run()
#14 C:/Users/israe/OneDrive/Desktop/Pasantia/Proyectos/recursos-humanos/vendor/symfony/console/Application.php(1117): Illuminate/Console/Command->run()
#15 C:/Users/israe/OneDrive/Desktop/Pasantia/Proyectos/recursos-humanos/vendor/symfony/console/Application.php(356): Symfony/Component/Console/Application->doRunCommand()
#16 C:/Users/israe/OneDrive/Desktop/Pasantia/Proyectos/recursos-humanos/vendor/symfony/console/Application.php(195): Symfony/Component/Console/Application->doRun()
#17 C:/Users/israe/OneDrive/Desktop/Pasantia/Proyectos/recursos-humanos/vendor/laravel/framework/src/Illuminate/Foundation/Console/Kernel.php(198): Symfony/Component/Console/Application->run()
#18 C:/Users/israe/OneDrive/Desktop/Pasantia/Proyectos/recursos-humanos/vendor/laravel/framework/src/Illuminate/Foundation/Application.php(1235): Illuminate/Foundation/Console/Kernel->handle()
#19 C:/Users/israe/OneDrive/Desktop/Pasantia/Proyectos/recursos-humanos/artisan(13): Illuminate/Foundation/Application->handleCommand()
#20 {main}
"} 
[2026-07-19 22:51:56] local.ERROR: Writing to C:/Users/israe/AppData/Roaming/PsySH/psysh_history is not allowed. {"exception":"[object] (ErrorException(code: 0): Writing to C:/Users/israe/AppData/Roaming/PsySH/psysh_history is not allowed. at C:/Users/israe/OneDrive/Desktop/Pasantia/Proyectos/recursos-humanos/vendor/psy/psysh/src/ConfigPaths.php:480)
[stacktrace]
#0 C:/Users/israe/OneDrive/Desktop/Pasantia/Proyectos/recursos-humanos/vendor/laravel/framework/src/Illuminate/Foundation/Bootstrap/HandleExceptions.php(258): Illuminate/Foundation/Bootstrap/HandleExceptions->handleError()
#1 [internal function]: Illuminate/Foundation/Bootstrap/HandleExceptions->Illuminate/Foundation/Bootstrap/{closure}()
#2 C:/Users/israe/OneDrive/Desktop/Pasantia/Proyectos/recursos-humanos/vendor/psy/psysh/src/ConfigPaths.php(480): trigger_error()
#3 C:/Users/israe/OneDrive/Desktop/Pasantia/Proyectos/recursos-humanos/vendor/psy/psysh/src/Configuration.php(1068): Psy/ConfigPaths::touchFileWithMkdir()
#4 C:/Users/israe/OneDrive/Desktop/Pasantia/Proyectos/recursos-humanos/vendor/psy/psysh/src/Configuration.php(1106): Psy/Configuration->setHistoryFile()
#5 C:/Users/israe/OneDrive/Desktop/Pasantia/Proyectos/recursos-humanos/vendor/psy/psysh/src/Configuration.php(1285): Psy/Configuration->getHistoryFile()
#6 C:/Users/israe/OneDrive/Desktop/Pasantia/Proyectos/recursos-humanos/vendor/psy/psysh/src/Shell.php(192): Psy/Configuration->getReadline()
#7 C:/Users/israe/OneDrive/Desktop/Pasantia/Proyectos/recursos-humanos/vendor/psy/psysh/src/Shell.php(2213): Psy/Shell->boot()
#8 C:/Users/israe/OneDrive/Desktop/Pasantia/Proyectos/recursos-humanos/vendor/laravel/tinker/src/Console/TinkerCommand.php(77): Psy/Shell->execute()
#9 C:/Users/israe/OneDrive/Desktop/Pasantia/Proyectos/recursos-humanos/vendor/laravel/framework/src/Illuminate/Container/BoundMethod.php(36): Laravel/Tinker/Console/TinkerCommand->handle()
#10 C:/Users/israe/OneDrive/Desktop/Pasantia/Proyectos/recursos-humanos/vendor/laravel/framework/src/Illuminate/Container/Util.php(43): Illuminate/Container/BoundMethod::Illuminate/Container/{closure}()
#11 C:/Users/israe/OneDrive/Desktop/Pasantia/Proyectos/recursos-humanos/vendor/laravel/framework/src/Illuminate/Container/BoundMethod.php(95): Illuminate/Container/Util::unwrapIfClosure()
#12 C:/Users/israe/OneDrive/Desktop/Pasantia/Proyectos/recursos-humanos/vendor/laravel/framework/src/Illuminate/Container/BoundMethod.php(35): Illuminate/Container/BoundMethod::callBoundMethod()
#13 C:/Users/israe/OneDrive/Desktop/Pasantia/Proyectos/recursos-humanos/vendor/laravel/framework/src/Illuminate/Container/Container.php(696): Illuminate/Container/BoundMethod::call()
#14 C:/Users/israe/OneDrive/Desktop/Pasantia/Proyectos/recursos-humanos/vendor/laravel/framework/src/Illuminate/Console/Command.php(213): Illuminate/Container/Container->call()
#15 C:/Users/israe/OneDrive/Desktop/Pasantia/Proyectos/recursos-humanos/vendor/symfony/console/Command/Command.php(341): Illuminate/Console/Command->execute()
#16 C:/Users/israe/OneDrive/Desktop/Pasantia/Proyectos/recursos-humanos/vendor/laravel/framework/src/Illuminate/Console/Command.php(182): Symfony/Component/Console/Command/Command->run()
#17 C:/Users/israe/OneDrive/Desktop/Pasantia/Proyectos/recursos-humanos/vendor/symfony/console/Application.php(1117): Illuminate/Console/Command->run()
#18 C:/Users/israe/OneDrive/Desktop/Pasantia/Proyectos/recursos-humanos/vendor/symfony/console/Application.php(356): Symfony/Component/Console/Application->doRunCommand()
#19 C:/Users/israe/OneDrive/Desktop/Pasantia/Proyectos/recursos-humanos/vendor/symfony/console/Application.php(195): Symfony/Component/Console/Application->doRun()
#20 C:/Users/israe/OneDrive/Desktop/Pasantia/Proyectos/recursos-humanos/vendor/laravel/framework/src/Illuminate/Foundation/Console/Kernel.php(198): Symfony/Component/Console/Application->run()
#21 C:/Users/israe/OneDrive/Desktop/Pasantia/Proyectos/recursos-humanos/vendor/laravel/framework/src/Illuminate/Foundation/Application.php(1235): Illuminate/Foundation/Console/Kernel->handle()
#22 C:/Users/israe/OneDrive/Desktop/Pasantia/Proyectos/recursos-humanos/artisan(13): Illuminate/Foundation/Application->handleCommand()
#23 {main}
"} 
[2026-07-19 22:52:22] local.ERROR: The "intl" PHP extension is required to use the [format] method. {"exception":"[object] (RuntimeException(code: 0): The \"intl\" PHP extension is required to use the [format] method. at C:/Users/israe/OneDrive/Desktop/Pasantia/Proyectos/recursos-humanos/vendor/laravel/framework/src/Illuminate/Support/Number.php:385)
[stacktrace]
#0 C:/Users/israe/OneDrive/Desktop/Pasantia/Proyectos/recursos-humanos/vendor/laravel/framework/src/Illuminate/Support/Number.php(38): Illuminate/Support/Number::ensureIntlExtensionIsInstalled()
#1 C:/Users/israe/OneDrive/Desktop/Pasantia/Proyectos/recursos-humanos/vendor/laravel/framework/src/Illuminate/Database/Console/ShowCommand.php(195): Illuminate/Support/Number::format()
#2 C:/Users/israe/OneDrive/Desktop/Pasantia/Proyectos/recursos-humanos/vendor/laravel/framework/src/Illuminate/Collections/Traits/EnumeratesValues.php(261): Illuminate/Database/Console/ShowCommand->Illuminate/Database/Console/{closure}()
#3 C:/Users/israe/OneDrive/Desktop/Pasantia/Proyectos/recursos-humanos/vendor/laravel/framework/src/Illuminate/Database/Console/ShowCommand.php(190): Illuminate/Support/Collection->each()
#4 C:/Users/israe/OneDrive/Desktop/Pasantia/Proyectos/recursos-humanos/vendor/laravel/framework/src/Illuminate/Database/Console/ShowCommand.php(137): Illuminate/Database/Console/ShowCommand->displayForCli()
#5 C:/Users/israe/OneDrive/Desktop/Pasantia/Proyectos/recursos-humanos/vendor/laravel/framework/src/Illuminate/Database/Console/ShowCommand.php(66): Illuminate/Database/Console/ShowCommand->display()
#6 C:/Users/israe/OneDrive/Desktop/Pasantia/Proyectos/recursos-humanos/vendor/laravel/framework/src/Illuminate/Container/BoundMethod.php(36): Illuminate/Database/Console/ShowCommand->handle()
#7 C:/Users/israe/OneDrive/Desktop/Pasantia/Proyectos/recursos-humanos/vendor/laravel/framework/src/Illuminate/Container/Util.php(43): Illuminate/Container/BoundMethod::Illuminate/Container/{closure}()
#8 C:/Users/israe/OneDrive/Desktop/Pasantia/Proyectos/recursos-humanos/vendor/laravel/framework/src/Illuminate/Container/BoundMethod.php(95): Illuminate/Container/Util::unwrapIfClosure()
#9 C:/Users/israe/OneDrive/Desktop/Pasantia/Proyectos/recursos-humanos/vendor/laravel/framework/src/Illuminate/Container/BoundMethod.php(35): Illuminate/Container/BoundMethod::callBoundMethod()
#10 C:/Users/israe/OneDrive/Desktop/Pasantia/Proyectos/recursos-humanos/vendor/laravel/framework/src/Illuminate/Container/Container.php(696): Illuminate/Container/BoundMethod::call()
#11 C:/Users/israe/OneDrive/Desktop/Pasantia/Proyectos/recursos-humanos/vendor/laravel/framework/src/Illuminate/Console/Command.php(213): Illuminate/Container/Container->call()
#12 C:/Users/israe/OneDrive/Desktop/Pasantia/Proyectos/recursos-humanos/vendor/symfony/console/Command/Command.php(341): Illuminate/Console/Command->execute()
#13 C:/Users/israe/OneDrive/Desktop/Pasantia/Proyectos/recursos-humanos/vendor/laravel/framework/src/Illuminate/Console/Command.php(182): Symfony/Component/Console/Command/Command->run()
#14 C:/Users/israe/OneDrive/Desktop/Pasantia/Proyectos/recursos-humanos/vendor/symfony/console/Application.php(1117): Illuminate/Console/Command->run()
#15 C:/Users/israe/OneDrive/Desktop/Pasantia/Proyectos/recursos-humanos/vendor/symfony/console/Application.php(356): Symfony/Component/Console/Application->doRunCommand()
#16 C:/Users/israe/OneDrive/Desktop/Pasantia/Proyectos/recursos-humanos/vendor/symfony/console/Application.php(195): Symfony/Component/Console/Application->doRun()
#17 C:/Users/israe/OneDrive/Desktop/Pasantia/Proyectos/recursos-humanos/vendor/laravel/framework/src/Illuminate/Foundation/Console/Kernel.php(198): Symfony/Component/Console/Application->run()
#18 C:/Users/israe/OneDrive/Desktop/Pasantia/Proyectos/recursos-humanos/vendor/laravel/framework/src/Illuminate/Foundation/Application.php(1235): Illuminate/Foundation/Console/Kernel->handle()
#19 C:/Users/israe/OneDrive/Desktop/Pasantia/Proyectos/recursos-humanos/artisan(13): Illuminate/Foundation/Application->handleCommand()
#20 {main}
"} 
[2026-07-19 22:52:29] local.ERROR: Writing to C:/Users/israe/AppData/Roaming/PsySH/psysh_history is not allowed. {"exception":"[object] (ErrorException(code: 0): Writing to C:/Users/israe/AppData/Roaming/PsySH/psysh_history is not allowed. at C:/Users/israe/OneDrive/Desktop/Pasantia/Proyectos/recursos-humanos/vendor/psy/psysh/src/ConfigPaths.php:480)
[stacktrace]
#0 C:/Users/israe/OneDrive/Desktop/Pasantia/Proyectos/recursos-humanos/vendor/laravel/framework/src/Illuminate/Foundation/Bootstrap/HandleExceptions.php(258): Illuminate/Foundation/Bootstrap/HandleExceptions->handleError()
#1 [internal function]: Illuminate/Foundation/Bootstrap/HandleExceptions->Illuminate/Foundation/Bootstrap/{closure}()
#2 C:/Users/israe/OneDrive/Desktop/Pasantia/Proyectos/recursos-humanos/vendor/psy/psysh/src/ConfigPaths.php(480): trigger_error()
#3 C:/Users/israe/OneDrive/Desktop/Pasantia/Proyectos/recursos-humanos/vendor/psy/psysh/src/Configuration.php(1068): Psy/ConfigPaths::touchFileWithMkdir()
#4 C:/Users/israe/OneDrive/Desktop/Pasantia/Proyectos/recursos-humanos/vendor/psy/psysh/src/Configuration.php(1106): Psy/Configuration->setHistoryFile()
#5 C:/Users/israe/OneDrive/Desktop/Pasantia/Proyectos/recursos-humanos/vendor/psy/psysh/src/Configuration.php(1285): Psy/Configuration->getHistoryFile()
#6 C:/Users/israe/OneDrive/Desktop/Pasantia/Proyectos/recursos-humanos/vendor/psy/psysh/src/Shell.php(192): Psy/Configuration->getReadline()
#7 C:/Users/israe/OneDrive/Desktop/Pasantia/Proyectos/recursos-humanos/vendor/psy/psysh/src/Shell.php(2213): Psy/Shell->boot()
#8 C:/Users/israe/OneDrive/Desktop/Pasantia/Proyectos/recursos-humanos/vendor/laravel/tinker/src/Console/TinkerCommand.php(77): Psy/Shell->execute()
#9 C:/Users/israe/OneDrive/Desktop/Pasantia/Proyectos/recursos-humanos/vendor/laravel/framework/src/Illuminate/Container/BoundMethod.php(36): Laravel/Tinker/Console/TinkerCommand->handle()
#10 C:/Users/israe/OneDrive/Desktop/Pasantia/Proyectos/recursos-humanos/vendor/laravel/framework/src/Illuminate/Container/Util.php(43): Illuminate/Container/BoundMethod::Illuminate/Container/{closure}()
#11 C:/Users/israe/OneDrive/Desktop/Pasantia/Proyectos/recursos-humanos/vendor/laravel/framework/src/Illuminate/Container/BoundMethod.php(95): Illuminate/Container/Util::unwrapIfClosure()
#12 C:/Users/israe/OneDrive/Desktop/Pasantia/Proyectos/recursos-humanos/vendor/laravel/framework/src/Illuminate/Container/BoundMethod.php(35): Illuminate/Container/BoundMethod::callBoundMethod()
#13 C:/Users/israe/OneDrive/Desktop/Pasantia/Proyectos/recursos-humanos/vendor/laravel/framework/src/Illuminate/Container/Container.php(696): Illuminate/Container/BoundMethod::call()
#14 C:/Users/israe/OneDrive/Desktop/Pasantia/Proyectos/recursos-humanos/vendor/laravel/framework/src/Illuminate/Console/Command.php(213): Illuminate/Container/Container->call()
#15 C:/Users/israe/OneDrive/Desktop/Pasantia/Proyectos/recursos-humanos/vendor/symfony/console/Command/Command.php(341): Illuminate/Console/Command->execute()
#16 C:/Users/israe/OneDrive/Desktop/Pasantia/Proyectos/recursos-humanos/vendor/laravel/framework/src/Illuminate/Console/Command.php(182): Symfony/Component/Console/Command/Command->run()
#17 C:/Users/israe/OneDrive/Desktop/Pasantia/Proyectos/recursos-humanos/vendor/symfony/console/Application.php(1117): Illuminate/Console/Command->run()
#18 C:/Users/israe/OneDrive/Desktop/Pasantia/Proyectos/recursos-humanos/vendor/symfony/console/Application.php(356): Symfony/Component/Console/Application->doRunCommand()
#19 C:/Users/israe/OneDrive/Desktop/Pasantia/Proyectos/recursos-humanos/vendor/symfony/console/Application.php(195): Symfony/Component/Console/Application->doRun()
#20 C:/Users/israe/OneDrive/Desktop/Pasantia/Proyectos/recursos-humanos/vendor/laravel/framework/src/Illuminate/Foundation/Console/Kernel.php(198): Symfony/Component/Console/Application->run()
#21 C:/Users/israe/OneDrive/Desktop/Pasantia/Proyectos/recursos-humanos/vendor/laravel/framework/src/Illuminate/Foundation/Application.php(1235): Illuminate/Foundation/Console/Kernel->handle()
#22 C:/Users/israe/OneDrive/Desktop/Pasantia/Proyectos/recursos-humanos/artisan(13): Illuminate/Foundation/Application->handleCommand()
#23 {main}
"} 
[2026-07-19 22:52:29] local.ERROR: Writing to C:/Users/israe/AppData/Roaming/PsySH/psysh_history is not allowed. {"exception":"[object] (ErrorException(code: 0): Writing to C:/Users/israe/AppData/Roaming/PsySH/psysh_history is not allowed. at C:/Users/israe/OneDrive/Desktop/Pasantia/Proyectos/recursos-humanos/vendor/psy/psysh/src/ConfigPaths.php:480)
[stacktrace]
#0 C:/Users/israe/OneDrive/Desktop/Pasantia/Proyectos/recursos-humanos/vendor/laravel/framework/src/Illuminate/Foundation/Bootstrap/HandleExceptions.php(258): Illuminate/Foundation/Bootstrap/HandleExceptions->handleError()
#1 [internal function]: Illuminate/Foundation/Bootstrap/HandleExceptions->Illuminate/Foundation/Bootstrap/{closure}()
#2 C:/Users/israe/OneDrive/Desktop/Pasantia/Proyectos/recursos-humanos/vendor/psy/psysh/src/ConfigPaths.php(480): trigger_error()
#3 C:/Users/israe/OneDrive/Desktop/Pasantia/Proyectos/recursos-humanos/vendor/psy/psysh/src/Configuration.php(1068): Psy/ConfigPaths::touchFileWithMkdir()
#4 C:/Users/israe/OneDrive/Desktop/Pasantia/Proyectos/recursos-humanos/vendor/psy/psysh/src/Configuration.php(1106): Psy/Configuration->setHistoryFile()
#5 C:/Users/israe/OneDrive/Desktop/Pasantia/Proyectos/recursos-humanos/vendor/psy/psysh/src/Configuration.php(1285): Psy/Configuration->getHistoryFile()
#6 C:/Users/israe/OneDrive/Desktop/Pasantia/Proyectos/recursos-humanos/vendor/psy/psysh/src/Shell.php(192): Psy/Configuration->getReadline()
#7 C:/Users/israe/OneDrive/Desktop/Pasantia/Proyectos/recursos-humanos/vendor/psy/psysh/src/Shell.php(2213): Psy/Shell->boot()
#8 C:/Users/israe/OneDrive/Desktop/Pasantia/Proyectos/recursos-humanos/vendor/laravel/tinker/src/Console/TinkerCommand.php(77): Psy/Shell->execute()
#9 C:/Users/israe/OneDrive/Desktop/Pasantia/Proyectos/recursos-humanos/vendor/laravel/framework/src/Illuminate/Container/BoundMethod.php(36): Laravel/Tinker/Console/TinkerCommand->handle()
#10 C:/Users/israe/OneDrive/Desktop/Pasantia/Proyectos/recursos-humanos/vendor/laravel/framework/src/Illuminate/Container/Util.php(43): Illuminate/Container/BoundMethod::Illuminate/Container/{closure}()
#11 C:/Users/israe/OneDrive/Desktop/Pasantia/Proyectos/recursos-humanos/vendor/laravel/framework/src/Illuminate/Container/BoundMethod.php(95): Illuminate/Container/Util::unwrapIfClosure()
#12 C:/Users/israe/OneDrive/Desktop/Pasantia/Proyectos/recursos-humanos/vendor/laravel/framework/src/Illuminate/Container/BoundMethod.php(35): Illuminate/Container/BoundMethod::callBoundMethod()
#13 C:/Users/israe/OneDrive/Desktop/Pasantia/Proyectos/recursos-humanos/vendor/laravel/framework/src/Illuminate/Container/Container.php(696): Illuminate/Container/BoundMethod::call()
#14 C:/Users/israe/OneDrive/Desktop/Pasantia/Proyectos/recursos-humanos/vendor/laravel/framework/src/Illuminate/Console/Command.php(213): Illuminate/Container/Container->call()
#15 C:/Users/israe/OneDrive/Desktop/Pasantia/Proyectos/recursos-humanos/vendor/symfony/console/Command/Command.php(341): Illuminate/Console/Command->execute()
#16 C:/Users/israe/OneDrive/Desktop/Pasantia/Proyectos/recursos-humanos/vendor/laravel/framework/src/Illuminate/Console/Command.php(182): Symfony/Component/Console/Command/Command->run()
#17 C:/Users/israe/OneDrive/Desktop/Pasantia/Proyectos/recursos-humanos/vendor/symfony/console/Application.php(1117): Illuminate/Console/Command->run()
#18 C:/Users/israe/OneDrive/Desktop/Pasantia/Proyectos/recursos-humanos/vendor/symfony/console/Application.php(356): Symfony/Component/Console/Application->doRunCommand()
#19 C:/Users/israe/OneDrive/Desktop/Pasantia/Proyectos/recursos-humanos/vendor/symfony/console/Application.php(195): Symfony/Component/Console/Application->doRun()
#20 C:/Users/israe/OneDrive/Desktop/Pasantia/Proyectos/recursos-humanos/vendor/laravel/framework/src/Illuminate/Foundation/Console/Kernel.php(198): Symfony/Component/Console/Application->run()
#21 C:/Users/israe/OneDrive/Desktop/Pasantia/Proyectos/recursos-humanos/vendor/laravel/framework/src/Illuminate/Foundation/Application.php(1235): Illuminate/Foundation/Console/Kernel->handle()
#22 C:/Users/israe/OneDrive/Desktop/Pasantia/Proyectos/recursos-humanos/artisan(13): Illuminate/Foundation/Application->handleCommand()
#23 {main}
"} 
[2026-07-20 00:10:22] local.ERROR: Traceback (most recent call last):
  File "C:\Users\israe\OneDrive\Desktop\Pasantia\Proyectos\recursos-humanos\scripts/process_biometrics.py", line 6, in <module>
    import pandas as pd
ModuleNotFoundError: No module named 'pandas' {"userId":2,"exception":"[object] (RuntimeException(code: 0): Traceback (most recent call last):

  File \"C:\\Users\\israe\\OneDrive\\Desktop\\Pasantia\\Proyectos\\recursos-humanos\\scripts/process_biometrics.py\", line 6, in <module>

    import pandas as pd

ModuleNotFoundError: No module named 'pandas' at C:/Users/israe/OneDrive/Desktop/Pasantia/Proyectos/recursos-humanos/app/Services/ImportacionBiometricaService.php:76)
[stacktrace]
#0 C:/Users/israe/OneDrive/Desktop/Pasantia/Proyectos/recursos-humanos/app/Services/ImportacionBiometricaService.php(19): App/Services/ImportacionBiometricaService->procesarPython()
#1 C:/Users/israe/OneDrive/Desktop/Pasantia/Proyectos/recursos-humanos/app/Livewire/ImportarExcelPage.php(27): App/Services/ImportacionBiometricaService->importarArchivo()
#2 C:/Users/israe/OneDrive/Desktop/Pasantia/Proyectos/recursos-humanos/vendor/laravel/framework/src/Illuminate/Container/BoundMethod.php(36): App/Livewire/ImportarExcelPage->importFile()
#3 C:/Users/israe/OneDrive/Desktop/Pasantia/Proyectos/recursos-humanos/vendor/laravel/framework/src/Illuminate/Container/Util.php(43): Illuminate/Container/BoundMethod::Illuminate/Container/{closure}()
#4 C:/Users/israe/OneDrive/Desktop/Pasantia/Proyectos/recursos-humanos/vendor/laravel/framework/src/Illuminate/Container/BoundMethod.php(95): Illuminate/Container/Util::unwrapIfClosure()
#5 C:/Users/israe/OneDrive/Desktop/Pasantia/Proyectos/recursos-humanos/vendor/laravel/framework/src/Illuminate/Container/BoundMethod.php(35): Illuminate/Container/BoundMethod::callBoundMethod()
#6 C:/Users/israe/OneDrive/Desktop/Pasantia/Proyectos/recursos-humanos/vendor/livewire/livewire/src/Wrapped.php(23): Illuminate/Container/BoundMethod::call()
#7 C:/Users/israe/OneDrive/Desktop/Pasantia/Proyectos/recursos-humanos/vendor/livewire/livewire/src/Mechanisms/HandleComponents/HandleComponents.php(515): Livewire/Wrapped->__call()
#8 C:/Users/israe/OneDrive/Desktop/Pasantia/Proyectos/recursos-humanos/vendor/livewire/livewire/src/Mechanisms/HandleComponents/HandleComponents.php(124): Livewire/Mechanisms/HandleComponents/HandleComponents->callMethods()
#9 C:/Users/israe/OneDrive/Desktop/Pasantia/Proyectos/recursos-humanos/vendor/livewire/livewire/src/LivewireManager.php(102): Livewire/Mechanisms/HandleComponents/HandleComponents->update()
#10 C:/Users/israe/OneDrive/Desktop/Pasantia/Proyectos/recursos-humanos/vendor/livewire/livewire/src/Mechanisms/HandleRequests/HandleRequests.php(144): Livewire/LivewireManager->update()
#11 C:/Users/israe/OneDrive/Desktop/Pasantia/Proyectos/recursos-humanos/vendor/laravel/framework/src/Illuminate/Routing/ControllerDispatcher.php(47): Livewire/Mechanisms/HandleRequests/HandleRequests->handleUpdate()
#12 C:/Users/israe/OneDrive/Desktop/Pasantia/Proyectos/recursos-humanos/vendor/laravel/framework/src/Illuminate/Routing/Route.php(266): Illuminate/Routing/ControllerDispatcher->dispatch()
#13 C:/Users/israe/OneDrive/Desktop/Pasantia/Proyectos/recursos-humanos/vendor/laravel/framework/src/Illuminate/Routing/Route.php(212): Illuminate/Routing/Route->runController()
#14 C:/Users/israe/OneDrive/Desktop/Pasantia/Proyectos/recursos-humanos/vendor/laravel/framework/src/Illuminate/Routing/Router.php(808): Illuminate/Routing/Route->run()
#15 C:/Users/israe/OneDrive/Desktop/Pasantia/Proyectos/recursos-humanos/vendor/laravel/framework/src/Illuminate/Pipeline/Pipeline.php(170): Illuminate/Routing/Router->Illuminate/Routing/{closure}()
#16 C:/Users/israe/OneDrive/Desktop/Pasantia/Proyectos/recursos-humanos/vendor/laravel/framework/src/Illuminate/Routing/Middleware/SubstituteBindings.php(51): Illuminate/Pipeline/Pipeline->Illuminate/Pipeline/{closure}()
#17 C:/Users/israe/OneDrive/Desktop/Pasantia/Proyectos/recursos-humanos/vendor/laravel/framework/src/Illuminate/Pipeline/Pipeline.php(209): Illuminate/Routing/Middleware/SubstituteBindings->handle()
#18 C:/Users/israe/OneDrive/Desktop/Pasantia/Proyectos/recursos-humanos/vendor/laravel/framework/src/Illuminate/Foundation/Http/Middleware/VerifyCsrfToken.php(88): Illuminate/Pipeline/Pipeline->Illuminate/Pipeline/{closure}()
#19 C:/Users/israe/OneDrive/Desktop/Pasantia/Proyectos/recursos-humanos/vendor/laravel/framework/src/Illuminate/Pipeline/Pipeline.php(209): Illuminate/Foundation/Http/Middleware/VerifyCsrfToken->handle()
#20 C:/Users/israe/OneDrive/Desktop/Pasantia/Proyectos/recursos-humanos/vendor/laravel/framework/src/Illuminate/View/Middleware/ShareErrorsFromSession.php(49): Illuminate/Pipeline/Pipeline->Illuminate/Pipeline/{closure}()
#21 C:/Users/israe/OneDrive/Desktop/Pasantia/Proyectos/recursos-humanos/vendor/laravel/framework/src/Illuminate/Pipeline/Pipeline.php(209): Illuminate/View/Middleware/ShareErrorsFromSession->handle()
#22 C:/Users/israe/OneDrive/Desktop/Pasantia/Proyectos/recursos-humanos/vendor/laravel/framework/src/Illuminate/Session/Middleware/StartSession.php(121): Illuminate/Pipeline/Pipeline->Illuminate/Pipeline/{closure}()
#23 C:/Users/israe/OneDrive/Desktop/Pasantia/Proyectos/recursos-humanos/vendor/laravel/framework/src/Illuminate/Session/Middleware/StartSession.php(64): Illuminate/Session/Middleware/StartSession->handleStatefulRequest()
#24 C:/Users/israe/OneDrive/Desktop/Pasantia/Proyectos/recursos-humanos/vendor/laravel/framework/src/Illuminate/Pipeline/Pipeline.php(209): Illuminate/Session/Middleware/StartSession->handle()
#25 C:/Users/israe/OneDrive/Desktop/Pasantia/Proyectos/recursos-humanos/vendor/laravel/framework/src/Illuminate/Cookie/Middleware/AddQueuedCookiesToResponse.php(37): Illuminate/Pipeline/Pipeline->Illuminate/Pipeline/{closure}()
#26 C:/Users/israe/OneDrive/Desktop/Pasantia/Proyectos/recursos-humanos/vendor/laravel/framework/src/Illuminate/Pipeline/Pipeline.php(209): Illuminate/Cookie/Middleware/AddQueuedCookiesToResponse->handle()
#27 C:/Users/israe/OneDrive/Desktop/Pasantia/Proyectos/recursos-humanos/vendor/laravel/framework/src/Illuminate/Cookie/Middleware/EncryptCookies.php(75): Illuminate/Pipeline/Pipeline->Illuminate/Pipeline/{closure}()
#28 C:/Users/israe/OneDrive/Desktop/Pasantia/Proyectos/recursos-humanos/vendor/laravel/framework/src/Illuminate/Pipeline/Pipeline.php(209): Illuminate/Cookie/Middleware/EncryptCookies->handle()
#29 C:/Users/israe/OneDrive/Desktop/Pasantia/Proyectos/recursos-humanos/vendor/laravel/framework/src/Illuminate/Pipeline/Pipeline.php(127): Illuminate/Pipeline/Pipeline->Illuminate/Pipeline/{closure}()
#30 C:/Users/israe/OneDrive/Desktop/Pasantia/Proyectos/recursos-humanos/vendor/laravel/framework/src/Illuminate/Routing/Router.php(807): Illuminate/Pipeline/Pipeline->then()
#31 C:/Users/israe/OneDrive/Desktop/Pasantia/Proyectos/recursos-humanos/vendor/laravel/framework/src/Illuminate/Routing/Router.php(786): Illuminate/Routing/Router->runRouteWithinStack()
#32 C:/Users/israe/OneDrive/Desktop/Pasantia/Proyectos/recursos-humanos/vendor/laravel/framework/src/Illuminate/Routing/Router.php(750): Illuminate/Routing/Router->runRoute()
#33 C:/Users/israe/OneDrive/Desktop/Pasantia/Proyectos/recursos-humanos/vendor/laravel/framework/src/Illuminate/Routing/Router.php(739): Illuminate/Routing/Router->dispatchToRoute()
#34 C:/Users/israe/OneDrive/Desktop/Pasantia/Proyectos/recursos-humanos/vendor/laravel/framework/src/Illuminate/Foundation/Http/Kernel.php(201): Illuminate/Routing/Router->dispatch()
#35 C:/Users/israe/OneDrive/Desktop/Pasantia/Proyectos/recursos-humanos/vendor/laravel/framework/src/Illuminate/Pipeline/Pipeline.php(170): Illuminate/Foundation/Http/Kernel->Illuminate/Foundation/Http/{closure}()
#36 C:/Users/israe/OneDrive/Desktop/Pasantia/Proyectos/recursos-humanos/vendor/livewire/livewire/src/Features/SupportDisablingBackButtonCache/DisableBackButtonCacheMiddleware.php(19): Illuminate/Pipeline/Pipeline->Illuminate/Pipeline/{closure}()
#37 C:/Users/israe/OneDrive/Desktop/Pasantia/Proyectos/recursos-humanos/vendor/laravel/framework/src/Illuminate/Pipeline/Pipeline.php(209): Livewire/Features/SupportDisablingBackButtonCache/DisableBackButtonCacheMiddleware->handle()
#38 C:/Users/israe/OneDrive/Desktop/Pasantia/Proyectos/recursos-humanos/vendor/laravel/framework/src/Illuminate/Foundation/Http/Middleware/ConvertEmptyStringsToNull.php(27): Illuminate/Pipeline/Pipeline->Illuminate/Pipeline/{closure}()
#39 C:/Users/israe/OneDrive/Desktop/Pasantia/Proyectos/recursos-humanos/vendor/laravel/framework/src/Illuminate/Pipeline/Pipeline.php(209): Illuminate/Foundation/Http/Middleware/ConvertEmptyStringsToNull->handle()
#40 C:/Users/israe/OneDrive/Desktop/Pasantia/Proyectos/recursos-humanos/vendor/laravel/framework/src/Illuminate/Foundation/Http/Middleware/TrimStrings.php(47): Illuminate/Pipeline/Pipeline->Illuminate/Pipeline/{closure}()
#41 C:/Users/israe/OneDrive/Desktop/Pasantia/Proyectos/recursos-humanos/vendor/laravel/framework/src/Illuminate/Pipeline/Pipeline.php(209): Illuminate/Foundation/Http/Middleware/TrimStrings->handle()
#42 C:/Users/israe/OneDrive/Desktop/Pasantia/Proyectos/recursos-humanos/vendor/laravel/framework/src/Illuminate/Http/Middleware/ValidatePostSize.php(27): Illuminate/Pipeline/Pipeline->Illuminate/Pipeline/{closure}()
#43 C:/Users/israe/OneDrive/Desktop/Pasantia/Proyectos/recursos-humanos/vendor/laravel/framework/src/Illuminate/Pipeline/Pipeline.php(209): Illuminate/Http/Middleware/ValidatePostSize->handle()
#44 C:/Users/israe/OneDrive/Desktop/Pasantia/Proyectos/recursos-humanos/vendor/laravel/framework/src/Illuminate/Foundation/Http/Middleware/PreventRequestsDuringMaintenance.php(110): Illuminate/Pipeline/Pipeline->Illuminate/Pipeline/{closure}()
#45 C:/Users/israe/OneDrive/Desktop/Pasantia/Proyectos/recursos-humanos/vendor/laravel/framework/src/Illuminate/Pipeline/Pipeline.php(209): Illuminate/Foundation/Http/Middleware/PreventRequestsDuringMaintenance->handle()
#46 C:/Users/israe/OneDrive/Desktop/Pasantia/Proyectos/recursos-humanos/vendor/laravel/framework/src/Illuminate/Http/Middleware/HandleCors.php(49): Illuminate/Pipeline/Pipeline->Illuminate/Pipeline/{closure}()
#47 C:/Users/israe/OneDrive/Desktop/Pasantia/Proyectos/recursos-humanos/vendor/laravel/framework/src/Illuminate/Pipeline/Pipeline.php(209): Illuminate/Http/Middleware/HandleCors->handle()
#48 C:/Users/israe/OneDrive/Desktop/Pasantia/Proyectos/recursos-humanos/vendor/laravel/framework/src/Illuminate/Http/Middleware/TrustProxies.php(58): Illuminate/Pipeline/Pipeline->Illuminate/Pipeline/{closure}()
#49 C:/Users/israe/OneDrive/Desktop/Pasantia/Proyectos/recursos-humanos/vendor/laravel/framework/src/Illuminate/Pipeline/Pipeline.php(209): Illuminate/Http/Middleware/TrustProxies->handle()
#50 C:/Users/israe/OneDrive/Desktop/Pasantia/Proyectos/recursos-humanos/vendor/laravel/framework/src/Illuminate/Foundation/Http/Middleware/InvokeDeferredCallbacks.php(22): Illuminate/Pipeline/Pipeline->Illuminate/Pipeline/{closure}()
#51 C:/Users/israe/OneDrive/Desktop/Pasantia/Proyectos/recursos-humanos/vendor/laravel/framework/src/Illuminate/Pipeline/Pipeline.php(209): Illuminate/Foundation/Http/Middleware/InvokeDeferredCallbacks->handle()
#52 C:/Users/israe/OneDrive/Desktop/Pasantia/Proyectos/recursos-humanos/vendor/laravel/framework/src/Illuminate/Pipeline/Pipeline.php(127): Illuminate/Pipeline/Pipeline->Illuminate/Pipeline/{closure}()
#53 C:/Users/israe/OneDrive/Desktop/Pasantia/Proyectos/recursos-humanos/vendor/laravel/framework/src/Illuminate/Foundation/Http/Kernel.php(176): Illuminate/Pipeline/Pipeline->then()
#54 C:/Users/israe/OneDrive/Desktop/Pasantia/Proyectos/recursos-humanos/vendor/laravel/framework/src/Illuminate/Foundation/Http/Kernel.php(145): Illuminate/Foundation/Http/Kernel->sendRequestThroughRouter()
#55 C:/Users/israe/OneDrive/Desktop/Pasantia/Proyectos/recursos-humanos/vendor/laravel/framework/src/Illuminate/Foundation/Application.php(1220): Illuminate/Foundation/Http/Kernel->handle()
#56 C:/Users/israe/OneDrive/Desktop/Pasantia/Proyectos/recursos-humanos/public/index.php(17): Illuminate/Foundation/Application->handleRequest()
#57 C:/Users/israe/OneDrive/Desktop/Pasantia/Proyectos/recursos-humanos/vendor/laravel/framework/src/Illuminate/Foundation/resources/server.php(23): require_once('...')
#58 {main}
"} 
[2026-07-20 00:14:55] local.ERROR: El servidor no tiene soporte para archivos .xls. Convierte el archivo a .xlsx o .csv. {"userId":2,"exception":"[object] (RuntimeException(code: 0): El servidor no tiene soporte para archivos .xls. Convierte el archivo a .xlsx o .csv. at C:/Users/israe/OneDrive/Desktop/Pasantia/Proyectos/recursos-humanos/app/Services/ImportacionBiometricaService.php:410)
[stacktrace]
#0 C:/Users/israe/OneDrive/Desktop/Pasantia/Proyectos/recursos-humanos/app/Services/ImportacionBiometricaService.php(243): App/Services/ImportacionBiometricaService->leerXlsConExcel()
#1 C:/Users/israe/OneDrive/Desktop/Pasantia/Proyectos/recursos-humanos/app/Services/ImportacionBiometricaService.php(60): App/Services/ImportacionBiometricaService->procesarArchivoBiometrico()
#2 C:/Users/israe/OneDrive/Desktop/Pasantia/Proyectos/recursos-humanos/app/Services/ImportacionBiometricaService.php(18): App/Services/ImportacionBiometricaService->procesarPython()
#3 C:/Users/israe/OneDrive/Desktop/Pasantia/Proyectos/recursos-humanos/app/Livewire/ImportarExcelPage.php(27): App/Services/ImportacionBiometricaService->importarArchivo()
#4 C:/Users/israe/OneDrive/Desktop/Pasantia/Proyectos/recursos-humanos/vendor/laravel/framework/src/Illuminate/Container/BoundMethod.php(36): App/Livewire/ImportarExcelPage->importFile()
#5 C:/Users/israe/OneDrive/Desktop/Pasantia/Proyectos/recursos-humanos/vendor/laravel/framework/src/Illuminate/Container/Util.php(43): Illuminate/Container/BoundMethod::Illuminate/Container/{closure}()
#6 C:/Users/israe/OneDrive/Desktop/Pasantia/Proyectos/recursos-humanos/vendor/laravel/framework/src/Illuminate/Container/BoundMethod.php(95): Illuminate/Container/Util::unwrapIfClosure()
#7 C:/Users/israe/OneDrive/Desktop/Pasantia/Proyectos/recursos-humanos/vendor/laravel/framework/src/Illuminate/Container/BoundMethod.php(35): Illuminate/Container/BoundMethod::callBoundMethod()
#8 C:/Users/israe/OneDrive/Desktop/Pasantia/Proyectos/recursos-humanos/vendor/livewire/livewire/src/Wrapped.php(23): Illuminate/Container/BoundMethod::call()
#9 C:/Users/israe/OneDrive/Desktop/Pasantia/Proyectos/recursos-humanos/vendor/livewire/livewire/src/Mechanisms/HandleComponents/HandleComponents.php(515): Livewire/Wrapped->__call()
#10 C:/Users/israe/OneDrive/Desktop/Pasantia/Proyectos/recursos-humanos/vendor/livewire/livewire/src/Mechanisms/HandleComponents/HandleComponents.php(124): Livewire/Mechanisms/HandleComponents/HandleComponents->callMethods()
#11 C:/Users/israe/OneDrive/Desktop/Pasantia/Proyectos/recursos-humanos/vendor/livewire/livewire/src/LivewireManager.php(102): Livewire/Mechanisms/HandleComponents/HandleComponents->update()
#12 C:/Users/israe/OneDrive/Desktop/Pasantia/Proyectos/recursos-humanos/vendor/livewire/livewire/src/Mechanisms/HandleRequests/HandleRequests.php(144): Livewire/LivewireManager->update()
#13 C:/Users/israe/OneDrive/Desktop/Pasantia/Proyectos/recursos-humanos/vendor/laravel/framework/src/Illuminate/Routing/ControllerDispatcher.php(47): Livewire/Mechanisms/HandleRequests/HandleRequests->handleUpdate()
#14 C:/Users/israe/OneDrive/Desktop/Pasantia/Proyectos/recursos-humanos/vendor/laravel/framework/src/Illuminate/Routing/Route.php(266): Illuminate/Routing/ControllerDispatcher->dispatch()
#15 C:/Users/israe/OneDrive/Desktop/Pasantia/Proyectos/recursos-humanos/vendor/laravel/framework/src/Illuminate/Routing/Route.php(212): Illuminate/Routing/Route->runController()
#16 C:/Users/israe/OneDrive/Desktop/Pasantia/Proyectos/recursos-humanos/vendor/laravel/framework/src/Illuminate/Routing/Router.php(808): Illuminate/Routing/Route->run()
#17 C:/Users/israe/OneDrive/Desktop/Pasantia/Proyectos/recursos-humanos/vendor/laravel/framework/src/Illuminate/Pipeline/Pipeline.php(170): Illuminate/Routing/Router->Illuminate/Routing/{closure}()
#18 C:/Users/israe/OneDrive/Desktop/Pasantia/Proyectos/recursos-humanos/vendor/laravel/framework/src/Illuminate/Routing/Middleware/SubstituteBindings.php(51): Illuminate/Pipeline/Pipeline->Illuminate/Pipeline/{closure}()
#19 C:/Users/israe/OneDrive/Desktop/Pasantia/Proyectos/recursos-humanos/vendor/laravel/framework/src/Illuminate/Pipeline/Pipeline.php(209): Illuminate/Routing/Middleware/SubstituteBindings->handle()
#20 C:/Users/israe/OneDrive/Desktop/Pasantia/Proyectos/recursos-humanos/vendor/laravel/framework/src/Illuminate/Foundation/Http/Middleware/VerifyCsrfToken.php(88): Illuminate/Pipeline/Pipeline->Illuminate/Pipeline/{closure}()
#21 C:/Users/israe/OneDrive/Desktop/Pasantia/Proyectos/recursos-humanos/vendor/laravel/framework/src/Illuminate/Pipeline/Pipeline.php(209): Illuminate/Foundation/Http/Middleware/VerifyCsrfToken->handle()
#22 C:/Users/israe/OneDrive/Desktop/Pasantia/Proyectos/recursos-humanos/vendor/laravel/framework/src/Illuminate/View/Middleware/ShareErrorsFromSession.php(49): Illuminate/Pipeline/Pipeline->Illuminate/Pipeline/{closure}()
#23 C:/Users/israe/OneDrive/Desktop/Pasantia/Proyectos/recursos-humanos/vendor/laravel/framework/src/Illuminate/Pipeline/Pipeline.php(209): Illuminate/View/Middleware/ShareErrorsFromSession->handle()
#24 C:/Users/israe/OneDrive/Desktop/Pasantia/Proyectos/recursos-humanos/vendor/laravel/framework/src/Illuminate/Session/Middleware/StartSession.php(121): Illuminate/Pipeline/Pipeline->Illuminate/Pipeline/{closure}()
#25 C:/Users/israe/OneDrive/Desktop/Pasantia/Proyectos/recursos-humanos/vendor/laravel/framework/src/Illuminate/Session/Middleware/StartSession.php(64): Illuminate/Session/Middleware/StartSession->handleStatefulRequest()
#26 C:/Users/israe/OneDrive/Desktop/Pasantia/Proyectos/recursos-humanos/vendor/laravel/framework/src/Illuminate/Pipeline/Pipeline.php(209): Illuminate/Session/Middleware/StartSession->handle()
#27 C:/Users/israe/OneDrive/Desktop/Pasantia/Proyectos/recursos-humanos/vendor/laravel/framework/src/Illuminate/Cookie/Middleware/AddQueuedCookiesToResponse.php(37): Illuminate/Pipeline/Pipeline->Illuminate/Pipeline/{closure}()
#28 C:/Users/israe/OneDrive/Desktop/Pasantia/Proyectos/recursos-humanos/vendor/laravel/framework/src/Illuminate/Pipeline/Pipeline.php(209): Illuminate/Cookie/Middleware/AddQueuedCookiesToResponse->handle()
#29 C:/Users/israe/OneDrive/Desktop/Pasantia/Proyectos/recursos-humanos/vendor/laravel/framework/src/Illuminate/Cookie/Middleware/EncryptCookies.php(75): Illuminate/Pipeline/Pipeline->Illuminate/Pipeline/{closure}()
#30 C:/Users/israe/OneDrive/Desktop/Pasantia/Proyectos/recursos-humanos/vendor/laravel/framework/src/Illuminate/Pipeline/Pipeline.php(209): Illuminate/Cookie/Middleware/EncryptCookies->handle()
#31 C:/Users/israe/OneDrive/Desktop/Pasantia/Proyectos/recursos-humanos/vendor/laravel/framework/src/Illuminate/Pipeline/Pipeline.php(127): Illuminate/Pipeline/Pipeline->Illuminate/Pipeline/{closure}()
#32 C:/Users/israe/OneDrive/Desktop/Pasantia/Proyectos/recursos-humanos/vendor/laravel/framework/src/Illuminate/Routing/Router.php(807): Illuminate/Pipeline/Pipeline->then()
#33 C:/Users/israe/OneDrive/Desktop/Pasantia/Proyectos/recursos-humanos/vendor/laravel/framework/src/Illuminate/Routing/Router.php(786): Illuminate/Routing/Router->runRouteWithinStack()
#34 C:/Users/israe/OneDrive/Desktop/Pasantia/Proyectos/recursos-humanos/vendor/laravel/framework/src/Illuminate/Routing/Router.php(750): Illuminate/Routing/Router->runRoute()
#35 C:/Users/israe/OneDrive/Desktop/Pasantia/Proyectos/recursos-humanos/vendor/laravel/framework/src/Illuminate/Routing/Router.php(739): Illuminate/Routing/Router->dispatchToRoute()
#36 C:/Users/israe/OneDrive/Desktop/Pasantia/Proyectos/recursos-humanos/vendor/laravel/framework/src/Illuminate/Foundation/Http/Kernel.php(201): Illuminate/Routing/Router->dispatch()
#37 C:/Users/israe/OneDrive/Desktop/Pasantia/Proyectos/recursos-humanos/vendor/laravel/framework/src/Illuminate/Pipeline/Pipeline.php(170): Illuminate/Foundation/Http/Kernel->Illuminate/Foundation/Http/{closure}()
#38 C:/Users/israe/OneDrive/Desktop/Pasantia/Proyectos/recursos-humanos/vendor/livewire/livewire/src/Features/SupportDisablingBackButtonCache/DisableBackButtonCacheMiddleware.php(19): Illuminate/Pipeline/Pipeline->Illuminate/Pipeline/{closure}()
#39 C:/Users/israe/OneDrive/Desktop/Pasantia/Proyectos/recursos-humanos/vendor/laravel/framework/src/Illuminate/Pipeline/Pipeline.php(209): Livewire/Features/SupportDisablingBackButtonCache/DisableBackButtonCacheMiddleware->handle()
#40 C:/Users/israe/OneDrive/Desktop/Pasantia/Proyectos/recursos-humanos/vendor/laravel/framework/src/Illuminate/Foundation/Http/Middleware/ConvertEmptyStringsToNull.php(27): Illuminate/Pipeline/Pipeline->Illuminate/Pipeline/{closure}()
#41 C:/Users/israe/OneDrive/Desktop/Pasantia/Proyectos/recursos-humanos/vendor/laravel/framework/src/Illuminate/Pipeline/Pipeline.php(209): Illuminate/Foundation/Http/Middleware/ConvertEmptyStringsToNull->handle()
#42 C:/Users/israe/OneDrive/Desktop/Pasantia/Proyectos/recursos-humanos/vendor/laravel/framework/src/Illuminate/Foundation/Http/Middleware/TrimStrings.php(47): Illuminate/Pipeline/Pipeline->Illuminate/Pipeline/{closure}()
#43 C:/Users/israe/OneDrive/Desktop/Pasantia/Proyectos/recursos-humanos/vendor/laravel/framework/src/Illuminate/Pipeline/Pipeline.php(209): Illuminate/Foundation/Http/Middleware/TrimStrings->handle()
#44 C:/Users/israe/OneDrive/Desktop/Pasantia/Proyectos/recursos-humanos/vendor/laravel/framework/src/Illuminate/Http/Middleware/ValidatePostSize.php(27): Illuminate/Pipeline/Pipeline->Illuminate/Pipeline/{closure}()
#45 C:/Users/israe/OneDrive/Desktop/Pasantia/Proyectos/recursos-humanos/vendor/laravel/framework/src/Illuminate/Pipeline/Pipeline.php(209): Illuminate/Http/Middleware/ValidatePostSize->handle()
#46 C:/Users/israe/OneDrive/Desktop/Pasantia/Proyectos/recursos-humanos/vendor/laravel/framework/src/Illuminate/Foundation/Http/Middleware/PreventRequestsDuringMaintenance.php(110): Illuminate/Pipeline/Pipeline->Illuminate/Pipeline/{closure}()
#47 C:/Users/israe/OneDrive/Desktop/Pasantia/Proyectos/recursos-humanos/vendor/laravel/framework/src/Illuminate/Pipeline/Pipeline.php(209): Illuminate/Foundation/Http/Middleware/PreventRequestsDuringMaintenance->handle()
#48 C:/Users/israe/OneDrive/Desktop/Pasantia/Proyectos/recursos-humanos/vendor/laravel/framework/src/Illuminate/Http/Middleware/HandleCors.php(49): Illuminate/Pipeline/Pipeline->Illuminate/Pipeline/{closure}()
#49 C:/Users/israe/OneDrive/Desktop/Pasantia/Proyectos/recursos-humanos/vendor/laravel/framework/src/Illuminate/Pipeline/Pipeline.php(209): Illuminate/Http/Middleware/HandleCors->handle()
#50 C:/Users/israe/OneDrive/Desktop/Pasantia/Proyectos/recursos-humanos/vendor/laravel/framework/src/Illuminate/Http/Middleware/TrustProxies.php(58): Illuminate/Pipeline/Pipeline->Illuminate/Pipeline/{closure}()
#51 C:/Users/israe/OneDrive/Desktop/Pasantia/Proyectos/recursos-humanos/vendor/laravel/framework/src/Illuminate/Pipeline/Pipeline.php(209): Illuminate/Http/Middleware/TrustProxies->handle()
#52 C:/Users/israe/OneDrive/Desktop/Pasantia/Proyectos/recursos-humanos/vendor/laravel/framework/src/Illuminate/Foundation/Http/Middleware/InvokeDeferredCallbacks.php(22): Illuminate/Pipeline/Pipeline->Illuminate/Pipeline/{closure}()
#53 C:/Users/israe/OneDrive/Desktop/Pasantia/Proyectos/recursos-humanos/vendor/laravel/framework/src/Illuminate/Pipeline/Pipeline.php(209): Illuminate/Foundation/Http/Middleware/InvokeDeferredCallbacks->handle()
#54 C:/Users/israe/OneDrive/Desktop/Pasantia/Proyectos/recursos-humanos/vendor/laravel/framework/src/Illuminate/Pipeline/Pipeline.php(127): Illuminate/Pipeline/Pipeline->Illuminate/Pipeline/{closure}()
#55 C:/Users/israe/OneDrive/Desktop/Pasantia/Proyectos/recursos-humanos/vendor/laravel/framework/src/Illuminate/Foundation/Http/Kernel.php(176): Illuminate/Pipeline/Pipeline->then()
#56 C:/Users/israe/OneDrive/Desktop/Pasantia/Proyectos/recursos-humanos/vendor/laravel/framework/src/Illuminate/Foundation/Http/Kernel.php(145): Illuminate/Foundation/Http/Kernel->sendRequestThroughRouter()
#57 C:/Users/israe/OneDrive/Desktop/Pasantia/Proyectos/recursos-humanos/vendor/laravel/framework/src/Illuminate/Foundation/Application.php(1220): Illuminate/Foundation/Http/Kernel->handle()
#58 C:/Users/israe/OneDrive/Desktop/Pasantia/Proyectos/recursos-humanos/public/index.php(17): Illuminate/Foundation/Application->handleRequest()
#59 C:/Users/israe/OneDrive/Desktop/Pasantia/Proyectos/recursos-humanos/vendor/laravel/framework/src/Illuminate/Foundation/resources/server.php(23): require_once('...')
#60 {main}
"} 
[2026-07-20 00:26:56] local.ERROR: El servidor no tiene soporte para archivos .xls. Convierte el archivo a .xlsx o .csv. {"userId":2,"exception":"[object] (RuntimeException(code: 0): El servidor no tiene soporte para archivos .xls. Convierte el archivo a .xlsx o .csv. at C:/Users/israe/OneDrive/Desktop/Pasantia/Proyectos/recursos-humanos/app/Services/ImportacionBiometricaService.php:410)
[stacktrace]
#0 C:/Users/israe/OneDrive/Desktop/Pasantia/Proyectos/recursos-humanos/app/Services/ImportacionBiometricaService.php(243): App/Services/ImportacionBiometricaService->leerXlsConExcel()
#1 C:/Users/israe/OneDrive/Desktop/Pasantia/Proyectos/recursos-humanos/app/Services/ImportacionBiometricaService.php(60): App/Services/ImportacionBiometricaService->procesarArchivoBiometrico()
#2 C:/Users/israe/OneDrive/Desktop/Pasantia/Proyectos/recursos-humanos/app/Services/ImportacionBiometricaService.php(18): App/Services/ImportacionBiometricaService->procesarPython()
#3 C:/Users/israe/OneDrive/Desktop/Pasantia/Proyectos/recursos-humanos/app/Livewire/ImportarExcelPage.php(27): App/Services/ImportacionBiometricaService->importarArchivo()
#4 C:/Users/israe/OneDrive/Desktop/Pasantia/Proyectos/recursos-humanos/vendor/laravel/framework/src/Illuminate/Container/BoundMethod.php(36): App/Livewire/ImportarExcelPage->importFile()
#5 C:/Users/israe/OneDrive/Desktop/Pasantia/Proyectos/recursos-humanos/vendor/laravel/framework/src/Illuminate/Container/Util.php(43): Illuminate/Container/BoundMethod::Illuminate/Container/{closure}()
#6 C:/Users/israe/OneDrive/Desktop/Pasantia/Proyectos/recursos-humanos/vendor/laravel/framework/src/Illuminate/Container/BoundMethod.php(95): Illuminate/Container/Util::unwrapIfClosure()
#7 C:/Users/israe/OneDrive/Desktop/Pasantia/Proyectos/recursos-humanos/vendor/laravel/framework/src/Illuminate/Container/BoundMethod.php(35): Illuminate/Container/BoundMethod::callBoundMethod()
#8 C:/Users/israe/OneDrive/Desktop/Pasantia/Proyectos/recursos-humanos/vendor/livewire/livewire/src/Wrapped.php(23): Illuminate/Container/BoundMethod::call()
#9 C:/Users/israe/OneDrive/Desktop/Pasantia/Proyectos/recursos-humanos/vendor/livewire/livewire/src/Mechanisms/HandleComponents/HandleComponents.php(515): Livewire/Wrapped->__call()
#10 C:/Users/israe/OneDrive/Desktop/Pasantia/Proyectos/recursos-humanos/vendor/livewire/livewire/src/Mechanisms/HandleComponents/HandleComponents.php(124): Livewire/Mechanisms/HandleComponents/HandleComponents->callMethods()
#11 C:/Users/israe/OneDrive/Desktop/Pasantia/Proyectos/recursos-humanos/vendor/livewire/livewire/src/LivewireManager.php(102): Livewire/Mechanisms/HandleComponents/HandleComponents->update()
#12 C:/Users/israe/OneDrive/Desktop/Pasantia/Proyectos/recursos-humanos/vendor/livewire/livewire/src/Mechanisms/HandleRequests/HandleRequests.php(144): Livewire/LivewireManager->update()
#13 C:/Users/israe/OneDrive/Desktop/Pasantia/Proyectos/recursos-humanos/vendor/laravel/framework/src/Illuminate/Routing/ControllerDispatcher.php(47): Livewire/Mechanisms/HandleRequests/HandleRequests->handleUpdate()
#14 C:/Users/israe/OneDrive/Desktop/Pasantia/Proyectos/recursos-humanos/vendor/laravel/framework/src/Illuminate/Routing/Route.php(266): Illuminate/Routing/ControllerDispatcher->dispatch()
#15 C:/Users/israe/OneDrive/Desktop/Pasantia/Proyectos/recursos-humanos/vendor/laravel/framework/src/Illuminate/Routing/Route.php(212): Illuminate/Routing/Route->runController()
#16 C:/Users/israe/OneDrive/Desktop/Pasantia/Proyectos/recursos-humanos/vendor/laravel/framework/src/Illuminate/Routing/Router.php(808): Illuminate/Routing/Route->run()
#17 C:/Users/israe/OneDrive/Desktop/Pasantia/Proyectos/recursos-humanos/vendor/laravel/framework/src/Illuminate/Pipeline/Pipeline.php(170): Illuminate/Routing/Router->Illuminate/Routing/{closure}()
#18 C:/Users/israe/OneDrive/Desktop/Pasantia/Proyectos/recursos-humanos/vendor/laravel/framework/src/Illuminate/Routing/Middleware/SubstituteBindings.php(51): Illuminate/Pipeline/Pipeline->Illuminate/Pipeline/{closure}()
#19 C:/Users/israe/OneDrive/Desktop/Pasantia/Proyectos/recursos-humanos/vendor/laravel/framework/src/Illuminate/Pipeline/Pipeline.php(209): Illuminate/Routing/Middleware/SubstituteBindings->handle()
#20 C:/Users/israe/OneDrive/Desktop/Pasantia/Proyectos/recursos-humanos/vendor/laravel/framework/src/Illuminate/Foundation/Http/Middleware/VerifyCsrfToken.php(88): Illuminate/Pipeline/Pipeline->Illuminate/Pipeline/{closure}()
#21 C:/Users/israe/OneDrive/Desktop/Pasantia/Proyectos/recursos-humanos/vendor/laravel/framework/src/Illuminate/Pipeline/Pipeline.php(209): Illuminate/Foundation/Http/Middleware/VerifyCsrfToken->handle()
#22 C:/Users/israe/OneDrive/Desktop/Pasantia/Proyectos/recursos-humanos/vendor/laravel/framework/src/Illuminate/View/Middleware/ShareErrorsFromSession.php(49): Illuminate/Pipeline/Pipeline->Illuminate/Pipeline/{closure}()
#23 C:/Users/israe/OneDrive/Desktop/Pasantia/Proyectos/recursos-humanos/vendor/laravel/framework/src/Illuminate/Pipeline/Pipeline.php(209): Illuminate/View/Middleware/ShareErrorsFromSession->handle()
#24 C:/Users/israe/OneDrive/Desktop/Pasantia/Proyectos/recursos-humanos/vendor/laravel/framework/src/Illuminate/Session/Middleware/StartSession.php(121): Illuminate/Pipeline/Pipeline->Illuminate/Pipeline/{closure}()
#25 C:/Users/israe/OneDrive/Desktop/Pasantia/Proyectos/recursos-humanos/vendor/laravel/framework/src/Illuminate/Session/Middleware/StartSession.php(64): Illuminate/Session/Middleware/StartSession->handleStatefulRequest()
#26 C:/Users/israe/OneDrive/Desktop/Pasantia/Proyectos/recursos-humanos/vendor/laravel/framework/src/Illuminate/Pipeline/Pipeline.php(209): Illuminate/Session/Middleware/StartSession->handle()
#27 C:/Users/israe/OneDrive/Desktop/Pasantia/Proyectos/recursos-humanos/vendor/laravel/framework/src/Illuminate/Cookie/Middleware/AddQueuedCookiesToResponse.php(37): Illuminate/Pipeline/Pipeline->Illuminate/Pipeline/{closure}()
#28 C:/Users/israe/OneDrive/Desktop/Pasantia/Proyectos/recursos-humanos/vendor/laravel/framework/src/Illuminate/Pipeline/Pipeline.php(209): Illuminate/Cookie/Middleware/AddQueuedCookiesToResponse->handle()
#29 C:/Users/israe/OneDrive/Desktop/Pasantia/Proyectos/recursos-humanos/vendor/laravel/framework/src/Illuminate/Cookie/Middleware/EncryptCookies.php(75): Illuminate/Pipeline/Pipeline->Illuminate/Pipeline/{closure}()
#30 C:/Users/israe/OneDrive/Desktop/Pasantia/Proyectos/recursos-humanos/vendor/laravel/framework/src/Illuminate/Pipeline/Pipeline.php(209): Illuminate/Cookie/Middleware/EncryptCookies->handle()
#31 C:/Users/israe/OneDrive/Desktop/Pasantia/Proyectos/recursos-humanos/vendor/laravel/framework/src/Illuminate/Pipeline/Pipeline.php(127): Illuminate/Pipeline/Pipeline->Illuminate/Pipeline/{closure}()
#32 C:/Users/israe/OneDrive/Desktop/Pasantia/Proyectos/recursos-humanos/vendor/laravel/framework/src/Illuminate/Routing/Router.php(807): Illuminate/Pipeline/Pipeline->then()
#33 C:/Users/israe/OneDrive/Desktop/Pasantia/Proyectos/recursos-humanos/vendor/laravel/framework/src/Illuminate/Routing/Router.php(786): Illuminate/Routing/Router->runRouteWithinStack()
#34 C:/Users/israe/OneDrive/Desktop/Pasantia/Proyectos/recursos-humanos/vendor/laravel/framework/src/Illuminate/Routing/Router.php(750): Illuminate/Routing/Router->runRoute()
#35 C:/Users/israe/OneDrive/Desktop/Pasantia/Proyectos/recursos-humanos/vendor/laravel/framework/src/Illuminate/Routing/Router.php(739): Illuminate/Routing/Router->dispatchToRoute()
#36 C:/Users/israe/OneDrive/Desktop/Pasantia/Proyectos/recursos-humanos/vendor/laravel/framework/src/Illuminate/Foundation/Http/Kernel.php(201): Illuminate/Routing/Router->dispatch()
#37 C:/Users/israe/OneDrive/Desktop/Pasantia/Proyectos/recursos-humanos/vendor/laravel/framework/src/Illuminate/Pipeline/Pipeline.php(170): Illuminate/Foundation/Http/Kernel->Illuminate/Foundation/Http/{closure}()
#38 C:/Users/israe/OneDrive/Desktop/Pasantia/Proyectos/recursos-humanos/vendor/livewire/livewire/src/Features/SupportDisablingBackButtonCache/DisableBackButtonCacheMiddleware.php(19): Illuminate/Pipeline/Pipeline->Illuminate/Pipeline/{closure}()
#39 C:/Users/israe/OneDrive/Desktop/Pasantia/Proyectos/recursos-humanos/vendor/laravel/framework/src/Illuminate/Pipeline/Pipeline.php(209): Livewire/Features/SupportDisablingBackButtonCache/DisableBackButtonCacheMiddleware->handle()
#40 C:/Users/israe/OneDrive/Desktop/Pasantia/Proyectos/recursos-humanos/vendor/laravel/framework/src/Illuminate/Foundation/Http/Middleware/ConvertEmptyStringsToNull.php(27): Illuminate/Pipeline/Pipeline->Illuminate/Pipeline/{closure}()
#41 C:/Users/israe/OneDrive/Desktop/Pasantia/Proyectos/recursos-humanos/vendor/laravel/framework/src/Illuminate/Pipeline/Pipeline.php(209): Illuminate/Foundation/Http/Middleware/ConvertEmptyStringsToNull->handle()
#42 C:/Users/israe/OneDrive/Desktop/Pasantia/Proyectos/recursos-humanos/vendor/laravel/framework/src/Illuminate/Foundation/Http/Middleware/TrimStrings.php(47): Illuminate/Pipeline/Pipeline->Illuminate/Pipeline/{closure}()
#43 C:/Users/israe/OneDrive/Desktop/Pasantia/Proyectos/recursos-humanos/vendor/laravel/framework/src/Illuminate/Pipeline/Pipeline.php(209): Illuminate/Foundation/Http/Middleware/TrimStrings->handle()
#44 C:/Users/israe/OneDrive/Desktop/Pasantia/Proyectos/recursos-humanos/vendor/laravel/framework/src/Illuminate/Http/Middleware/ValidatePostSize.php(27): Illuminate/Pipeline/Pipeline->Illuminate/Pipeline/{closure}()
#45 C:/Users/israe/OneDrive/Desktop/Pasantia/Proyectos/recursos-humanos/vendor/laravel/framework/src/Illuminate/Pipeline/Pipeline.php(209): Illuminate/Http/Middleware/ValidatePostSize->handle()
#46 C:/Users/israe/OneDrive/Desktop/Pasantia/Proyectos/recursos-humanos/vendor/laravel/framework/src/Illuminate/Foundation/Http/Middleware/PreventRequestsDuringMaintenance.php(110): Illuminate/Pipeline/Pipeline->Illuminate/Pipeline/{closure}()
#47 C:/Users/israe/OneDrive/Desktop/Pasantia/Proyectos/recursos-humanos/vendor/laravel/framework/src/Illuminate/Pipeline/Pipeline.php(209): Illuminate/Foundation/Http/Middleware/PreventRequestsDuringMaintenance->handle()
#48 C:/Users/israe/OneDrive/Desktop/Pasantia/Proyectos/recursos-humanos/vendor/laravel/framework/src/Illuminate/Http/Middleware/HandleCors.php(49): Illuminate/Pipeline/Pipeline->Illuminate/Pipeline/{closure}()
#49 C:/Users/israe/OneDrive/Desktop/Pasantia/Proyectos/recursos-humanos/vendor/laravel/framework/src/Illuminate/Pipeline/Pipeline.php(209): Illuminate/Http/Middleware/HandleCors->handle()
#50 C:/Users/israe/OneDrive/Desktop/Pasantia/Proyectos/recursos-humanos/vendor/laravel/framework/src/Illuminate/Http/Middleware/TrustProxies.php(58): Illuminate/Pipeline/Pipeline->Illuminate/Pipeline/{closure}()
#51 C:/Users/israe/OneDrive/Desktop/Pasantia/Proyectos/recursos-humanos/vendor/laravel/framework/src/Illuminate/Pipeline/Pipeline.php(209): Illuminate/Http/Middleware/TrustProxies->handle()
#52 C:/Users/israe/OneDrive/Desktop/Pasantia/Proyectos/recursos-humanos/vendor/laravel/framework/src/Illuminate/Foundation/Http/Middleware/InvokeDeferredCallbacks.php(22): Illuminate/Pipeline/Pipeline->Illuminate/Pipeline/{closure}()
#53 C:/Users/israe/OneDrive/Desktop/Pasantia/Proyectos/recursos-humanos/vendor/laravel/framework/src/Illuminate/Pipeline/Pipeline.php(209): Illuminate/Foundation/Http/Middleware/InvokeDeferredCallbacks->handle()
#54 C:/Users/israe/OneDrive/Desktop/Pasantia/Proyectos/recursos-humanos/vendor/laravel/framework/src/Illuminate/Pipeline/Pipeline.php(127): Illuminate/Pipeline/Pipeline->Illuminate/Pipeline/{closure}()
#55 C:/Users/israe/OneDrive/Desktop/Pasantia/Proyectos/recursos-humanos/vendor/laravel/framework/src/Illuminate/Foundation/Http/Kernel.php(176): Illuminate/Pipeline/Pipeline->then()
#56 C:/Users/israe/OneDrive/Desktop/Pasantia/Proyectos/recursos-humanos/vendor/laravel/framework/src/Illuminate/Foundation/Http/Kernel.php(145): Illuminate/Foundation/Http/Kernel->sendRequestThroughRouter()
#57 C:/Users/israe/OneDrive/Desktop/Pasantia/Proyectos/recursos-humanos/vendor/laravel/framework/src/Illuminate/Foundation/Application.php(1220): Illuminate/Foundation/Http/Kernel->handle()
#58 C:/Users/israe/OneDrive/Desktop/Pasantia/Proyectos/recursos-humanos/public/index.php(17): Illuminate/Foundation/Application->handleRequest()
#59 C:/Users/israe/OneDrive/Desktop/Pasantia/Proyectos/recursos-humanos/vendor/laravel/framework/src/Illuminate/Foundation/resources/server.php(23): require_once('...')
#60 {main}
"} 
[2026-07-20 00:31:47] local.ERROR: No se pudo leer el archivo .xls en este equipo. Si tienes Excel instalado, revisa permisos de automatizacion; de lo contrario, convierte el archivo a .xlsx o .csv. Detalle: E r r o r   i n t e r n o   d e   W i n d o w s   P o w e r S h e l l .   N o   s e   p u d o   c a r g a r   W i n d o w s   P o w e r S h e l l   a d m i n i s t r a d o .   E r r o r :   8 0 0 9 0 0 1 d . {"userId":2,"exception":"[object] (RuntimeException(code: 0): No se pudo leer el archivo .xls en este equipo. Si tienes Excel instalado, revisa permisos de automatizacion; de lo contrario, convierte el archivo a .xlsx o .csv. Detalle: E\u0000r\u0000r\u0000o\u0000r\u0000 \u0000i\u0000n\u0000t\u0000e\u0000r\u0000n\u0000o\u0000 \u0000d\u0000e\u0000 \u0000W\u0000i\u0000n\u0000d\u0000o\u0000w\u0000s\u0000 \u0000P\u0000o\u0000w\u0000e\u0000r\u0000S\u0000h\u0000e\u0000l\u0000l\u0000.\u0000 \u0000N\u0000o\u0000 \u0000s\u0000e\u0000 \u0000p\u0000u\u0000d\u0000o\u0000 \u0000c\u0000a\u0000r\u0000g\u0000a\u0000r\u0000 \u0000W\u0000i\u0000n\u0000d\u0000o\u0000w\u0000s\u0000 \u0000P\u0000o\u0000w\u0000e\u0000r\u0000S\u0000h\u0000e\u0000l\u0000l\u0000 \u0000a\u0000d\u0000m\u0000i\u0000n\u0000i\u0000s\u0000t\u0000r\u0000a\u0000d\u0000o\u0000.\u0000 \u0000E\u0000r\u0000r\u0000o\u0000r\u0000:\u0000 \u00008\u00000\u00000\u00009\u00000\u00000\u00001\u0000d\u0000. at C:/Users/israe/OneDrive/Desktop/Pasantia/Proyectos/recursos-humanos/app/Services/ImportacionBiometricaService.php:454)
[stacktrace]
#0 C:/Users/israe/OneDrive/Desktop/Pasantia/Proyectos/recursos-humanos/app/Services/ImportacionBiometricaService.php(244): App/Services/ImportacionBiometricaService->leerXlsConExcel()
#1 C:/Users/israe/OneDrive/Desktop/Pasantia/Proyectos/recursos-humanos/app/Services/ImportacionBiometricaService.php(61): App/Services/ImportacionBiometricaService->procesarArchivoBiometrico()
#2 C:/Users/israe/OneDrive/Desktop/Pasantia/Proyectos/recursos-humanos/app/Services/ImportacionBiometricaService.php(19): App/Services/ImportacionBiometricaService->procesarPython()
#3 C:/Users/israe/OneDrive/Desktop/Pasantia/Proyectos/recursos-humanos/app/Livewire/ImportarExcelPage.php(28): App/Services/ImportacionBiometricaService->importarArchivo()
#4 C:/Users/israe/OneDrive/Desktop/Pasantia/Proyectos/recursos-humanos/vendor/laravel/framework/src/Illuminate/Container/BoundMethod.php(36): App/Livewire/ImportarExcelPage->importFile()
#5 C:/Users/israe/OneDrive/Desktop/Pasantia/Proyectos/recursos-humanos/vendor/laravel/framework/src/Illuminate/Container/Util.php(43): Illuminate/Container/BoundMethod::Illuminate/Container/{closure}()
#6 C:/Users/israe/OneDrive/Desktop/Pasantia/Proyectos/recursos-humanos/vendor/laravel/framework/src/Illuminate/Container/BoundMethod.php(95): Illuminate/Container/Util::unwrapIfClosure()
#7 C:/Users/israe/OneDrive/Desktop/Pasantia/Proyectos/recursos-humanos/vendor/laravel/framework/src/Illuminate/Container/BoundMethod.php(35): Illuminate/Container/BoundMethod::callBoundMethod()
#8 C:/Users/israe/OneDrive/Desktop/Pasantia/Proyectos/recursos-humanos/vendor/livewire/livewire/src/Wrapped.php(23): Illuminate/Container/BoundMethod::call()
#9 C:/Users/israe/OneDrive/Desktop/Pasantia/Proyectos/recursos-humanos/vendor/livewire/livewire/src/Mechanisms/HandleComponents/HandleComponents.php(515): Livewire/Wrapped->__call()
#10 C:/Users/israe/OneDrive/Desktop/Pasantia/Proyectos/recursos-humanos/vendor/livewire/livewire/src/Mechanisms/HandleComponents/HandleComponents.php(124): Livewire/Mechanisms/HandleComponents/HandleComponents->callMethods()
#11 C:/Users/israe/OneDrive/Desktop/Pasantia/Proyectos/recursos-humanos/vendor/livewire/livewire/src/LivewireManager.php(102): Livewire/Mechanisms/HandleComponents/HandleComponents->update()
#12 C:/Users/israe/OneDrive/Desktop/Pasantia/Proyectos/recursos-humanos/vendor/livewire/livewire/src/Mechanisms/HandleRequests/HandleRequests.php(144): Livewire/LivewireManager->update()
#13 C:/Users/israe/OneDrive/Desktop/Pasantia/Proyectos/recursos-humanos/vendor/laravel/framework/src/Illuminate/Routing/ControllerDispatcher.php(47): Livewire/Mechanisms/HandleRequests/HandleRequests->handleUpdate()
#14 C:/Users/israe/OneDrive/Desktop/Pasantia/Proyectos/recursos-humanos/vendor/laravel/framework/src/Illuminate/Routing/Route.php(266): Illuminate/Routing/ControllerDispatcher->dispatch()
#15 C:/Users/israe/OneDrive/Desktop/Pasantia/Proyectos/recursos-humanos/vendor/laravel/framework/src/Illuminate/Routing/Route.php(212): Illuminate/Routing/Route->runController()
#16 C:/Users/israe/OneDrive/Desktop/Pasantia/Proyectos/recursos-humanos/vendor/laravel/framework/src/Illuminate/Routing/Router.php(808): Illuminate/Routing/Route->run()
#17 C:/Users/israe/OneDrive/Desktop/Pasantia/Proyectos/recursos-humanos/vendor/laravel/framework/src/Illuminate/Pipeline/Pipeline.php(170): Illuminate/Routing/Router->Illuminate/Routing/{closure}()
#18 C:/Users/israe/OneDrive/Desktop/Pasantia/Proyectos/recursos-humanos/vendor/laravel/framework/src/Illuminate/Routing/Middleware/SubstituteBindings.php(51): Illuminate/Pipeline/Pipeline->Illuminate/Pipeline/{closure}()
#19 C:/Users/israe/OneDrive/Desktop/Pasantia/Proyectos/recursos-humanos/vendor/laravel/framework/src/Illuminate/Pipeline/Pipeline.php(209): Illuminate/Routing/Middleware/SubstituteBindings->handle()
#20 C:/Users/israe/OneDrive/Desktop/Pasantia/Proyectos/recursos-humanos/vendor/laravel/framework/src/Illuminate/Foundation/Http/Middleware/VerifyCsrfToken.php(88): Illuminate/Pipeline/Pipeline->Illuminate/Pipeline/{closure}()
#21 C:/Users/israe/OneDrive/Desktop/Pasantia/Proyectos/recursos-humanos/vendor/laravel/framework/src/Illuminate/Pipeline/Pipeline.php(209): Illuminate/Foundation/Http/Middleware/VerifyCsrfToken->handle()
#22 C:/Users/israe/OneDrive/Desktop/Pasantia/Proyectos/recursos-humanos/vendor/laravel/framework/src/Illuminate/View/Middleware/ShareErrorsFromSession.php(49): Illuminate/Pipeline/Pipeline->Illuminate/Pipeline/{closure}()
#23 C:/Users/israe/OneDrive/Desktop/Pasantia/Proyectos/recursos-humanos/vendor/laravel/framework/src/Illuminate/Pipeline/Pipeline.php(209): Illuminate/View/Middleware/ShareErrorsFromSession->handle()
#24 C:/Users/israe/OneDrive/Desktop/Pasantia/Proyectos/recursos-humanos/vendor/laravel/framework/src/Illuminate/Session/Middleware/StartSession.php(121): Illuminate/Pipeline/Pipeline->Illuminate/Pipeline/{closure}()
#25 C:/Users/israe/OneDrive/Desktop/Pasantia/Proyectos/recursos-humanos/vendor/laravel/framework/src/Illuminate/Session/Middleware/StartSession.php(64): Illuminate/Session/Middleware/StartSession->handleStatefulRequest()
#26 C:/Users/israe/OneDrive/Desktop/Pasantia/Proyectos/recursos-humanos/vendor/laravel/framework/src/Illuminate/Pipeline/Pipeline.php(209): Illuminate/Session/Middleware/StartSession->handle()
#27 C:/Users/israe/OneDrive/Desktop/Pasantia/Proyectos/recursos-humanos/vendor/laravel/framework/src/Illuminate/Cookie/Middleware/AddQueuedCookiesToResponse.php(37): Illuminate/Pipeline/Pipeline->Illuminate/Pipeline/{closure}()
#28 C:/Users/israe/OneDrive/Desktop/Pasantia/Proyectos/recursos-humanos/vendor/laravel/framework/src/Illuminate/Pipeline/Pipeline.php(209): Illuminate/Cookie/Middleware/AddQueuedCookiesToResponse->handle()
#29 C:/Users/israe/OneDrive/Desktop/Pasantia/Proyectos/recursos-humanos/vendor/laravel/framework/src/Illuminate/Cookie/Middleware/EncryptCookies.php(75): Illuminate/Pipeline/Pipeline->Illuminate/Pipeline/{closure}()
#30 C:/Users/israe/OneDrive/Desktop/Pasantia/Proyectos/recursos-humanos/vendor/laravel/framework/src/Illuminate/Pipeline/Pipeline.php(209): Illuminate/Cookie/Middleware/EncryptCookies->handle()
#31 C:/Users/israe/OneDrive/Desktop/Pasantia/Proyectos/recursos-humanos/vendor/laravel/framework/src/Illuminate/Pipeline/Pipeline.php(127): Illuminate/Pipeline/Pipeline->Illuminate/Pipeline/{closure}()
#32 C:/Users/israe/OneDrive/Desktop/Pasantia/Proyectos/recursos-humanos/vendor/laravel/framework/src/Illuminate/Routing/Router.php(807): Illuminate/Pipeline/Pipeline->then()
#33 C:/Users/israe/OneDrive/Desktop/Pasantia/Proyectos/recursos-humanos/vendor/laravel/framework/src/Illuminate/Routing/Router.php(786): Illuminate/Routing/Router->runRouteWithinStack()
#34 C:/Users/israe/OneDrive/Desktop/Pasantia/Proyectos/recursos-humanos/vendor/laravel/framework/src/Illuminate/Routing/Router.php(750): Illuminate/Routing/Router->runRoute()
#35 C:/Users/israe/OneDrive/Desktop/Pasantia/Proyectos/recursos-humanos/vendor/laravel/framework/src/Illuminate/Routing/Router.php(739): Illuminate/Routing/Router->dispatchToRoute()
#36 C:/Users/israe/OneDrive/Desktop/Pasantia/Proyectos/recursos-humanos/vendor/laravel/framework/src/Illuminate/Foundation/Http/Kernel.php(201): Illuminate/Routing/Router->dispatch()
#37 C:/Users/israe/OneDrive/Desktop/Pasantia/Proyectos/recursos-humanos/vendor/laravel/framework/src/Illuminate/Pipeline/Pipeline.php(170): Illuminate/Foundation/Http/Kernel->Illuminate/Foundation/Http/{closure}()
#38 C:/Users/israe/OneDrive/Desktop/Pasantia/Proyectos/recursos-humanos/vendor/livewire/livewire/src/Features/SupportDisablingBackButtonCache/DisableBackButtonCacheMiddleware.php(19): Illuminate/Pipeline/Pipeline->Illuminate/Pipeline/{closure}()
#39 C:/Users/israe/OneDrive/Desktop/Pasantia/Proyectos/recursos-humanos/vendor/laravel/framework/src/Illuminate/Pipeline/Pipeline.php(209): Livewire/Features/SupportDisablingBackButtonCache/DisableBackButtonCacheMiddleware->handle()
#40 C:/Users/israe/OneDrive/Desktop/Pasantia/Proyectos/recursos-humanos/vendor/laravel/framework/src/Illuminate/Foundation/Http/Middleware/ConvertEmptyStringsToNull.php(27): Illuminate/Pipeline/Pipeline->Illuminate/Pipeline/{closure}()
#41 C:/Users/israe/OneDrive/Desktop/Pasantia/Proyectos/recursos-humanos/vendor/laravel/framework/src/Illuminate/Pipeline/Pipeline.php(209): Illuminate/Foundation/Http/Middleware/ConvertEmptyStringsToNull->handle()
#42 C:/Users/israe/OneDrive/Desktop/Pasantia/Proyectos/recursos-humanos/vendor/laravel/framework/src/Illuminate/Foundation/Http/Middleware/TrimStrings.php(47): Illuminate/Pipeline/Pipeline->Illuminate/Pipeline/{closure}()
#43 C:/Users/israe/OneDrive/Desktop/Pasantia/Proyectos/recursos-humanos/vendor/laravel/framework/src/Illuminate/Pipeline/Pipeline.php(209): Illuminate/Foundation/Http/Middleware/TrimStrings->handle()
#44 C:/Users/israe/OneDrive/Desktop/Pasantia/Proyectos/recursos-humanos/vendor/laravel/framework/src/Illuminate/Http/Middleware/ValidatePostSize.php(27): Illuminate/Pipeline/Pipeline->Illuminate/Pipeline/{closure}()
#45 C:/Users/israe/OneDrive/Desktop/Pasantia/Proyectos/recursos-humanos/vendor/laravel/framework/src/Illuminate/Pipeline/Pipeline.php(209): Illuminate/Http/Middleware/ValidatePostSize->handle()
#46 C:/Users/israe/OneDrive/Desktop/Pasantia/Proyectos/recursos-humanos/vendor/laravel/framework/src/Illuminate/Foundation/Http/Middleware/PreventRequestsDuringMaintenance.php(110): Illuminate/Pipeline/Pipeline->Illuminate/Pipeline/{closure}()
#47 C:/Users/israe/OneDrive/Desktop/Pasantia/Proyectos/recursos-humanos/vendor/laravel/framework/src/Illuminate/Pipeline/Pipeline.php(209): Illuminate/Foundation/Http/Middleware/PreventRequestsDuringMaintenance->handle()
#48 C:/Users/israe/OneDrive/Desktop/Pasantia/Proyectos/recursos-humanos/vendor/laravel/framework/src/Illuminate/Http/Middleware/HandleCors.php(49): Illuminate/Pipeline/Pipeline->Illuminate/Pipeline/{closure}()
#49 C:/Users/israe/OneDrive/Desktop/Pasantia/Proyectos/recursos-humanos/vendor/laravel/framework/src/Illuminate/Pipeline/Pipeline.php(209): Illuminate/Http/Middleware/HandleCors->handle()
#50 C:/Users/israe/OneDrive/Desktop/Pasantia/Proyectos/recursos-humanos/vendor/laravel/framework/src/Illuminate/Http/Middleware/TrustProxies.php(58): Illuminate/Pipeline/Pipeline->Illuminate/Pipeline/{closure}()
#51 C:/Users/israe/OneDrive/Desktop/Pasantia/Proyectos/recursos-humanos/vendor/laravel/framework/src/Illuminate/Pipeline/Pipeline.php(209): Illuminate/Http/Middleware/TrustProxies->handle()
#52 C:/Users/israe/OneDrive/Desktop/Pasantia/Proyectos/recursos-humanos/vendor/laravel/framework/src/Illuminate/Foundation/Http/Middleware/InvokeDeferredCallbacks.php(22): Illuminate/Pipeline/Pipeline->Illuminate/Pipeline/{closure}()
#53 C:/Users/israe/OneDrive/Desktop/Pasantia/Proyectos/recursos-humanos/vendor/laravel/framework/src/Illuminate/Pipeline/Pipeline.php(209): Illuminate/Foundation/Http/Middleware/InvokeDeferredCallbacks->handle()
#54 C:/Users/israe/OneDrive/Desktop/Pasantia/Proyectos/recursos-humanos/vendor/laravel/framework/src/Illuminate/Pipeline/Pipeline.php(127): Illuminate/Pipeline/Pipeline->Illuminate/Pipeline/{closure}()
#55 C:/Users/israe/OneDrive/Desktop/Pasantia/Proyectos/recursos-humanos/vendor/laravel/framework/src/Illuminate/Foundation/Http/Kernel.php(176): Illuminate/Pipeline/Pipeline->then()
#56 C:/Users/israe/OneDrive/Desktop/Pasantia/Proyectos/recursos-humanos/vendor/laravel/framework/src/Illuminate/Foundation/Http/Kernel.php(145): Illuminate/Foundation/Http/Kernel->sendRequestThroughRouter()
#57 C:/Users/israe/OneDrive/Desktop/Pasantia/Proyectos/recursos-humanos/vendor/laravel/framework/src/Illuminate/Foundation/Application.php(1220): Illuminate/Foundation/Http/Kernel->handle()
#58 C:/Users/israe/OneDrive/Desktop/Pasantia/Proyectos/recursos-humanos/public/index.php(17): Illuminate/Foundation/Application->handleRequest()
#59 C:/Users/israe/OneDrive/Desktop/Pasantia/Proyectos/recursos-humanos/vendor/laravel/framework/src/Illuminate/Foundation/resources/server.php(23): require_once('...')
#60 {main}
"} 
[2026-07-20 11:48:07] local.ERROR: Command "server" is not defined.

Did you mean one of these?
    make:observer
    serve {"exception":"[object] (Symfony\\Component\\Console\\Exception\\CommandNotFoundException(code: 0): Command \"server\" is not defined.

Did you mean one of these?
    make:observer
    serve at C:/Users/israe/OneDrive/Desktop/Pasantia/Proyectos/recursos-humanos/vendor/symfony/console/Application.php:759)
[stacktrace]
#0 C:/Users/israe/OneDrive/Desktop/Pasantia/Proyectos/recursos-humanos/vendor/symfony/console/Application.php(298): Symfony/Component/Console/Application->find()
#1 C:/Users/israe/OneDrive/Desktop/Pasantia/Proyectos/recursos-humanos/vendor/symfony/console/Application.php(195): Symfony/Component/Console/Application->doRun()
#2 C:/Users/israe/OneDrive/Desktop/Pasantia/Proyectos/recursos-humanos/vendor/laravel/framework/src/Illuminate/Foundation/Console/Kernel.php(198): Symfony/Component/Console/Application->run()
#3 C:/Users/israe/OneDrive/Desktop/Pasantia/Proyectos/recursos-humanos/vendor/laravel/framework/src/Illuminate/Foundation/Application.php(1235): Illuminate/Foundation/Console/Kernel->handle()
#4 C:/Users/israe/OneDrive/Desktop/Pasantia/Proyectos/recursos-humanos/artisan(13): Illuminate/Foundation/Application->handleCommand()
#5 {main}
"} 
[2026-07-20 23:37:34] local.ERROR: SQLSTATE[23000]: Integrity constraint violation: 19 UNIQUE constraint failed: registros_asistencia.empleado_id, registros_asistencia.fecha (Connection: sqlite, SQL: insert into "registros_asistencia" ("empleado_id", "fecha", "hora_entrada", "hora_salida", "tipo_verificacion", "estado_marcacion", "evento_biometrico", "observacion", "created_by", "updated_at", "created_at") values (11, 2026-04-30 00:00:00, 08:11:42, 22:27:45, Huella, Salida a descanso, Apertura con tarjeta de proximidad, Importado desde mvA4jPIeklekAV2ne9SsseXJnUdSBQY3778muJug.xls | Apertura con tarjeta de proximidad | Huella | Salida a descanso, 2, 2026-07-20 23:37:33, 2026-07-20 23:37:33)) {"userId":2,"exception":"[object] (Illuminate\\Database\\UniqueConstraintViolationException(code: 23000): SQLSTATE[23000]: Integrity constraint violation: 19 UNIQUE constraint failed: registros_asistencia.empleado_id, registros_asistencia.fecha (Connection: sqlite, SQL: insert into \"registros_asistencia\" (\"empleado_id\", \"fecha\", \"hora_entrada\", \"hora_salida\", \"tipo_verificacion\", \"estado_marcacion\", \"evento_biometrico\", \"observacion\", \"created_by\", \"updated_at\", \"created_at\") values (11, 2026-04-30 00:00:00, 08:11:42, 22:27:45, Huella, Salida a descanso, Apertura con tarjeta de proximidad, Importado desde mvA4jPIeklekAV2ne9SsseXJnUdSBQY3778muJug.xls | Apertura con tarjeta de proximidad | Huella | Salida a descanso, 2, 2026-07-20 23:37:33, 2026-07-20 23:37:33)) at C:/Users/israe/OneDrive/Desktop/Pasantia/Proyectos/recursos-humanos/vendor/laravel/framework/src/Illuminate/Database/Connection.php:820)
[stacktrace]
#0 C:/Users/israe/OneDrive/Desktop/Pasantia/Proyectos/recursos-humanos/vendor/laravel/framework/src/Illuminate/Database/Connection.php(779): Illuminate/Database/Connection->runQueryCallback()
#1 C:/Users/israe/OneDrive/Desktop/Pasantia/Proyectos/recursos-humanos/vendor/laravel/framework/src/Illuminate/Database/Connection.php(560): Illuminate/Database/Connection->run()
#2 C:/Users/israe/OneDrive/Desktop/Pasantia/Proyectos/recursos-humanos/vendor/laravel/framework/src/Illuminate/Database/Connection.php(524): Illuminate/Database/Connection->statement()
#3 C:/Users/israe/OneDrive/Desktop/Pasantia/Proyectos/recursos-humanos/vendor/laravel/framework/src/Illuminate/Database/Query/Processors/Processor.php(32): Illuminate/Database/Connection->insert()
#4 C:/Users/israe/OneDrive/Desktop/Pasantia/Proyectos/recursos-humanos/vendor/laravel/framework/src/Illuminate/Database/Query/Builder.php(3766): Illuminate/Database/Query/Processors/Processor->processInsertGetId()
#5 C:/Users/israe/OneDrive/Desktop/Pasantia/Proyectos/recursos-humanos/vendor/laravel/framework/src/Illuminate/Database/Eloquent/Builder.php(2120): Illuminate/Database/Query/Builder->insertGetId()
#6 C:/Users/israe/OneDrive/Desktop/Pasantia/Proyectos/recursos-humanos/vendor/laravel/framework/src/Illuminate/Database/Eloquent/Model.php(1359): Illuminate/Database/Eloquent/Builder->__call()
#7 C:/Users/israe/OneDrive/Desktop/Pasantia/Proyectos/recursos-humanos/vendor/laravel/framework/src/Illuminate/Database/Eloquent/Model.php(1324): Illuminate/Database/Eloquent/Model->insertAndSetId()
#8 C:/Users/israe/OneDrive/Desktop/Pasantia/Proyectos/recursos-humanos/vendor/laravel/framework/src/Illuminate/Database/Eloquent/Model.php(1163): Illuminate/Database/Eloquent/Model->performInsert()
#9 C:/Users/israe/OneDrive/Desktop/Pasantia/Proyectos/recursos-humanos/vendor/laravel/framework/src/Illuminate/Database/Eloquent/Builder.php(1128): Illuminate/Database/Eloquent/Model->save()
#10 C:/Users/israe/OneDrive/Desktop/Pasantia/Proyectos/recursos-humanos/vendor/laravel/framework/src/Illuminate/Support/helpers.php(399): Illuminate/Database/Eloquent/Builder->Illuminate/Database/Eloquent/{closure}()
#11 C:/Users/israe/OneDrive/Desktop/Pasantia/Proyectos/recursos-humanos/vendor/laravel/framework/src/Illuminate/Database/Eloquent/Builder.php(1127): tap()
#12 C:/Users/israe/OneDrive/Desktop/Pasantia/Proyectos/recursos-humanos/vendor/laravel/framework/src/Illuminate/Database/Eloquent/Builder.php(634): Illuminate/Database/Eloquent/Builder->create()
#13 C:/Users/israe/OneDrive/Desktop/Pasantia/Proyectos/recursos-humanos/vendor/laravel/framework/src/Illuminate/Database/Concerns/ManagesTransactions.php(32): Illuminate/Database/Eloquent/Builder->Illuminate/Database/Eloquent/{closure}()
#14 C:/Users/israe/OneDrive/Desktop/Pasantia/Proyectos/recursos-humanos/vendor/laravel/framework/src/Illuminate/Database/Eloquent/Builder.php(1863): Illuminate/Database/Connection->transaction()
#15 C:/Users/israe/OneDrive/Desktop/Pasantia/Proyectos/recursos-humanos/vendor/laravel/framework/src/Illuminate/Database/Eloquent/Builder.php(634): Illuminate/Database/Eloquent/Builder->withSavepointIfNeeded()
#16 C:/Users/israe/OneDrive/Desktop/Pasantia/Proyectos/recursos-humanos/vendor/laravel/framework/src/Illuminate/Database/Eloquent/Builder.php(621): Illuminate/Database/Eloquent/Builder->createOrFirst()
#17 C:/Users/israe/OneDrive/Desktop/Pasantia/Proyectos/recursos-humanos/vendor/laravel/framework/src/Illuminate/Database/Eloquent/Builder.php(649): Illuminate/Database/Eloquent/Builder->firstOrCreate()
#18 C:/Users/israe/OneDrive/Desktop/Pasantia/Proyectos/recursos-humanos/app/Services/ImportacionBiometricaService.php(120): Illuminate/Database/Eloquent/Builder->updateOrCreate()
#19 C:/Users/israe/OneDrive/Desktop/Pasantia/Proyectos/recursos-humanos/app/Services/ImportacionBiometricaService.php(34): App/Services/ImportacionBiometricaService->persistirMarcas()
#20 C:/Users/israe/OneDrive/Desktop/Pasantia/Proyectos/recursos-humanos/app/Livewire/ImportarExcelPage.php(28): App/Services/ImportacionBiometricaService->importarArchivo()
#21 C:/Users/israe/OneDrive/Desktop/Pasantia/Proyectos/recursos-humanos/vendor/laravel/framework/src/Illuminate/Container/BoundMethod.php(36): App/Livewire/ImportarExcelPage->importFile()
#22 C:/Users/israe/OneDrive/Desktop/Pasantia/Proyectos/recursos-humanos/vendor/laravel/framework/src/Illuminate/Container/Util.php(43): Illuminate/Container/BoundMethod::Illuminate/Container/{closure}()
#23 C:/Users/israe/OneDrive/Desktop/Pasantia/Proyectos/recursos-humanos/vendor/laravel/framework/src/Illuminate/Container/BoundMethod.php(95): Illuminate/Container/Util::unwrapIfClosure()
#24 C:/Users/israe/OneDrive/Desktop/Pasantia/Proyectos/recursos-humanos/vendor/laravel/framework/src/Illuminate/Container/BoundMethod.php(35): Illuminate/Container/BoundMethod::callBoundMethod()
#25 C:/Users/israe/OneDrive/Desktop/Pasantia/Proyectos/recursos-humanos/vendor/livewire/livewire/src/Wrapped.php(23): Illuminate/Container/BoundMethod::call()
#26 C:/Users/israe/OneDrive/Desktop/Pasantia/Proyectos/recursos-humanos/vendor/livewire/livewire/src/Mechanisms/HandleComponents/HandleComponents.php(515): Livewire/Wrapped->__call()
#27 C:/Users/israe/OneDrive/Desktop/Pasantia/Proyectos/recursos-humanos/vendor/livewire/livewire/src/Mechanisms/HandleComponents/HandleComponents.php(124): Livewire/Mechanisms/HandleComponents/HandleComponents->callMethods()
#28 C:/Users/israe/OneDrive/Desktop/Pasantia/Proyectos/recursos-humanos/vendor/livewire/livewire/src/LivewireManager.php(102): Livewire/Mechanisms/HandleComponents/HandleComponents->update()
#29 C:/Users/israe/OneDrive/Desktop/Pasantia/Proyectos/recursos-humanos/vendor/livewire/livewire/src/Mechanisms/HandleRequests/HandleRequests.php(144): Livewire/LivewireManager->update()
#30 C:/Users/israe/OneDrive/Desktop/Pasantia/Proyectos/recursos-humanos/vendor/laravel/framework/src/Illuminate/Routing/ControllerDispatcher.php(47): Livewire/Mechanisms/HandleRequests/HandleRequests->handleUpdate()
#31 C:/Users/israe/OneDrive/Desktop/Pasantia/Proyectos/recursos-humanos/vendor/laravel/framework/src/Illuminate/Routing/Route.php(266): Illuminate/Routing/ControllerDispatcher->dispatch()
#32 C:/Users/israe/OneDrive/Desktop/Pasantia/Proyectos/recursos-humanos/vendor/laravel/framework/src/Illuminate/Routing/Route.php(212): Illuminate/Routing/Route->runController()
#33 C:/Users/israe/OneDrive/Desktop/Pasantia/Proyectos/recursos-humanos/vendor/laravel/framework/src/Illuminate/Routing/Router.php(808): Illuminate/Routing/Route->run()
#34 C:/Users/israe/OneDrive/Desktop/Pasantia/Proyectos/recursos-humanos/vendor/laravel/framework/src/Illuminate/Pipeline/Pipeline.php(170): Illuminate/Routing/Router->Illuminate/Routing/{closure}()
#35 C:/Users/israe/OneDrive/Desktop/Pasantia/Proyectos/recursos-humanos/vendor/laravel/framework/src/Illuminate/Routing/Middleware/SubstituteBindings.php(51): Illuminate/Pipeline/Pipeline->Illuminate/Pipeline/{closure}()
#36 C:/Users/israe/OneDrive/Desktop/Pasantia/Proyectos/recursos-humanos/vendor/laravel/framework/src/Illuminate/Pipeline/Pipeline.php(209): Illuminate/Routing/Middleware/SubstituteBindings->handle()
#37 C:/Users/israe/OneDrive/Desktop/Pasantia/Proyectos/recursos-humanos/vendor/laravel/framework/src/Illuminate/Foundation/Http/Middleware/VerifyCsrfToken.php(88): Illuminate/Pipeline/Pipeline->Illuminate/Pipeline/{closure}()
#38 C:/Users/israe/OneDrive/Desktop/Pasantia/Proyectos/recursos-humanos/vendor/laravel/framework/src/Illuminate/Pipeline/Pipeline.php(209): Illuminate/Foundation/Http/Middleware/VerifyCsrfToken->handle()
#39 C:/Users/israe/OneDrive/Desktop/Pasantia/Proyectos/recursos-humanos/vendor/laravel/framework/src/Illuminate/View/Middleware/ShareErrorsFromSession.php(49): Illuminate/Pipeline/Pipeline->Illuminate/Pipeline/{closure}()
#40 C:/Users/israe/OneDrive/Desktop/Pasantia/Proyectos/recursos-humanos/vendor/laravel/framework/src/Illuminate/Pipeline/Pipeline.php(209): Illuminate/View/Middleware/ShareErrorsFromSession->handle()
#41 C:/Users/israe/OneDrive/Desktop/Pasantia/Proyectos/recursos-humanos/vendor/laravel/framework/src/Illuminate/Session/Middleware/StartSession.php(121): Illuminate/Pipeline/Pipeline->Illuminate/Pipeline/{closure}()
#42 C:/Users/israe/OneDrive/Desktop/Pasantia/Proyectos/recursos-humanos/vendor/laravel/framework/src/Illuminate/Session/Middleware/StartSession.php(64): Illuminate/Session/Middleware/StartSession->handleStatefulRequest()
#43 C:/Users/israe/OneDrive/Desktop/Pasantia/Proyectos/recursos-humanos/vendor/laravel/framework/src/Illuminate/Pipeline/Pipeline.php(209): Illuminate/Session/Middleware/StartSession->handle()
#44 C:/Users/israe/OneDrive/Desktop/Pasantia/Proyectos/recursos-humanos/vendor/laravel/framework/src/Illuminate/Cookie/Middleware/AddQueuedCookiesToResponse.php(37): Illuminate/Pipeline/Pipeline->Illuminate/Pipeline/{closure}()
#45 C:/Users/israe/OneDrive/Desktop/Pasantia/Proyectos/recursos-humanos/vendor/laravel/framework/src/Illuminate/Pipeline/Pipeline.php(209): Illuminate/Cookie/Middleware/AddQueuedCookiesToResponse->handle()
#46 C:/Users/israe/OneDrive/Desktop/Pasantia/Proyectos/recursos-humanos/vendor/laravel/framework/src/Illuminate/Cookie/Middleware/EncryptCookies.php(75): Illuminate/Pipeline/Pipeline->Illuminate/Pipeline/{closure}()
#47 C:/Users/israe/OneDrive/Desktop/Pasantia/Proyectos/recursos-humanos/vendor/laravel/framework/src/Illuminate/Pipeline/Pipeline.php(209): Illuminate/Cookie/Middleware/EncryptCookies->handle()
#48 C:/Users/israe/OneDrive/Desktop/Pasantia/Proyectos/recursos-humanos/vendor/laravel/framework/src/Illuminate/Pipeline/Pipeline.php(127): Illuminate/Pipeline/Pipeline->Illuminate/Pipeline/{closure}()
#49 C:/Users/israe/OneDrive/Desktop/Pasantia/Proyectos/recursos-humanos/vendor/laravel/framework/src/Illuminate/Routing/Router.php(807): Illuminate/Pipeline/Pipeline->then()
#50 C:/Users/israe/OneDrive/Desktop/Pasantia/Proyectos/recursos-humanos/vendor/laravel/framework/src/Illuminate/Routing/Router.php(786): Illuminate/Routing/Router->runRouteWithinStack()
#51 C:/Users/israe/OneDrive/Desktop/Pasantia/Proyectos/recursos-humanos/vendor/laravel/framework/src/Illuminate/Routing/Router.php(750): Illuminate/Routing/Router->runRoute()
#52 C:/Users/israe/OneDrive/Desktop/Pasantia/Proyectos/recursos-humanos/vendor/laravel/framework/src/Illuminate/Routing/Router.php(739): Illuminate/Routing/Router->dispatchToRoute()
#53 C:/Users/israe/OneDrive/Desktop/Pasantia/Proyectos/recursos-humanos/vendor/laravel/framework/src/Illuminate/Foundation/Http/Kernel.php(201): Illuminate/Routing/Router->dispatch()
#54 C:/Users/israe/OneDrive/Desktop/Pasantia/Proyectos/recursos-humanos/vendor/laravel/framework/src/Illuminate/Pipeline/Pipeline.php(170): Illuminate/Foundation/Http/Kernel->Illuminate/Foundation/Http/{closure}()
#55 C:/Users/israe/OneDrive/Desktop/Pasantia/Proyectos/recursos-humanos/vendor/livewire/livewire/src/Features/SupportDisablingBackButtonCache/DisableBackButtonCacheMiddleware.php(19): Illuminate/Pipeline/Pipeline->Illuminate/Pipeline/{closure}()
#56 C:/Users/israe/OneDrive/Desktop/Pasantia/Proyectos/recursos-humanos/vendor/laravel/framework/src/Illuminate/Pipeline/Pipeline.php(209): Livewire/Features/SupportDisablingBackButtonCache/DisableBackButtonCacheMiddleware->handle()
#57 C:/Users/israe/OneDrive/Desktop/Pasantia/Proyectos/recursos-humanos/vendor/laravel/framework/src/Illuminate/Foundation/Http/Middleware/ConvertEmptyStringsToNull.php(27): Illuminate/Pipeline/Pipeline->Illuminate/Pipeline/{closure}()
#58 C:/Users/israe/OneDrive/Desktop/Pasantia/Proyectos/recursos-humanos/vendor/laravel/framework/src/Illuminate/Pipeline/Pipeline.php(209): Illuminate/Foundation/Http/Middleware/ConvertEmptyStringsToNull->handle()
#59 C:/Users/israe/OneDrive/Desktop/Pasantia/Proyectos/recursos-humanos/vendor/laravel/framework/src/Illuminate/Foundation/Http/Middleware/TrimStrings.php(47): Illuminate/Pipeline/Pipeline->Illuminate/Pipeline/{closure}()
#60 C:/Users/israe/OneDrive/Desktop/Pasantia/Proyectos/recursos-humanos/vendor/laravel/framework/src/Illuminate/Pipeline/Pipeline.php(209): Illuminate/Foundation/Http/Middleware/TrimStrings->handle()
#61 C:/Users/israe/OneDrive/Desktop/Pasantia/Proyectos/recursos-humanos/vendor/laravel/framework/src/Illuminate/Http/Middleware/ValidatePostSize.php(27): Illuminate/Pipeline/Pipeline->Illuminate/Pipeline/{closure}()
#62 C:/Users/israe/OneDrive/Desktop/Pasantia/Proyectos/recursos-humanos/vendor/laravel/framework/src/Illuminate/Pipeline/Pipeline.php(209): Illuminate/Http/Middleware/ValidatePostSize->handle()
#63 C:/Users/israe/OneDrive/Desktop/Pasantia/Proyectos/recursos-humanos/vendor/laravel/framework/src/Illuminate/Foundation/Http/Middleware/PreventRequestsDuringMaintenance.php(110): Illuminate/Pipeline/Pipeline->Illuminate/Pipeline/{closure}()
#64 C:/Users/israe/OneDrive/Desktop/Pasantia/Proyectos/recursos-humanos/vendor/laravel/framework/src/Illuminate/Pipeline/Pipeline.php(209): Illuminate/Foundation/Http/Middleware/PreventRequestsDuringMaintenance->handle()
#65 C:/Users/israe/OneDrive/Desktop/Pasantia/Proyectos/recursos-humanos/vendor/laravel/framework/src/Illuminate/Http/Middleware/HandleCors.php(49): Illuminate/Pipeline/Pipeline->Illuminate/Pipeline/{closure}()
#66 C:/Users/israe/OneDrive/Desktop/Pasantia/Proyectos/recursos-humanos/vendor/laravel/framework/src/Illuminate/Pipeline/Pipeline.php(209): Illuminate/Http/Middleware/HandleCors->handle()
#67 C:/Users/israe/OneDrive/Desktop/Pasantia/Proyectos/recursos-humanos/vendor/laravel/framework/src/Illuminate/Http/Middleware/TrustProxies.php(58): Illuminate/Pipeline/Pipeline->Illuminate/Pipeline/{closure}()
#68 C:/Users/israe/OneDrive/Desktop/Pasantia/Proyectos/recursos-humanos/vendor/laravel/framework/src/Illuminate/Pipeline/Pipeline.php(209): Illuminate/Http/Middleware/TrustProxies->handle()
#69 C:/Users/israe/OneDrive/Desktop/Pasantia/Proyectos/recursos-humanos/vendor/laravel/framework/src/Illuminate/Foundation/Http/Middleware/InvokeDeferredCallbacks.php(22): Illuminate/Pipeline/Pipeline->Illuminate/Pipeline/{closure}()
#70 C:/Users/israe/OneDrive/Desktop/Pasantia/Proyectos/recursos-humanos/vendor/laravel/framework/src/Illuminate/Pipeline/Pipeline.php(209): Illuminate/Foundation/Http/Middleware/InvokeDeferredCallbacks->handle()
#71 C:/Users/israe/OneDrive/Desktop/Pasantia/Proyectos/recursos-humanos/vendor/laravel/framework/src/Illuminate/Pipeline/Pipeline.php(127): Illuminate/Pipeline/Pipeline->Illuminate/Pipeline/{closure}()
#72 C:/Users/israe/OneDrive/Desktop/Pasantia/Proyectos/recursos-humanos/vendor/laravel/framework/src/Illuminate/Foundation/Http/Kernel.php(176): Illuminate/Pipeline/Pipeline->then()
#73 C:/Users/israe/OneDrive/Desktop/Pasantia/Proyectos/recursos-humanos/vendor/laravel/framework/src/Illuminate/Foundation/Http/Kernel.php(145): Illuminate/Foundation/Http/Kernel->sendRequestThroughRouter()
#74 C:/Users/israe/OneDrive/Desktop/Pasantia/Proyectos/recursos-humanos/vendor/laravel/framework/src/Illuminate/Foundation/Application.php(1220): Illuminate/Foundation/Http/Kernel->handle()
#75 C:/Users/israe/OneDrive/Desktop/Pasantia/Proyectos/recursos-humanos/public/index.php(17): Illuminate/Foundation/Application->handleRequest()
#76 C:/Users/israe/OneDrive/Desktop/Pasantia/Proyectos/recursos-humanos/vendor/laravel/framework/src/Illuminate/Foundation/resources/server.php(23): require_once('...')
#77 {main}

[previous exception] [object] (PDOException(code: 23000): SQLSTATE[23000]: Integrity constraint violation: 19 UNIQUE constraint failed: registros_asistencia.empleado_id, registros_asistencia.fecha at C:/Users/israe/OneDrive/Desktop/Pasantia/Proyectos/recursos-humanos/vendor/laravel/framework/src/Illuminate/Database/Connection.php:571)
[stacktrace]
#0 C:/Users/israe/OneDrive/Desktop/Pasantia/Proyectos/recursos-humanos/vendor/laravel/framework/src/Illuminate/Database/Connection.php(571): PDOStatement->execute()
#1 C:/Users/israe/OneDrive/Desktop/Pasantia/Proyectos/recursos-humanos/vendor/laravel/framework/src/Illuminate/Database/Connection.php(812): Illuminate/Database/Connection->Illuminate/Database/{closure}()
#2 C:/Users/israe/OneDrive/Desktop/Pasantia/Proyectos/recursos-humanos/vendor/laravel/framework/src/Illuminate/Database/Connection.php(779): Illuminate/Database/Connection->runQueryCallback()
#3 C:/Users/israe/OneDrive/Desktop/Pasantia/Proyectos/recursos-humanos/vendor/laravel/framework/src/Illuminate/Database/Connection.php(560): Illuminate/Database/Connection->run()
#4 C:/Users/israe/OneDrive/Desktop/Pasantia/Proyectos/recursos-humanos/vendor/laravel/framework/src/Illuminate/Database/Connection.php(524): Illuminate/Database/Connection->statement()
#5 C:/Users/israe/OneDrive/Desktop/Pasantia/Proyectos/recursos-humanos/vendor/laravel/framework/src/Illuminate/Database/Query/Processors/Processor.php(32): Illuminate/Database/Connection->insert()
#6 C:/Users/israe/OneDrive/Desktop/Pasantia/Proyectos/recursos-humanos/vendor/laravel/framework/src/Illuminate/Database/Query/Builder.php(3766): Illuminate/Database/Query/Processors/Processor->processInsertGetId()
#7 C:/Users/israe/OneDrive/Desktop/Pasantia/Proyectos/recursos-humanos/vendor/laravel/framework/src/Illuminate/Database/Eloquent/Builder.php(2120): Illuminate/Database/Query/Builder->insertGetId()
#8 C:/Users/israe/OneDrive/Desktop/Pasantia/Proyectos/recursos-humanos/vendor/laravel/framework/src/Illuminate/Database/Eloquent/Model.php(1359): Illuminate/Database/Eloquent/Builder->__call()
#9 C:/Users/israe/OneDrive/Desktop/Pasantia/Proyectos/recursos-humanos/vendor/laravel/framework/src/Illuminate/Database/Eloquent/Model.php(1324): Illuminate/Database/Eloquent/Model->insertAndSetId()
#10 C:/Users/israe/OneDrive/Desktop/Pasantia/Proyectos/recursos-humanos/vendor/laravel/framework/src/Illuminate/Database/Eloquent/Model.php(1163): Illuminate/Database/Eloquent/Model->performInsert()
#11 C:/Users/israe/OneDrive/Desktop/Pasantia/Proyectos/recursos-humanos/vendor/laravel/framework/src/Illuminate/Database/Eloquent/Builder.php(1128): Illuminate/Database/Eloquent/Model->save()
#12 C:/Users/israe/OneDrive/Desktop/Pasantia/Proyectos/recursos-humanos/vendor/laravel/framework/src/Illuminate/Support/helpers.php(399): Illuminate/Database/Eloquent/Builder->Illuminate/Database/Eloquent/{closure}()
#13 C:/Users/israe/OneDrive/Desktop/Pasantia/Proyectos/recursos-humanos/vendor/laravel/framework/src/Illuminate/Database/Eloquent/Builder.php(1127): tap()
#14 C:/Users/israe/OneDrive/Desktop/Pasantia/Proyectos/recursos-humanos/vendor/laravel/framework/src/Illuminate/Database/Eloquent/Builder.php(634): Illuminate/Database/Eloquent/Builder->create()
#15 C:/Users/israe/OneDrive/Desktop/Pasantia/Proyectos/recursos-humanos/vendor/laravel/framework/src/Illuminate/Database/Concerns/ManagesTransactions.php(32): Illuminate/Database/Eloquent/Builder->Illuminate/Database/Eloquent/{closure}()
#16 C:/Users/israe/OneDrive/Desktop/Pasantia/Proyectos/recursos-humanos/vendor/laravel/framework/src/Illuminate/Database/Eloquent/Builder.php(1863): Illuminate/Database/Connection->transaction()
#17 C:/Users/israe/OneDrive/Desktop/Pasantia/Proyectos/recursos-humanos/vendor/laravel/framework/src/Illuminate/Database/Eloquent/Builder.php(634): Illuminate/Database/Eloquent/Builder->withSavepointIfNeeded()
#18 C:/Users/israe/OneDrive/Desktop/Pasantia/Proyectos/recursos-humanos/vendor/laravel/framework/src/Illuminate/Database/Eloquent/Builder.php(621): Illuminate/Database/Eloquent/Builder->createOrFirst()
#19 C:/Users/israe/OneDrive/Desktop/Pasantia/Proyectos/recursos-humanos/vendor/laravel/framework/src/Illuminate/Database/Eloquent/Builder.php(649): Illuminate/Database/Eloquent/Builder->firstOrCreate()
#20 C:/Users/israe/OneDrive/Desktop/Pasantia/Proyectos/recursos-humanos/app/Services/ImportacionBiometricaService.php(120): Illuminate/Database/Eloquent/Builder->updateOrCreate()
#21 C:/Users/israe/OneDrive/Desktop/Pasantia/Proyectos/recursos-humanos/app/Services/ImportacionBiometricaService.php(34): App/Services/ImportacionBiometricaService->persistirMarcas()
#22 C:/Users/israe/OneDrive/Desktop/Pasantia/Proyectos/recursos-humanos/app/Livewire/ImportarExcelPage.php(28): App/Services/ImportacionBiometricaService->importarArchivo()
#23 C:/Users/israe/OneDrive/Desktop/Pasantia/Proyectos/recursos-humanos/vendor/laravel/framework/src/Illuminate/Container/BoundMethod.php(36): App/Livewire/ImportarExcelPage->importFile()
#24 C:/Users/israe/OneDrive/Desktop/Pasantia/Proyectos/recursos-humanos/vendor/laravel/framework/src/Illuminate/Container/Util.php(43): Illuminate/Container/BoundMethod::Illuminate/Container/{closure}()
#25 C:/Users/israe/OneDrive/Desktop/Pasantia/Proyectos/recursos-humanos/vendor/laravel/framework/src/Illuminate/Container/BoundMethod.php(95): Illuminate/Container/Util::unwrapIfClosure()
#26 C:/Users/israe/OneDrive/Desktop/Pasantia/Proyectos/recursos-humanos/vendor/laravel/framework/src/Illuminate/Container/BoundMethod.php(35): Illuminate/Container/BoundMethod::callBoundMethod()
#27 C:/Users/israe/OneDrive/Desktop/Pasantia/Proyectos/recursos-humanos/vendor/livewire/livewire/src/Wrapped.php(23): Illuminate/Container/BoundMethod::call()
#28 C:/Users/israe/OneDrive/Desktop/Pasantia/Proyectos/recursos-humanos/vendor/livewire/livewire/src/Mechanisms/HandleComponents/HandleComponents.php(515): Livewire/Wrapped->__call()
#29 C:/Users/israe/OneDrive/Desktop/Pasantia/Proyectos/recursos-humanos/vendor/livewire/livewire/src/Mechanisms/HandleComponents/HandleComponents.php(124): Livewire/Mechanisms/HandleComponents/HandleComponents->callMethods()
#30 C:/Users/israe/OneDrive/Desktop/Pasantia/Proyectos/recursos-humanos/vendor/livewire/livewire/src/LivewireManager.php(102): Livewire/Mechanisms/HandleComponents/HandleComponents->update()
#31 C:/Users/israe/OneDrive/Desktop/Pasantia/Proyectos/recursos-humanos/vendor/livewire/livewire/src/Mechanisms/HandleRequests/HandleRequests.php(144): Livewire/LivewireManager->update()
#32 C:/Users/israe/OneDrive/Desktop/Pasantia/Proyectos/recursos-humanos/vendor/laravel/framework/src/Illuminate/Routing/ControllerDispatcher.php(47): Livewire/Mechanisms/HandleRequests/HandleRequests->handleUpdate()
#33 C:/Users/israe/OneDrive/Desktop/Pasantia/Proyectos/recursos-humanos/vendor/laravel/framework/src/Illuminate/Routing/Route.php(266): Illuminate/Routing/ControllerDispatcher->dispatch()
#34 C:/Users/israe/OneDrive/Desktop/Pasantia/Proyectos/recursos-humanos/vendor/laravel/framework/src/Illuminate/Routing/Route.php(212): Illuminate/Routing/Route->runController()
#35 C:/Users/israe/OneDrive/Desktop/Pasantia/Proyectos/recursos-humanos/vendor/laravel/framework/src/Illuminate/Routing/Router.php(808): Illuminate/Routing/Route->run()
#36 C:/Users/israe/OneDrive/Desktop/Pasantia/Proyectos/recursos-humanos/vendor/laravel/framework/src/Illuminate/Pipeline/Pipeline.php(170): Illuminate/Routing/Router->Illuminate/Routing/{closure}()
#37 C:/Users/israe/OneDrive/Desktop/Pasantia/Proyectos/recursos-humanos/vendor/laravel/framework/src/Illuminate/Routing/Middleware/SubstituteBindings.php(51): Illuminate/Pipeline/Pipeline->Illuminate/Pipeline/{closure}()
#38 C:/Users/israe/OneDrive/Desktop/Pasantia/Proyectos/recursos-humanos/vendor/laravel/framework/src/Illuminate/Pipeline/Pipeline.php(209): Illuminate/Routing/Middleware/SubstituteBindings->handle()
#39 C:/Users/israe/OneDrive/Desktop/Pasantia/Proyectos/recursos-humanos/vendor/laravel/framework/src/Illuminate/Foundation/Http/Middleware/VerifyCsrfToken.php(88): Illuminate/Pipeline/Pipeline->Illuminate/Pipeline/{closure}()
#40 C:/Users/israe/OneDrive/Desktop/Pasantia/Proyectos/recursos-humanos/vendor/laravel/framework/src/Illuminate/Pipeline/Pipeline.php(209): Illuminate/Foundation/Http/Middleware/VerifyCsrfToken->handle()
#41 C:/Users/israe/OneDrive/Desktop/Pasantia/Proyectos/recursos-humanos/vendor/laravel/framework/src/Illuminate/View/Middleware/ShareErrorsFromSession.php(49): Illuminate/Pipeline/Pipeline->Illuminate/Pipeline/{closure}()
#42 C:/Users/israe/OneDrive/Desktop/Pasantia/Proyectos/recursos-humanos/vendor/laravel/framework/src/Illuminate/Pipeline/Pipeline.php(209): Illuminate/View/Middleware/ShareErrorsFromSession->handle()
#43 C:/Users/israe/OneDrive/Desktop/Pasantia/Proyectos/recursos-humanos/vendor/laravel/framework/src/Illuminate/Session/Middleware/StartSession.php(121): Illuminate/Pipeline/Pipeline->Illuminate/Pipeline/{closure}()
#44 C:/Users/israe/OneDrive/Desktop/Pasantia/Proyectos/recursos-humanos/vendor/laravel/framework/src/Illuminate/Session/Middleware/StartSession.php(64): Illuminate/Session/Middleware/StartSession->handleStatefulRequest()
#45 C:/Users/israe/OneDrive/Desktop/Pasantia/Proyectos/recursos-humanos/vendor/laravel/framework/src/Illuminate/Pipeline/Pipeline.php(209): Illuminate/Session/Middleware/StartSession->handle()
#46 C:/Users/israe/OneDrive/Desktop/Pasantia/Proyectos/recursos-humanos/vendor/laravel/framework/src/Illuminate/Cookie/Middleware/AddQueuedCookiesToResponse.php(37): Illuminate/Pipeline/Pipeline->Illuminate/Pipeline/{closure}()
#47 C:/Users/israe/OneDrive/Desktop/Pasantia/Proyectos/recursos-humanos/vendor/laravel/framework/src/Illuminate/Pipeline/Pipeline.php(209): Illuminate/Cookie/Middleware/AddQueuedCookiesToResponse->handle()
#48 C:/Users/israe/OneDrive/Desktop/Pasantia/Proyectos/recursos-humanos/vendor/laravel/framework/src/Illuminate/Cookie/Middleware/EncryptCookies.php(75): Illuminate/Pipeline/Pipeline->Illuminate/Pipeline/{closure}()
#49 C:/Users/israe/OneDrive/Desktop/Pasantia/Proyectos/recursos-humanos/vendor/laravel/framework/src/Illuminate/Pipeline/Pipeline.php(209): Illuminate/Cookie/Middleware/EncryptCookies->handle()
#50 C:/Users/israe/OneDrive/Desktop/Pasantia/Proyectos/recursos-humanos/vendor/laravel/framework/src/Illuminate/Pipeline/Pipeline.php(127): Illuminate/Pipeline/Pipeline->Illuminate/Pipeline/{closure}()
#51 C:/Users/israe/OneDrive/Desktop/Pasantia/Proyectos/recursos-humanos/vendor/laravel/framework/src/Illuminate/Routing/Router.php(807): Illuminate/Pipeline/Pipeline->then()
#52 C:/Users/israe/OneDrive/Desktop/Pasantia/Proyectos/recursos-humanos/vendor/laravel/framework/src/Illuminate/Routing/Router.php(786): Illuminate/Routing/Router->runRouteWithinStack()
#53 C:/Users/israe/OneDrive/Desktop/Pasantia/Proyectos/recursos-humanos/vendor/laravel/framework/src/Illuminate/Routing/Router.php(750): Illuminate/Routing/Router->runRoute()
#54 C:/Users/israe/OneDrive/Desktop/Pasantia/Proyectos/recursos-humanos/vendor/laravel/framework/src/Illuminate/Routing/Router.php(739): Illuminate/Routing/Router->dispatchToRoute()
#55 C:/Users/israe/OneDrive/Desktop/Pasantia/Proyectos/recursos-humanos/vendor/laravel/framework/src/Illuminate/Foundation/Http/Kernel.php(201): Illuminate/Routing/Router->dispatch()
#56 C:/Users/israe/OneDrive/Desktop/Pasantia/Proyectos/recursos-humanos/vendor/laravel/framework/src/Illuminate/Pipeline/Pipeline.php(170): Illuminate/Foundation/Http/Kernel->Illuminate/Foundation/Http/{closure}()
#57 C:/Users/israe/OneDrive/Desktop/Pasantia/Proyectos/recursos-humanos/vendor/livewire/livewire/src/Features/SupportDisablingBackButtonCache/DisableBackButtonCacheMiddleware.php(19): Illuminate/Pipeline/Pipeline->Illuminate/Pipeline/{closure}()
#58 C:/Users/israe/OneDrive/Desktop/Pasantia/Proyectos/recursos-humanos/vendor/laravel/framework/src/Illuminate/Pipeline/Pipeline.php(209): Livewire/Features/SupportDisablingBackButtonCache/DisableBackButtonCacheMiddleware->handle()
#59 C:/Users/israe/OneDrive/Desktop/Pasantia/Proyectos/recursos-humanos/vendor/laravel/framework/src/Illuminate/Foundation/Http/Middleware/ConvertEmptyStringsToNull.php(27): Illuminate/Pipeline/Pipeline->Illuminate/Pipeline/{closure}()
#60 C:/Users/israe/OneDrive/Desktop/Pasantia/Proyectos/recursos-humanos/vendor/laravel/framework/src/Illuminate/Pipeline/Pipeline.php(209): Illuminate/Foundation/Http/Middleware/ConvertEmptyStringsToNull->handle()
#61 C:/Users/israe/OneDrive/Desktop/Pasantia/Proyectos/recursos-humanos/vendor/laravel/framework/src/Illuminate/Foundation/Http/Middleware/TrimStrings.php(47): Illuminate/Pipeline/Pipeline->Illuminate/Pipeline/{closure}()
#62 C:/Users/israe/OneDrive/Desktop/Pasantia/Proyectos/recursos-humanos/vendor/laravel/framework/src/Illuminate/Pipeline/Pipeline.php(209): Illuminate/Foundation/Http/Middleware/TrimStrings->handle()
#63 C:/Users/israe/OneDrive/Desktop/Pasantia/Proyectos/recursos-humanos/vendor/laravel/framework/src/Illuminate/Http/Middleware/ValidatePostSize.php(27): Illuminate/Pipeline/Pipeline->Illuminate/Pipeline/{closure}()
#64 C:/Users/israe/OneDrive/Desktop/Pasantia/Proyectos/recursos-humanos/vendor/laravel/framework/src/Illuminate/Pipeline/Pipeline.php(209): Illuminate/Http/Middleware/ValidatePostSize->handle()
#65 C:/Users/israe/OneDrive/Desktop/Pasantia/Proyectos/recursos-humanos/vendor/laravel/framework/src/Illuminate/Foundation/Http/Middleware/PreventRequestsDuringMaintenance.php(110): Illuminate/Pipeline/Pipeline->Illuminate/Pipeline/{closure}()
#66 C:/Users/israe/OneDrive/Desktop/Pasantia/Proyectos/recursos-humanos/vendor/laravel/framework/src/Illuminate/Pipeline/Pipeline.php(209): Illuminate/Foundation/Http/Middleware/PreventRequestsDuringMaintenance->handle()
#67 C:/Users/israe/OneDrive/Desktop/Pasantia/Proyectos/recursos-humanos/vendor/laravel/framework/src/Illuminate/Http/Middleware/HandleCors.php(49): Illuminate/Pipeline/Pipeline->Illuminate/Pipeline/{closure}()
#68 C:/Users/israe/OneDrive/Desktop/Pasantia/Proyectos/recursos-humanos/vendor/laravel/framework/src/Illuminate/Pipeline/Pipeline.php(209): Illuminate/Http/Middleware/HandleCors->handle()
#69 C:/Users/israe/OneDrive/Desktop/Pasantia/Proyectos/recursos-humanos/vendor/laravel/framework/src/Illuminate/Http/Middleware/TrustProxies.php(58): Illuminate/Pipeline/Pipeline->Illuminate/Pipeline/{closure}()
#70 C:/Users/israe/OneDrive/Desktop/Pasantia/Proyectos/recursos-humanos/vendor/laravel/framework/src/Illuminate/Pipeline/Pipeline.php(209): Illuminate/Http/Middleware/TrustProxies->handle()
#71 C:/Users/israe/OneDrive/Desktop/Pasantia/Proyectos/recursos-humanos/vendor/laravel/framework/src/Illuminate/Foundation/Http/Middleware/InvokeDeferredCallbacks.php(22): Illuminate/Pipeline/Pipeline->Illuminate/Pipeline/{closure}()
#72 C:/Users/israe/OneDrive/Desktop/Pasantia/Proyectos/recursos-humanos/vendor/laravel/framework/src/Illuminate/Pipeline/Pipeline.php(209): Illuminate/Foundation/Http/Middleware/InvokeDeferredCallbacks->handle()
#73 C:/Users/israe/OneDrive/Desktop/Pasantia/Proyectos/recursos-humanos/vendor/laravel/framework/src/Illuminate/Pipeline/Pipeline.php(127): Illuminate/Pipeline/Pipeline->Illuminate/Pipeline/{closure}()
#74 C:/Users/israe/OneDrive/Desktop/Pasantia/Proyectos/recursos-humanos/vendor/laravel/framework/src/Illuminate/Foundation/Http/Kernel.php(176): Illuminate/Pipeline/Pipeline->then()
#75 C:/Users/israe/OneDrive/Desktop/Pasantia/Proyectos/recursos-humanos/vendor/laravel/framework/src/Illuminate/Foundation/Http/Kernel.php(145): Illuminate/Foundation/Http/Kernel->sendRequestThroughRouter()
#76 C:/Users/israe/OneDrive/Desktop/Pasantia/Proyectos/recursos-humanos/vendor/laravel/framework/src/Illuminate/Foundation/Application.php(1220): Illuminate/Foundation/Http/Kernel->handle()
#77 C:/Users/israe/OneDrive/Desktop/Pasantia/Proyectos/recursos-humanos/public/index.php(17): Illuminate/Foundation/Application->handleRequest()
#78 C:/Users/israe/OneDrive/Desktop/Pasantia/Proyectos/recursos-humanos/vendor/laravel/framework/src/Illuminate/Foundation/resources/server.php(23): require_once('...')
#79 {main}
"} 
[2026-07-20 23:38:23] local.ERROR: PHP Parse error: Syntax error, unexpected T_NS_SEPARATOR, expecting ')' on line 1 {"exception":"[object] (Psy\\Exception\\ParseErrorException(code: 0): PHP Parse error: Syntax error, unexpected T_NS_SEPARATOR, expecting ')' on line 1 at C:/Users/israe/OneDrive/Desktop/Pasantia/Proyectos/recursos-humanos/vendor/psy/psysh/src/Exception/ParseErrorException.php:44)
[stacktrace]
#0 C:/Users/israe/OneDrive/Desktop/Pasantia/Proyectos/recursos-humanos/vendor/psy/psysh/src/CodeCleaner.php(657): Psy/Exception/ParseErrorException::fromParseError()
#1 C:/Users/israe/OneDrive/Desktop/Pasantia/Proyectos/recursos-humanos/vendor/psy/psysh/src/CodeCleaner.php(273): Psy/CodeCleaner->parse()
#2 C:/Users/israe/OneDrive/Desktop/Pasantia/Proyectos/recursos-humanos/vendor/psy/psysh/src/Shell.php(1399): Psy/CodeCleaner->clean()
#3 C:/Users/israe/OneDrive/Desktop/Pasantia/Proyectos/recursos-humanos/vendor/psy/psysh/src/Shell.php(1506): Psy/Shell->appendCode()
#4 C:/Users/israe/OneDrive/Desktop/Pasantia/Proyectos/recursos-humanos/vendor/psy/psysh/src/Shell.php(2215): Psy/Shell->setCode()
#5 C:/Users/israe/OneDrive/Desktop/Pasantia/Proyectos/recursos-humanos/vendor/laravel/tinker/src/Console/TinkerCommand.php(77): Psy/Shell->execute()
#6 C:/Users/israe/OneDrive/Desktop/Pasantia/Proyectos/recursos-humanos/vendor/laravel/framework/src/Illuminate/Container/BoundMethod.php(36): Laravel/Tinker/Console/TinkerCommand->handle()
#7 C:/Users/israe/OneDrive/Desktop/Pasantia/Proyectos/recursos-humanos/vendor/laravel/framework/src/Illuminate/Container/Util.php(43): Illuminate/Container/BoundMethod::Illuminate/Container/{closure}()
#8 C:/Users/israe/OneDrive/Desktop/Pasantia/Proyectos/recursos-humanos/vendor/laravel/framework/src/Illuminate/Container/BoundMethod.php(95): Illuminate/Container/Util::unwrapIfClosure()
#9 C:/Users/israe/OneDrive/Desktop/Pasantia/Proyectos/recursos-humanos/vendor/laravel/framework/src/Illuminate/Container/BoundMethod.php(35): Illuminate/Container/BoundMethod::callBoundMethod()
#10 C:/Users/israe/OneDrive/Desktop/Pasantia/Proyectos/recursos-humanos/vendor/laravel/framework/src/Illuminate/Container/Container.php(696): Illuminate/Container/BoundMethod::call()
#11 C:/Users/israe/OneDrive/Desktop/Pasantia/Proyectos/recursos-humanos/vendor/laravel/framework/src/Illuminate/Console/Command.php(213): Illuminate/Container/Container->call()
#12 C:/Users/israe/OneDrive/Desktop/Pasantia/Proyectos/recursos-humanos/vendor/symfony/console/Command/Command.php(341): Illuminate/Console/Command->execute()
#13 C:/Users/israe/OneDrive/Desktop/Pasantia/Proyectos/recursos-humanos/vendor/laravel/framework/src/Illuminate/Console/Command.php(182): Symfony/Component/Console/Command/Command->run()
#14 C:/Users/israe/OneDrive/Desktop/Pasantia/Proyectos/recursos-humanos/vendor/symfony/console/Application.php(1117): Illuminate/Console/Command->run()
#15 C:/Users/israe/OneDrive/Desktop/Pasantia/Proyectos/recursos-humanos/vendor/symfony/console/Application.php(356): Symfony/Component/Console/Application->doRunCommand()
#16 C:/Users/israe/OneDrive/Desktop/Pasantia/Proyectos/recursos-humanos/vendor/symfony/console/Application.php(195): Symfony/Component/Console/Application->doRun()
#17 C:/Users/israe/OneDrive/Desktop/Pasantia/Proyectos/recursos-humanos/vendor/laravel/framework/src/Illuminate/Foundation/Console/Kernel.php(198): Symfony/Component/Console/Application->run()
#18 C:/Users/israe/OneDrive/Desktop/Pasantia/Proyectos/recursos-humanos/vendor/laravel/framework/src/Illuminate/Foundation/Application.php(1235): Illuminate/Foundation/Console/Kernel->handle()
#19 C:/Users/israe/OneDrive/Desktop/Pasantia/Proyectos/recursos-humanos/artisan(13): Illuminate/Foundation/Application->handleCommand()
#20 {main}
"} 
[2026-07-21 11:33:30] local.ERROR: PHP Parse error: Syntax error, unexpected T_OBJECT_OPERATOR on line 1 {"exception":"[object] (Psy\\Exception\\ParseErrorException(code: 0): PHP Parse error: Syntax error, unexpected T_OBJECT_OPERATOR on line 1 at C:/Users/israe/OneDrive/Desktop/Pasantia/Proyectos/recursos-humanos/vendor/psy/psysh/src/Exception/ParseErrorException.php:44)
[stacktrace]
#0 C:/Users/israe/OneDrive/Desktop/Pasantia/Proyectos/recursos-humanos/vendor/psy/psysh/src/CodeCleaner.php(657): Psy/Exception/ParseErrorException::fromParseError()
#1 C:/Users/israe/OneDrive/Desktop/Pasantia/Proyectos/recursos-humanos/vendor/psy/psysh/src/CodeCleaner.php(273): Psy/CodeCleaner->parse()
#2 C:/Users/israe/OneDrive/Desktop/Pasantia/Proyectos/recursos-humanos/vendor/psy/psysh/src/Shell.php(1399): Psy/CodeCleaner->clean()
#3 C:/Users/israe/OneDrive/Desktop/Pasantia/Proyectos/recursos-humanos/vendor/psy/psysh/src/Shell.php(1506): Psy/Shell->appendCode()
#4 C:/Users/israe/OneDrive/Desktop/Pasantia/Proyectos/recursos-humanos/vendor/psy/psysh/src/Shell.php(2215): Psy/Shell->setCode()
#5 C:/Users/israe/OneDrive/Desktop/Pasantia/Proyectos/recursos-humanos/vendor/laravel/tinker/src/Console/TinkerCommand.php(77): Psy/Shell->execute()
#6 C:/Users/israe/OneDrive/Desktop/Pasantia/Proyectos/recursos-humanos/vendor/laravel/framework/src/Illuminate/Container/BoundMethod.php(36): Laravel/Tinker/Console/TinkerCommand->handle()
#7 C:/Users/israe/OneDrive/Desktop/Pasantia/Proyectos/recursos-humanos/vendor/laravel/framework/src/Illuminate/Container/Util.php(43): Illuminate/Container/BoundMethod::Illuminate/Container/{closure}()
#8 C:/Users/israe/OneDrive/Desktop/Pasantia/Proyectos/recursos-humanos/vendor/laravel/framework/src/Illuminate/Container/BoundMethod.php(95): Illuminate/Container/Util::unwrapIfClosure()
#9 C:/Users/israe/OneDrive/Desktop/Pasantia/Proyectos/recursos-humanos/vendor/laravel/framework/src/Illuminate/Container/BoundMethod.php(35): Illuminate/Container/BoundMethod::callBoundMethod()
#10 C:/Users/israe/OneDrive/Desktop/Pasantia/Proyectos/recursos-humanos/vendor/laravel/framework/src/Illuminate/Container/Container.php(696): Illuminate/Container/BoundMethod::call()
#11 C:/Users/israe/OneDrive/Desktop/Pasantia/Proyectos/recursos-humanos/vendor/laravel/framework/src/Illuminate/Console/Command.php(213): Illuminate/Container/Container->call()
#12 C:/Users/israe/OneDrive/Desktop/Pasantia/Proyectos/recursos-humanos/vendor/symfony/console/Command/Command.php(341): Illuminate/Console/Command->execute()
#13 C:/Users/israe/OneDrive/Desktop/Pasantia/Proyectos/recursos-humanos/vendor/laravel/framework/src/Illuminate/Console/Command.php(182): Symfony/Component/Console/Command/Command->run()
#14 C:/Users/israe/OneDrive/Desktop/Pasantia/Proyectos/recursos-humanos/vendor/symfony/console/Application.php(1117): Illuminate/Console/Command->run()
#15 C:/Users/israe/OneDrive/Desktop/Pasantia/Proyectos/recursos-humanos/vendor/symfony/console/Application.php(356): Symfony/Component/Console/Application->doRunCommand()
#16 C:/Users/israe/OneDrive/Desktop/Pasantia/Proyectos/recursos-humanos/vendor/symfony/console/Application.php(195): Symfony/Component/Console/Application->doRun()
#17 C:/Users/israe/OneDrive/Desktop/Pasantia/Proyectos/recursos-humanos/vendor/laravel/framework/src/Illuminate/Foundation/Console/Kernel.php(198): Symfony/Component/Console/Application->run()
#18 C:/Users/israe/OneDrive/Desktop/Pasantia/Proyectos/recursos-humanos/vendor/laravel/framework/src/Illuminate/Foundation/Application.php(1235): Illuminate/Foundation/Console/Kernel->handle()
#19 C:/Users/israe/OneDrive/Desktop/Pasantia/Proyectos/recursos-humanos/artisan(13): Illuminate/Foundation/Application->handleCommand()
#20 {main}
"} 
[2026-07-21 11:37:07] local.ERROR: SQLSTATE[42P01]: Undefined table: 7 ERROR:  no existe la relación «users»
LINE 1: select * from "users" where "id" = $1 limit 1
                      ^ (Connection: pgsql, SQL: select * from "users" where "id" = 2 limit 1) {"exception":"[object] (Illuminate\\Database\\QueryException(code: 42P01): SQLSTATE[42P01]: Undefined table: 7 ERROR:  no existe la relación «users»
LINE 1: select * from \"users\" where \"id\" = $1 limit 1
                      ^ (Connection: pgsql, SQL: select * from \"users\" where \"id\" = 2 limit 1) at C:/Users/israe/OneDrive/Desktop/Pasantia/Proyectos/recursos-humanos/vendor/laravel/framework/src/Illuminate/Database/Connection.php:825)
[stacktrace]
#0 C:/Users/israe/OneDrive/Desktop/Pasantia/Proyectos/recursos-humanos/vendor/laravel/framework/src/Illuminate/Database/Connection.php(779): Illuminate/Database/Connection->runQueryCallback()
#1 C:/Users/israe/OneDrive/Desktop/Pasantia/Proyectos/recursos-humanos/vendor/laravel/framework/src/Illuminate/Database/Connection.php(398): Illuminate/Database/Connection->run()
#2 C:/Users/israe/OneDrive/Desktop/Pasantia/Proyectos/recursos-humanos/vendor/laravel/framework/src/Illuminate/Database/Query/Builder.php(3106): Illuminate/Database/Connection->select()
#3 C:/Users/israe/OneDrive/Desktop/Pasantia/Proyectos/recursos-humanos/vendor/laravel/framework/src/Illuminate/Database/Query/Builder.php(3091): Illuminate/Database/Query/Builder->runSelect()
#4 C:/Users/israe/OneDrive/Desktop/Pasantia/Proyectos/recursos-humanos/vendor/laravel/framework/src/Illuminate/Database/Query/Builder.php(3676): Illuminate/Database/Query/Builder->Illuminate/Database/Query/{closure}()
#5 C:/Users/israe/OneDrive/Desktop/Pasantia/Proyectos/recursos-humanos/vendor/laravel/framework/src/Illuminate/Database/Query/Builder.php(3090): Illuminate/Database/Query/Builder->onceWithColumns()
#6 C:/Users/israe/OneDrive/Desktop/Pasantia/Proyectos/recursos-humanos/vendor/laravel/framework/src/Illuminate/Database/Eloquent/Builder.php(811): Illuminate/Database/Query/Builder->get()
#7 C:/Users/israe/OneDrive/Desktop/Pasantia/Proyectos/recursos-humanos/vendor/laravel/framework/src/Illuminate/Database/Eloquent/Builder.php(793): Illuminate/Database/Eloquent/Builder->getModels()
#8 C:/Users/israe/OneDrive/Desktop/Pasantia/Proyectos/recursos-humanos/vendor/laravel/framework/src/Illuminate/Database/Concerns/BuildsQueries.php(343): Illuminate/Database/Eloquent/Builder->get()
#9 C:/Users/israe/OneDrive/Desktop/Pasantia/Proyectos/recursos-humanos/vendor/laravel/framework/src/Illuminate/Auth/EloquentUserProvider.php(59): Illuminate/Database/Eloquent/Builder->first()
#10 C:/Users/israe/OneDrive/Desktop/Pasantia/Proyectos/recursos-humanos/vendor/laravel/framework/src/Illuminate/Auth/SessionGuard.php(180): Illuminate/Auth/EloquentUserProvider->retrieveById()
#11 C:/Users/israe/OneDrive/Desktop/Pasantia/Proyectos/recursos-humanos/vendor/laravel/framework/src/Illuminate/Auth/GuardHelpers.php(56): Illuminate/Auth/SessionGuard->user()
#12 C:/Users/israe/OneDrive/Desktop/Pasantia/Proyectos/recursos-humanos/vendor/laravel/framework/src/Illuminate/Auth/Middleware/Authenticate.php(83): Illuminate/Auth/SessionGuard->check()
#13 C:/Users/israe/OneDrive/Desktop/Pasantia/Proyectos/recursos-humanos/vendor/laravel/framework/src/Illuminate/Auth/Middleware/Authenticate.php(62): Illuminate/Auth/Middleware/Authenticate->authenticate()
#14 C:/Users/israe/OneDrive/Desktop/Pasantia/Proyectos/recursos-humanos/vendor/laravel/framework/src/Illuminate/Pipeline/Pipeline.php(209): Illuminate/Auth/Middleware/Authenticate->handle()
#15 C:/Users/israe/OneDrive/Desktop/Pasantia/Proyectos/recursos-humanos/vendor/laravel/framework/src/Illuminate/Pipeline/Pipeline.php(127): Illuminate/Pipeline/Pipeline->Illuminate/Pipeline/{closure}()
#16 C:/Users/israe/OneDrive/Desktop/Pasantia/Proyectos/recursos-humanos/vendor/livewire/livewire/src/Drawer/Utils.php(182): Illuminate/Pipeline/Pipeline->then()
#17 C:/Users/israe/OneDrive/Desktop/Pasantia/Proyectos/recursos-humanos/vendor/livewire/livewire/src/Mechanisms/PersistentMiddleware/PersistentMiddleware.php(99): Livewire/Drawer/Utils::applyMiddleware()
#18 C:/Users/israe/OneDrive/Desktop/Pasantia/Proyectos/recursos-humanos/vendor/livewire/livewire/src/Mechanisms/PersistentMiddleware/PersistentMiddleware.php(44): Livewire/Mechanisms/PersistentMiddleware/PersistentMiddleware->applyPersistentMiddleware()
#19 C:/Users/israe/OneDrive/Desktop/Pasantia/Proyectos/recursos-humanos/vendor/livewire/livewire/src/EventBus.php(60): Livewire/Mechanisms/PersistentMiddleware/PersistentMiddleware->Livewire/Mechanisms/PersistentMiddleware/{closure}()
#20 C:/Users/israe/OneDrive/Desktop/Pasantia/Proyectos/recursos-humanos/vendor/livewire/livewire/src/helpers.php(98): Livewire/EventBus->trigger()
#21 C:/Users/israe/OneDrive/Desktop/Pasantia/Proyectos/recursos-humanos/vendor/livewire/livewire/src/Mechanisms/HandleComponents/HandleComponents.php(149): Livewire/trigger()
#22 C:/Users/israe/OneDrive/Desktop/Pasantia/Proyectos/recursos-humanos/vendor/livewire/livewire/src/Mechanisms/HandleComponents/HandleComponents.php(115): Livewire/Mechanisms/HandleComponents/HandleComponents->fromSnapshot()
#23 C:/Users/israe/OneDrive/Desktop/Pasantia/Proyectos/recursos-humanos/vendor/livewire/livewire/src/LivewireManager.php(102): Livewire/Mechanisms/HandleComponents/HandleComponents->update()
#24 C:/Users/israe/OneDrive/Desktop/Pasantia/Proyectos/recursos-humanos/vendor/livewire/livewire/src/Mechanisms/HandleRequests/HandleRequests.php(144): Livewire/LivewireManager->update()
#25 C:/Users/israe/OneDrive/Desktop/Pasantia/Proyectos/recursos-humanos/vendor/laravel/framework/src/Illuminate/Routing/ControllerDispatcher.php(47): Livewire/Mechanisms/HandleRequests/HandleRequests->handleUpdate()
#26 C:/Users/israe/OneDrive/Desktop/Pasantia/Proyectos/recursos-humanos/vendor/laravel/framework/src/Illuminate/Routing/Route.php(266): Illuminate/Routing/ControllerDispatcher->dispatch()
#27 C:/Users/israe/OneDrive/Desktop/Pasantia/Proyectos/recursos-humanos/vendor/laravel/framework/src/Illuminate/Routing/Route.php(212): Illuminate/Routing/Route->runController()
#28 C:/Users/israe/OneDrive/Desktop/Pasantia/Proyectos/recursos-humanos/vendor/laravel/framework/src/Illuminate/Routing/Router.php(808): Illuminate/Routing/Route->run()
#29 C:/Users/israe/OneDrive/Desktop/Pasantia/Proyectos/recursos-humanos/vendor/laravel/framework/src/Illuminate/Pipeline/Pipeline.php(170): Illuminate/Routing/Router->Illuminate/Routing/{closure}()
#30 C:/Users/israe/OneDrive/Desktop/Pasantia/Proyectos/recursos-humanos/vendor/laravel/framework/src/Illuminate/Routing/Middleware/SubstituteBindings.php(51): Illuminate/Pipeline/Pipeline->Illuminate/Pipeline/{closure}()
#31 C:/Users/israe/OneDrive/Desktop/Pasantia/Proyectos/recursos-humanos/vendor/laravel/framework/src/Illuminate/Pipeline/Pipeline.php(209): Illuminate/Routing/Middleware/SubstituteBindings->handle()
#32 C:/Users/israe/OneDrive/Desktop/Pasantia/Proyectos/recursos-humanos/vendor/laravel/framework/src/Illuminate/Foundation/Http/Middleware/VerifyCsrfToken.php(88): Illuminate/Pipeline/Pipeline->Illuminate/Pipeline/{closure}()
#33 C:/Users/israe/OneDrive/Desktop/Pasantia/Proyectos/recursos-humanos/vendor/laravel/framework/src/Illuminate/Pipeline/Pipeline.php(209): Illuminate/Foundation/Http/Middleware/VerifyCsrfToken->handle()
#34 C:/Users/israe/OneDrive/Desktop/Pasantia/Proyectos/recursos-humanos/vendor/laravel/framework/src/Illuminate/View/Middleware/ShareErrorsFromSession.php(49): Illuminate/Pipeline/Pipeline->Illuminate/Pipeline/{closure}()
#35 C:/Users/israe/OneDrive/Desktop/Pasantia/Proyectos/recursos-humanos/vendor/laravel/framework/src/Illuminate/Pipeline/Pipeline.php(209): Illuminate/View/Middleware/ShareErrorsFromSession->handle()
#36 C:/Users/israe/OneDrive/Desktop/Pasantia/Proyectos/recursos-humanos/vendor/laravel/framework/src/Illuminate/Session/Middleware/StartSession.php(121): Illuminate/Pipeline/Pipeline->Illuminate/Pipeline/{closure}()
#37 C:/Users/israe/OneDrive/Desktop/Pasantia/Proyectos/recursos-humanos/vendor/laravel/framework/src/Illuminate/Session/Middleware/StartSession.php(64): Illuminate/Session/Middleware/StartSession->handleStatefulRequest()
#38 C:/Users/israe/OneDrive/Desktop/Pasantia/Proyectos/recursos-humanos/vendor/laravel/framework/src/Illuminate/Pipeline/Pipeline.php(209): Illuminate/Session/Middleware/StartSession->handle()
#39 C:/Users/israe/OneDrive/Desktop/Pasantia/Proyectos/recursos-humanos/vendor/laravel/framework/src/Illuminate/Cookie/Middleware/AddQueuedCookiesToResponse.php(37): Illuminate/Pipeline/Pipeline->Illuminate/Pipeline/{closure}()
#40 C:/Users/israe/OneDrive/Desktop/Pasantia/Proyectos/recursos-humanos/vendor/laravel/framework/src/Illuminate/Pipeline/Pipeline.php(209): Illuminate/Cookie/Middleware/AddQueuedCookiesToResponse->handle()
#41 C:/Users/israe/OneDrive/Desktop/Pasantia/Proyectos/recursos-humanos/vendor/laravel/framework/src/Illuminate/Cookie/Middleware/EncryptCookies.php(75): Illuminate/Pipeline/Pipeline->Illuminate/Pipeline/{closure}()
#42 C:/Users/israe/OneDrive/Desktop/Pasantia/Proyectos/recursos-humanos/vendor/laravel/framework/src/Illuminate/Pipeline/Pipeline.php(209): Illuminate/Cookie/Middleware/EncryptCookies->handle()
#43 C:/Users/israe/OneDrive/Desktop/Pasantia/Proyectos/recursos-humanos/vendor/laravel/framework/src/Illuminate/Pipeline/Pipeline.php(127): Illuminate/Pipeline/Pipeline->Illuminate/Pipeline/{closure}()
#44 C:/Users/israe/OneDrive/Desktop/Pasantia/Proyectos/recursos-humanos/vendor/laravel/framework/src/Illuminate/Routing/Router.php(807): Illuminate/Pipeline/Pipeline->then()
#45 C:/Users/israe/OneDrive/Desktop/Pasantia/Proyectos/recursos-humanos/vendor/laravel/framework/src/Illuminate/Routing/Router.php(786): Illuminate/Routing/Router->runRouteWithinStack()
#46 C:/Users/israe/OneDrive/Desktop/Pasantia/Proyectos/recursos-humanos/vendor/laravel/framework/src/Illuminate/Routing/Router.php(750): Illuminate/Routing/Router->runRoute()
#47 C:/Users/israe/OneDrive/Desktop/Pasantia/Proyectos/recursos-humanos/vendor/laravel/framework/src/Illuminate/Routing/Router.php(739): Illuminate/Routing/Router->dispatchToRoute()
#48 C:/Users/israe/OneDrive/Desktop/Pasantia/Proyectos/recursos-humanos/vendor/laravel/framework/src/Illuminate/Foundation/Http/Kernel.php(201): Illuminate/Routing/Router->dispatch()
#49 C:/Users/israe/OneDrive/Desktop/Pasantia/Proyectos/recursos-humanos/vendor/laravel/framework/src/Illuminate/Pipeline/Pipeline.php(170): Illuminate/Foundation/Http/Kernel->Illuminate/Foundation/Http/{closure}()
#50 C:/Users/israe/OneDrive/Desktop/Pasantia/Proyectos/recursos-humanos/vendor/livewire/livewire/src/Features/SupportDisablingBackButtonCache/DisableBackButtonCacheMiddleware.php(19): Illuminate/Pipeline/Pipeline->Illuminate/Pipeline/{closure}()
#51 C:/Users/israe/OneDrive/Desktop/Pasantia/Proyectos/recursos-humanos/vendor/laravel/framework/src/Illuminate/Pipeline/Pipeline.php(209): Livewire/Features/SupportDisablingBackButtonCache/DisableBackButtonCacheMiddleware->handle()
#52 C:/Users/israe/OneDrive/Desktop/Pasantia/Proyectos/recursos-humanos/vendor/laravel/framework/src/Illuminate/Foundation/Http/Middleware/ConvertEmptyStringsToNull.php(27): Illuminate/Pipeline/Pipeline->Illuminate/Pipeline/{closure}()
#53 C:/Users/israe/OneDrive/Desktop/Pasantia/Proyectos/recursos-humanos/vendor/laravel/framework/src/Illuminate/Pipeline/Pipeline.php(209): Illuminate/Foundation/Http/Middleware/ConvertEmptyStringsToNull->handle()
#54 C:/Users/israe/OneDrive/Desktop/Pasantia/Proyectos/recursos-humanos/vendor/laravel/framework/src/Illuminate/Foundation/Http/Middleware/TrimStrings.php(47): Illuminate/Pipeline/Pipeline->Illuminate/Pipeline/{closure}()
#55 C:/Users/israe/OneDrive/Desktop/Pasantia/Proyectos/recursos-humanos/vendor/laravel/framework/src/Illuminate/Pipeline/Pipeline.php(209): Illuminate/Foundation/Http/Middleware/TrimStrings->handle()
#56 C:/Users/israe/OneDrive/Desktop/Pasantia/Proyectos/recursos-humanos/vendor/laravel/framework/src/Illuminate/Http/Middleware/ValidatePostSize.php(27): Illuminate/Pipeline/Pipeline->Illuminate/Pipeline/{closure}()
#57 C:/Users/israe/OneDrive/Desktop/Pasantia/Proyectos/recursos-humanos/vendor/laravel/framework/src/Illuminate/Pipeline/Pipeline.php(209): Illuminate/Http/Middleware/ValidatePostSize->handle()
#58 C:/Users/israe/OneDrive/Desktop/Pasantia/Proyectos/recursos-humanos/vendor/laravel/framework/src/Illuminate/Foundation/Http/Middleware/PreventRequestsDuringMaintenance.php(110): Illuminate/Pipeline/Pipeline->Illuminate/Pipeline/{closure}()
#59 C:/Users/israe/OneDrive/Desktop/Pasantia/Proyectos/recursos-humanos/vendor/laravel/framework/src/Illuminate/Pipeline/Pipeline.php(209): Illuminate/Foundation/Http/Middleware/PreventRequestsDuringMaintenance->handle()
#60 C:/Users/israe/OneDrive/Desktop/Pasantia/Proyectos/recursos-humanos/vendor/laravel/framework/src/Illuminate/Http/Middleware/HandleCors.php(49): Illuminate/Pipeline/Pipeline->Illuminate/Pipeline/{closure}()
#61 C:/Users/israe/OneDrive/Desktop/Pasantia/Proyectos/recursos-humanos/vendor/laravel/framework/src/Illuminate/Pipeline/Pipeline.php(209): Illuminate/Http/Middleware/HandleCors->handle()
#62 C:/Users/israe/OneDrive/Desktop/Pasantia/Proyectos/recursos-humanos/vendor/laravel/framework/src/Illuminate/Http/Middleware/TrustProxies.php(58): Illuminate/Pipeline/Pipeline->Illuminate/Pipeline/{closure}()
#63 C:/Users/israe/OneDrive/Desktop/Pasantia/Proyectos/recursos-humanos/vendor/laravel/framework/src/Illuminate/Pipeline/Pipeline.php(209): Illuminate/Http/Middleware/TrustProxies->handle()
#64 C:/Users/israe/OneDrive/Desktop/Pasantia/Proyectos/recursos-humanos/vendor/laravel/framework/src/Illuminate/Foundation/Http/Middleware/InvokeDeferredCallbacks.php(22): Illuminate/Pipeline/Pipeline->Illuminate/Pipeline/{closure}()
#65 C:/Users/israe/OneDrive/Desktop/Pasantia/Proyectos/recursos-humanos/vendor/laravel/framework/src/Illuminate/Pipeline/Pipeline.php(209): Illuminate/Foundation/Http/Middleware/InvokeDeferredCallbacks->handle()
#66 C:/Users/israe/OneDrive/Desktop/Pasantia/Proyectos/recursos-humanos/vendor/laravel/framework/src/Illuminate/Pipeline/Pipeline.php(127): Illuminate/Pipeline/Pipeline->Illuminate/Pipeline/{closure}()
#67 C:/Users/israe/OneDrive/Desktop/Pasantia/Proyectos/recursos-humanos/vendor/laravel/framework/src/Illuminate/Foundation/Http/Kernel.php(176): Illuminate/Pipeline/Pipeline->then()
#68 C:/Users/israe/OneDrive/Desktop/Pasantia/Proyectos/recursos-humanos/vendor/laravel/framework/src/Illuminate/Foundation/Http/Kernel.php(145): Illuminate/Foundation/Http/Kernel->sendRequestThroughRouter()
#69 C:/Users/israe/OneDrive/Desktop/Pasantia/Proyectos/recursos-humanos/vendor/laravel/framework/src/Illuminate/Foundation/Application.php(1220): Illuminate/Foundation/Http/Kernel->handle()
#70 C:/Users/israe/OneDrive/Desktop/Pasantia/Proyectos/recursos-humanos/public/index.php(17): Illuminate/Foundation/Application->handleRequest()
#71 C:/Users/israe/OneDrive/Desktop/Pasantia/Proyectos/recursos-humanos/vendor/laravel/framework/src/Illuminate/Foundation/resources/server.php(23): require_once('...')
#72 {main}

[previous exception] [object] (PDOException(code: 42P01): SQLSTATE[42P01]: Undefined table: 7 ERROR:  no existe la relación «users»
LINE 1: select * from \"users\" where \"id\" = $1 limit 1
                      ^ at C:/Users/israe/OneDrive/Desktop/Pasantia/Proyectos/recursos-humanos/vendor/laravel/framework/src/Illuminate/Database/Connection.php:412)
[stacktrace]
#0 C:/Users/israe/OneDrive/Desktop/Pasantia/Proyectos/recursos-humanos/vendor/laravel/framework/src/Illuminate/Database/Connection.php(412): PDOStatement->execute()
#1 C:/Users/israe/OneDrive/Desktop/Pasantia/Proyectos/recursos-humanos/vendor/laravel/framework/src/Illuminate/Database/Connection.php(812): Illuminate/Database/Connection->Illuminate/Database/{closure}()
#2 C:/Users/israe/OneDrive/Desktop/Pasantia/Proyectos/recursos-humanos/vendor/laravel/framework/src/Illuminate/Database/Connection.php(779): Illuminate/Database/Connection->runQueryCallback()
#3 C:/Users/israe/OneDrive/Desktop/Pasantia/Proyectos/recursos-humanos/vendor/laravel/framework/src/Illuminate/Database/Connection.php(398): Illuminate/Database/Connection->run()
#4 C:/Users/israe/OneDrive/Desktop/Pasantia/Proyectos/recursos-humanos/vendor/laravel/framework/src/Illuminate/Database/Query/Builder.php(3106): Illuminate/Database/Connection->select()
#5 C:/Users/israe/OneDrive/Desktop/Pasantia/Proyectos/recursos-humanos/vendor/laravel/framework/src/Illuminate/Database/Query/Builder.php(3091): Illuminate/Database/Query/Builder->runSelect()
#6 C:/Users/israe/OneDrive/Desktop/Pasantia/Proyectos/recursos-humanos/vendor/laravel/framework/src/Illuminate/Database/Query/Builder.php(3676): Illuminate/Database/Query/Builder->Illuminate/Database/Query/{closure}()
#7 C:/Users/israe/OneDrive/Desktop/Pasantia/Proyectos/recursos-humanos/vendor/laravel/framework/src/Illuminate/Database/Query/Builder.php(3090): Illuminate/Database/Query/Builder->onceWithColumns()
#8 C:/Users/israe/OneDrive/Desktop/Pasantia/Proyectos/recursos-humanos/vendor/laravel/framework/src/Illuminate/Database/Eloquent/Builder.php(811): Illuminate/Database/Query/Builder->get()
#9 C:/Users/israe/OneDrive/Desktop/Pasantia/Proyectos/recursos-humanos/vendor/laravel/framework/src/Illuminate/Database/Eloquent/Builder.php(793): Illuminate/Database/Eloquent/Builder->getModels()
#10 C:/Users/israe/OneDrive/Desktop/Pasantia/Proyectos/recursos-humanos/vendor/laravel/framework/src/Illuminate/Database/Concerns/BuildsQueries.php(343): Illuminate/Database/Eloquent/Builder->get()
#11 C:/Users/israe/OneDrive/Desktop/Pasantia/Proyectos/recursos-humanos/vendor/laravel/framework/src/Illuminate/Auth/EloquentUserProvider.php(59): Illuminate/Database/Eloquent/Builder->first()
#12 C:/Users/israe/OneDrive/Desktop/Pasantia/Proyectos/recursos-humanos/vendor/laravel/framework/src/Illuminate/Auth/SessionGuard.php(180): Illuminate/Auth/EloquentUserProvider->retrieveById()
#13 C:/Users/israe/OneDrive/Desktop/Pasantia/Proyectos/recursos-humanos/vendor/laravel/framework/src/Illuminate/Auth/GuardHelpers.php(56): Illuminate/Auth/SessionGuard->user()
#14 C:/Users/israe/OneDrive/Desktop/Pasantia/Proyectos/recursos-humanos/vendor/laravel/framework/src/Illuminate/Auth/Middleware/Authenticate.php(83): Illuminate/Auth/SessionGuard->check()
#15 C:/Users/israe/OneDrive/Desktop/Pasantia/Proyectos/recursos-humanos/vendor/laravel/framework/src/Illuminate/Auth/Middleware/Authenticate.php(62): Illuminate/Auth/Middleware/Authenticate->authenticate()
#16 C:/Users/israe/OneDrive/Desktop/Pasantia/Proyectos/recursos-humanos/vendor/laravel/framework/src/Illuminate/Pipeline/Pipeline.php(209): Illuminate/Auth/Middleware/Authenticate->handle()
#17 C:/Users/israe/OneDrive/Desktop/Pasantia/Proyectos/recursos-humanos/vendor/laravel/framework/src/Illuminate/Pipeline/Pipeline.php(127): Illuminate/Pipeline/Pipeline->Illuminate/Pipeline/{closure}()
#18 C:/Users/israe/OneDrive/Desktop/Pasantia/Proyectos/recursos-humanos/vendor/livewire/livewire/src/Drawer/Utils.php(182): Illuminate/Pipeline/Pipeline->then()
#19 C:/Users/israe/OneDrive/Desktop/Pasantia/Proyectos/recursos-humanos/vendor/livewire/livewire/src/Mechanisms/PersistentMiddleware/PersistentMiddleware.php(99): Livewire/Drawer/Utils::applyMiddleware()
#20 C:/Users/israe/OneDrive/Desktop/Pasantia/Proyectos/recursos-humanos/vendor/livewire/livewire/src/Mechanisms/PersistentMiddleware/PersistentMiddleware.php(44): Livewire/Mechanisms/PersistentMiddleware/PersistentMiddleware->applyPersistentMiddleware()
#21 C:/Users/israe/OneDrive/Desktop/Pasantia/Proyectos/recursos-humanos/vendor/livewire/livewire/src/EventBus.php(60): Livewire/Mechanisms/PersistentMiddleware/PersistentMiddleware->Livewire/Mechanisms/PersistentMiddleware/{closure}()
#22 C:/Users/israe/OneDrive/Desktop/Pasantia/Proyectos/recursos-humanos/vendor/livewire/livewire/src/helpers.php(98): Livewire/EventBus->trigger()
#23 C:/Users/israe/OneDrive/Desktop/Pasantia/Proyectos/recursos-humanos/vendor/livewire/livewire/src/Mechanisms/HandleComponents/HandleComponents.php(149): Livewire/trigger()
#24 C:/Users/israe/OneDrive/Desktop/Pasantia/Proyectos/recursos-humanos/vendor/livewire/livewire/src/Mechanisms/HandleComponents/HandleComponents.php(115): Livewire/Mechanisms/HandleComponents/HandleComponents->fromSnapshot()
#25 C:/Users/israe/OneDrive/Desktop/Pasantia/Proyectos/recursos-humanos/vendor/livewire/livewire/src/LivewireManager.php(102): Livewire/Mechanisms/HandleComponents/HandleComponents->update()
#26 C:/Users/israe/OneDrive/Desktop/Pasantia/Proyectos/recursos-humanos/vendor/livewire/livewire/src/Mechanisms/HandleRequests/HandleRequests.php(144): Livewire/LivewireManager->update()
#27 C:/Users/israe/OneDrive/Desktop/Pasantia/Proyectos/recursos-humanos/vendor/laravel/framework/src/Illuminate/Routing/ControllerDispatcher.php(47): Livewire/Mechanisms/HandleRequests/HandleRequests->handleUpdate()
#28 C:/Users/israe/OneDrive/Desktop/Pasantia/Proyectos/recursos-humanos/vendor/laravel/framework/src/Illuminate/Routing/Route.php(266): Illuminate/Routing/ControllerDispatcher->dispatch()
#29 C:/Users/israe/OneDrive/Desktop/Pasantia/Proyectos/recursos-humanos/vendor/laravel/framework/src/Illuminate/Routing/Route.php(212): Illuminate/Routing/Route->runController()
#30 C:/Users/israe/OneDrive/Desktop/Pasantia/Proyectos/recursos-humanos/vendor/laravel/framework/src/Illuminate/Routing/Router.php(808): Illuminate/Routing/Route->run()
#31 C:/Users/israe/OneDrive/Desktop/Pasantia/Proyectos/recursos-humanos/vendor/laravel/framework/src/Illuminate/Pipeline/Pipeline.php(170): Illuminate/Routing/Router->Illuminate/Routing/{closure}()
#32 C:/Users/israe/OneDrive/Desktop/Pasantia/Proyectos/recursos-humanos/vendor/laravel/framework/src/Illuminate/Routing/Middleware/SubstituteBindings.php(51): Illuminate/Pipeline/Pipeline->Illuminate/Pipeline/{closure}()
#33 C:/Users/israe/OneDrive/Desktop/Pasantia/Proyectos/recursos-humanos/vendor/laravel/framework/src/Illuminate/Pipeline/Pipeline.php(209): Illuminate/Routing/Middleware/SubstituteBindings->handle()
#34 C:/Users/israe/OneDrive/Desktop/Pasantia/Proyectos/recursos-humanos/vendor/laravel/framework/src/Illuminate/Foundation/Http/Middleware/VerifyCsrfToken.php(88): Illuminate/Pipeline/Pipeline->Illuminate/Pipeline/{closure}()
#35 C:/Users/israe/OneDrive/Desktop/Pasantia/Proyectos/recursos-humanos/vendor/laravel/framework/src/Illuminate/Pipeline/Pipeline.php(209): Illuminate/Foundation/Http/Middleware/VerifyCsrfToken->handle()
#36 C:/Users/israe/OneDrive/Desktop/Pasantia/Proyectos/recursos-humanos/vendor/laravel/framework/src/Illuminate/View/Middleware/ShareErrorsFromSession.php(49): Illuminate/Pipeline/Pipeline->Illuminate/Pipeline/{closure}()
#37 C:/Users/israe/OneDrive/Desktop/Pasantia/Proyectos/recursos-humanos/vendor/laravel/framework/src/Illuminate/Pipeline/Pipeline.php(209): Illuminate/View/Middleware/ShareErrorsFromSession->handle()
#38 C:/Users/israe/OneDrive/Desktop/Pasantia/Proyectos/recursos-humanos/vendor/laravel/framework/src/Illuminate/Session/Middleware/StartSession.php(121): Illuminate/Pipeline/Pipeline->Illuminate/Pipeline/{closure}()
#39 C:/Users/israe/OneDrive/Desktop/Pasantia/Proyectos/recursos-humanos/vendor/laravel/framework/src/Illuminate/Session/Middleware/StartSession.php(64): Illuminate/Session/Middleware/StartSession->handleStatefulRequest()
#40 C:/Users/israe/OneDrive/Desktop/Pasantia/Proyectos/recursos-humanos/vendor/laravel/framework/src/Illuminate/Pipeline/Pipeline.php(209): Illuminate/Session/Middleware/StartSession->handle()
#41 C:/Users/israe/OneDrive/Desktop/Pasantia/Proyectos/recursos-humanos/vendor/laravel/framework/src/Illuminate/Cookie/Middleware/AddQueuedCookiesToResponse.php(37): Illuminate/Pipeline/Pipeline->Illuminate/Pipeline/{closure}()
#42 C:/Users/israe/OneDrive/Desktop/Pasantia/Proyectos/recursos-humanos/vendor/laravel/framework/src/Illuminate/Pipeline/Pipeline.php(209): Illuminate/Cookie/Middleware/AddQueuedCookiesToResponse->handle()
#43 C:/Users/israe/OneDrive/Desktop/Pasantia/Proyectos/recursos-humanos/vendor/laravel/framework/src/Illuminate/Cookie/Middleware/EncryptCookies.php(75): Illuminate/Pipeline/Pipeline->Illuminate/Pipeline/{closure}()
#44 C:/Users/israe/OneDrive/Desktop/Pasantia/Proyectos/recursos-humanos/vendor/laravel/framework/src/Illuminate/Pipeline/Pipeline.php(209): Illuminate/Cookie/Middleware/EncryptCookies->handle()
#45 C:/Users/israe/OneDrive/Desktop/Pasantia/Proyectos/recursos-humanos/vendor/laravel/framework/src/Illuminate/Pipeline/Pipeline.php(127): Illuminate/Pipeline/Pipeline->Illuminate/Pipeline/{closure}()
#46 C:/Users/israe/OneDrive/Desktop/Pasantia/Proyectos/recursos-humanos/vendor/laravel/framework/src/Illuminate/Routing/Router.php(807): Illuminate/Pipeline/Pipeline->then()
#47 C:/Users/israe/OneDrive/Desktop/Pasantia/Proyectos/recursos-humanos/vendor/laravel/framework/src/Illuminate/Routing/Router.php(786): Illuminate/Routing/Router->runRouteWithinStack()
#48 C:/Users/israe/OneDrive/Desktop/Pasantia/Proyectos/recursos-humanos/vendor/laravel/framework/src/Illuminate/Routing/Router.php(750): Illuminate/Routing/Router->runRoute()
#49 C:/Users/israe/OneDrive/Desktop/Pasantia/Proyectos/recursos-humanos/vendor/laravel/framework/src/Illuminate/Routing/Router.php(739): Illuminate/Routing/Router->dispatchToRoute()
#50 C:/Users/israe/OneDrive/Desktop/Pasantia/Proyectos/recursos-humanos/vendor/laravel/framework/src/Illuminate/Foundation/Http/Kernel.php(201): Illuminate/Routing/Router->dispatch()
#51 C:/Users/israe/OneDrive/Desktop/Pasantia/Proyectos/recursos-humanos/vendor/laravel/framework/src/Illuminate/Pipeline/Pipeline.php(170): Illuminate/Foundation/Http/Kernel->Illuminate/Foundation/Http/{closure}()
#52 C:/Users/israe/OneDrive/Desktop/Pasantia/Proyectos/recursos-humanos/vendor/livewire/livewire/src/Features/SupportDisablingBackButtonCache/DisableBackButtonCacheMiddleware.php(19): Illuminate/Pipeline/Pipeline->Illuminate/Pipeline/{closure}()
#53 C:/Users/israe/OneDrive/Desktop/Pasantia/Proyectos/recursos-humanos/vendor/laravel/framework/src/Illuminate/Pipeline/Pipeline.php(209): Livewire/Features/SupportDisablingBackButtonCache/DisableBackButtonCacheMiddleware->handle()
#54 C:/Users/israe/OneDrive/Desktop/Pasantia/Proyectos/recursos-humanos/vendor/laravel/framework/src/Illuminate/Foundation/Http/Middleware/ConvertEmptyStringsToNull.php(27): Illuminate/Pipeline/Pipeline->Illuminate/Pipeline/{closure}()
#55 C:/Users/israe/OneDrive/Desktop/Pasantia/Proyectos/recursos-humanos/vendor/laravel/framework/src/Illuminate/Pipeline/Pipeline.php(209): Illuminate/Foundation/Http/Middleware/ConvertEmptyStringsToNull->handle()
#56 C:/Users/israe/OneDrive/Desktop/Pasantia/Proyectos/recursos-humanos/vendor/laravel/framework/src/Illuminate/Foundation/Http/Middleware/TrimStrings.php(47): Illuminate/Pipeline/Pipeline->Illuminate/Pipeline/{closure}()
#57 C:/Users/israe/OneDrive/Desktop/Pasantia/Proyectos/recursos-humanos/vendor/laravel/framework/src/Illuminate/Pipeline/Pipeline.php(209): Illuminate/Foundation/Http/Middleware/TrimStrings->handle()
#58 C:/Users/israe/OneDrive/Desktop/Pasantia/Proyectos/recursos-humanos/vendor/laravel/framework/src/Illuminate/Http/Middleware/ValidatePostSize.php(27): Illuminate/Pipeline/Pipeline->Illuminate/Pipeline/{closure}()
#59 C:/Users/israe/OneDrive/Desktop/Pasantia/Proyectos/recursos-humanos/vendor/laravel/framework/src/Illuminate/Pipeline/Pipeline.php(209): Illuminate/Http/Middleware/ValidatePostSize->handle()
#60 C:/Users/israe/OneDrive/Desktop/Pasantia/Proyectos/recursos-humanos/vendor/laravel/framework/src/Illuminate/Foundation/Http/Middleware/PreventRequestsDuringMaintenance.php(110): Illuminate/Pipeline/Pipeline->Illuminate/Pipeline/{closure}()
#61 C:/Users/israe/OneDrive/Desktop/Pasantia/Proyectos/recursos-humanos/vendor/laravel/framework/src/Illuminate/Pipeline/Pipeline.php(209): Illuminate/Foundation/Http/Middleware/PreventRequestsDuringMaintenance->handle()
#62 C:/Users/israe/OneDrive/Desktop/Pasantia/Proyectos/recursos-humanos/vendor/laravel/framework/src/Illuminate/Http/Middleware/HandleCors.php(49): Illuminate/Pipeline/Pipeline->Illuminate/Pipeline/{closure}()
#63 C:/Users/israe/OneDrive/Desktop/Pasantia/Proyectos/recursos-humanos/vendor/laravel/framework/src/Illuminate/Pipeline/Pipeline.php(209): Illuminate/Http/Middleware/HandleCors->handle()
#64 C:/Users/israe/OneDrive/Desktop/Pasantia/Proyectos/recursos-humanos/vendor/laravel/framework/src/Illuminate/Http/Middleware/TrustProxies.php(58): Illuminate/Pipeline/Pipeline->Illuminate/Pipeline/{closure}()
#65 C:/Users/israe/OneDrive/Desktop/Pasantia/Proyectos/recursos-humanos/vendor/laravel/framework/src/Illuminate/Pipeline/Pipeline.php(209): Illuminate/Http/Middleware/TrustProxies->handle()
#66 C:/Users/israe/OneDrive/Desktop/Pasantia/Proyectos/recursos-humanos/vendor/laravel/framework/src/Illuminate/Foundation/Http/Middleware/InvokeDeferredCallbacks.php(22): Illuminate/Pipeline/Pipeline->Illuminate/Pipeline/{closure}()
#67 C:/Users/israe/OneDrive/Desktop/Pasantia/Proyectos/recursos-humanos/vendor/laravel/framework/src/Illuminate/Pipeline/Pipeline.php(209): Illuminate/Foundation/Http/Middleware/InvokeDeferredCallbacks->handle()
#68 C:/Users/israe/OneDrive/Desktop/Pasantia/Proyectos/recursos-humanos/vendor/laravel/framework/src/Illuminate/Pipeline/Pipeline.php(127): Illuminate/Pipeline/Pipeline->Illuminate/Pipeline/{closure}()
#69 C:/Users/israe/OneDrive/Desktop/Pasantia/Proyectos/recursos-humanos/vendor/laravel/framework/src/Illuminate/Foundation/Http/Kernel.php(176): Illuminate/Pipeline/Pipeline->then()
#70 C:/Users/israe/OneDrive/Desktop/Pasantia/Proyectos/recursos-humanos/vendor/laravel/framework/src/Illuminate/Foundation/Http/Kernel.php(145): Illuminate/Foundation/Http/Kernel->sendRequestThroughRouter()
#71 C:/Users/israe/OneDrive/Desktop/Pasantia/Proyectos/recursos-humanos/vendor/laravel/framework/src/Illuminate/Foundation/Application.php(1220): Illuminate/Foundation/Http/Kernel->handle()
#72 C:/Users/israe/OneDrive/Desktop/Pasantia/Proyectos/recursos-humanos/public/index.php(17): Illuminate/Foundation/Application->handleRequest()
#73 C:/Users/israe/OneDrive/Desktop/Pasantia/Proyectos/recursos-humanos/vendor/laravel/framework/src/Illuminate/Foundation/resources/server.php(23): require_once('...')
#74 {main}
"} 
[2026-07-21 11:37:17] local.ERROR: SQLSTATE[42P01]: Undefined table: 7 ERROR:  no existe la relación «users»
LINE 1: select * from "users" where "id" = $1 limit 1
                      ^ (Connection: pgsql, SQL: select * from "users" where "id" = 2 limit 1) {"exception":"[object] (Illuminate\\Database\\QueryException(code: 42P01): SQLSTATE[42P01]: Undefined table: 7 ERROR:  no existe la relación «users»
LINE 1: select * from \"users\" where \"id\" = $1 limit 1
                      ^ (Connection: pgsql, SQL: select * from \"users\" where \"id\" = 2 limit 1) at C:/Users/israe/OneDrive/Desktop/Pasantia/Proyectos/recursos-humanos/vendor/laravel/framework/src/Illuminate/Database/Connection.php:825)
[stacktrace]
#0 C:/Users/israe/OneDrive/Desktop/Pasantia/Proyectos/recursos-humanos/vendor/laravel/framework/src/Illuminate/Database/Connection.php(779): Illuminate/Database/Connection->runQueryCallback()
#1 C:/Users/israe/OneDrive/Desktop/Pasantia/Proyectos/recursos-humanos/vendor/laravel/framework/src/Illuminate/Database/Connection.php(398): Illuminate/Database/Connection->run()
#2 C:/Users/israe/OneDrive/Desktop/Pasantia/Proyectos/recursos-humanos/vendor/laravel/framework/src/Illuminate/Database/Query/Builder.php(3106): Illuminate/Database/Connection->select()
#3 C:/Users/israe/OneDrive/Desktop/Pasantia/Proyectos/recursos-humanos/vendor/laravel/framework/src/Illuminate/Database/Query/Builder.php(3091): Illuminate/Database/Query/Builder->runSelect()
#4 C:/Users/israe/OneDrive/Desktop/Pasantia/Proyectos/recursos-humanos/vendor/laravel/framework/src/Illuminate/Database/Query/Builder.php(3676): Illuminate/Database/Query/Builder->Illuminate/Database/Query/{closure}()
#5 C:/Users/israe/OneDrive/Desktop/Pasantia/Proyectos/recursos-humanos/vendor/laravel/framework/src/Illuminate/Database/Query/Builder.php(3090): Illuminate/Database/Query/Builder->onceWithColumns()
#6 C:/Users/israe/OneDrive/Desktop/Pasantia/Proyectos/recursos-humanos/vendor/laravel/framework/src/Illuminate/Database/Eloquent/Builder.php(811): Illuminate/Database/Query/Builder->get()
#7 C:/Users/israe/OneDrive/Desktop/Pasantia/Proyectos/recursos-humanos/vendor/laravel/framework/src/Illuminate/Database/Eloquent/Builder.php(793): Illuminate/Database/Eloquent/Builder->getModels()
#8 C:/Users/israe/OneDrive/Desktop/Pasantia/Proyectos/recursos-humanos/vendor/laravel/framework/src/Illuminate/Database/Concerns/BuildsQueries.php(343): Illuminate/Database/Eloquent/Builder->get()
#9 C:/Users/israe/OneDrive/Desktop/Pasantia/Proyectos/recursos-humanos/vendor/laravel/framework/src/Illuminate/Auth/EloquentUserProvider.php(59): Illuminate/Database/Eloquent/Builder->first()
#10 C:/Users/israe/OneDrive/Desktop/Pasantia/Proyectos/recursos-humanos/vendor/laravel/framework/src/Illuminate/Auth/SessionGuard.php(180): Illuminate/Auth/EloquentUserProvider->retrieveById()
#11 C:/Users/israe/OneDrive/Desktop/Pasantia/Proyectos/recursos-humanos/vendor/laravel/framework/src/Illuminate/Auth/GuardHelpers.php(56): Illuminate/Auth/SessionGuard->user()
#12 C:/Users/israe/OneDrive/Desktop/Pasantia/Proyectos/recursos-humanos/vendor/laravel/framework/src/Illuminate/Auth/Middleware/Authenticate.php(83): Illuminate/Auth/SessionGuard->check()
#13 C:/Users/israe/OneDrive/Desktop/Pasantia/Proyectos/recursos-humanos/vendor/laravel/framework/src/Illuminate/Auth/Middleware/Authenticate.php(62): Illuminate/Auth/Middleware/Authenticate->authenticate()
#14 C:/Users/israe/OneDrive/Desktop/Pasantia/Proyectos/recursos-humanos/vendor/laravel/framework/src/Illuminate/Pipeline/Pipeline.php(209): Illuminate/Auth/Middleware/Authenticate->handle()
#15 C:/Users/israe/OneDrive/Desktop/Pasantia/Proyectos/recursos-humanos/vendor/laravel/framework/src/Illuminate/Pipeline/Pipeline.php(127): Illuminate/Pipeline/Pipeline->Illuminate/Pipeline/{closure}()
#16 C:/Users/israe/OneDrive/Desktop/Pasantia/Proyectos/recursos-humanos/vendor/livewire/livewire/src/Drawer/Utils.php(182): Illuminate/Pipeline/Pipeline->then()
#17 C:/Users/israe/OneDrive/Desktop/Pasantia/Proyectos/recursos-humanos/vendor/livewire/livewire/src/Mechanisms/PersistentMiddleware/PersistentMiddleware.php(99): Livewire/Drawer/Utils::applyMiddleware()
#18 C:/Users/israe/OneDrive/Desktop/Pasantia/Proyectos/recursos-humanos/vendor/livewire/livewire/src/Mechanisms/PersistentMiddleware/PersistentMiddleware.php(44): Livewire/Mechanisms/PersistentMiddleware/PersistentMiddleware->applyPersistentMiddleware()
#19 C:/Users/israe/OneDrive/Desktop/Pasantia/Proyectos/recursos-humanos/vendor/livewire/livewire/src/EventBus.php(60): Livewire/Mechanisms/PersistentMiddleware/PersistentMiddleware->Livewire/Mechanisms/PersistentMiddleware/{closure}()
#20 C:/Users/israe/OneDrive/Desktop/Pasantia/Proyectos/recursos-humanos/vendor/livewire/livewire/src/helpers.php(98): Livewire/EventBus->trigger()
#21 C:/Users/israe/OneDrive/Desktop/Pasantia/Proyectos/recursos-humanos/vendor/livewire/livewire/src/Mechanisms/HandleComponents/HandleComponents.php(149): Livewire/trigger()
#22 C:/Users/israe/OneDrive/Desktop/Pasantia/Proyectos/recursos-humanos/vendor/livewire/livewire/src/Mechanisms/HandleComponents/HandleComponents.php(115): Livewire/Mechanisms/HandleComponents/HandleComponents->fromSnapshot()
#23 C:/Users/israe/OneDrive/Desktop/Pasantia/Proyectos/recursos-humanos/vendor/livewire/livewire/src/LivewireManager.php(102): Livewire/Mechanisms/HandleComponents/HandleComponents->update()
#24 C:/Users/israe/OneDrive/Desktop/Pasantia/Proyectos/recursos-humanos/vendor/livewire/livewire/src/Mechanisms/HandleRequests/HandleRequests.php(144): Livewire/LivewireManager->update()
#25 C:/Users/israe/OneDrive/Desktop/Pasantia/Proyectos/recursos-humanos/vendor/laravel/framework/src/Illuminate/Routing/ControllerDispatcher.php(47): Livewire/Mechanisms/HandleRequests/HandleRequests->handleUpdate()
#26 C:/Users/israe/OneDrive/Desktop/Pasantia/Proyectos/recursos-humanos/vendor/laravel/framework/src/Illuminate/Routing/Route.php(266): Illuminate/Routing/ControllerDispatcher->dispatch()
#27 C:/Users/israe/OneDrive/Desktop/Pasantia/Proyectos/recursos-humanos/vendor/laravel/framework/src/Illuminate/Routing/Route.php(212): Illuminate/Routing/Route->runController()
#28 C:/Users/israe/OneDrive/Desktop/Pasantia/Proyectos/recursos-humanos/vendor/laravel/framework/src/Illuminate/Routing/Router.php(808): Illuminate/Routing/Route->run()
#29 C:/Users/israe/OneDrive/Desktop/Pasantia/Proyectos/recursos-humanos/vendor/laravel/framework/src/Illuminate/Pipeline/Pipeline.php(170): Illuminate/Routing/Router->Illuminate/Routing/{closure}()
#30 C:/Users/israe/OneDrive/Desktop/Pasantia/Proyectos/recursos-humanos/vendor/laravel/framework/src/Illuminate/Routing/Middleware/SubstituteBindings.php(51): Illuminate/Pipeline/Pipeline->Illuminate/Pipeline/{closure}()
#31 C:/Users/israe/OneDrive/Desktop/Pasantia/Proyectos/recursos-humanos/vendor/laravel/framework/src/Illuminate/Pipeline/Pipeline.php(209): Illuminate/Routing/Middleware/SubstituteBindings->handle()
#32 C:/Users/israe/OneDrive/Desktop/Pasantia/Proyectos/recursos-humanos/vendor/laravel/framework/src/Illuminate/Foundation/Http/Middleware/VerifyCsrfToken.php(88): Illuminate/Pipeline/Pipeline->Illuminate/Pipeline/{closure}()
#33 C:/Users/israe/OneDrive/Desktop/Pasantia/Proyectos/recursos-humanos/vendor/laravel/framework/src/Illuminate/Pipeline/Pipeline.php(209): Illuminate/Foundation/Http/Middleware/VerifyCsrfToken->handle()
#34 C:/Users/israe/OneDrive/Desktop/Pasantia/Proyectos/recursos-humanos/vendor/laravel/framework/src/Illuminate/View/Middleware/ShareErrorsFromSession.php(49): Illuminate/Pipeline/Pipeline->Illuminate/Pipeline/{closure}()
#35 C:/Users/israe/OneDrive/Desktop/Pasantia/Proyectos/recursos-humanos/vendor/laravel/framework/src/Illuminate/Pipeline/Pipeline.php(209): Illuminate/View/Middleware/ShareErrorsFromSession->handle()
#36 C:/Users/israe/OneDrive/Desktop/Pasantia/Proyectos/recursos-humanos/vendor/laravel/framework/src/Illuminate/Session/Middleware/StartSession.php(121): Illuminate/Pipeline/Pipeline->Illuminate/Pipeline/{closure}()
#37 C:/Users/israe/OneDrive/Desktop/Pasantia/Proyectos/recursos-humanos/vendor/laravel/framework/src/Illuminate/Session/Middleware/StartSession.php(64): Illuminate/Session/Middleware/StartSession->handleStatefulRequest()
#38 C:/Users/israe/OneDrive/Desktop/Pasantia/Proyectos/recursos-humanos/vendor/laravel/framework/src/Illuminate/Pipeline/Pipeline.php(209): Illuminate/Session/Middleware/StartSession->handle()
#39 C:/Users/israe/OneDrive/Desktop/Pasantia/Proyectos/recursos-humanos/vendor/laravel/framework/src/Illuminate/Cookie/Middleware/AddQueuedCookiesToResponse.php(37): Illuminate/Pipeline/Pipeline->Illuminate/Pipeline/{closure}()
#40 C:/Users/israe/OneDrive/Desktop/Pasantia/Proyectos/recursos-humanos/vendor/laravel/framework/src/Illuminate/Pipeline/Pipeline.php(209): Illuminate/Cookie/Middleware/AddQueuedCookiesToResponse->handle()
#41 C:/Users/israe/OneDrive/Desktop/Pasantia/Proyectos/recursos-humanos/vendor/laravel/framework/src/Illuminate/Cookie/Middleware/EncryptCookies.php(75): Illuminate/Pipeline/Pipeline->Illuminate/Pipeline/{closure}()
#42 C:/Users/israe/OneDrive/Desktop/Pasantia/Proyectos/recursos-humanos/vendor/laravel/framework/src/Illuminate/Pipeline/Pipeline.php(209): Illuminate/Cookie/Middleware/EncryptCookies->handle()
#43 C:/Users/israe/OneDrive/Desktop/Pasantia/Proyectos/recursos-humanos/vendor/laravel/framework/src/Illuminate/Pipeline/Pipeline.php(127): Illuminate/Pipeline/Pipeline->Illuminate/Pipeline/{closure}()
#44 C:/Users/israe/OneDrive/Desktop/Pasantia/Proyectos/recursos-humanos/vendor/laravel/framework/src/Illuminate/Routing/Router.php(807): Illuminate/Pipeline/Pipeline->then()
#45 C:/Users/israe/OneDrive/Desktop/Pasantia/Proyectos/recursos-humanos/vendor/laravel/framework/src/Illuminate/Routing/Router.php(786): Illuminate/Routing/Router->runRouteWithinStack()
#46 C:/Users/israe/OneDrive/Desktop/Pasantia/Proyectos/recursos-humanos/vendor/laravel/framework/src/Illuminate/Routing/Router.php(750): Illuminate/Routing/Router->runRoute()
#47 C:/Users/israe/OneDrive/Desktop/Pasantia/Proyectos/recursos-humanos/vendor/laravel/framework/src/Illuminate/Routing/Router.php(739): Illuminate/Routing/Router->dispatchToRoute()
#48 C:/Users/israe/OneDrive/Desktop/Pasantia/Proyectos/recursos-humanos/vendor/laravel/framework/src/Illuminate/Foundation/Http/Kernel.php(201): Illuminate/Routing/Router->dispatch()
#49 C:/Users/israe/OneDrive/Desktop/Pasantia/Proyectos/recursos-humanos/vendor/laravel/framework/src/Illuminate/Pipeline/Pipeline.php(170): Illuminate/Foundation/Http/Kernel->Illuminate/Foundation/Http/{closure}()
#50 C:/Users/israe/OneDrive/Desktop/Pasantia/Proyectos/recursos-humanos/vendor/livewire/livewire/src/Features/SupportDisablingBackButtonCache/DisableBackButtonCacheMiddleware.php(19): Illuminate/Pipeline/Pipeline->Illuminate/Pipeline/{closure}()
#51 C:/Users/israe/OneDrive/Desktop/Pasantia/Proyectos/recursos-humanos/vendor/laravel/framework/src/Illuminate/Pipeline/Pipeline.php(209): Livewire/Features/SupportDisablingBackButtonCache/DisableBackButtonCacheMiddleware->handle()
#52 C:/Users/israe/OneDrive/Desktop/Pasantia/Proyectos/recursos-humanos/vendor/laravel/framework/src/Illuminate/Foundation/Http/Middleware/ConvertEmptyStringsToNull.php(27): Illuminate/Pipeline/Pipeline->Illuminate/Pipeline/{closure}()
#53 C:/Users/israe/OneDrive/Desktop/Pasantia/Proyectos/recursos-humanos/vendor/laravel/framework/src/Illuminate/Pipeline/Pipeline.php(209): Illuminate/Foundation/Http/Middleware/ConvertEmptyStringsToNull->handle()
#54 C:/Users/israe/OneDrive/Desktop/Pasantia/Proyectos/recursos-humanos/vendor/laravel/framework/src/Illuminate/Foundation/Http/Middleware/TrimStrings.php(47): Illuminate/Pipeline/Pipeline->Illuminate/Pipeline/{closure}()
#55 C:/Users/israe/OneDrive/Desktop/Pasantia/Proyectos/recursos-humanos/vendor/laravel/framework/src/Illuminate/Pipeline/Pipeline.php(209): Illuminate/Foundation/Http/Middleware/TrimStrings->handle()
#56 C:/Users/israe/OneDrive/Desktop/Pasantia/Proyectos/recursos-humanos/vendor/laravel/framework/src/Illuminate/Http/Middleware/ValidatePostSize.php(27): Illuminate/Pipeline/Pipeline->Illuminate/Pipeline/{closure}()
#57 C:/Users/israe/OneDrive/Desktop/Pasantia/Proyectos/recursos-humanos/vendor/laravel/framework/src/Illuminate/Pipeline/Pipeline.php(209): Illuminate/Http/Middleware/ValidatePostSize->handle()
#58 C:/Users/israe/OneDrive/Desktop/Pasantia/Proyectos/recursos-humanos/vendor/laravel/framework/src/Illuminate/Foundation/Http/Middleware/PreventRequestsDuringMaintenance.php(110): Illuminate/Pipeline/Pipeline->Illuminate/Pipeline/{closure}()
#59 C:/Users/israe/OneDrive/Desktop/Pasantia/Proyectos/recursos-humanos/vendor/laravel/framework/src/Illuminate/Pipeline/Pipeline.php(209): Illuminate/Foundation/Http/Middleware/PreventRequestsDuringMaintenance->handle()
#60 C:/Users/israe/OneDrive/Desktop/Pasantia/Proyectos/recursos-humanos/vendor/laravel/framework/src/Illuminate/Http/Middleware/HandleCors.php(49): Illuminate/Pipeline/Pipeline->Illuminate/Pipeline/{closure}()
#61 C:/Users/israe/OneDrive/Desktop/Pasantia/Proyectos/recursos-humanos/vendor/laravel/framework/src/Illuminate/Pipeline/Pipeline.php(209): Illuminate/Http/Middleware/HandleCors->handle()
#62 C:/Users/israe/OneDrive/Desktop/Pasantia/Proyectos/recursos-humanos/vendor/laravel/framework/src/Illuminate/Http/Middleware/TrustProxies.php(58): Illuminate/Pipeline/Pipeline->Illuminate/Pipeline/{closure}()
#63 C:/Users/israe/OneDrive/Desktop/Pasantia/Proyectos/recursos-humanos/vendor/laravel/framework/src/Illuminate/Pipeline/Pipeline.php(209): Illuminate/Http/Middleware/TrustProxies->handle()
#64 C:/Users/israe/OneDrive/Desktop/Pasantia/Proyectos/recursos-humanos/vendor/laravel/framework/src/Illuminate/Foundation/Http/Middleware/InvokeDeferredCallbacks.php(22): Illuminate/Pipeline/Pipeline->Illuminate/Pipeline/{closure}()
#65 C:/Users/israe/OneDrive/Desktop/Pasantia/Proyectos/recursos-humanos/vendor/laravel/framework/src/Illuminate/Pipeline/Pipeline.php(209): Illuminate/Foundation/Http/Middleware/InvokeDeferredCallbacks->handle()
#66 C:/Users/israe/OneDrive/Desktop/Pasantia/Proyectos/recursos-humanos/vendor/laravel/framework/src/Illuminate/Pipeline/Pipeline.php(127): Illuminate/Pipeline/Pipeline->Illuminate/Pipeline/{closure}()
#67 C:/Users/israe/OneDrive/Desktop/Pasantia/Proyectos/recursos-humanos/vendor/laravel/framework/src/Illuminate/Foundation/Http/Kernel.php(176): Illuminate/Pipeline/Pipeline->then()
#68 C:/Users/israe/OneDrive/Desktop/Pasantia/Proyectos/recursos-humanos/vendor/laravel/framework/src/Illuminate/Foundation/Http/Kernel.php(145): Illuminate/Foundation/Http/Kernel->sendRequestThroughRouter()
#69 C:/Users/israe/OneDrive/Desktop/Pasantia/Proyectos/recursos-humanos/vendor/laravel/framework/src/Illuminate/Foundation/Application.php(1220): Illuminate/Foundation/Http/Kernel->handle()
#70 C:/Users/israe/OneDrive/Desktop/Pasantia/Proyectos/recursos-humanos/public/index.php(17): Illuminate/Foundation/Application->handleRequest()
#71 C:/Users/israe/OneDrive/Desktop/Pasantia/Proyectos/recursos-humanos/vendor/laravel/framework/src/Illuminate/Foundation/resources/server.php(23): require_once('...')
#72 {main}

[previous exception] [object] (PDOException(code: 42P01): SQLSTATE[42P01]: Undefined table: 7 ERROR:  no existe la relación «users»
LINE 1: select * from \"users\" where \"id\" = $1 limit 1
                      ^ at C:/Users/israe/OneDrive/Desktop/Pasantia/Proyectos/recursos-humanos/vendor/laravel/framework/src/Illuminate/Database/Connection.php:412)
[stacktrace]
#0 C:/Users/israe/OneDrive/Desktop/Pasantia/Proyectos/recursos-humanos/vendor/laravel/framework/src/Illuminate/Database/Connection.php(412): PDOStatement->execute()
#1 C:/Users/israe/OneDrive/Desktop/Pasantia/Proyectos/recursos-humanos/vendor/laravel/framework/src/Illuminate/Database/Connection.php(812): Illuminate/Database/Connection->Illuminate/Database/{closure}()
#2 C:/Users/israe/OneDrive/Desktop/Pasantia/Proyectos/recursos-humanos/vendor/laravel/framework/src/Illuminate/Database/Connection.php(779): Illuminate/Database/Connection->runQueryCallback()
#3 C:/Users/israe/OneDrive/Desktop/Pasantia/Proyectos/recursos-humanos/vendor/laravel/framework/src/Illuminate/Database/Connection.php(398): Illuminate/Database/Connection->run()
#4 C:/Users/israe/OneDrive/Desktop/Pasantia/Proyectos/recursos-humanos/vendor/laravel/framework/src/Illuminate/Database/Query/Builder.php(3106): Illuminate/Database/Connection->select()
#5 C:/Users/israe/OneDrive/Desktop/Pasantia/Proyectos/recursos-humanos/vendor/laravel/framework/src/Illuminate/Database/Query/Builder.php(3091): Illuminate/Database/Query/Builder->runSelect()
#6 C:/Users/israe/OneDrive/Desktop/Pasantia/Proyectos/recursos-humanos/vendor/laravel/framework/src/Illuminate/Database/Query/Builder.php(3676): Illuminate/Database/Query/Builder->Illuminate/Database/Query/{closure}()
#7 C:/Users/israe/OneDrive/Desktop/Pasantia/Proyectos/recursos-humanos/vendor/laravel/framework/src/Illuminate/Database/Query/Builder.php(3090): Illuminate/Database/Query/Builder->onceWithColumns()
#8 C:/Users/israe/OneDrive/Desktop/Pasantia/Proyectos/recursos-humanos/vendor/laravel/framework/src/Illuminate/Database/Eloquent/Builder.php(811): Illuminate/Database/Query/Builder->get()
#9 C:/Users/israe/OneDrive/Desktop/Pasantia/Proyectos/recursos-humanos/vendor/laravel/framework/src/Illuminate/Database/Eloquent/Builder.php(793): Illuminate/Database/Eloquent/Builder->getModels()
#10 C:/Users/israe/OneDrive/Desktop/Pasantia/Proyectos/recursos-humanos/vendor/laravel/framework/src/Illuminate/Database/Concerns/BuildsQueries.php(343): Illuminate/Database/Eloquent/Builder->get()
#11 C:/Users/israe/OneDrive/Desktop/Pasantia/Proyectos/recursos-humanos/vendor/laravel/framework/src/Illuminate/Auth/EloquentUserProvider.php(59): Illuminate/Database/Eloquent/Builder->first()
#12 C:/Users/israe/OneDrive/Desktop/Pasantia/Proyectos/recursos-humanos/vendor/laravel/framework/src/Illuminate/Auth/SessionGuard.php(180): Illuminate/Auth/EloquentUserProvider->retrieveById()
#13 C:/Users/israe/OneDrive/Desktop/Pasantia/Proyectos/recursos-humanos/vendor/laravel/framework/src/Illuminate/Auth/GuardHelpers.php(56): Illuminate/Auth/SessionGuard->user()
#14 C:/Users/israe/OneDrive/Desktop/Pasantia/Proyectos/recursos-humanos/vendor/laravel/framework/src/Illuminate/Auth/Middleware/Authenticate.php(83): Illuminate/Auth/SessionGuard->check()
#15 C:/Users/israe/OneDrive/Desktop/Pasantia/Proyectos/recursos-humanos/vendor/laravel/framework/src/Illuminate/Auth/Middleware/Authenticate.php(62): Illuminate/Auth/Middleware/Authenticate->authenticate()
#16 C:/Users/israe/OneDrive/Desktop/Pasantia/Proyectos/recursos-humanos/vendor/laravel/framework/src/Illuminate/Pipeline/Pipeline.php(209): Illuminate/Auth/Middleware/Authenticate->handle()
#17 C:/Users/israe/OneDrive/Desktop/Pasantia/Proyectos/recursos-humanos/vendor/laravel/framework/src/Illuminate/Pipeline/Pipeline.php(127): Illuminate/Pipeline/Pipeline->Illuminate/Pipeline/{closure}()
#18 C:/Users/israe/OneDrive/Desktop/Pasantia/Proyectos/recursos-humanos/vendor/livewire/livewire/src/Drawer/Utils.php(182): Illuminate/Pipeline/Pipeline->then()
#19 C:/Users/israe/OneDrive/Desktop/Pasantia/Proyectos/recursos-humanos/vendor/livewire/livewire/src/Mechanisms/PersistentMiddleware/PersistentMiddleware.php(99): Livewire/Drawer/Utils::applyMiddleware()
#20 C:/Users/israe/OneDrive/Desktop/Pasantia/Proyectos/recursos-humanos/vendor/livewire/livewire/src/Mechanisms/PersistentMiddleware/PersistentMiddleware.php(44): Livewire/Mechanisms/PersistentMiddleware/PersistentMiddleware->applyPersistentMiddleware()
#21 C:/Users/israe/OneDrive/Desktop/Pasantia/Proyectos/recursos-humanos/vendor/livewire/livewire/src/EventBus.php(60): Livewire/Mechanisms/PersistentMiddleware/PersistentMiddleware->Livewire/Mechanisms/PersistentMiddleware/{closure}()
#22 C:/Users/israe/OneDrive/Desktop/Pasantia/Proyectos/recursos-humanos/vendor/livewire/livewire/src/helpers.php(98): Livewire/EventBus->trigger()
#23 C:/Users/israe/OneDrive/Desktop/Pasantia/Proyectos/recursos-humanos/vendor/livewire/livewire/src/Mechanisms/HandleComponents/HandleComponents.php(149): Livewire/trigger()
#24 C:/Users/israe/OneDrive/Desktop/Pasantia/Proyectos/recursos-humanos/vendor/livewire/livewire/src/Mechanisms/HandleComponents/HandleComponents.php(115): Livewire/Mechanisms/HandleComponents/HandleComponents->fromSnapshot()
#25 C:/Users/israe/OneDrive/Desktop/Pasantia/Proyectos/recursos-humanos/vendor/livewire/livewire/src/LivewireManager.php(102): Livewire/Mechanisms/HandleComponents/HandleComponents->update()
#26 C:/Users/israe/OneDrive/Desktop/Pasantia/Proyectos/recursos-humanos/vendor/livewire/livewire/src/Mechanisms/HandleRequests/HandleRequests.php(144): Livewire/LivewireManager->update()
#27 C:/Users/israe/OneDrive/Desktop/Pasantia/Proyectos/recursos-humanos/vendor/laravel/framework/src/Illuminate/Routing/ControllerDispatcher.php(47): Livewire/Mechanisms/HandleRequests/HandleRequests->handleUpdate()
#28 C:/Users/israe/OneDrive/Desktop/Pasantia/Proyectos/recursos-humanos/vendor/laravel/framework/src/Illuminate/Routing/Route.php(266): Illuminate/Routing/ControllerDispatcher->dispatch()
#29 C:/Users/israe/OneDrive/Desktop/Pasantia/Proyectos/recursos-humanos/vendor/laravel/framework/src/Illuminate/Routing/Route.php(212): Illuminate/Routing/Route->runController()
#30 C:/Users/israe/OneDrive/Desktop/Pasantia/Proyectos/recursos-humanos/vendor/laravel/framework/src/Illuminate/Routing/Router.php(808): Illuminate/Routing/Route->run()
#31 C:/Users/israe/OneDrive/Desktop/Pasantia/Proyectos/recursos-humanos/vendor/laravel/framework/src/Illuminate/Pipeline/Pipeline.php(170): Illuminate/Routing/Router->Illuminate/Routing/{closure}()
#32 C:/Users/israe/OneDrive/Desktop/Pasantia/Proyectos/recursos-humanos/vendor/laravel/framework/src/Illuminate/Routing/Middleware/SubstituteBindings.php(51): Illuminate/Pipeline/Pipeline->Illuminate/Pipeline/{closure}()
#33 C:/Users/israe/OneDrive/Desktop/Pasantia/Proyectos/recursos-humanos/vendor/laravel/framework/src/Illuminate/Pipeline/Pipeline.php(209): Illuminate/Routing/Middleware/SubstituteBindings->handle()
#34 C:/Users/israe/OneDrive/Desktop/Pasantia/Proyectos/recursos-humanos/vendor/laravel/framework/src/Illuminate/Foundation/Http/Middleware/VerifyCsrfToken.php(88): Illuminate/Pipeline/Pipeline->Illuminate/Pipeline/{closure}()
#35 C:/Users/israe/OneDrive/Desktop/Pasantia/Proyectos/recursos-humanos/vendor/laravel/framework/src/Illuminate/Pipeline/Pipeline.php(209): Illuminate/Foundation/Http/Middleware/VerifyCsrfToken->handle()
#36 C:/Users/israe/OneDrive/Desktop/Pasantia/Proyectos/recursos-humanos/vendor/laravel/framework/src/Illuminate/View/Middleware/ShareErrorsFromSession.php(49): Illuminate/Pipeline/Pipeline->Illuminate/Pipeline/{closure}()
#37 C:/Users/israe/OneDrive/Desktop/Pasantia/Proyectos/recursos-humanos/vendor/laravel/framework/src/Illuminate/Pipeline/Pipeline.php(209): Illuminate/View/Middleware/ShareErrorsFromSession->handle()
#38 C:/Users/israe/OneDrive/Desktop/Pasantia/Proyectos/recursos-humanos/vendor/laravel/framework/src/Illuminate/Session/Middleware/StartSession.php(121): Illuminate/Pipeline/Pipeline->Illuminate/Pipeline/{closure}()
#39 C:/Users/israe/OneDrive/Desktop/Pasantia/Proyectos/recursos-humanos/vendor/laravel/framework/src/Illuminate/Session/Middleware/StartSession.php(64): Illuminate/Session/Middleware/StartSession->handleStatefulRequest()
#40 C:/Users/israe/OneDrive/Desktop/Pasantia/Proyectos/recursos-humanos/vendor/laravel/framework/src/Illuminate/Pipeline/Pipeline.php(209): Illuminate/Session/Middleware/StartSession->handle()
#41 C:/Users/israe/OneDrive/Desktop/Pasantia/Proyectos/recursos-humanos/vendor/laravel/framework/src/Illuminate/Cookie/Middleware/AddQueuedCookiesToResponse.php(37): Illuminate/Pipeline/Pipeline->Illuminate/Pipeline/{closure}()
#42 C:/Users/israe/OneDrive/Desktop/Pasantia/Proyectos/recursos-humanos/vendor/laravel/framework/src/Illuminate/Pipeline/Pipeline.php(209): Illuminate/Cookie/Middleware/AddQueuedCookiesToResponse->handle()
#43 C:/Users/israe/OneDrive/Desktop/Pasantia/Proyectos/recursos-humanos/vendor/laravel/framework/src/Illuminate/Cookie/Middleware/EncryptCookies.php(75): Illuminate/Pipeline/Pipeline->Illuminate/Pipeline/{closure}()
#44 C:/Users/israe/OneDrive/Desktop/Pasantia/Proyectos/recursos-humanos/vendor/laravel/framework/src/Illuminate/Pipeline/Pipeline.php(209): Illuminate/Cookie/Middleware/EncryptCookies->handle()
#45 C:/Users/israe/OneDrive/Desktop/Pasantia/Proyectos/recursos-humanos/vendor/laravel/framework/src/Illuminate/Pipeline/Pipeline.php(127): Illuminate/Pipeline/Pipeline->Illuminate/Pipeline/{closure}()
#46 C:/Users/israe/OneDrive/Desktop/Pasantia/Proyectos/recursos-humanos/vendor/laravel/framework/src/Illuminate/Routing/Router.php(807): Illuminate/Pipeline/Pipeline->then()
#47 C:/Users/israe/OneDrive/Desktop/Pasantia/Proyectos/recursos-humanos/vendor/laravel/framework/src/Illuminate/Routing/Router.php(786): Illuminate/Routing/Router->runRouteWithinStack()
#48 C:/Users/israe/OneDrive/Desktop/Pasantia/Proyectos/recursos-humanos/vendor/laravel/framework/src/Illuminate/Routing/Router.php(750): Illuminate/Routing/Router->runRoute()
#49 C:/Users/israe/OneDrive/Desktop/Pasantia/Proyectos/recursos-humanos/vendor/laravel/framework/src/Illuminate/Routing/Router.php(739): Illuminate/Routing/Router->dispatchToRoute()
#50 C:/Users/israe/OneDrive/Desktop/Pasantia/Proyectos/recursos-humanos/vendor/laravel/framework/src/Illuminate/Foundation/Http/Kernel.php(201): Illuminate/Routing/Router->dispatch()
#51 C:/Users/israe/OneDrive/Desktop/Pasantia/Proyectos/recursos-humanos/vendor/laravel/framework/src/Illuminate/Pipeline/Pipeline.php(170): Illuminate/Foundation/Http/Kernel->Illuminate/Foundation/Http/{closure}()
#52 C:/Users/israe/OneDrive/Desktop/Pasantia/Proyectos/recursos-humanos/vendor/livewire/livewire/src/Features/SupportDisablingBackButtonCache/DisableBackButtonCacheMiddleware.php(19): Illuminate/Pipeline/Pipeline->Illuminate/Pipeline/{closure}()
#53 C:/Users/israe/OneDrive/Desktop/Pasantia/Proyectos/recursos-humanos/vendor/laravel/framework/src/Illuminate/Pipeline/Pipeline.php(209): Livewire/Features/SupportDisablingBackButtonCache/DisableBackButtonCacheMiddleware->handle()
#54 C:/Users/israe/OneDrive/Desktop/Pasantia/Proyectos/recursos-humanos/vendor/laravel/framework/src/Illuminate/Foundation/Http/Middleware/ConvertEmptyStringsToNull.php(27): Illuminate/Pipeline/Pipeline->Illuminate/Pipeline/{closure}()
#55 C:/Users/israe/OneDrive/Desktop/Pasantia/Proyectos/recursos-humanos/vendor/laravel/framework/src/Illuminate/Pipeline/Pipeline.php(209): Illuminate/Foundation/Http/Middleware/ConvertEmptyStringsToNull->handle()
#56 C:/Users/israe/OneDrive/Desktop/Pasantia/Proyectos/recursos-humanos/vendor/laravel/framework/src/Illuminate/Foundation/Http/Middleware/TrimStrings.php(47): Illuminate/Pipeline/Pipeline->Illuminate/Pipeline/{closure}()
#57 C:/Users/israe/OneDrive/Desktop/Pasantia/Proyectos/recursos-humanos/vendor/laravel/framework/src/Illuminate/Pipeline/Pipeline.php(209): Illuminate/Foundation/Http/Middleware/TrimStrings->handle()
#58 C:/Users/israe/OneDrive/Desktop/Pasantia/Proyectos/recursos-humanos/vendor/laravel/framework/src/Illuminate/Http/Middleware/ValidatePostSize.php(27): Illuminate/Pipeline/Pipeline->Illuminate/Pipeline/{closure}()
#59 C:/Users/israe/OneDrive/Desktop/Pasantia/Proyectos/recursos-humanos/vendor/laravel/framework/src/Illuminate/Pipeline/Pipeline.php(209): Illuminate/Http/Middleware/ValidatePostSize->handle()
#60 C:/Users/israe/OneDrive/Desktop/Pasantia/Proyectos/recursos-humanos/vendor/laravel/framework/src/Illuminate/Foundation/Http/Middleware/PreventRequestsDuringMaintenance.php(110): Illuminate/Pipeline/Pipeline->Illuminate/Pipeline/{closure}()
#61 C:/Users/israe/OneDrive/Desktop/Pasantia/Proyectos/recursos-humanos/vendor/laravel/framework/src/Illuminate/Pipeline/Pipeline.php(209): Illuminate/Foundation/Http/Middleware/PreventRequestsDuringMaintenance->handle()
#62 C:/Users/israe/OneDrive/Desktop/Pasantia/Proyectos/recursos-humanos/vendor/laravel/framework/src/Illuminate/Http/Middleware/HandleCors.php(49): Illuminate/Pipeline/Pipeline->Illuminate/Pipeline/{closure}()
#63 C:/Users/israe/OneDrive/Desktop/Pasantia/Proyectos/recursos-humanos/vendor/laravel/framework/src/Illuminate/Pipeline/Pipeline.php(209): Illuminate/Http/Middleware/HandleCors->handle()
#64 C:/Users/israe/OneDrive/Desktop/Pasantia/Proyectos/recursos-humanos/vendor/laravel/framework/src/Illuminate/Http/Middleware/TrustProxies.php(58): Illuminate/Pipeline/Pipeline->Illuminate/Pipeline/{closure}()
#65 C:/Users/israe/OneDrive/Desktop/Pasantia/Proyectos/recursos-humanos/vendor/laravel/framework/src/Illuminate/Pipeline/Pipeline.php(209): Illuminate/Http/Middleware/TrustProxies->handle()
#66 C:/Users/israe/OneDrive/Desktop/Pasantia/Proyectos/recursos-humanos/vendor/laravel/framework/src/Illuminate/Foundation/Http/Middleware/InvokeDeferredCallbacks.php(22): Illuminate/Pipeline/Pipeline->Illuminate/Pipeline/{closure}()
#67 C:/Users/israe/OneDrive/Desktop/Pasantia/Proyectos/recursos-humanos/vendor/laravel/framework/src/Illuminate/Pipeline/Pipeline.php(209): Illuminate/Foundation/Http/Middleware/InvokeDeferredCallbacks->handle()
#68 C:/Users/israe/OneDrive/Desktop/Pasantia/Proyectos/recursos-humanos/vendor/laravel/framework/src/Illuminate/Pipeline/Pipeline.php(127): Illuminate/Pipeline/Pipeline->Illuminate/Pipeline/{closure}()
#69 C:/Users/israe/OneDrive/Desktop/Pasantia/Proyectos/recursos-humanos/vendor/laravel/framework/src/Illuminate/Foundation/Http/Kernel.php(176): Illuminate/Pipeline/Pipeline->then()
#70 C:/Users/israe/OneDrive/Desktop/Pasantia/Proyectos/recursos-humanos/vendor/laravel/framework/src/Illuminate/Foundation/Http/Kernel.php(145): Illuminate/Foundation/Http/Kernel->sendRequestThroughRouter()
#71 C:/Users/israe/OneDrive/Desktop/Pasantia/Proyectos/recursos-humanos/vendor/laravel/framework/src/Illuminate/Foundation/Application.php(1220): Illuminate/Foundation/Http/Kernel->handle()
#72 C:/Users/israe/OneDrive/Desktop/Pasantia/Proyectos/recursos-humanos/public/index.php(17): Illuminate/Foundation/Application->handleRequest()
#73 C:/Users/israe/OneDrive/Desktop/Pasantia/Proyectos/recursos-humanos/vendor/laravel/framework/src/Illuminate/Foundation/resources/server.php(23): require_once('...')
#74 {main}
"} 
[2026-07-21 11:37:47] local.ERROR: SQLSTATE[42P01]: Undefined table: 7 ERROR:  no existe la relación «users»
LINE 1: select * from "users" where "id" = $1 limit 1
                      ^ (Connection: pgsql, SQL: select * from "users" where "id" = 2 limit 1) {"exception":"[object] (Illuminate\\Database\\QueryException(code: 42P01): SQLSTATE[42P01]: Undefined table: 7 ERROR:  no existe la relación «users»
LINE 1: select * from \"users\" where \"id\" = $1 limit 1
                      ^ (Connection: pgsql, SQL: select * from \"users\" where \"id\" = 2 limit 1) at C:/Users/israe/OneDrive/Desktop/Pasantia/Proyectos/recursos-humanos/vendor/laravel/framework/src/Illuminate/Database/Connection.php:825)
[stacktrace]
#0 C:/Users/israe/OneDrive/Desktop/Pasantia/Proyectos/recursos-humanos/vendor/laravel/framework/src/Illuminate/Database/Connection.php(779): Illuminate/Database/Connection->runQueryCallback()
#1 C:/Users/israe/OneDrive/Desktop/Pasantia/Proyectos/recursos-humanos/vendor/laravel/framework/src/Illuminate/Database/Connection.php(398): Illuminate/Database/Connection->run()
#2 C:/Users/israe/OneDrive/Desktop/Pasantia/Proyectos/recursos-humanos/vendor/laravel/framework/src/Illuminate/Database/Query/Builder.php(3106): Illuminate/Database/Connection->select()
#3 C:/Users/israe/OneDrive/Desktop/Pasantia/Proyectos/recursos-humanos/vendor/laravel/framework/src/Illuminate/Database/Query/Builder.php(3091): Illuminate/Database/Query/Builder->runSelect()
#4 C:/Users/israe/OneDrive/Desktop/Pasantia/Proyectos/recursos-humanos/vendor/laravel/framework/src/Illuminate/Database/Query/Builder.php(3676): Illuminate/Database/Query/Builder->Illuminate/Database/Query/{closure}()
#5 C:/Users/israe/OneDrive/Desktop/Pasantia/Proyectos/recursos-humanos/vendor/laravel/framework/src/Illuminate/Database/Query/Builder.php(3090): Illuminate/Database/Query/Builder->onceWithColumns()
#6 C:/Users/israe/OneDrive/Desktop/Pasantia/Proyectos/recursos-humanos/vendor/laravel/framework/src/Illuminate/Database/Eloquent/Builder.php(811): Illuminate/Database/Query/Builder->get()
#7 C:/Users/israe/OneDrive/Desktop/Pasantia/Proyectos/recursos-humanos/vendor/laravel/framework/src/Illuminate/Database/Eloquent/Builder.php(793): Illuminate/Database/Eloquent/Builder->getModels()
#8 C:/Users/israe/OneDrive/Desktop/Pasantia/Proyectos/recursos-humanos/vendor/laravel/framework/src/Illuminate/Database/Concerns/BuildsQueries.php(343): Illuminate/Database/Eloquent/Builder->get()
#9 C:/Users/israe/OneDrive/Desktop/Pasantia/Proyectos/recursos-humanos/vendor/laravel/framework/src/Illuminate/Auth/EloquentUserProvider.php(59): Illuminate/Database/Eloquent/Builder->first()
#10 C:/Users/israe/OneDrive/Desktop/Pasantia/Proyectos/recursos-humanos/vendor/laravel/framework/src/Illuminate/Auth/SessionGuard.php(180): Illuminate/Auth/EloquentUserProvider->retrieveById()
#11 C:/Users/israe/OneDrive/Desktop/Pasantia/Proyectos/recursos-humanos/vendor/laravel/framework/src/Illuminate/Auth/GuardHelpers.php(56): Illuminate/Auth/SessionGuard->user()
#12 C:/Users/israe/OneDrive/Desktop/Pasantia/Proyectos/recursos-humanos/vendor/laravel/framework/src/Illuminate/Auth/Middleware/Authenticate.php(83): Illuminate/Auth/SessionGuard->check()
#13 C:/Users/israe/OneDrive/Desktop/Pasantia/Proyectos/recursos-humanos/vendor/laravel/framework/src/Illuminate/Auth/Middleware/Authenticate.php(62): Illuminate/Auth/Middleware/Authenticate->authenticate()
#14 C:/Users/israe/OneDrive/Desktop/Pasantia/Proyectos/recursos-humanos/vendor/laravel/framework/src/Illuminate/Pipeline/Pipeline.php(209): Illuminate/Auth/Middleware/Authenticate->handle()
#15 C:/Users/israe/OneDrive/Desktop/Pasantia/Proyectos/recursos-humanos/vendor/laravel/framework/src/Illuminate/Foundation/Http/Middleware/VerifyCsrfToken.php(88): Illuminate/Pipeline/Pipeline->Illuminate/Pipeline/{closure}()
#16 C:/Users/israe/OneDrive/Desktop/Pasantia/Proyectos/recursos-humanos/vendor/laravel/framework/src/Illuminate/Pipeline/Pipeline.php(209): Illuminate/Foundation/Http/Middleware/VerifyCsrfToken->handle()
#17 C:/Users/israe/OneDrive/Desktop/Pasantia/Proyectos/recursos-humanos/vendor/laravel/framework/src/Illuminate/View/Middleware/ShareErrorsFromSession.php(49): Illuminate/Pipeline/Pipeline->Illuminate/Pipeline/{closure}()
#18 C:/Users/israe/OneDrive/Desktop/Pasantia/Proyectos/recursos-humanos/vendor/laravel/framework/src/Illuminate/Pipeline/Pipeline.php(209): Illuminate/View/Middleware/ShareErrorsFromSession->handle()
#19 C:/Users/israe/OneDrive/Desktop/Pasantia/Proyectos/recursos-humanos/vendor/laravel/framework/src/Illuminate/Session/Middleware/StartSession.php(121): Illuminate/Pipeline/Pipeline->Illuminate/Pipeline/{closure}()
#20 C:/Users/israe/OneDrive/Desktop/Pasantia/Proyectos/recursos-humanos/vendor/laravel/framework/src/Illuminate/Session/Middleware/StartSession.php(64): Illuminate/Session/Middleware/StartSession->handleStatefulRequest()
#21 C:/Users/israe/OneDrive/Desktop/Pasantia/Proyectos/recursos-humanos/vendor/laravel/framework/src/Illuminate/Pipeline/Pipeline.php(209): Illuminate/Session/Middleware/StartSession->handle()
#22 C:/Users/israe/OneDrive/Desktop/Pasantia/Proyectos/recursos-humanos/vendor/laravel/framework/src/Illuminate/Cookie/Middleware/AddQueuedCookiesToResponse.php(37): Illuminate/Pipeline/Pipeline->Illuminate/Pipeline/{closure}()
#23 C:/Users/israe/OneDrive/Desktop/Pasantia/Proyectos/recursos-humanos/vendor/laravel/framework/src/Illuminate/Pipeline/Pipeline.php(209): Illuminate/Cookie/Middleware/AddQueuedCookiesToResponse->handle()
#24 C:/Users/israe/OneDrive/Desktop/Pasantia/Proyectos/recursos-humanos/vendor/laravel/framework/src/Illuminate/Cookie/Middleware/EncryptCookies.php(75): Illuminate/Pipeline/Pipeline->Illuminate/Pipeline/{closure}()
#25 C:/Users/israe/OneDrive/Desktop/Pasantia/Proyectos/recursos-humanos/vendor/laravel/framework/src/Illuminate/Pipeline/Pipeline.php(209): Illuminate/Cookie/Middleware/EncryptCookies->handle()
#26 C:/Users/israe/OneDrive/Desktop/Pasantia/Proyectos/recursos-humanos/vendor/laravel/framework/src/Illuminate/Pipeline/Pipeline.php(127): Illuminate/Pipeline/Pipeline->Illuminate/Pipeline/{closure}()
#27 C:/Users/israe/OneDrive/Desktop/Pasantia/Proyectos/recursos-humanos/vendor/laravel/framework/src/Illuminate/Routing/Router.php(807): Illuminate/Pipeline/Pipeline->then()
#28 C:/Users/israe/OneDrive/Desktop/Pasantia/Proyectos/recursos-humanos/vendor/laravel/framework/src/Illuminate/Routing/Router.php(786): Illuminate/Routing/Router->runRouteWithinStack()
#29 C:/Users/israe/OneDrive/Desktop/Pasantia/Proyectos/recursos-humanos/vendor/laravel/framework/src/Illuminate/Routing/Router.php(750): Illuminate/Routing/Router->runRoute()
#30 C:/Users/israe/OneDrive/Desktop/Pasantia/Proyectos/recursos-humanos/vendor/laravel/framework/src/Illuminate/Routing/Router.php(739): Illuminate/Routing/Router->dispatchToRoute()
#31 C:/Users/israe/OneDrive/Desktop/Pasantia/Proyectos/recursos-humanos/vendor/laravel/framework/src/Illuminate/Foundation/Http/Kernel.php(201): Illuminate/Routing/Router->dispatch()
#32 C:/Users/israe/OneDrive/Desktop/Pasantia/Proyectos/recursos-humanos/vendor/laravel/framework/src/Illuminate/Pipeline/Pipeline.php(170): Illuminate/Foundation/Http/Kernel->Illuminate/Foundation/Http/{closure}()
#33 C:/Users/israe/OneDrive/Desktop/Pasantia/Proyectos/recursos-humanos/vendor/livewire/livewire/src/Features/SupportDisablingBackButtonCache/DisableBackButtonCacheMiddleware.php(19): Illuminate/Pipeline/Pipeline->Illuminate/Pipeline/{closure}()
#34 C:/Users/israe/OneDrive/Desktop/Pasantia/Proyectos/recursos-humanos/vendor/laravel/framework/src/Illuminate/Pipeline/Pipeline.php(209): Livewire/Features/SupportDisablingBackButtonCache/DisableBackButtonCacheMiddleware->handle()
#35 C:/Users/israe/OneDrive/Desktop/Pasantia/Proyectos/recursos-humanos/vendor/laravel/framework/src/Illuminate/Foundation/Http/Middleware/TransformsRequest.php(21): Illuminate/Pipeline/Pipeline->Illuminate/Pipeline/{closure}()
#36 C:/Users/israe/OneDrive/Desktop/Pasantia/Proyectos/recursos-humanos/vendor/laravel/framework/src/Illuminate/Foundation/Http/Middleware/ConvertEmptyStringsToNull.php(31): Illuminate/Foundation/Http/Middleware/TransformsRequest->handle()
#37 C:/Users/israe/OneDrive/Desktop/Pasantia/Proyectos/recursos-humanos/vendor/laravel/framework/src/Illuminate/Pipeline/Pipeline.php(209): Illuminate/Foundation/Http/Middleware/ConvertEmptyStringsToNull->handle()
#38 C:/Users/israe/OneDrive/Desktop/Pasantia/Proyectos/recursos-humanos/vendor/laravel/framework/src/Illuminate/Foundation/Http/Middleware/TransformsRequest.php(21): Illuminate/Pipeline/Pipeline->Illuminate/Pipeline/{closure}()
#39 C:/Users/israe/OneDrive/Desktop/Pasantia/Proyectos/recursos-humanos/vendor/laravel/framework/src/Illuminate/Foundation/Http/Middleware/TrimStrings.php(51): Illuminate/Foundation/Http/Middleware/TransformsRequest->handle()
#40 C:/Users/israe/OneDrive/Desktop/Pasantia/Proyectos/recursos-humanos/vendor/laravel/framework/src/Illuminate/Pipeline/Pipeline.php(209): Illuminate/Foundation/Http/Middleware/TrimStrings->handle()
#41 C:/Users/israe/OneDrive/Desktop/Pasantia/Proyectos/recursos-humanos/vendor/laravel/framework/src/Illuminate/Http/Middleware/ValidatePostSize.php(27): Illuminate/Pipeline/Pipeline->Illuminate/Pipeline/{closure}()
#42 C:/Users/israe/OneDrive/Desktop/Pasantia/Proyectos/recursos-humanos/vendor/laravel/framework/src/Illuminate/Pipeline/Pipeline.php(209): Illuminate/Http/Middleware/ValidatePostSize->handle()
#43 C:/Users/israe/OneDrive/Desktop/Pasantia/Proyectos/recursos-humanos/vendor/laravel/framework/src/Illuminate/Foundation/Http/Middleware/PreventRequestsDuringMaintenance.php(110): Illuminate/Pipeline/Pipeline->Illuminate/Pipeline/{closure}()
#44 C:/Users/israe/OneDrive/Desktop/Pasantia/Proyectos/recursos-humanos/vendor/laravel/framework/src/Illuminate/Pipeline/Pipeline.php(209): Illuminate/Foundation/Http/Middleware/PreventRequestsDuringMaintenance->handle()
#45 C:/Users/israe/OneDrive/Desktop/Pasantia/Proyectos/recursos-humanos/vendor/laravel/framework/src/Illuminate/Http/Middleware/HandleCors.php(49): Illuminate/Pipeline/Pipeline->Illuminate/Pipeline/{closure}()
#46 C:/Users/israe/OneDrive/Desktop/Pasantia/Proyectos/recursos-humanos/vendor/laravel/framework/src/Illuminate/Pipeline/Pipeline.php(209): Illuminate/Http/Middleware/HandleCors->handle()
#47 C:/Users/israe/OneDrive/Desktop/Pasantia/Proyectos/recursos-humanos/vendor/laravel/framework/src/Illuminate/Http/Middleware/TrustProxies.php(58): Illuminate/Pipeline/Pipeline->Illuminate/Pipeline/{closure}()
#48 C:/Users/israe/OneDrive/Desktop/Pasantia/Proyectos/recursos-humanos/vendor/laravel/framework/src/Illuminate/Pipeline/Pipeline.php(209): Illuminate/Http/Middleware/TrustProxies->handle()
#49 C:/Users/israe/OneDrive/Desktop/Pasantia/Proyectos/recursos-humanos/vendor/laravel/framework/src/Illuminate/Foundation/Http/Middleware/InvokeDeferredCallbacks.php(22): Illuminate/Pipeline/Pipeline->Illuminate/Pipeline/{closure}()
#50 C:/Users/israe/OneDrive/Desktop/Pasantia/Proyectos/recursos-humanos/vendor/laravel/framework/src/Illuminate/Pipeline/Pipeline.php(209): Illuminate/Foundation/Http/Middleware/InvokeDeferredCallbacks->handle()
#51 C:/Users/israe/OneDrive/Desktop/Pasantia/Proyectos/recursos-humanos/vendor/laravel/framework/src/Illuminate/Pipeline/Pipeline.php(127): Illuminate/Pipeline/Pipeline->Illuminate/Pipeline/{closure}()
#52 C:/Users/israe/OneDrive/Desktop/Pasantia/Proyectos/recursos-humanos/vendor/laravel/framework/src/Illuminate/Foundation/Http/Kernel.php(176): Illuminate/Pipeline/Pipeline->then()
#53 C:/Users/israe/OneDrive/Desktop/Pasantia/Proyectos/recursos-humanos/vendor/laravel/framework/src/Illuminate/Foundation/Http/Kernel.php(145): Illuminate/Foundation/Http/Kernel->sendRequestThroughRouter()
#54 C:/Users/israe/OneDrive/Desktop/Pasantia/Proyectos/recursos-humanos/vendor/laravel/framework/src/Illuminate/Foundation/Application.php(1220): Illuminate/Foundation/Http/Kernel->handle()
#55 C:/Users/israe/OneDrive/Desktop/Pasantia/Proyectos/recursos-humanos/public/index.php(17): Illuminate/Foundation/Application->handleRequest()
#56 C:/Users/israe/OneDrive/Desktop/Pasantia/Proyectos/recursos-humanos/vendor/laravel/framework/src/Illuminate/Foundation/resources/server.php(23): require_once('...')
#57 {main}

[previous exception] [object] (PDOException(code: 42P01): SQLSTATE[42P01]: Undefined table: 7 ERROR:  no existe la relación «users»
LINE 1: select * from \"users\" where \"id\" = $1 limit 1
                      ^ at C:/Users/israe/OneDrive/Desktop/Pasantia/Proyectos/recursos-humanos/vendor/laravel/framework/src/Illuminate/Database/Connection.php:412)
[stacktrace]
#0 C:/Users/israe/OneDrive/Desktop/Pasantia/Proyectos/recursos-humanos/vendor/laravel/framework/src/Illuminate/Database/Connection.php(412): PDOStatement->execute()
#1 C:/Users/israe/OneDrive/Desktop/Pasantia/Proyectos/recursos-humanos/vendor/laravel/framework/src/Illuminate/Database/Connection.php(812): Illuminate/Database/Connection->Illuminate/Database/{closure}()
#2 C:/Users/israe/OneDrive/Desktop/Pasantia/Proyectos/recursos-humanos/vendor/laravel/framework/src/Illuminate/Database/Connection.php(779): Illuminate/Database/Connection->runQueryCallback()
#3 C:/Users/israe/OneDrive/Desktop/Pasantia/Proyectos/recursos-humanos/vendor/laravel/framework/src/Illuminate/Database/Connection.php(398): Illuminate/Database/Connection->run()
#4 C:/Users/israe/OneDrive/Desktop/Pasantia/Proyectos/recursos-humanos/vendor/laravel/framework/src/Illuminate/Database/Query/Builder.php(3106): Illuminate/Database/Connection->select()
#5 C:/Users/israe/OneDrive/Desktop/Pasantia/Proyectos/recursos-humanos/vendor/laravel/framework/src/Illuminate/Database/Query/Builder.php(3091): Illuminate/Database/Query/Builder->runSelect()
#6 C:/Users/israe/OneDrive/Desktop/Pasantia/Proyectos/recursos-humanos/vendor/laravel/framework/src/Illuminate/Database/Query/Builder.php(3676): Illuminate/Database/Query/Builder->Illuminate/Database/Query/{closure}()
#7 C:/Users/israe/OneDrive/Desktop/Pasantia/Proyectos/recursos-humanos/vendor/laravel/framework/src/Illuminate/Database/Query/Builder.php(3090): Illuminate/Database/Query/Builder->onceWithColumns()
#8 C:/Users/israe/OneDrive/Desktop/Pasantia/Proyectos/recursos-humanos/vendor/laravel/framework/src/Illuminate/Database/Eloquent/Builder.php(811): Illuminate/Database/Query/Builder->get()
#9 C:/Users/israe/OneDrive/Desktop/Pasantia/Proyectos/recursos-humanos/vendor/laravel/framework/src/Illuminate/Database/Eloquent/Builder.php(793): Illuminate/Database/Eloquent/Builder->getModels()
#10 C:/Users/israe/OneDrive/Desktop/Pasantia/Proyectos/recursos-humanos/vendor/laravel/framework/src/Illuminate/Database/Concerns/BuildsQueries.php(343): Illuminate/Database/Eloquent/Builder->get()
#11 C:/Users/israe/OneDrive/Desktop/Pasantia/Proyectos/recursos-humanos/vendor/laravel/framework/src/Illuminate/Auth/EloquentUserProvider.php(59): Illuminate/Database/Eloquent/Builder->first()
#12 C:/Users/israe/OneDrive/Desktop/Pasantia/Proyectos/recursos-humanos/vendor/laravel/framework/src/Illuminate/Auth/SessionGuard.php(180): Illuminate/Auth/EloquentUserProvider->retrieveById()
#13 C:/Users/israe/OneDrive/Desktop/Pasantia/Proyectos/recursos-humanos/vendor/laravel/framework/src/Illuminate/Auth/GuardHelpers.php(56): Illuminate/Auth/SessionGuard->user()
#14 C:/Users/israe/OneDrive/Desktop/Pasantia/Proyectos/recursos-humanos/vendor/laravel/framework/src/Illuminate/Auth/Middleware/Authenticate.php(83): Illuminate/Auth/SessionGuard->check()
#15 C:/Users/israe/OneDrive/Desktop/Pasantia/Proyectos/recursos-humanos/vendor/laravel/framework/src/Illuminate/Auth/Middleware/Authenticate.php(62): Illuminate/Auth/Middleware/Authenticate->authenticate()
#16 C:/Users/israe/OneDrive/Desktop/Pasantia/Proyectos/recursos-humanos/vendor/laravel/framework/src/Illuminate/Pipeline/Pipeline.php(209): Illuminate/Auth/Middleware/Authenticate->handle()
#17 C:/Users/israe/OneDrive/Desktop/Pasantia/Proyectos/recursos-humanos/vendor/laravel/framework/src/Illuminate/Foundation/Http/Middleware/VerifyCsrfToken.php(88): Illuminate/Pipeline/Pipeline->Illuminate/Pipeline/{closure}()
#18 C:/Users/israe/OneDrive/Desktop/Pasantia/Proyectos/recursos-humanos/vendor/laravel/framework/src/Illuminate/Pipeline/Pipeline.php(209): Illuminate/Foundation/Http/Middleware/VerifyCsrfToken->handle()
#19 C:/Users/israe/OneDrive/Desktop/Pasantia/Proyectos/recursos-humanos/vendor/laravel/framework/src/Illuminate/View/Middleware/ShareErrorsFromSession.php(49): Illuminate/Pipeline/Pipeline->Illuminate/Pipeline/{closure}()
#20 C:/Users/israe/OneDrive/Desktop/Pasantia/Proyectos/recursos-humanos/vendor/laravel/framework/src/Illuminate/Pipeline/Pipeline.php(209): Illuminate/View/Middleware/ShareErrorsFromSession->handle()
#21 C:/Users/israe/OneDrive/Desktop/Pasantia/Proyectos/recursos-humanos/vendor/laravel/framework/src/Illuminate/Session/Middleware/StartSession.php(121): Illuminate/Pipeline/Pipeline->Illuminate/Pipeline/{closure}()
#22 C:/Users/israe/OneDrive/Desktop/Pasantia/Proyectos/recursos-humanos/vendor/laravel/framework/src/Illuminate/Session/Middleware/StartSession.php(64): Illuminate/Session/Middleware/StartSession->handleStatefulRequest()
#23 C:/Users/israe/OneDrive/Desktop/Pasantia/Proyectos/recursos-humanos/vendor/laravel/framework/src/Illuminate/Pipeline/Pipeline.php(209): Illuminate/Session/Middleware/StartSession->handle()
#24 C:/Users/israe/OneDrive/Desktop/Pasantia/Proyectos/recursos-humanos/vendor/laravel/framework/src/Illuminate/Cookie/Middleware/AddQueuedCookiesToResponse.php(37): Illuminate/Pipeline/Pipeline->Illuminate/Pipeline/{closure}()
#25 C:/Users/israe/OneDrive/Desktop/Pasantia/Proyectos/recursos-humanos/vendor/laravel/framework/src/Illuminate/Pipeline/Pipeline.php(209): Illuminate/Cookie/Middleware/AddQueuedCookiesToResponse->handle()
#26 C:/Users/israe/OneDrive/Desktop/Pasantia/Proyectos/recursos-humanos/vendor/laravel/framework/src/Illuminate/Cookie/Middleware/EncryptCookies.php(75): Illuminate/Pipeline/Pipeline->Illuminate/Pipeline/{closure}()
#27 C:/Users/israe/OneDrive/Desktop/Pasantia/Proyectos/recursos-humanos/vendor/laravel/framework/src/Illuminate/Pipeline/Pipeline.php(209): Illuminate/Cookie/Middleware/EncryptCookies->handle()
#28 C:/Users/israe/OneDrive/Desktop/Pasantia/Proyectos/recursos-humanos/vendor/laravel/framework/src/Illuminate/Pipeline/Pipeline.php(127): Illuminate/Pipeline/Pipeline->Illuminate/Pipeline/{closure}()
#29 C:/Users/israe/OneDrive/Desktop/Pasantia/Proyectos/recursos-humanos/vendor/laravel/framework/src/Illuminate/Routing/Router.php(807): Illuminate/Pipeline/Pipeline->then()
#30 C:/Users/israe/OneDrive/Desktop/Pasantia/Proyectos/recursos-humanos/vendor/laravel/framework/src/Illuminate/Routing/Router.php(786): Illuminate/Routing/Router->runRouteWithinStack()
#31 C:/Users/israe/OneDrive/Desktop/Pasantia/Proyectos/recursos-humanos/vendor/laravel/framework/src/Illuminate/Routing/Router.php(750): Illuminate/Routing/Router->runRoute()
#32 C:/Users/israe/OneDrive/Desktop/Pasantia/Proyectos/recursos-humanos/vendor/laravel/framework/src/Illuminate/Routing/Router.php(739): Illuminate/Routing/Router->dispatchToRoute()
#33 C:/Users/israe/OneDrive/Desktop/Pasantia/Proyectos/recursos-humanos/vendor/laravel/framework/src/Illuminate/Foundation/Http/Kernel.php(201): Illuminate/Routing/Router->dispatch()
#34 C:/Users/israe/OneDrive/Desktop/Pasantia/Proyectos/recursos-humanos/vendor/laravel/framework/src/Illuminate/Pipeline/Pipeline.php(170): Illuminate/Foundation/Http/Kernel->Illuminate/Foundation/Http/{closure}()
#35 C:/Users/israe/OneDrive/Desktop/Pasantia/Proyectos/recursos-humanos/vendor/livewire/livewire/src/Features/SupportDisablingBackButtonCache/DisableBackButtonCacheMiddleware.php(19): Illuminate/Pipeline/Pipeline->Illuminate/Pipeline/{closure}()
#36 C:/Users/israe/OneDrive/Desktop/Pasantia/Proyectos/recursos-humanos/vendor/laravel/framework/src/Illuminate/Pipeline/Pipeline.php(209): Livewire/Features/SupportDisablingBackButtonCache/DisableBackButtonCacheMiddleware->handle()
#37 C:/Users/israe/OneDrive/Desktop/Pasantia/Proyectos/recursos-humanos/vendor/laravel/framework/src/Illuminate/Foundation/Http/Middleware/TransformsRequest.php(21): Illuminate/Pipeline/Pipeline->Illuminate/Pipeline/{closure}()
#38 C:/Users/israe/OneDrive/Desktop/Pasantia/Proyectos/recursos-humanos/vendor/laravel/framework/src/Illuminate/Foundation/Http/Middleware/ConvertEmptyStringsToNull.php(31): Illuminate/Foundation/Http/Middleware/TransformsRequest->handle()
#39 C:/Users/israe/OneDrive/Desktop/Pasantia/Proyectos/recursos-humanos/vendor/laravel/framework/src/Illuminate/Pipeline/Pipeline.php(209): Illuminate/Foundation/Http/Middleware/ConvertEmptyStringsToNull->handle()
#40 C:/Users/israe/OneDrive/Desktop/Pasantia/Proyectos/recursos-humanos/vendor/laravel/framework/src/Illuminate/Foundation/Http/Middleware/TransformsRequest.php(21): Illuminate/Pipeline/Pipeline->Illuminate/Pipeline/{closure}()
#41 C:/Users/israe/OneDrive/Desktop/Pasantia/Proyectos/recursos-humanos/vendor/laravel/framework/src/Illuminate/Foundation/Http/Middleware/TrimStrings.php(51): Illuminate/Foundation/Http/Middleware/TransformsRequest->handle()
#42 C:/Users/israe/OneDrive/Desktop/Pasantia/Proyectos/recursos-humanos/vendor/laravel/framework/src/Illuminate/Pipeline/Pipeline.php(209): Illuminate/Foundation/Http/Middleware/TrimStrings->handle()
#43 C:/Users/israe/OneDrive/Desktop/Pasantia/Proyectos/recursos-humanos/vendor/laravel/framework/src/Illuminate/Http/Middleware/ValidatePostSize.php(27): Illuminate/Pipeline/Pipeline->Illuminate/Pipeline/{closure}()
#44 C:/Users/israe/OneDrive/Desktop/Pasantia/Proyectos/recursos-humanos/vendor/laravel/framework/src/Illuminate/Pipeline/Pipeline.php(209): Illuminate/Http/Middleware/ValidatePostSize->handle()
#45 C:/Users/israe/OneDrive/Desktop/Pasantia/Proyectos/recursos-humanos/vendor/laravel/framework/src/Illuminate/Foundation/Http/Middleware/PreventRequestsDuringMaintenance.php(110): Illuminate/Pipeline/Pipeline->Illuminate/Pipeline/{closure}()
#46 C:/Users/israe/OneDrive/Desktop/Pasantia/Proyectos/recursos-humanos/vendor/laravel/framework/src/Illuminate/Pipeline/Pipeline.php(209): Illuminate/Foundation/Http/Middleware/PreventRequestsDuringMaintenance->handle()
#47 C:/Users/israe/OneDrive/Desktop/Pasantia/Proyectos/recursos-humanos/vendor/laravel/framework/src/Illuminate/Http/Middleware/HandleCors.php(49): Illuminate/Pipeline/Pipeline->Illuminate/Pipeline/{closure}()
#48 C:/Users/israe/OneDrive/Desktop/Pasantia/Proyectos/recursos-humanos/vendor/laravel/framework/src/Illuminate/Pipeline/Pipeline.php(209): Illuminate/Http/Middleware/HandleCors->handle()
#49 C:/Users/israe/OneDrive/Desktop/Pasantia/Proyectos/recursos-humanos/vendor/laravel/framework/src/Illuminate/Http/Middleware/TrustProxies.php(58): Illuminate/Pipeline/Pipeline->Illuminate/Pipeline/{closure}()
#50 C:/Users/israe/OneDrive/Desktop/Pasantia/Proyectos/recursos-humanos/vendor/laravel/framework/src/Illuminate/Pipeline/Pipeline.php(209): Illuminate/Http/Middleware/TrustProxies->handle()
#51 C:/Users/israe/OneDrive/Desktop/Pasantia/Proyectos/recursos-humanos/vendor/laravel/framework/src/Illuminate/Foundation/Http/Middleware/InvokeDeferredCallbacks.php(22): Illuminate/Pipeline/Pipeline->Illuminate/Pipeline/{closure}()
#52 C:/Users/israe/OneDrive/Desktop/Pasantia/Proyectos/recursos-humanos/vendor/laravel/framework/src/Illuminate/Pipeline/Pipeline.php(209): Illuminate/Foundation/Http/Middleware/InvokeDeferredCallbacks->handle()
#53 C:/Users/israe/OneDrive/Desktop/Pasantia/Proyectos/recursos-humanos/vendor/laravel/framework/src/Illuminate/Pipeline/Pipeline.php(127): Illuminate/Pipeline/Pipeline->Illuminate/Pipeline/{closure}()
#54 C:/Users/israe/OneDrive/Desktop/Pasantia/Proyectos/recursos-humanos/vendor/laravel/framework/src/Illuminate/Foundation/Http/Kernel.php(176): Illuminate/Pipeline/Pipeline->then()
#55 C:/Users/israe/OneDrive/Desktop/Pasantia/Proyectos/recursos-humanos/vendor/laravel/framework/src/Illuminate/Foundation/Http/Kernel.php(145): Illuminate/Foundation/Http/Kernel->sendRequestThroughRouter()
#56 C:/Users/israe/OneDrive/Desktop/Pasantia/Proyectos/recursos-humanos/vendor/laravel/framework/src/Illuminate/Foundation/Application.php(1220): Illuminate/Foundation/Http/Kernel->handle()
#57 C:/Users/israe/OneDrive/Desktop/Pasantia/Proyectos/recursos-humanos/public/index.php(17): Illuminate/Foundation/Application->handleRequest()
#58 C:/Users/israe/OneDrive/Desktop/Pasantia/Proyectos/recursos-humanos/vendor/laravel/framework/src/Illuminate/Foundation/resources/server.php(23): require_once('...')
#59 {main}
"} 
[2026-07-21 11:37:57] local.ERROR: SQLSTATE[42P01]: Undefined table: 7 ERROR:  no existe la relación «users»
LINE 1: select * from "users" where "id" = $1 limit 1
                      ^ (Connection: pgsql, SQL: select * from "users" where "id" = 2 limit 1) {"exception":"[object] (Illuminate\\Database\\QueryException(code: 42P01): SQLSTATE[42P01]: Undefined table: 7 ERROR:  no existe la relación «users»
LINE 1: select * from \"users\" where \"id\" = $1 limit 1
                      ^ (Connection: pgsql, SQL: select * from \"users\" where \"id\" = 2 limit 1) at C:/Users/israe/OneDrive/Desktop/Pasantia/Proyectos/recursos-humanos/vendor/laravel/framework/src/Illuminate/Database/Connection.php:825)
[stacktrace]
#0 C:/Users/israe/OneDrive/Desktop/Pasantia/Proyectos/recursos-humanos/vendor/laravel/framework/src/Illuminate/Database/Connection.php(779): Illuminate/Database/Connection->runQueryCallback()
#1 C:/Users/israe/OneDrive/Desktop/Pasantia/Proyectos/recursos-humanos/vendor/laravel/framework/src/Illuminate/Database/Connection.php(398): Illuminate/Database/Connection->run()
#2 C:/Users/israe/OneDrive/Desktop/Pasantia/Proyectos/recursos-humanos/vendor/laravel/framework/src/Illuminate/Database/Query/Builder.php(3106): Illuminate/Database/Connection->select()
#3 C:/Users/israe/OneDrive/Desktop/Pasantia/Proyectos/recursos-humanos/vendor/laravel/framework/src/Illuminate/Database/Query/Builder.php(3091): Illuminate/Database/Query/Builder->runSelect()
#4 C:/Users/israe/OneDrive/Desktop/Pasantia/Proyectos/recursos-humanos/vendor/laravel/framework/src/Illuminate/Database/Query/Builder.php(3676): Illuminate/Database/Query/Builder->Illuminate/Database/Query/{closure}()
#5 C:/Users/israe/OneDrive/Desktop/Pasantia/Proyectos/recursos-humanos/vendor/laravel/framework/src/Illuminate/Database/Query/Builder.php(3090): Illuminate/Database/Query/Builder->onceWithColumns()
#6 C:/Users/israe/OneDrive/Desktop/Pasantia/Proyectos/recursos-humanos/vendor/laravel/framework/src/Illuminate/Database/Eloquent/Builder.php(811): Illuminate/Database/Query/Builder->get()
#7 C:/Users/israe/OneDrive/Desktop/Pasantia/Proyectos/recursos-humanos/vendor/laravel/framework/src/Illuminate/Database/Eloquent/Builder.php(793): Illuminate/Database/Eloquent/Builder->getModels()
#8 C:/Users/israe/OneDrive/Desktop/Pasantia/Proyectos/recursos-humanos/vendor/laravel/framework/src/Illuminate/Database/Concerns/BuildsQueries.php(343): Illuminate/Database/Eloquent/Builder->get()
#9 C:/Users/israe/OneDrive/Desktop/Pasantia/Proyectos/recursos-humanos/vendor/laravel/framework/src/Illuminate/Auth/EloquentUserProvider.php(59): Illuminate/Database/Eloquent/Builder->first()
#10 C:/Users/israe/OneDrive/Desktop/Pasantia/Proyectos/recursos-humanos/vendor/laravel/framework/src/Illuminate/Auth/SessionGuard.php(180): Illuminate/Auth/EloquentUserProvider->retrieveById()
#11 C:/Users/israe/OneDrive/Desktop/Pasantia/Proyectos/recursos-humanos/vendor/laravel/framework/src/Illuminate/Auth/GuardHelpers.php(56): Illuminate/Auth/SessionGuard->user()
#12 C:/Users/israe/OneDrive/Desktop/Pasantia/Proyectos/recursos-humanos/vendor/laravel/framework/src/Illuminate/Auth/Middleware/Authenticate.php(83): Illuminate/Auth/SessionGuard->check()
#13 C:/Users/israe/OneDrive/Desktop/Pasantia/Proyectos/recursos-humanos/vendor/laravel/framework/src/Illuminate/Auth/Middleware/Authenticate.php(62): Illuminate/Auth/Middleware/Authenticate->authenticate()
#14 C:/Users/israe/OneDrive/Desktop/Pasantia/Proyectos/recursos-humanos/vendor/laravel/framework/src/Illuminate/Pipeline/Pipeline.php(209): Illuminate/Auth/Middleware/Authenticate->handle()
#15 C:/Users/israe/OneDrive/Desktop/Pasantia/Proyectos/recursos-humanos/vendor/laravel/framework/src/Illuminate/Foundation/Http/Middleware/VerifyCsrfToken.php(88): Illuminate/Pipeline/Pipeline->Illuminate/Pipeline/{closure}()
#16 C:/Users/israe/OneDrive/Desktop/Pasantia/Proyectos/recursos-humanos/vendor/laravel/framework/src/Illuminate/Pipeline/Pipeline.php(209): Illuminate/Foundation/Http/Middleware/VerifyCsrfToken->handle()
#17 C:/Users/israe/OneDrive/Desktop/Pasantia/Proyectos/recursos-humanos/vendor/laravel/framework/src/Illuminate/View/Middleware/ShareErrorsFromSession.php(49): Illuminate/Pipeline/Pipeline->Illuminate/Pipeline/{closure}()
#18 C:/Users/israe/OneDrive/Desktop/Pasantia/Proyectos/recursos-humanos/vendor/laravel/framework/src/Illuminate/Pipeline/Pipeline.php(209): Illuminate/View/Middleware/ShareErrorsFromSession->handle()
#19 C:/Users/israe/OneDrive/Desktop/Pasantia/Proyectos/recursos-humanos/vendor/laravel/framework/src/Illuminate/Session/Middleware/StartSession.php(121): Illuminate/Pipeline/Pipeline->Illuminate/Pipeline/{closure}()
#20 C:/Users/israe/OneDrive/Desktop/Pasantia/Proyectos/recursos-humanos/vendor/laravel/framework/src/Illuminate/Session/Middleware/StartSession.php(64): Illuminate/Session/Middleware/StartSession->handleStatefulRequest()
#21 C:/Users/israe/OneDrive/Desktop/Pasantia/Proyectos/recursos-humanos/vendor/laravel/framework/src/Illuminate/Pipeline/Pipeline.php(209): Illuminate/Session/Middleware/StartSession->handle()
#22 C:/Users/israe/OneDrive/Desktop/Pasantia/Proyectos/recursos-humanos/vendor/laravel/framework/src/Illuminate/Cookie/Middleware/AddQueuedCookiesToResponse.php(37): Illuminate/Pipeline/Pipeline->Illuminate/Pipeline/{closure}()
#23 C:/Users/israe/OneDrive/Desktop/Pasantia/Proyectos/recursos-humanos/vendor/laravel/framework/src/Illuminate/Pipeline/Pipeline.php(209): Illuminate/Cookie/Middleware/AddQueuedCookiesToResponse->handle()
#24 C:/Users/israe/OneDrive/Desktop/Pasantia/Proyectos/recursos-humanos/vendor/laravel/framework/src/Illuminate/Cookie/Middleware/EncryptCookies.php(75): Illuminate/Pipeline/Pipeline->Illuminate/Pipeline/{closure}()
#25 C:/Users/israe/OneDrive/Desktop/Pasantia/Proyectos/recursos-humanos/vendor/laravel/framework/src/Illuminate/Pipeline/Pipeline.php(209): Illuminate/Cookie/Middleware/EncryptCookies->handle()
#26 C:/Users/israe/OneDrive/Desktop/Pasantia/Proyectos/recursos-humanos/vendor/laravel/framework/src/Illuminate/Pipeline/Pipeline.php(127): Illuminate/Pipeline/Pipeline->Illuminate/Pipeline/{closure}()
#27 C:/Users/israe/OneDrive/Desktop/Pasantia/Proyectos/recursos-humanos/vendor/laravel/framework/src/Illuminate/Routing/Router.php(807): Illuminate/Pipeline/Pipeline->then()
#28 C:/Users/israe/OneDrive/Desktop/Pasantia/Proyectos/recursos-humanos/vendor/laravel/framework/src/Illuminate/Routing/Router.php(786): Illuminate/Routing/Router->runRouteWithinStack()
#29 C:/Users/israe/OneDrive/Desktop/Pasantia/Proyectos/recursos-humanos/vendor/laravel/framework/src/Illuminate/Routing/Router.php(750): Illuminate/Routing/Router->runRoute()
#30 C:/Users/israe/OneDrive/Desktop/Pasantia/Proyectos/recursos-humanos/vendor/laravel/framework/src/Illuminate/Routing/Router.php(739): Illuminate/Routing/Router->dispatchToRoute()
#31 C:/Users/israe/OneDrive/Desktop/Pasantia/Proyectos/recursos-humanos/vendor/laravel/framework/src/Illuminate/Foundation/Http/Kernel.php(201): Illuminate/Routing/Router->dispatch()
#32 C:/Users/israe/OneDrive/Desktop/Pasantia/Proyectos/recursos-humanos/vendor/laravel/framework/src/Illuminate/Pipeline/Pipeline.php(170): Illuminate/Foundation/Http/Kernel->Illuminate/Foundation/Http/{closure}()
#33 C:/Users/israe/OneDrive/Desktop/Pasantia/Proyectos/recursos-humanos/vendor/livewire/livewire/src/Features/SupportDisablingBackButtonCache/DisableBackButtonCacheMiddleware.php(19): Illuminate/Pipeline/Pipeline->Illuminate/Pipeline/{closure}()
#34 C:/Users/israe/OneDrive/Desktop/Pasantia/Proyectos/recursos-humanos/vendor/laravel/framework/src/Illuminate/Pipeline/Pipeline.php(209): Livewire/Features/SupportDisablingBackButtonCache/DisableBackButtonCacheMiddleware->handle()
#35 C:/Users/israe/OneDrive/Desktop/Pasantia/Proyectos/recursos-humanos/vendor/laravel/framework/src/Illuminate/Foundation/Http/Middleware/TransformsRequest.php(21): Illuminate/Pipeline/Pipeline->Illuminate/Pipeline/{closure}()
#36 C:/Users/israe/OneDrive/Desktop/Pasantia/Proyectos/recursos-humanos/vendor/laravel/framework/src/Illuminate/Foundation/Http/Middleware/ConvertEmptyStringsToNull.php(31): Illuminate/Foundation/Http/Middleware/TransformsRequest->handle()
#37 C:/Users/israe/OneDrive/Desktop/Pasantia/Proyectos/recursos-humanos/vendor/laravel/framework/src/Illuminate/Pipeline/Pipeline.php(209): Illuminate/Foundation/Http/Middleware/ConvertEmptyStringsToNull->handle()
#38 C:/Users/israe/OneDrive/Desktop/Pasantia/Proyectos/recursos-humanos/vendor/laravel/framework/src/Illuminate/Foundation/Http/Middleware/TransformsRequest.php(21): Illuminate/Pipeline/Pipeline->Illuminate/Pipeline/{closure}()
#39 C:/Users/israe/OneDrive/Desktop/Pasantia/Proyectos/recursos-humanos/vendor/laravel/framework/src/Illuminate/Foundation/Http/Middleware/TrimStrings.php(51): Illuminate/Foundation/Http/Middleware/TransformsRequest->handle()
#40 C:/Users/israe/OneDrive/Desktop/Pasantia/Proyectos/recursos-humanos/vendor/laravel/framework/src/Illuminate/Pipeline/Pipeline.php(209): Illuminate/Foundation/Http/Middleware/TrimStrings->handle()
#41 C:/Users/israe/OneDrive/Desktop/Pasantia/Proyectos/recursos-humanos/vendor/laravel/framework/src/Illuminate/Http/Middleware/ValidatePostSize.php(27): Illuminate/Pipeline/Pipeline->Illuminate/Pipeline/{closure}()
#42 C:/Users/israe/OneDrive/Desktop/Pasantia/Proyectos/recursos-humanos/vendor/laravel/framework/src/Illuminate/Pipeline/Pipeline.php(209): Illuminate/Http/Middleware/ValidatePostSize->handle()
#43 C:/Users/israe/OneDrive/Desktop/Pasantia/Proyectos/recursos-humanos/vendor/laravel/framework/src/Illuminate/Foundation/Http/Middleware/PreventRequestsDuringMaintenance.php(110): Illuminate/Pipeline/Pipeline->Illuminate/Pipeline/{closure}()
#44 C:/Users/israe/OneDrive/Desktop/Pasantia/Proyectos/recursos-humanos/vendor/laravel/framework/src/Illuminate/Pipeline/Pipeline.php(209): Illuminate/Foundation/Http/Middleware/PreventRequestsDuringMaintenance->handle()
#45 C:/Users/israe/OneDrive/Desktop/Pasantia/Proyectos/recursos-humanos/vendor/laravel/framework/src/Illuminate/Http/Middleware/HandleCors.php(49): Illuminate/Pipeline/Pipeline->Illuminate/Pipeline/{closure}()
#46 C:/Users/israe/OneDrive/Desktop/Pasantia/Proyectos/recursos-humanos/vendor/laravel/framework/src/Illuminate/Pipeline/Pipeline.php(209): Illuminate/Http/Middleware/HandleCors->handle()
#47 C:/Users/israe/OneDrive/Desktop/Pasantia/Proyectos/recursos-humanos/vendor/laravel/framework/src/Illuminate/Http/Middleware/TrustProxies.php(58): Illuminate/Pipeline/Pipeline->Illuminate/Pipeline/{closure}()
#48 C:/Users/israe/OneDrive/Desktop/Pasantia/Proyectos/recursos-humanos/vendor/laravel/framework/src/Illuminate/Pipeline/Pipeline.php(209): Illuminate/Http/Middleware/TrustProxies->handle()
#49 C:/Users/israe/OneDrive/Desktop/Pasantia/Proyectos/recursos-humanos/vendor/laravel/framework/src/Illuminate/Foundation/Http/Middleware/InvokeDeferredCallbacks.php(22): Illuminate/Pipeline/Pipeline->Illuminate/Pipeline/{closure}()
#50 C:/Users/israe/OneDrive/Desktop/Pasantia/Proyectos/recursos-humanos/vendor/laravel/framework/src/Illuminate/Pipeline/Pipeline.php(209): Illuminate/Foundation/Http/Middleware/InvokeDeferredCallbacks->handle()
#51 C:/Users/israe/OneDrive/Desktop/Pasantia/Proyectos/recursos-humanos/vendor/laravel/framework/src/Illuminate/Pipeline/Pipeline.php(127): Illuminate/Pipeline/Pipeline->Illuminate/Pipeline/{closure}()
#52 C:/Users/israe/OneDrive/Desktop/Pasantia/Proyectos/recursos-humanos/vendor/laravel/framework/src/Illuminate/Foundation/Http/Kernel.php(176): Illuminate/Pipeline/Pipeline->then()
#53 C:/Users/israe/OneDrive/Desktop/Pasantia/Proyectos/recursos-humanos/vendor/laravel/framework/src/Illuminate/Foundation/Http/Kernel.php(145): Illuminate/Foundation/Http/Kernel->sendRequestThroughRouter()
#54 C:/Users/israe/OneDrive/Desktop/Pasantia/Proyectos/recursos-humanos/vendor/laravel/framework/src/Illuminate/Foundation/Application.php(1220): Illuminate/Foundation/Http/Kernel->handle()
#55 C:/Users/israe/OneDrive/Desktop/Pasantia/Proyectos/recursos-humanos/public/index.php(17): Illuminate/Foundation/Application->handleRequest()
#56 C:/Users/israe/OneDrive/Desktop/Pasantia/Proyectos/recursos-humanos/vendor/laravel/framework/src/Illuminate/Foundation/resources/server.php(23): require_once('...')
#57 {main}

[previous exception] [object] (PDOException(code: 42P01): SQLSTATE[42P01]: Undefined table: 7 ERROR:  no existe la relación «users»
LINE 1: select * from \"users\" where \"id\" = $1 limit 1
                      ^ at C:/Users/israe/OneDrive/Desktop/Pasantia/Proyectos/recursos-humanos/vendor/laravel/framework/src/Illuminate/Database/Connection.php:412)
[stacktrace]
#0 C:/Users/israe/OneDrive/Desktop/Pasantia/Proyectos/recursos-humanos/vendor/laravel/framework/src/Illuminate/Database/Connection.php(412): PDOStatement->execute()
#1 C:/Users/israe/OneDrive/Desktop/Pasantia/Proyectos/recursos-humanos/vendor/laravel/framework/src/Illuminate/Database/Connection.php(812): Illuminate/Database/Connection->Illuminate/Database/{closure}()
#2 C:/Users/israe/OneDrive/Desktop/Pasantia/Proyectos/recursos-humanos/vendor/laravel/framework/src/Illuminate/Database/Connection.php(779): Illuminate/Database/Connection->runQueryCallback()
#3 C:/Users/israe/OneDrive/Desktop/Pasantia/Proyectos/recursos-humanos/vendor/laravel/framework/src/Illuminate/Database/Connection.php(398): Illuminate/Database/Connection->run()
#4 C:/Users/israe/OneDrive/Desktop/Pasantia/Proyectos/recursos-humanos/vendor/laravel/framework/src/Illuminate/Database/Query/Builder.php(3106): Illuminate/Database/Connection->select()
#5 C:/Users/israe/OneDrive/Desktop/Pasantia/Proyectos/recursos-humanos/vendor/laravel/framework/src/Illuminate/Database/Query/Builder.php(3091): Illuminate/Database/Query/Builder->runSelect()
#6 C:/Users/israe/OneDrive/Desktop/Pasantia/Proyectos/recursos-humanos/vendor/laravel/framework/src/Illuminate/Database/Query/Builder.php(3676): Illuminate/Database/Query/Builder->Illuminate/Database/Query/{closure}()
#7 C:/Users/israe/OneDrive/Desktop/Pasantia/Proyectos/recursos-humanos/vendor/laravel/framework/src/Illuminate/Database/Query/Builder.php(3090): Illuminate/Database/Query/Builder->onceWithColumns()
#8 C:/Users/israe/OneDrive/Desktop/Pasantia/Proyectos/recursos-humanos/vendor/laravel/framework/src/Illuminate/Database/Eloquent/Builder.php(811): Illuminate/Database/Query/Builder->get()
#9 C:/Users/israe/OneDrive/Desktop/Pasantia/Proyectos/recursos-humanos/vendor/laravel/framework/src/Illuminate/Database/Eloquent/Builder.php(793): Illuminate/Database/Eloquent/Builder->getModels()
#10 C:/Users/israe/OneDrive/Desktop/Pasantia/Proyectos/recursos-humanos/vendor/laravel/framework/src/Illuminate/Database/Concerns/BuildsQueries.php(343): Illuminate/Database/Eloquent/Builder->get()
#11 C:/Users/israe/OneDrive/Desktop/Pasantia/Proyectos/recursos-humanos/vendor/laravel/framework/src/Illuminate/Auth/EloquentUserProvider.php(59): Illuminate/Database/Eloquent/Builder->first()
#12 C:/Users/israe/OneDrive/Desktop/Pasantia/Proyectos/recursos-humanos/vendor/laravel/framework/src/Illuminate/Auth/SessionGuard.php(180): Illuminate/Auth/EloquentUserProvider->retrieveById()
#13 C:/Users/israe/OneDrive/Desktop/Pasantia/Proyectos/recursos-humanos/vendor/laravel/framework/src/Illuminate/Auth/GuardHelpers.php(56): Illuminate/Auth/SessionGuard->user()
#14 C:/Users/israe/OneDrive/Desktop/Pasantia/Proyectos/recursos-humanos/vendor/laravel/framework/src/Illuminate/Auth/Middleware/Authenticate.php(83): Illuminate/Auth/SessionGuard->check()
#15 C:/Users/israe/OneDrive/Desktop/Pasantia/Proyectos/recursos-humanos/vendor/laravel/framework/src/Illuminate/Auth/Middleware/Authenticate.php(62): Illuminate/Auth/Middleware/Authenticate->authenticate()
#16 C:/Users/israe/OneDrive/Desktop/Pasantia/Proyectos/recursos-humanos/vendor/laravel/framework/src/Illuminate/Pipeline/Pipeline.php(209): Illuminate/Auth/Middleware/Authenticate->handle()
#17 C:/Users/israe/OneDrive/Desktop/Pasantia/Proyectos/recursos-humanos/vendor/laravel/framework/src/Illuminate/Foundation/Http/Middleware/VerifyCsrfToken.php(88): Illuminate/Pipeline/Pipeline->Illuminate/Pipeline/{closure}()
#18 C:/Users/israe/OneDrive/Desktop/Pasantia/Proyectos/recursos-humanos/vendor/laravel/framework/src/Illuminate/Pipeline/Pipeline.php(209): Illuminate/Foundation/Http/Middleware/VerifyCsrfToken->handle()
#19 C:/Users/israe/OneDrive/Desktop/Pasantia/Proyectos/recursos-humanos/vendor/laravel/framework/src/Illuminate/View/Middleware/ShareErrorsFromSession.php(49): Illuminate/Pipeline/Pipeline->Illuminate/Pipeline/{closure}()
#20 C:/Users/israe/OneDrive/Desktop/Pasantia/Proyectos/recursos-humanos/vendor/laravel/framework/src/Illuminate/Pipeline/Pipeline.php(209): Illuminate/View/Middleware/ShareErrorsFromSession->handle()
#21 C:/Users/israe/OneDrive/Desktop/Pasantia/Proyectos/recursos-humanos/vendor/laravel/framework/src/Illuminate/Session/Middleware/StartSession.php(121): Illuminate/Pipeline/Pipeline->Illuminate/Pipeline/{closure}()
#22 C:/Users/israe/OneDrive/Desktop/Pasantia/Proyectos/recursos-humanos/vendor/laravel/framework/src/Illuminate/Session/Middleware/StartSession.php(64): Illuminate/Session/Middleware/StartSession->handleStatefulRequest()
#23 C:/Users/israe/OneDrive/Desktop/Pasantia/Proyectos/recursos-humanos/vendor/laravel/framework/src/Illuminate/Pipeline/Pipeline.php(209): Illuminate/Session/Middleware/StartSession->handle()
#24 C:/Users/israe/OneDrive/Desktop/Pasantia/Proyectos/recursos-humanos/vendor/laravel/framework/src/Illuminate/Cookie/Middleware/AddQueuedCookiesToResponse.php(37): Illuminate/Pipeline/Pipeline->Illuminate/Pipeline/{closure}()
#25 C:/Users/israe/OneDrive/Desktop/Pasantia/Proyectos/recursos-humanos/vendor/laravel/framework/src/Illuminate/Pipeline/Pipeline.php(209): Illuminate/Cookie/Middleware/AddQueuedCookiesToResponse->handle()
#26 C:/Users/israe/OneDrive/Desktop/Pasantia/Proyectos/recursos-humanos/vendor/laravel/framework/src/Illuminate/Cookie/Middleware/EncryptCookies.php(75): Illuminate/Pipeline/Pipeline->Illuminate/Pipeline/{closure}()
#27 C:/Users/israe/OneDrive/Desktop/Pasantia/Proyectos/recursos-humanos/vendor/laravel/framework/src/Illuminate/Pipeline/Pipeline.php(209): Illuminate/Cookie/Middleware/EncryptCookies->handle()
#28 C:/Users/israe/OneDrive/Desktop/Pasantia/Proyectos/recursos-humanos/vendor/laravel/framework/src/Illuminate/Pipeline/Pipeline.php(127): Illuminate/Pipeline/Pipeline->Illuminate/Pipeline/{closure}()
#29 C:/Users/israe/OneDrive/Desktop/Pasantia/Proyectos/recursos-humanos/vendor/laravel/framework/src/Illuminate/Routing/Router.php(807): Illuminate/Pipeline/Pipeline->then()
#30 C:/Users/israe/OneDrive/Desktop/Pasantia/Proyectos/recursos-humanos/vendor/laravel/framework/src/Illuminate/Routing/Router.php(786): Illuminate/Routing/Router->runRouteWithinStack()
#31 C:/Users/israe/OneDrive/Desktop/Pasantia/Proyectos/recursos-humanos/vendor/laravel/framework/src/Illuminate/Routing/Router.php(750): Illuminate/Routing/Router->runRoute()
#32 C:/Users/israe/OneDrive/Desktop/Pasantia/Proyectos/recursos-humanos/vendor/laravel/framework/src/Illuminate/Routing/Router.php(739): Illuminate/Routing/Router->dispatchToRoute()
#33 C:/Users/israe/OneDrive/Desktop/Pasantia/Proyectos/recursos-humanos/vendor/laravel/framework/src/Illuminate/Foundation/Http/Kernel.php(201): Illuminate/Routing/Router->dispatch()
#34 C:/Users/israe/OneDrive/Desktop/Pasantia/Proyectos/recursos-humanos/vendor/laravel/framework/src/Illuminate/Pipeline/Pipeline.php(170): Illuminate/Foundation/Http/Kernel->Illuminate/Foundation/Http/{closure}()
#35 C:/Users/israe/OneDrive/Desktop/Pasantia/Proyectos/recursos-humanos/vendor/livewire/livewire/src/Features/SupportDisablingBackButtonCache/DisableBackButtonCacheMiddleware.php(19): Illuminate/Pipeline/Pipeline->Illuminate/Pipeline/{closure}()
#36 C:/Users/israe/OneDrive/Desktop/Pasantia/Proyectos/recursos-humanos/vendor/laravel/framework/src/Illuminate/Pipeline/Pipeline.php(209): Livewire/Features/SupportDisablingBackButtonCache/DisableBackButtonCacheMiddleware->handle()
#37 C:/Users/israe/OneDrive/Desktop/Pasantia/Proyectos/recursos-humanos/vendor/laravel/framework/src/Illuminate/Foundation/Http/Middleware/TransformsRequest.php(21): Illuminate/Pipeline/Pipeline->Illuminate/Pipeline/{closure}()
#38 C:/Users/israe/OneDrive/Desktop/Pasantia/Proyectos/recursos-humanos/vendor/laravel/framework/src/Illuminate/Foundation/Http/Middleware/ConvertEmptyStringsToNull.php(31): Illuminate/Foundation/Http/Middleware/TransformsRequest->handle()
#39 C:/Users/israe/OneDrive/Desktop/Pasantia/Proyectos/recursos-humanos/vendor/laravel/framework/src/Illuminate/Pipeline/Pipeline.php(209): Illuminate/Foundation/Http/Middleware/ConvertEmptyStringsToNull->handle()
#40 C:/Users/israe/OneDrive/Desktop/Pasantia/Proyectos/recursos-humanos/vendor/laravel/framework/src/Illuminate/Foundation/Http/Middleware/TransformsRequest.php(21): Illuminate/Pipeline/Pipeline->Illuminate/Pipeline/{closure}()
#41 C:/Users/israe/OneDrive/Desktop/Pasantia/Proyectos/recursos-humanos/vendor/laravel/framework/src/Illuminate/Foundation/Http/Middleware/TrimStrings.php(51): Illuminate/Foundation/Http/Middleware/TransformsRequest->handle()
#42 C:/Users/israe/OneDrive/Desktop/Pasantia/Proyectos/recursos-humanos/vendor/laravel/framework/src/Illuminate/Pipeline/Pipeline.php(209): Illuminate/Foundation/Http/Middleware/TrimStrings->handle()
#43 C:/Users/israe/OneDrive/Desktop/Pasantia/Proyectos/recursos-humanos/vendor/laravel/framework/src/Illuminate/Http/Middleware/ValidatePostSize.php(27): Illuminate/Pipeline/Pipeline->Illuminate/Pipeline/{closure}()
#44 C:/Users/israe/OneDrive/Desktop/Pasantia/Proyectos/recursos-humanos/vendor/laravel/framework/src/Illuminate/Pipeline/Pipeline.php(209): Illuminate/Http/Middleware/ValidatePostSize->handle()
#45 C:/Users/israe/OneDrive/Desktop/Pasantia/Proyectos/recursos-humanos/vendor/laravel/framework/src/Illuminate/Foundation/Http/Middleware/PreventRequestsDuringMaintenance.php(110): Illuminate/Pipeline/Pipeline->Illuminate/Pipeline/{closure}()
#46 C:/Users/israe/OneDrive/Desktop/Pasantia/Proyectos/recursos-humanos/vendor/laravel/framework/src/Illuminate/Pipeline/Pipeline.php(209): Illuminate/Foundation/Http/Middleware/PreventRequestsDuringMaintenance->handle()
#47 C:/Users/israe/OneDrive/Desktop/Pasantia/Proyectos/recursos-humanos/vendor/laravel/framework/src/Illuminate/Http/Middleware/HandleCors.php(49): Illuminate/Pipeline/Pipeline->Illuminate/Pipeline/{closure}()
#48 C:/Users/israe/OneDrive/Desktop/Pasantia/Proyectos/recursos-humanos/vendor/laravel/framework/src/Illuminate/Pipeline/Pipeline.php(209): Illuminate/Http/Middleware/HandleCors->handle()
#49 C:/Users/israe/OneDrive/Desktop/Pasantia/Proyectos/recursos-humanos/vendor/laravel/framework/src/Illuminate/Http/Middleware/TrustProxies.php(58): Illuminate/Pipeline/Pipeline->Illuminate/Pipeline/{closure}()
#50 C:/Users/israe/OneDrive/Desktop/Pasantia/Proyectos/recursos-humanos/vendor/laravel/framework/src/Illuminate/Pipeline/Pipeline.php(209): Illuminate/Http/Middleware/TrustProxies->handle()
#51 C:/Users/israe/OneDrive/Desktop/Pasantia/Proyectos/recursos-humanos/vendor/laravel/framework/src/Illuminate/Foundation/Http/Middleware/InvokeDeferredCallbacks.php(22): Illuminate/Pipeline/Pipeline->Illuminate/Pipeline/{closure}()
#52 C:/Users/israe/OneDrive/Desktop/Pasantia/Proyectos/recursos-humanos/vendor/laravel/framework/src/Illuminate/Pipeline/Pipeline.php(209): Illuminate/Foundation/Http/Middleware/InvokeDeferredCallbacks->handle()
#53 C:/Users/israe/OneDrive/Desktop/Pasantia/Proyectos/recursos-humanos/vendor/laravel/framework/src/Illuminate/Pipeline/Pipeline.php(127): Illuminate/Pipeline/Pipeline->Illuminate/Pipeline/{closure}()
#54 C:/Users/israe/OneDrive/Desktop/Pasantia/Proyectos/recursos-humanos/vendor/laravel/framework/src/Illuminate/Foundation/Http/Kernel.php(176): Illuminate/Pipeline/Pipeline->then()
#55 C:/Users/israe/OneDrive/Desktop/Pasantia/Proyectos/recursos-humanos/vendor/laravel/framework/src/Illuminate/Foundation/Http/Kernel.php(145): Illuminate/Foundation/Http/Kernel->sendRequestThroughRouter()
#56 C:/Users/israe/OneDrive/Desktop/Pasantia/Proyectos/recursos-humanos/vendor/laravel/framework/src/Illuminate/Foundation/Application.php(1220): Illuminate/Foundation/Http/Kernel->handle()
#57 C:/Users/israe/OneDrive/Desktop/Pasantia/Proyectos/recursos-humanos/public/index.php(17): Illuminate/Foundation/Application->handleRequest()
#58 C:/Users/israe/OneDrive/Desktop/Pasantia/Proyectos/recursos-humanos/vendor/laravel/framework/src/Illuminate/Foundation/resources/server.php(23): require_once('...')
#59 {main}
"} 
[2026-07-21 11:38:02] local.ERROR: SQLSTATE[42P01]: Undefined table: 7 ERROR:  no existe la relación «users»
LINE 1: select * from "users" where "id" = $1 limit 1
                      ^ (Connection: pgsql, SQL: select * from "users" where "id" = 2 limit 1) {"exception":"[object] (Illuminate\\Database\\QueryException(code: 42P01): SQLSTATE[42P01]: Undefined table: 7 ERROR:  no existe la relación «users»
LINE 1: select * from \"users\" where \"id\" = $1 limit 1
                      ^ (Connection: pgsql, SQL: select * from \"users\" where \"id\" = 2 limit 1) at C:/Users/israe/OneDrive/Desktop/Pasantia/Proyectos/recursos-humanos/vendor/laravel/framework/src/Illuminate/Database/Connection.php:825)
[stacktrace]
#0 C:/Users/israe/OneDrive/Desktop/Pasantia/Proyectos/recursos-humanos/vendor/laravel/framework/src/Illuminate/Database/Connection.php(779): Illuminate/Database/Connection->runQueryCallback()
#1 C:/Users/israe/OneDrive/Desktop/Pasantia/Proyectos/recursos-humanos/vendor/laravel/framework/src/Illuminate/Database/Connection.php(398): Illuminate/Database/Connection->run()
#2 C:/Users/israe/OneDrive/Desktop/Pasantia/Proyectos/recursos-humanos/vendor/laravel/framework/src/Illuminate/Database/Query/Builder.php(3106): Illuminate/Database/Connection->select()
#3 C:/Users/israe/OneDrive/Desktop/Pasantia/Proyectos/recursos-humanos/vendor/laravel/framework/src/Illuminate/Database/Query/Builder.php(3091): Illuminate/Database/Query/Builder->runSelect()
#4 C:/Users/israe/OneDrive/Desktop/Pasantia/Proyectos/recursos-humanos/vendor/laravel/framework/src/Illuminate/Database/Query/Builder.php(3676): Illuminate/Database/Query/Builder->Illuminate/Database/Query/{closure}()
#5 C:/Users/israe/OneDrive/Desktop/Pasantia/Proyectos/recursos-humanos/vendor/laravel/framework/src/Illuminate/Database/Query/Builder.php(3090): Illuminate/Database/Query/Builder->onceWithColumns()
#6 C:/Users/israe/OneDrive/Desktop/Pasantia/Proyectos/recursos-humanos/vendor/laravel/framework/src/Illuminate/Database/Eloquent/Builder.php(811): Illuminate/Database/Query/Builder->get()
#7 C:/Users/israe/OneDrive/Desktop/Pasantia/Proyectos/recursos-humanos/vendor/laravel/framework/src/Illuminate/Database/Eloquent/Builder.php(793): Illuminate/Database/Eloquent/Builder->getModels()
#8 C:/Users/israe/OneDrive/Desktop/Pasantia/Proyectos/recursos-humanos/vendor/laravel/framework/src/Illuminate/Database/Concerns/BuildsQueries.php(343): Illuminate/Database/Eloquent/Builder->get()
#9 C:/Users/israe/OneDrive/Desktop/Pasantia/Proyectos/recursos-humanos/vendor/laravel/framework/src/Illuminate/Auth/EloquentUserProvider.php(59): Illuminate/Database/Eloquent/Builder->first()
#10 C:/Users/israe/OneDrive/Desktop/Pasantia/Proyectos/recursos-humanos/vendor/laravel/framework/src/Illuminate/Auth/SessionGuard.php(180): Illuminate/Auth/EloquentUserProvider->retrieveById()
#11 C:/Users/israe/OneDrive/Desktop/Pasantia/Proyectos/recursos-humanos/vendor/laravel/framework/src/Illuminate/Auth/GuardHelpers.php(56): Illuminate/Auth/SessionGuard->user()
#12 C:/Users/israe/OneDrive/Desktop/Pasantia/Proyectos/recursos-humanos/vendor/laravel/framework/src/Illuminate/Auth/Middleware/Authenticate.php(83): Illuminate/Auth/SessionGuard->check()
#13 C:/Users/israe/OneDrive/Desktop/Pasantia/Proyectos/recursos-humanos/vendor/laravel/framework/src/Illuminate/Auth/Middleware/Authenticate.php(62): Illuminate/Auth/Middleware/Authenticate->authenticate()
#14 C:/Users/israe/OneDrive/Desktop/Pasantia/Proyectos/recursos-humanos/vendor/laravel/framework/src/Illuminate/Pipeline/Pipeline.php(209): Illuminate/Auth/Middleware/Authenticate->handle()
#15 C:/Users/israe/OneDrive/Desktop/Pasantia/Proyectos/recursos-humanos/vendor/laravel/framework/src/Illuminate/Foundation/Http/Middleware/VerifyCsrfToken.php(88): Illuminate/Pipeline/Pipeline->Illuminate/Pipeline/{closure}()
#16 C:/Users/israe/OneDrive/Desktop/Pasantia/Proyectos/recursos-humanos/vendor/laravel/framework/src/Illuminate/Pipeline/Pipeline.php(209): Illuminate/Foundation/Http/Middleware/VerifyCsrfToken->handle()
#17 C:/Users/israe/OneDrive/Desktop/Pasantia/Proyectos/recursos-humanos/vendor/laravel/framework/src/Illuminate/View/Middleware/ShareErrorsFromSession.php(49): Illuminate/Pipeline/Pipeline->Illuminate/Pipeline/{closure}()
#18 C:/Users/israe/OneDrive/Desktop/Pasantia/Proyectos/recursos-humanos/vendor/laravel/framework/src/Illuminate/Pipeline/Pipeline.php(209): Illuminate/View/Middleware/ShareErrorsFromSession->handle()
#19 C:/Users/israe/OneDrive/Desktop/Pasantia/Proyectos/recursos-humanos/vendor/laravel/framework/src/Illuminate/Session/Middleware/StartSession.php(121): Illuminate/Pipeline/Pipeline->Illuminate/Pipeline/{closure}()
#20 C:/Users/israe/OneDrive/Desktop/Pasantia/Proyectos/recursos-humanos/vendor/laravel/framework/src/Illuminate/Session/Middleware/StartSession.php(64): Illuminate/Session/Middleware/StartSession->handleStatefulRequest()
#21 C:/Users/israe/OneDrive/Desktop/Pasantia/Proyectos/recursos-humanos/vendor/laravel/framework/src/Illuminate/Pipeline/Pipeline.php(209): Illuminate/Session/Middleware/StartSession->handle()
#22 C:/Users/israe/OneDrive/Desktop/Pasantia/Proyectos/recursos-humanos/vendor/laravel/framework/src/Illuminate/Cookie/Middleware/AddQueuedCookiesToResponse.php(37): Illuminate/Pipeline/Pipeline->Illuminate/Pipeline/{closure}()
#23 C:/Users/israe/OneDrive/Desktop/Pasantia/Proyectos/recursos-humanos/vendor/laravel/framework/src/Illuminate/Pipeline/Pipeline.php(209): Illuminate/Cookie/Middleware/AddQueuedCookiesToResponse->handle()
#24 C:/Users/israe/OneDrive/Desktop/Pasantia/Proyectos/recursos-humanos/vendor/laravel/framework/src/Illuminate/Cookie/Middleware/EncryptCookies.php(75): Illuminate/Pipeline/Pipeline->Illuminate/Pipeline/{closure}()
#25 C:/Users/israe/OneDrive/Desktop/Pasantia/Proyectos/recursos-humanos/vendor/laravel/framework/src/Illuminate/Pipeline/Pipeline.php(209): Illuminate/Cookie/Middleware/EncryptCookies->handle()
#26 C:/Users/israe/OneDrive/Desktop/Pasantia/Proyectos/recursos-humanos/vendor/laravel/framework/src/Illuminate/Pipeline/Pipeline.php(127): Illuminate/Pipeline/Pipeline->Illuminate/Pipeline/{closure}()
#27 C:/Users/israe/OneDrive/Desktop/Pasantia/Proyectos/recursos-humanos/vendor/laravel/framework/src/Illuminate/Routing/Router.php(807): Illuminate/Pipeline/Pipeline->then()
#28 C:/Users/israe/OneDrive/Desktop/Pasantia/Proyectos/recursos-humanos/vendor/laravel/framework/src/Illuminate/Routing/Router.php(786): Illuminate/Routing/Router->runRouteWithinStack()
#29 C:/Users/israe/OneDrive/Desktop/Pasantia/Proyectos/recursos-humanos/vendor/laravel/framework/src/Illuminate/Routing/Router.php(750): Illuminate/Routing/Router->runRoute()
#30 C:/Users/israe/OneDrive/Desktop/Pasantia/Proyectos/recursos-humanos/vendor/laravel/framework/src/Illuminate/Routing/Router.php(739): Illuminate/Routing/Router->dispatchToRoute()
#31 C:/Users/israe/OneDrive/Desktop/Pasantia/Proyectos/recursos-humanos/vendor/laravel/framework/src/Illuminate/Foundation/Http/Kernel.php(201): Illuminate/Routing/Router->dispatch()
#32 C:/Users/israe/OneDrive/Desktop/Pasantia/Proyectos/recursos-humanos/vendor/laravel/framework/src/Illuminate/Pipeline/Pipeline.php(170): Illuminate/Foundation/Http/Kernel->Illuminate/Foundation/Http/{closure}()
#33 C:/Users/israe/OneDrive/Desktop/Pasantia/Proyectos/recursos-humanos/vendor/livewire/livewire/src/Features/SupportDisablingBackButtonCache/DisableBackButtonCacheMiddleware.php(19): Illuminate/Pipeline/Pipeline->Illuminate/Pipeline/{closure}()
#34 C:/Users/israe/OneDrive/Desktop/Pasantia/Proyectos/recursos-humanos/vendor/laravel/framework/src/Illuminate/Pipeline/Pipeline.php(209): Livewire/Features/SupportDisablingBackButtonCache/DisableBackButtonCacheMiddleware->handle()
#35 C:/Users/israe/OneDrive/Desktop/Pasantia/Proyectos/recursos-humanos/vendor/laravel/framework/src/Illuminate/Foundation/Http/Middleware/TransformsRequest.php(21): Illuminate/Pipeline/Pipeline->Illuminate/Pipeline/{closure}()
#36 C:/Users/israe/OneDrive/Desktop/Pasantia/Proyectos/recursos-humanos/vendor/laravel/framework/src/Illuminate/Foundation/Http/Middleware/ConvertEmptyStringsToNull.php(31): Illuminate/Foundation/Http/Middleware/TransformsRequest->handle()
#37 C:/Users/israe/OneDrive/Desktop/Pasantia/Proyectos/recursos-humanos/vendor/laravel/framework/src/Illuminate/Pipeline/Pipeline.php(209): Illuminate/Foundation/Http/Middleware/ConvertEmptyStringsToNull->handle()
#38 C:/Users/israe/OneDrive/Desktop/Pasantia/Proyectos/recursos-humanos/vendor/laravel/framework/src/Illuminate/Foundation/Http/Middleware/TransformsRequest.php(21): Illuminate/Pipeline/Pipeline->Illuminate/Pipeline/{closure}()
#39 C:/Users/israe/OneDrive/Desktop/Pasantia/Proyectos/recursos-humanos/vendor/laravel/framework/src/Illuminate/Foundation/Http/Middleware/TrimStrings.php(51): Illuminate/Foundation/Http/Middleware/TransformsRequest->handle()
#40 C:/Users/israe/OneDrive/Desktop/Pasantia/Proyectos/recursos-humanos/vendor/laravel/framework/src/Illuminate/Pipeline/Pipeline.php(209): Illuminate/Foundation/Http/Middleware/TrimStrings->handle()
#41 C:/Users/israe/OneDrive/Desktop/Pasantia/Proyectos/recursos-humanos/vendor/laravel/framework/src/Illuminate/Http/Middleware/ValidatePostSize.php(27): Illuminate/Pipeline/Pipeline->Illuminate/Pipeline/{closure}()
#42 C:/Users/israe/OneDrive/Desktop/Pasantia/Proyectos/recursos-humanos/vendor/laravel/framework/src/Illuminate/Pipeline/Pipeline.php(209): Illuminate/Http/Middleware/ValidatePostSize->handle()
#43 C:/Users/israe/OneDrive/Desktop/Pasantia/Proyectos/recursos-humanos/vendor/laravel/framework/src/Illuminate/Foundation/Http/Middleware/PreventRequestsDuringMaintenance.php(110): Illuminate/Pipeline/Pipeline->Illuminate/Pipeline/{closure}()
#44 C:/Users/israe/OneDrive/Desktop/Pasantia/Proyectos/recursos-humanos/vendor/laravel/framework/src/Illuminate/Pipeline/Pipeline.php(209): Illuminate/Foundation/Http/Middleware/PreventRequestsDuringMaintenance->handle()
#45 C:/Users/israe/OneDrive/Desktop/Pasantia/Proyectos/recursos-humanos/vendor/laravel/framework/src/Illuminate/Http/Middleware/HandleCors.php(49): Illuminate/Pipeline/Pipeline->Illuminate/Pipeline/{closure}()
#46 C:/Users/israe/OneDrive/Desktop/Pasantia/Proyectos/recursos-humanos/vendor/laravel/framework/src/Illuminate/Pipeline/Pipeline.php(209): Illuminate/Http/Middleware/HandleCors->handle()
#47 C:/Users/israe/OneDrive/Desktop/Pasantia/Proyectos/recursos-humanos/vendor/laravel/framework/src/Illuminate/Http/Middleware/TrustProxies.php(58): Illuminate/Pipeline/Pipeline->Illuminate/Pipeline/{closure}()
#48 C:/Users/israe/OneDrive/Desktop/Pasantia/Proyectos/recursos-humanos/vendor/laravel/framework/src/Illuminate/Pipeline/Pipeline.php(209): Illuminate/Http/Middleware/TrustProxies->handle()
#49 C:/Users/israe/OneDrive/Desktop/Pasantia/Proyectos/recursos-humanos/vendor/laravel/framework/src/Illuminate/Foundation/Http/Middleware/InvokeDeferredCallbacks.php(22): Illuminate/Pipeline/Pipeline->Illuminate/Pipeline/{closure}()
#50 C:/Users/israe/OneDrive/Desktop/Pasantia/Proyectos/recursos-humanos/vendor/laravel/framework/src/Illuminate/Pipeline/Pipeline.php(209): Illuminate/Foundation/Http/Middleware/InvokeDeferredCallbacks->handle()
#51 C:/Users/israe/OneDrive/Desktop/Pasantia/Proyectos/recursos-humanos/vendor/laravel/framework/src/Illuminate/Pipeline/Pipeline.php(127): Illuminate/Pipeline/Pipeline->Illuminate/Pipeline/{closure}()
#52 C:/Users/israe/OneDrive/Desktop/Pasantia/Proyectos/recursos-humanos/vendor/laravel/framework/src/Illuminate/Foundation/Http/Kernel.php(176): Illuminate/Pipeline/Pipeline->then()
#53 C:/Users/israe/OneDrive/Desktop/Pasantia/Proyectos/recursos-humanos/vendor/laravel/framework/src/Illuminate/Foundation/Http/Kernel.php(145): Illuminate/Foundation/Http/Kernel->sendRequestThroughRouter()
#54 C:/Users/israe/OneDrive/Desktop/Pasantia/Proyectos/recursos-humanos/vendor/laravel/framework/src/Illuminate/Foundation/Application.php(1220): Illuminate/Foundation/Http/Kernel->handle()
#55 C:/Users/israe/OneDrive/Desktop/Pasantia/Proyectos/recursos-humanos/public/index.php(17): Illuminate/Foundation/Application->handleRequest()
#56 C:/Users/israe/OneDrive/Desktop/Pasantia/Proyectos/recursos-humanos/vendor/laravel/framework/src/Illuminate/Foundation/resources/server.php(23): require_once('...')
#57 {main}

[previous exception] [object] (PDOException(code: 42P01): SQLSTATE[42P01]: Undefined table: 7 ERROR:  no existe la relación «users»
LINE 1: select * from \"users\" where \"id\" = $1 limit 1
                      ^ at C:/Users/israe/OneDrive/Desktop/Pasantia/Proyectos/recursos-humanos/vendor/laravel/framework/src/Illuminate/Database/Connection.php:412)
[stacktrace]
#0 C:/Users/israe/OneDrive/Desktop/Pasantia/Proyectos/recursos-humanos/vendor/laravel/framework/src/Illuminate/Database/Connection.php(412): PDOStatement->execute()
#1 C:/Users/israe/OneDrive/Desktop/Pasantia/Proyectos/recursos-humanos/vendor/laravel/framework/src/Illuminate/Database/Connection.php(812): Illuminate/Database/Connection->Illuminate/Database/{closure}()
#2 C:/Users/israe/OneDrive/Desktop/Pasantia/Proyectos/recursos-humanos/vendor/laravel/framework/src/Illuminate/Database/Connection.php(779): Illuminate/Database/Connection->runQueryCallback()
#3 C:/Users/israe/OneDrive/Desktop/Pasantia/Proyectos/recursos-humanos/vendor/laravel/framework/src/Illuminate/Database/Connection.php(398): Illuminate/Database/Connection->run()
#4 C:/Users/israe/OneDrive/Desktop/Pasantia/Proyectos/recursos-humanos/vendor/laravel/framework/src/Illuminate/Database/Query/Builder.php(3106): Illuminate/Database/Connection->select()
#5 C:/Users/israe/OneDrive/Desktop/Pasantia/Proyectos/recursos-humanos/vendor/laravel/framework/src/Illuminate/Database/Query/Builder.php(3091): Illuminate/Database/Query/Builder->runSelect()
#6 C:/Users/israe/OneDrive/Desktop/Pasantia/Proyectos/recursos-humanos/vendor/laravel/framework/src/Illuminate/Database/Query/Builder.php(3676): Illuminate/Database/Query/Builder->Illuminate/Database/Query/{closure}()
#7 C:/Users/israe/OneDrive/Desktop/Pasantia/Proyectos/recursos-humanos/vendor/laravel/framework/src/Illuminate/Database/Query/Builder.php(3090): Illuminate/Database/Query/Builder->onceWithColumns()
#8 C:/Users/israe/OneDrive/Desktop/Pasantia/Proyectos/recursos-humanos/vendor/laravel/framework/src/Illuminate/Database/Eloquent/Builder.php(811): Illuminate/Database/Query/Builder->get()
#9 C:/Users/israe/OneDrive/Desktop/Pasantia/Proyectos/recursos-humanos/vendor/laravel/framework/src/Illuminate/Database/Eloquent/Builder.php(793): Illuminate/Database/Eloquent/Builder->getModels()
#10 C:/Users/israe/OneDrive/Desktop/Pasantia/Proyectos/recursos-humanos/vendor/laravel/framework/src/Illuminate/Database/Concerns/BuildsQueries.php(343): Illuminate/Database/Eloquent/Builder->get()
#11 C:/Users/israe/OneDrive/Desktop/Pasantia/Proyectos/recursos-humanos/vendor/laravel/framework/src/Illuminate/Auth/EloquentUserProvider.php(59): Illuminate/Database/Eloquent/Builder->first()
#12 C:/Users/israe/OneDrive/Desktop/Pasantia/Proyectos/recursos-humanos/vendor/laravel/framework/src/Illuminate/Auth/SessionGuard.php(180): Illuminate/Auth/EloquentUserProvider->retrieveById()
#13 C:/Users/israe/OneDrive/Desktop/Pasantia/Proyectos/recursos-humanos/vendor/laravel/framework/src/Illuminate/Auth/GuardHelpers.php(56): Illuminate/Auth/SessionGuard->user()
#14 C:/Users/israe/OneDrive/Desktop/Pasantia/Proyectos/recursos-humanos/vendor/laravel/framework/src/Illuminate/Auth/Middleware/Authenticate.php(83): Illuminate/Auth/SessionGuard->check()
#15 C:/Users/israe/OneDrive/Desktop/Pasantia/Proyectos/recursos-humanos/vendor/laravel/framework/src/Illuminate/Auth/Middleware/Authenticate.php(62): Illuminate/Auth/Middleware/Authenticate->authenticate()
#16 C:/Users/israe/OneDrive/Desktop/Pasantia/Proyectos/recursos-humanos/vendor/laravel/framework/src/Illuminate/Pipeline/Pipeline.php(209): Illuminate/Auth/Middleware/Authenticate->handle()
#17 C:/Users/israe/OneDrive/Desktop/Pasantia/Proyectos/recursos-humanos/vendor/laravel/framework/src/Illuminate/Foundation/Http/Middleware/VerifyCsrfToken.php(88): Illuminate/Pipeline/Pipeline->Illuminate/Pipeline/{closure}()
#18 C:/Users/israe/OneDrive/Desktop/Pasantia/Proyectos/recursos-humanos/vendor/laravel/framework/src/Illuminate/Pipeline/Pipeline.php(209): Illuminate/Foundation/Http/Middleware/VerifyCsrfToken->handle()
#19 C:/Users/israe/OneDrive/Desktop/Pasantia/Proyectos/recursos-humanos/vendor/laravel/framework/src/Illuminate/View/Middleware/ShareErrorsFromSession.php(49): Illuminate/Pipeline/Pipeline->Illuminate/Pipeline/{closure}()
#20 C:/Users/israe/OneDrive/Desktop/Pasantia/Proyectos/recursos-humanos/vendor/laravel/framework/src/Illuminate/Pipeline/Pipeline.php(209): Illuminate/View/Middleware/ShareErrorsFromSession->handle()
#21 C:/Users/israe/OneDrive/Desktop/Pasantia/Proyectos/recursos-humanos/vendor/laravel/framework/src/Illuminate/Session/Middleware/StartSession.php(121): Illuminate/Pipeline/Pipeline->Illuminate/Pipeline/{closure}()
#22 C:/Users/israe/OneDrive/Desktop/Pasantia/Proyectos/recursos-humanos/vendor/laravel/framework/src/Illuminate/Session/Middleware/StartSession.php(64): Illuminate/Session/Middleware/StartSession->handleStatefulRequest()
#23 C:/Users/israe/OneDrive/Desktop/Pasantia/Proyectos/recursos-humanos/vendor/laravel/framework/src/Illuminate/Pipeline/Pipeline.php(209): Illuminate/Session/Middleware/StartSession->handle()
#24 C:/Users/israe/OneDrive/Desktop/Pasantia/Proyectos/recursos-humanos/vendor/laravel/framework/src/Illuminate/Cookie/Middleware/AddQueuedCookiesToResponse.php(37): Illuminate/Pipeline/Pipeline->Illuminate/Pipeline/{closure}()
#25 C:/Users/israe/OneDrive/Desktop/Pasantia/Proyectos/recursos-humanos/vendor/laravel/framework/src/Illuminate/Pipeline/Pipeline.php(209): Illuminate/Cookie/Middleware/AddQueuedCookiesToResponse->handle()
#26 C:/Users/israe/OneDrive/Desktop/Pasantia/Proyectos/recursos-humanos/vendor/laravel/framework/src/Illuminate/Cookie/Middleware/EncryptCookies.php(75): Illuminate/Pipeline/Pipeline->Illuminate/Pipeline/{closure}()
#27 C:/Users/israe/OneDrive/Desktop/Pasantia/Proyectos/recursos-humanos/vendor/laravel/framework/src/Illuminate/Pipeline/Pipeline.php(209): Illuminate/Cookie/Middleware/EncryptCookies->handle()
#28 C:/Users/israe/OneDrive/Desktop/Pasantia/Proyectos/recursos-humanos/vendor/laravel/framework/src/Illuminate/Pipeline/Pipeline.php(127): Illuminate/Pipeline/Pipeline->Illuminate/Pipeline/{closure}()
#29 C:/Users/israe/OneDrive/Desktop/Pasantia/Proyectos/recursos-humanos/vendor/laravel/framework/src/Illuminate/Routing/Router.php(807): Illuminate/Pipeline/Pipeline->then()
#30 C:/Users/israe/OneDrive/Desktop/Pasantia/Proyectos/recursos-humanos/vendor/laravel/framework/src/Illuminate/Routing/Router.php(786): Illuminate/Routing/Router->runRouteWithinStack()
#31 C:/Users/israe/OneDrive/Desktop/Pasantia/Proyectos/recursos-humanos/vendor/laravel/framework/src/Illuminate/Routing/Router.php(750): Illuminate/Routing/Router->runRoute()
#32 C:/Users/israe/OneDrive/Desktop/Pasantia/Proyectos/recursos-humanos/vendor/laravel/framework/src/Illuminate/Routing/Router.php(739): Illuminate/Routing/Router->dispatchToRoute()
#33 C:/Users/israe/OneDrive/Desktop/Pasantia/Proyectos/recursos-humanos/vendor/laravel/framework/src/Illuminate/Foundation/Http/Kernel.php(201): Illuminate/Routing/Router->dispatch()
#34 C:/Users/israe/OneDrive/Desktop/Pasantia/Proyectos/recursos-humanos/vendor/laravel/framework/src/Illuminate/Pipeline/Pipeline.php(170): Illuminate/Foundation/Http/Kernel->Illuminate/Foundation/Http/{closure}()
#35 C:/Users/israe/OneDrive/Desktop/Pasantia/Proyectos/recursos-humanos/vendor/livewire/livewire/src/Features/SupportDisablingBackButtonCache/DisableBackButtonCacheMiddleware.php(19): Illuminate/Pipeline/Pipeline->Illuminate/Pipeline/{closure}()
#36 C:/Users/israe/OneDrive/Desktop/Pasantia/Proyectos/recursos-humanos/vendor/laravel/framework/src/Illuminate/Pipeline/Pipeline.php(209): Livewire/Features/SupportDisablingBackButtonCache/DisableBackButtonCacheMiddleware->handle()
#37 C:/Users/israe/OneDrive/Desktop/Pasantia/Proyectos/recursos-humanos/vendor/laravel/framework/src/Illuminate/Foundation/Http/Middleware/TransformsRequest.php(21): Illuminate/Pipeline/Pipeline->Illuminate/Pipeline/{closure}()
#38 C:/Users/israe/OneDrive/Desktop/Pasantia/Proyectos/recursos-humanos/vendor/laravel/framework/src/Illuminate/Foundation/Http/Middleware/ConvertEmptyStringsToNull.php(31): Illuminate/Foundation/Http/Middleware/TransformsRequest->handle()
#39 C:/Users/israe/OneDrive/Desktop/Pasantia/Proyectos/recursos-humanos/vendor/laravel/framework/src/Illuminate/Pipeline/Pipeline.php(209): Illuminate/Foundation/Http/Middleware/ConvertEmptyStringsToNull->handle()
#40 C:/Users/israe/OneDrive/Desktop/Pasantia/Proyectos/recursos-humanos/vendor/laravel/framework/src/Illuminate/Foundation/Http/Middleware/TransformsRequest.php(21): Illuminate/Pipeline/Pipeline->Illuminate/Pipeline/{closure}()
#41 C:/Users/israe/OneDrive/Desktop/Pasantia/Proyectos/recursos-humanos/vendor/laravel/framework/src/Illuminate/Foundation/Http/Middleware/TrimStrings.php(51): Illuminate/Foundation/Http/Middleware/TransformsRequest->handle()
#42 C:/Users/israe/OneDrive/Desktop/Pasantia/Proyectos/recursos-humanos/vendor/laravel/framework/src/Illuminate/Pipeline/Pipeline.php(209): Illuminate/Foundation/Http/Middleware/TrimStrings->handle()
#43 C:/Users/israe/OneDrive/Desktop/Pasantia/Proyectos/recursos-humanos/vendor/laravel/framework/src/Illuminate/Http/Middleware/ValidatePostSize.php(27): Illuminate/Pipeline/Pipeline->Illuminate/Pipeline/{closure}()
#44 C:/Users/israe/OneDrive/Desktop/Pasantia/Proyectos/recursos-humanos/vendor/laravel/framework/src/Illuminate/Pipeline/Pipeline.php(209): Illuminate/Http/Middleware/ValidatePostSize->handle()
#45 C:/Users/israe/OneDrive/Desktop/Pasantia/Proyectos/recursos-humanos/vendor/laravel/framework/src/Illuminate/Foundation/Http/Middleware/PreventRequestsDuringMaintenance.php(110): Illuminate/Pipeline/Pipeline->Illuminate/Pipeline/{closure}()
#46 C:/Users/israe/OneDrive/Desktop/Pasantia/Proyectos/recursos-humanos/vendor/laravel/framework/src/Illuminate/Pipeline/Pipeline.php(209): Illuminate/Foundation/Http/Middleware/PreventRequestsDuringMaintenance->handle()
#47 C:/Users/israe/OneDrive/Desktop/Pasantia/Proyectos/recursos-humanos/vendor/laravel/framework/src/Illuminate/Http/Middleware/HandleCors.php(49): Illuminate/Pipeline/Pipeline->Illuminate/Pipeline/{closure}()
#48 C:/Users/israe/OneDrive/Desktop/Pasantia/Proyectos/recursos-humanos/vendor/laravel/framework/src/Illuminate/Pipeline/Pipeline.php(209): Illuminate/Http/Middleware/HandleCors->handle()
#49 C:/Users/israe/OneDrive/Desktop/Pasantia/Proyectos/recursos-humanos/vendor/laravel/framework/src/Illuminate/Http/Middleware/TrustProxies.php(58): Illuminate/Pipeline/Pipeline->Illuminate/Pipeline/{closure}()
#50 C:/Users/israe/OneDrive/Desktop/Pasantia/Proyectos/recursos-humanos/vendor/laravel/framework/src/Illuminate/Pipeline/Pipeline.php(209): Illuminate/Http/Middleware/TrustProxies->handle()
#51 C:/Users/israe/OneDrive/Desktop/Pasantia/Proyectos/recursos-humanos/vendor/laravel/framework/src/Illuminate/Foundation/Http/Middleware/InvokeDeferredCallbacks.php(22): Illuminate/Pipeline/Pipeline->Illuminate/Pipeline/{closure}()
#52 C:/Users/israe/OneDrive/Desktop/Pasantia/Proyectos/recursos-humanos/vendor/laravel/framework/src/Illuminate/Pipeline/Pipeline.php(209): Illuminate/Foundation/Http/Middleware/InvokeDeferredCallbacks->handle()
#53 C:/Users/israe/OneDrive/Desktop/Pasantia/Proyectos/recursos-humanos/vendor/laravel/framework/src/Illuminate/Pipeline/Pipeline.php(127): Illuminate/Pipeline/Pipeline->Illuminate/Pipeline/{closure}()
#54 C:/Users/israe/OneDrive/Desktop/Pasantia/Proyectos/recursos-humanos/vendor/laravel/framework/src/Illuminate/Foundation/Http/Kernel.php(176): Illuminate/Pipeline/Pipeline->then()
#55 C:/Users/israe/OneDrive/Desktop/Pasantia/Proyectos/recursos-humanos/vendor/laravel/framework/src/Illuminate/Foundation/Http/Kernel.php(145): Illuminate/Foundation/Http/Kernel->sendRequestThroughRouter()
#56 C:/Users/israe/OneDrive/Desktop/Pasantia/Proyectos/recursos-humanos/vendor/laravel/framework/src/Illuminate/Foundation/Application.php(1220): Illuminate/Foundation/Http/Kernel->handle()
#57 C:/Users/israe/OneDrive/Desktop/Pasantia/Proyectos/recursos-humanos/public/index.php(17): Illuminate/Foundation/Application->handleRequest()
#58 C:/Users/israe/OneDrive/Desktop/Pasantia/Proyectos/recursos-humanos/vendor/laravel/framework/src/Illuminate/Foundation/resources/server.php(23): require_once('...')
#59 {main}
"} 
[2026-07-21 11:38:15] local.ERROR: SQLSTATE[42P01]: Undefined table: 7 ERROR:  no existe la relación «users»
LINE 1: select * from "users" where "id" = $1 limit 1
                      ^ (Connection: pgsql, SQL: select * from "users" where "id" = 2 limit 1) {"exception":"[object] (Illuminate\\Database\\QueryException(code: 42P01): SQLSTATE[42P01]: Undefined table: 7 ERROR:  no existe la relación «users»
LINE 1: select * from \"users\" where \"id\" = $1 limit 1
                      ^ (Connection: pgsql, SQL: select * from \"users\" where \"id\" = 2 limit 1) at C:/Users/israe/OneDrive/Desktop/Pasantia/Proyectos/recursos-humanos/vendor/laravel/framework/src/Illuminate/Database/Connection.php:825)
[stacktrace]
#0 C:/Users/israe/OneDrive/Desktop/Pasantia/Proyectos/recursos-humanos/vendor/laravel/framework/src/Illuminate/Database/Connection.php(779): Illuminate/Database/Connection->runQueryCallback()
#1 C:/Users/israe/OneDrive/Desktop/Pasantia/Proyectos/recursos-humanos/vendor/laravel/framework/src/Illuminate/Database/Connection.php(398): Illuminate/Database/Connection->run()
#2 C:/Users/israe/OneDrive/Desktop/Pasantia/Proyectos/recursos-humanos/vendor/laravel/framework/src/Illuminate/Database/Query/Builder.php(3106): Illuminate/Database/Connection->select()
#3 C:/Users/israe/OneDrive/Desktop/Pasantia/Proyectos/recursos-humanos/vendor/laravel/framework/src/Illuminate/Database/Query/Builder.php(3091): Illuminate/Database/Query/Builder->runSelect()
#4 C:/Users/israe/OneDrive/Desktop/Pasantia/Proyectos/recursos-humanos/vendor/laravel/framework/src/Illuminate/Database/Query/Builder.php(3676): Illuminate/Database/Query/Builder->Illuminate/Database/Query/{closure}()
#5 C:/Users/israe/OneDrive/Desktop/Pasantia/Proyectos/recursos-humanos/vendor/laravel/framework/src/Illuminate/Database/Query/Builder.php(3090): Illuminate/Database/Query/Builder->onceWithColumns()
#6 C:/Users/israe/OneDrive/Desktop/Pasantia/Proyectos/recursos-humanos/vendor/laravel/framework/src/Illuminate/Database/Eloquent/Builder.php(811): Illuminate/Database/Query/Builder->get()
#7 C:/Users/israe/OneDrive/Desktop/Pasantia/Proyectos/recursos-humanos/vendor/laravel/framework/src/Illuminate/Database/Eloquent/Builder.php(793): Illuminate/Database/Eloquent/Builder->getModels()
#8 C:/Users/israe/OneDrive/Desktop/Pasantia/Proyectos/recursos-humanos/vendor/laravel/framework/src/Illuminate/Database/Concerns/BuildsQueries.php(343): Illuminate/Database/Eloquent/Builder->get()
#9 C:/Users/israe/OneDrive/Desktop/Pasantia/Proyectos/recursos-humanos/vendor/laravel/framework/src/Illuminate/Auth/EloquentUserProvider.php(59): Illuminate/Database/Eloquent/Builder->first()
#10 C:/Users/israe/OneDrive/Desktop/Pasantia/Proyectos/recursos-humanos/vendor/laravel/framework/src/Illuminate/Auth/SessionGuard.php(180): Illuminate/Auth/EloquentUserProvider->retrieveById()
#11 C:/Users/israe/OneDrive/Desktop/Pasantia/Proyectos/recursos-humanos/vendor/laravel/framework/src/Illuminate/Auth/GuardHelpers.php(56): Illuminate/Auth/SessionGuard->user()
#12 C:/Users/israe/OneDrive/Desktop/Pasantia/Proyectos/recursos-humanos/vendor/laravel/framework/src/Illuminate/Auth/Middleware/Authenticate.php(83): Illuminate/Auth/SessionGuard->check()
#13 C:/Users/israe/OneDrive/Desktop/Pasantia/Proyectos/recursos-humanos/vendor/laravel/framework/src/Illuminate/Auth/Middleware/Authenticate.php(62): Illuminate/Auth/Middleware/Authenticate->authenticate()
#14 C:/Users/israe/OneDrive/Desktop/Pasantia/Proyectos/recursos-humanos/vendor/laravel/framework/src/Illuminate/Pipeline/Pipeline.php(209): Illuminate/Auth/Middleware/Authenticate->handle()
#15 C:/Users/israe/OneDrive/Desktop/Pasantia/Proyectos/recursos-humanos/vendor/laravel/framework/src/Illuminate/Foundation/Http/Middleware/VerifyCsrfToken.php(88): Illuminate/Pipeline/Pipeline->Illuminate/Pipeline/{closure}()
#16 C:/Users/israe/OneDrive/Desktop/Pasantia/Proyectos/recursos-humanos/vendor/laravel/framework/src/Illuminate/Pipeline/Pipeline.php(209): Illuminate/Foundation/Http/Middleware/VerifyCsrfToken->handle()
#17 C:/Users/israe/OneDrive/Desktop/Pasantia/Proyectos/recursos-humanos/vendor/laravel/framework/src/Illuminate/View/Middleware/ShareErrorsFromSession.php(49): Illuminate/Pipeline/Pipeline->Illuminate/Pipeline/{closure}()
#18 C:/Users/israe/OneDrive/Desktop/Pasantia/Proyectos/recursos-humanos/vendor/laravel/framework/src/Illuminate/Pipeline/Pipeline.php(209): Illuminate/View/Middleware/ShareErrorsFromSession->handle()
#19 C:/Users/israe/OneDrive/Desktop/Pasantia/Proyectos/recursos-humanos/vendor/laravel/framework/src/Illuminate/Session/Middleware/StartSession.php(121): Illuminate/Pipeline/Pipeline->Illuminate/Pipeline/{closure}()
#20 C:/Users/israe/OneDrive/Desktop/Pasantia/Proyectos/recursos-humanos/vendor/laravel/framework/src/Illuminate/Session/Middleware/StartSession.php(64): Illuminate/Session/Middleware/StartSession->handleStatefulRequest()
#21 C:/Users/israe/OneDrive/Desktop/Pasantia/Proyectos/recursos-humanos/vendor/laravel/framework/src/Illuminate/Pipeline/Pipeline.php(209): Illuminate/Session/Middleware/StartSession->handle()
#22 C:/Users/israe/OneDrive/Desktop/Pasantia/Proyectos/recursos-humanos/vendor/laravel/framework/src/Illuminate/Cookie/Middleware/AddQueuedCookiesToResponse.php(37): Illuminate/Pipeline/Pipeline->Illuminate/Pipeline/{closure}()
#23 C:/Users/israe/OneDrive/Desktop/Pasantia/Proyectos/recursos-humanos/vendor/laravel/framework/src/Illuminate/Pipeline/Pipeline.php(209): Illuminate/Cookie/Middleware/AddQueuedCookiesToResponse->handle()
#24 C:/Users/israe/OneDrive/Desktop/Pasantia/Proyectos/recursos-humanos/vendor/laravel/framework/src/Illuminate/Cookie/Middleware/EncryptCookies.php(75): Illuminate/Pipeline/Pipeline->Illuminate/Pipeline/{closure}()
#25 C:/Users/israe/OneDrive/Desktop/Pasantia/Proyectos/recursos-humanos/vendor/laravel/framework/src/Illuminate/Pipeline/Pipeline.php(209): Illuminate/Cookie/Middleware/EncryptCookies->handle()
#26 C:/Users/israe/OneDrive/Desktop/Pasantia/Proyectos/recursos-humanos/vendor/laravel/framework/src/Illuminate/Pipeline/Pipeline.php(127): Illuminate/Pipeline/Pipeline->Illuminate/Pipeline/{closure}()
#27 C:/Users/israe/OneDrive/Desktop/Pasantia/Proyectos/recursos-humanos/vendor/laravel/framework/src/Illuminate/Routing/Router.php(807): Illuminate/Pipeline/Pipeline->then()
#28 C:/Users/israe/OneDrive/Desktop/Pasantia/Proyectos/recursos-humanos/vendor/laravel/framework/src/Illuminate/Routing/Router.php(786): Illuminate/Routing/Router->runRouteWithinStack()
#29 C:/Users/israe/OneDrive/Desktop/Pasantia/Proyectos/recursos-humanos/vendor/laravel/framework/src/Illuminate/Routing/Router.php(750): Illuminate/Routing/Router->runRoute()
#30 C:/Users/israe/OneDrive/Desktop/Pasantia/Proyectos/recursos-humanos/vendor/laravel/framework/src/Illuminate/Routing/Router.php(739): Illuminate/Routing/Router->dispatchToRoute()
#31 C:/Users/israe/OneDrive/Desktop/Pasantia/Proyectos/recursos-humanos/vendor/laravel/framework/src/Illuminate/Foundation/Http/Kernel.php(201): Illuminate/Routing/Router->dispatch()
#32 C:/Users/israe/OneDrive/Desktop/Pasantia/Proyectos/recursos-humanos/vendor/laravel/framework/src/Illuminate/Pipeline/Pipeline.php(170): Illuminate/Foundation/Http/Kernel->Illuminate/Foundation/Http/{closure}()
#33 C:/Users/israe/OneDrive/Desktop/Pasantia/Proyectos/recursos-humanos/vendor/livewire/livewire/src/Features/SupportDisablingBackButtonCache/DisableBackButtonCacheMiddleware.php(19): Illuminate/Pipeline/Pipeline->Illuminate/Pipeline/{closure}()
#34 C:/Users/israe/OneDrive/Desktop/Pasantia/Proyectos/recursos-humanos/vendor/laravel/framework/src/Illuminate/Pipeline/Pipeline.php(209): Livewire/Features/SupportDisablingBackButtonCache/DisableBackButtonCacheMiddleware->handle()
#35 C:/Users/israe/OneDrive/Desktop/Pasantia/Proyectos/recursos-humanos/vendor/laravel/framework/src/Illuminate/Foundation/Http/Middleware/TransformsRequest.php(21): Illuminate/Pipeline/Pipeline->Illuminate/Pipeline/{closure}()
#36 C:/Users/israe/OneDrive/Desktop/Pasantia/Proyectos/recursos-humanos/vendor/laravel/framework/src/Illuminate/Foundation/Http/Middleware/ConvertEmptyStringsToNull.php(31): Illuminate/Foundation/Http/Middleware/TransformsRequest->handle()
#37 C:/Users/israe/OneDrive/Desktop/Pasantia/Proyectos/recursos-humanos/vendor/laravel/framework/src/Illuminate/Pipeline/Pipeline.php(209): Illuminate/Foundation/Http/Middleware/ConvertEmptyStringsToNull->handle()
#38 C:/Users/israe/OneDrive/Desktop/Pasantia/Proyectos/recursos-humanos/vendor/laravel/framework/src/Illuminate/Foundation/Http/Middleware/TransformsRequest.php(21): Illuminate/Pipeline/Pipeline->Illuminate/Pipeline/{closure}()
#39 C:/Users/israe/OneDrive/Desktop/Pasantia/Proyectos/recursos-humanos/vendor/laravel/framework/src/Illuminate/Foundation/Http/Middleware/TrimStrings.php(51): Illuminate/Foundation/Http/Middleware/TransformsRequest->handle()
#40 C:/Users/israe/OneDrive/Desktop/Pasantia/Proyectos/recursos-humanos/vendor/laravel/framework/src/Illuminate/Pipeline/Pipeline.php(209): Illuminate/Foundation/Http/Middleware/TrimStrings->handle()
#41 C:/Users/israe/OneDrive/Desktop/Pasantia/Proyectos/recursos-humanos/vendor/laravel/framework/src/Illuminate/Http/Middleware/ValidatePostSize.php(27): Illuminate/Pipeline/Pipeline->Illuminate/Pipeline/{closure}()
#42 C:/Users/israe/OneDrive/Desktop/Pasantia/Proyectos/recursos-humanos/vendor/laravel/framework/src/Illuminate/Pipeline/Pipeline.php(209): Illuminate/Http/Middleware/ValidatePostSize->handle()
#43 C:/Users/israe/OneDrive/Desktop/Pasantia/Proyectos/recursos-humanos/vendor/laravel/framework/src/Illuminate/Foundation/Http/Middleware/PreventRequestsDuringMaintenance.php(110): Illuminate/Pipeline/Pipeline->Illuminate/Pipeline/{closure}()
#44 C:/Users/israe/OneDrive/Desktop/Pasantia/Proyectos/recursos-humanos/vendor/laravel/framework/src/Illuminate/Pipeline/Pipeline.php(209): Illuminate/Foundation/Http/Middleware/PreventRequestsDuringMaintenance->handle()
#45 C:/Users/israe/OneDrive/Desktop/Pasantia/Proyectos/recursos-humanos/vendor/laravel/framework/src/Illuminate/Http/Middleware/HandleCors.php(49): Illuminate/Pipeline/Pipeline->Illuminate/Pipeline/{closure}()
#46 C:/Users/israe/OneDrive/Desktop/Pasantia/Proyectos/recursos-humanos/vendor/laravel/framework/src/Illuminate/Pipeline/Pipeline.php(209): Illuminate/Http/Middleware/HandleCors->handle()
#47 C:/Users/israe/OneDrive/Desktop/Pasantia/Proyectos/recursos-humanos/vendor/laravel/framework/src/Illuminate/Http/Middleware/TrustProxies.php(58): Illuminate/Pipeline/Pipeline->Illuminate/Pipeline/{closure}()
#48 C:/Users/israe/OneDrive/Desktop/Pasantia/Proyectos/recursos-humanos/vendor/laravel/framework/src/Illuminate/Pipeline/Pipeline.php(209): Illuminate/Http/Middleware/TrustProxies->handle()
#49 C:/Users/israe/OneDrive/Desktop/Pasantia/Proyectos/recursos-humanos/vendor/laravel/framework/src/Illuminate/Foundation/Http/Middleware/InvokeDeferredCallbacks.php(22): Illuminate/Pipeline/Pipeline->Illuminate/Pipeline/{closure}()
#50 C:/Users/israe/OneDrive/Desktop/Pasantia/Proyectos/recursos-humanos/vendor/laravel/framework/src/Illuminate/Pipeline/Pipeline.php(209): Illuminate/Foundation/Http/Middleware/InvokeDeferredCallbacks->handle()
#51 C:/Users/israe/OneDrive/Desktop/Pasantia/Proyectos/recursos-humanos/vendor/laravel/framework/src/Illuminate/Pipeline/Pipeline.php(127): Illuminate/Pipeline/Pipeline->Illuminate/Pipeline/{closure}()
#52 C:/Users/israe/OneDrive/Desktop/Pasantia/Proyectos/recursos-humanos/vendor/laravel/framework/src/Illuminate/Foundation/Http/Kernel.php(176): Illuminate/Pipeline/Pipeline->then()
#53 C:/Users/israe/OneDrive/Desktop/Pasantia/Proyectos/recursos-humanos/vendor/laravel/framework/src/Illuminate/Foundation/Http/Kernel.php(145): Illuminate/Foundation/Http/Kernel->sendRequestThroughRouter()
#54 C:/Users/israe/OneDrive/Desktop/Pasantia/Proyectos/recursos-humanos/vendor/laravel/framework/src/Illuminate/Foundation/Application.php(1220): Illuminate/Foundation/Http/Kernel->handle()
#55 C:/Users/israe/OneDrive/Desktop/Pasantia/Proyectos/recursos-humanos/public/index.php(17): Illuminate/Foundation/Application->handleRequest()
#56 C:/Users/israe/OneDrive/Desktop/Pasantia/Proyectos/recursos-humanos/vendor/laravel/framework/src/Illuminate/Foundation/resources/server.php(23): require_once('...')
#57 {main}

[previous exception] [object] (PDOException(code: 42P01): SQLSTATE[42P01]: Undefined table: 7 ERROR:  no existe la relación «users»
LINE 1: select * from \"users\" where \"id\" = $1 limit 1
                      ^ at C:/Users/israe/OneDrive/Desktop/Pasantia/Proyectos/recursos-humanos/vendor/laravel/framework/src/Illuminate/Database/Connection.php:412)
[stacktrace]
#0 C:/Users/israe/OneDrive/Desktop/Pasantia/Proyectos/recursos-humanos/vendor/laravel/framework/src/Illuminate/Database/Connection.php(412): PDOStatement->execute()
#1 C:/Users/israe/OneDrive/Desktop/Pasantia/Proyectos/recursos-humanos/vendor/laravel/framework/src/Illuminate/Database/Connection.php(812): Illuminate/Database/Connection->Illuminate/Database/{closure}()
#2 C:/Users/israe/OneDrive/Desktop/Pasantia/Proyectos/recursos-humanos/vendor/laravel/framework/src/Illuminate/Database/Connection.php(779): Illuminate/Database/Connection->runQueryCallback()
#3 C:/Users/israe/OneDrive/Desktop/Pasantia/Proyectos/recursos-humanos/vendor/laravel/framework/src/Illuminate/Database/Connection.php(398): Illuminate/Database/Connection->run()
#4 C:/Users/israe/OneDrive/Desktop/Pasantia/Proyectos/recursos-humanos/vendor/laravel/framework/src/Illuminate/Database/Query/Builder.php(3106): Illuminate/Database/Connection->select()
#5 C:/Users/israe/OneDrive/Desktop/Pasantia/Proyectos/recursos-humanos/vendor/laravel/framework/src/Illuminate/Database/Query/Builder.php(3091): Illuminate/Database/Query/Builder->runSelect()
#6 C:/Users/israe/OneDrive/Desktop/Pasantia/Proyectos/recursos-humanos/vendor/laravel/framework/src/Illuminate/Database/Query/Builder.php(3676): Illuminate/Database/Query/Builder->Illuminate/Database/Query/{closure}()
#7 C:/Users/israe/OneDrive/Desktop/Pasantia/Proyectos/recursos-humanos/vendor/laravel/framework/src/Illuminate/Database/Query/Builder.php(3090): Illuminate/Database/Query/Builder->onceWithColumns()
#8 C:/Users/israe/OneDrive/Desktop/Pasantia/Proyectos/recursos-humanos/vendor/laravel/framework/src/Illuminate/Database/Eloquent/Builder.php(811): Illuminate/Database/Query/Builder->get()
#9 C:/Users/israe/OneDrive/Desktop/Pasantia/Proyectos/recursos-humanos/vendor/laravel/framework/src/Illuminate/Database/Eloquent/Builder.php(793): Illuminate/Database/Eloquent/Builder->getModels()
#10 C:/Users/israe/OneDrive/Desktop/Pasantia/Proyectos/recursos-humanos/vendor/laravel/framework/src/Illuminate/Database/Concerns/BuildsQueries.php(343): Illuminate/Database/Eloquent/Builder->get()
#11 C:/Users/israe/OneDrive/Desktop/Pasantia/Proyectos/recursos-humanos/vendor/laravel/framework/src/Illuminate/Auth/EloquentUserProvider.php(59): Illuminate/Database/Eloquent/Builder->first()
#12 C:/Users/israe/OneDrive/Desktop/Pasantia/Proyectos/recursos-humanos/vendor/laravel/framework/src/Illuminate/Auth/SessionGuard.php(180): Illuminate/Auth/EloquentUserProvider->retrieveById()
#13 C:/Users/israe/OneDrive/Desktop/Pasantia/Proyectos/recursos-humanos/vendor/laravel/framework/src/Illuminate/Auth/GuardHelpers.php(56): Illuminate/Auth/SessionGuard->user()
#14 C:/Users/israe/OneDrive/Desktop/Pasantia/Proyectos/recursos-humanos/vendor/laravel/framework/src/Illuminate/Auth/Middleware/Authenticate.php(83): Illuminate/Auth/SessionGuard->check()
#15 C:/Users/israe/OneDrive/Desktop/Pasantia/Proyectos/recursos-humanos/vendor/laravel/framework/src/Illuminate/Auth/Middleware/Authenticate.php(62): Illuminate/Auth/Middleware/Authenticate->authenticate()
#16 C:/Users/israe/OneDrive/Desktop/Pasantia/Proyectos/recursos-humanos/vendor/laravel/framework/src/Illuminate/Pipeline/Pipeline.php(209): Illuminate/Auth/Middleware/Authenticate->handle()
#17 C:/Users/israe/OneDrive/Desktop/Pasantia/Proyectos/recursos-humanos/vendor/laravel/framework/src/Illuminate/Foundation/Http/Middleware/VerifyCsrfToken.php(88): Illuminate/Pipeline/Pipeline->Illuminate/Pipeline/{closure}()
#18 C:/Users/israe/OneDrive/Desktop/Pasantia/Proyectos/recursos-humanos/vendor/laravel/framework/src/Illuminate/Pipeline/Pipeline.php(209): Illuminate/Foundation/Http/Middleware/VerifyCsrfToken->handle()
#19 C:/Users/israe/OneDrive/Desktop/Pasantia/Proyectos/recursos-humanos/vendor/laravel/framework/src/Illuminate/View/Middleware/ShareErrorsFromSession.php(49): Illuminate/Pipeline/Pipeline->Illuminate/Pipeline/{closure}()
#20 C:/Users/israe/OneDrive/Desktop/Pasantia/Proyectos/recursos-humanos/vendor/laravel/framework/src/Illuminate/Pipeline/Pipeline.php(209): Illuminate/View/Middleware/ShareErrorsFromSession->handle()
#21 C:/Users/israe/OneDrive/Desktop/Pasantia/Proyectos/recursos-humanos/vendor/laravel/framework/src/Illuminate/Session/Middleware/StartSession.php(121): Illuminate/Pipeline/Pipeline->Illuminate/Pipeline/{closure}()
#22 C:/Users/israe/OneDrive/Desktop/Pasantia/Proyectos/recursos-humanos/vendor/laravel/framework/src/Illuminate/Session/Middleware/StartSession.php(64): Illuminate/Session/Middleware/StartSession->handleStatefulRequest()
#23 C:/Users/israe/OneDrive/Desktop/Pasantia/Proyectos/recursos-humanos/vendor/laravel/framework/src/Illuminate/Pipeline/Pipeline.php(209): Illuminate/Session/Middleware/StartSession->handle()
#24 C:/Users/israe/OneDrive/Desktop/Pasantia/Proyectos/recursos-humanos/vendor/laravel/framework/src/Illuminate/Cookie/Middleware/AddQueuedCookiesToResponse.php(37): Illuminate/Pipeline/Pipeline->Illuminate/Pipeline/{closure}()
#25 C:/Users/israe/OneDrive/Desktop/Pasantia/Proyectos/recursos-humanos/vendor/laravel/framework/src/Illuminate/Pipeline/Pipeline.php(209): Illuminate/Cookie/Middleware/AddQueuedCookiesToResponse->handle()
#26 C:/Users/israe/OneDrive/Desktop/Pasantia/Proyectos/recursos-humanos/vendor/laravel/framework/src/Illuminate/Cookie/Middleware/EncryptCookies.php(75): Illuminate/Pipeline/Pipeline->Illuminate/Pipeline/{closure}()
#27 C:/Users/israe/OneDrive/Desktop/Pasantia/Proyectos/recursos-humanos/vendor/laravel/framework/src/Illuminate/Pipeline/Pipeline.php(209): Illuminate/Cookie/Middleware/EncryptCookies->handle()
#28 C:/Users/israe/OneDrive/Desktop/Pasantia/Proyectos/recursos-humanos/vendor/laravel/framework/src/Illuminate/Pipeline/Pipeline.php(127): Illuminate/Pipeline/Pipeline->Illuminate/Pipeline/{closure}()
#29 C:/Users/israe/OneDrive/Desktop/Pasantia/Proyectos/recursos-humanos/vendor/laravel/framework/src/Illuminate/Routing/Router.php(807): Illuminate/Pipeline/Pipeline->then()
#30 C:/Users/israe/OneDrive/Desktop/Pasantia/Proyectos/recursos-humanos/vendor/laravel/framework/src/Illuminate/Routing/Router.php(786): Illuminate/Routing/Router->runRouteWithinStack()
#31 C:/Users/israe/OneDrive/Desktop/Pasantia/Proyectos/recursos-humanos/vendor/laravel/framework/src/Illuminate/Routing/Router.php(750): Illuminate/Routing/Router->runRoute()
#32 C:/Users/israe/OneDrive/Desktop/Pasantia/Proyectos/recursos-humanos/vendor/laravel/framework/src/Illuminate/Routing/Router.php(739): Illuminate/Routing/Router->dispatchToRoute()
#33 C:/Users/israe/OneDrive/Desktop/Pasantia/Proyectos/recursos-humanos/vendor/laravel/framework/src/Illuminate/Foundation/Http/Kernel.php(201): Illuminate/Routing/Router->dispatch()
#34 C:/Users/israe/OneDrive/Desktop/Pasantia/Proyectos/recursos-humanos/vendor/laravel/framework/src/Illuminate/Pipeline/Pipeline.php(170): Illuminate/Foundation/Http/Kernel->Illuminate/Foundation/Http/{closure}()
#35 C:/Users/israe/OneDrive/Desktop/Pasantia/Proyectos/recursos-humanos/vendor/livewire/livewire/src/Features/SupportDisablingBackButtonCache/DisableBackButtonCacheMiddleware.php(19): Illuminate/Pipeline/Pipeline->Illuminate/Pipeline/{closure}()
#36 C:/Users/israe/OneDrive/Desktop/Pasantia/Proyectos/recursos-humanos/vendor/laravel/framework/src/Illuminate/Pipeline/Pipeline.php(209): Livewire/Features/SupportDisablingBackButtonCache/DisableBackButtonCacheMiddleware->handle()
#37 C:/Users/israe/OneDrive/Desktop/Pasantia/Proyectos/recursos-humanos/vendor/laravel/framework/src/Illuminate/Foundation/Http/Middleware/TransformsRequest.php(21): Illuminate/Pipeline/Pipeline->Illuminate/Pipeline/{closure}()
#38 C:/Users/israe/OneDrive/Desktop/Pasantia/Proyectos/recursos-humanos/vendor/laravel/framework/src/Illuminate/Foundation/Http/Middleware/ConvertEmptyStringsToNull.php(31): Illuminate/Foundation/Http/Middleware/TransformsRequest->handle()
#39 C:/Users/israe/OneDrive/Desktop/Pasantia/Proyectos/recursos-humanos/vendor/laravel/framework/src/Illuminate/Pipeline/Pipeline.php(209): Illuminate/Foundation/Http/Middleware/ConvertEmptyStringsToNull->handle()
#40 C:/Users/israe/OneDrive/Desktop/Pasantia/Proyectos/recursos-humanos/vendor/laravel/framework/src/Illuminate/Foundation/Http/Middleware/TransformsRequest.php(21): Illuminate/Pipeline/Pipeline->Illuminate/Pipeline/{closure}()
#41 C:/Users/israe/OneDrive/Desktop/Pasantia/Proyectos/recursos-humanos/vendor/laravel/framework/src/Illuminate/Foundation/Http/Middleware/TrimStrings.php(51): Illuminate/Foundation/Http/Middleware/TransformsRequest->handle()
#42 C:/Users/israe/OneDrive/Desktop/Pasantia/Proyectos/recursos-humanos/vendor/laravel/framework/src/Illuminate/Pipeline/Pipeline.php(209): Illuminate/Foundation/Http/Middleware/TrimStrings->handle()
#43 C:/Users/israe/OneDrive/Desktop/Pasantia/Proyectos/recursos-humanos/vendor/laravel/framework/src/Illuminate/Http/Middleware/ValidatePostSize.php(27): Illuminate/Pipeline/Pipeline->Illuminate/Pipeline/{closure}()
#44 C:/Users/israe/OneDrive/Desktop/Pasantia/Proyectos/recursos-humanos/vendor/laravel/framework/src/Illuminate/Pipeline/Pipeline.php(209): Illuminate/Http/Middleware/ValidatePostSize->handle()
#45 C:/Users/israe/OneDrive/Desktop/Pasantia/Proyectos/recursos-humanos/vendor/laravel/framework/src/Illuminate/Foundation/Http/Middleware/PreventRequestsDuringMaintenance.php(110): Illuminate/Pipeline/Pipeline->Illuminate/Pipeline/{closure}()
#46 C:/Users/israe/OneDrive/Desktop/Pasantia/Proyectos/recursos-humanos/vendor/laravel/framework/src/Illuminate/Pipeline/Pipeline.php(209): Illuminate/Foundation/Http/Middleware/PreventRequestsDuringMaintenance->handle()
#47 C:/Users/israe/OneDrive/Desktop/Pasantia/Proyectos/recursos-humanos/vendor/laravel/framework/src/Illuminate/Http/Middleware/HandleCors.php(49): Illuminate/Pipeline/Pipeline->Illuminate/Pipeline/{closure}()
#48 C:/Users/israe/OneDrive/Desktop/Pasantia/Proyectos/recursos-humanos/vendor/laravel/framework/src/Illuminate/Pipeline/Pipeline.php(209): Illuminate/Http/Middleware/HandleCors->handle()
#49 C:/Users/israe/OneDrive/Desktop/Pasantia/Proyectos/recursos-humanos/vendor/laravel/framework/src/Illuminate/Http/Middleware/TrustProxies.php(58): Illuminate/Pipeline/Pipeline->Illuminate/Pipeline/{closure}()
#50 C:/Users/israe/OneDrive/Desktop/Pasantia/Proyectos/recursos-humanos/vendor/laravel/framework/src/Illuminate/Pipeline/Pipeline.php(209): Illuminate/Http/Middleware/TrustProxies->handle()
#51 C:/Users/israe/OneDrive/Desktop/Pasantia/Proyectos/recursos-humanos/vendor/laravel/framework/src/Illuminate/Foundation/Http/Middleware/InvokeDeferredCallbacks.php(22): Illuminate/Pipeline/Pipeline->Illuminate/Pipeline/{closure}()
#52 C:/Users/israe/OneDrive/Desktop/Pasantia/Proyectos/recursos-humanos/vendor/laravel/framework/src/Illuminate/Pipeline/Pipeline.php(209): Illuminate/Foundation/Http/Middleware/InvokeDeferredCallbacks->handle()
#53 C:/Users/israe/OneDrive/Desktop/Pasantia/Proyectos/recursos-humanos/vendor/laravel/framework/src/Illuminate/Pipeline/Pipeline.php(127): Illuminate/Pipeline/Pipeline->Illuminate/Pipeline/{closure}()
#54 C:/Users/israe/OneDrive/Desktop/Pasantia/Proyectos/recursos-humanos/vendor/laravel/framework/src/Illuminate/Foundation/Http/Kernel.php(176): Illuminate/Pipeline/Pipeline->then()
#55 C:/Users/israe/OneDrive/Desktop/Pasantia/Proyectos/recursos-humanos/vendor/laravel/framework/src/Illuminate/Foundation/Http/Kernel.php(145): Illuminate/Foundation/Http/Kernel->sendRequestThroughRouter()
#56 C:/Users/israe/OneDrive/Desktop/Pasantia/Proyectos/recursos-humanos/vendor/laravel/framework/src/Illuminate/Foundation/Application.php(1220): Illuminate/Foundation/Http/Kernel->handle()
#57 C:/Users/israe/OneDrive/Desktop/Pasantia/Proyectos/recursos-humanos/public/index.php(17): Illuminate/Foundation/Application->handleRequest()
#58 C:/Users/israe/OneDrive/Desktop/Pasantia/Proyectos/recursos-humanos/vendor/laravel/framework/src/Illuminate/Foundation/resources/server.php(23): require_once('...')
#59 {main}
"} 
[2026-07-21 12:10:45] local.ERROR: The "--force" option does not exist. {"exception":"[object] (Symfony\\Component\\Console\\Exception\\RuntimeException(code: 0): The \"--force\" option does not exist. at C:/Users/israe/OneDrive/Desktop/Pasantia/Proyectos/recursos-humanos/vendor/symfony/console/Input/ArgvInput.php:226)
[stacktrace]
#0 C:/Users/israe/OneDrive/Desktop/Pasantia/Proyectos/recursos-humanos/vendor/symfony/console/Input/ArgvInput.php(155): Symfony/Component/Console/Input/ArgvInput->addLongOption()
#1 C:/Users/israe/OneDrive/Desktop/Pasantia/Proyectos/recursos-humanos/vendor/symfony/console/Input/ArgvInput.php(88): Symfony/Component/Console/Input/ArgvInput->parseLongOption()
#2 C:/Users/israe/OneDrive/Desktop/Pasantia/Proyectos/recursos-humanos/vendor/symfony/console/Input/ArgvInput.php(77): Symfony/Component/Console/Input/ArgvInput->parseToken()
#3 C:/Users/israe/OneDrive/Desktop/Pasantia/Proyectos/recursos-humanos/vendor/symfony/console/Input/Input.php(53): Symfony/Component/Console/Input/ArgvInput->parse()
#4 C:/Users/israe/OneDrive/Desktop/Pasantia/Proyectos/recursos-humanos/vendor/symfony/console/Command/Command.php(295): Symfony/Component/Console/Input/Input->bind()
#5 C:/Users/israe/OneDrive/Desktop/Pasantia/Proyectos/recursos-humanos/vendor/laravel/framework/src/Illuminate/Console/Command.php(182): Symfony/Component/Console/Command/Command->run()
#6 C:/Users/israe/OneDrive/Desktop/Pasantia/Proyectos/recursos-humanos/vendor/symfony/console/Application.php(1117): Illuminate/Console/Command->run()
#7 C:/Users/israe/OneDrive/Desktop/Pasantia/Proyectos/recursos-humanos/vendor/symfony/console/Application.php(356): Symfony/Component/Console/Application->doRunCommand()
#8 C:/Users/israe/OneDrive/Desktop/Pasantia/Proyectos/recursos-humanos/vendor/symfony/console/Application.php(195): Symfony/Component/Console/Application->doRun()
#9 C:/Users/israe/OneDrive/Desktop/Pasantia/Proyectos/recursos-humanos/vendor/laravel/framework/src/Illuminate/Foundation/Console/Kernel.php(198): Symfony/Component/Console/Application->run()
#10 C:/Users/israe/OneDrive/Desktop/Pasantia/Proyectos/recursos-humanos/vendor/laravel/framework/src/Illuminate/Foundation/Application.php(1235): Illuminate/Foundation/Console/Kernel->handle()
#11 C:/Users/israe/OneDrive/Desktop/Pasantia/Proyectos/recursos-humanos/artisan(13): Illuminate/Foundation/Application->handleCommand()
#12 {main}
"} 
[2026-07-21 12:28:53] local.ERROR: PHP Parse error: Syntax error, unexpected T_NS_SEPARATOR on line 1 {"exception":"[object] (Psy\\Exception\\ParseErrorException(code: 0): PHP Parse error: Syntax error, unexpected T_NS_SEPARATOR on line 1 at C:/Users/israe/OneDrive/Desktop/Pasantia/Proyectos/recursos-humanos/vendor/psy/psysh/src/Exception/ParseErrorException.php:44)
[stacktrace]
#0 C:/Users/israe/OneDrive/Desktop/Pasantia/Proyectos/recursos-humanos/vendor/psy/psysh/src/CodeCleaner.php(657): Psy/Exception/ParseErrorException::fromParseError()
#1 C:/Users/israe/OneDrive/Desktop/Pasantia/Proyectos/recursos-humanos/vendor/psy/psysh/src/CodeCleaner.php(273): Psy/CodeCleaner->parse()
#2 C:/Users/israe/OneDrive/Desktop/Pasantia/Proyectos/recursos-humanos/vendor/psy/psysh/src/Shell.php(1399): Psy/CodeCleaner->clean()
#3 C:/Users/israe/OneDrive/Desktop/Pasantia/Proyectos/recursos-humanos/vendor/psy/psysh/src/Shell.php(1506): Psy/Shell->appendCode()
#4 C:/Users/israe/OneDrive/Desktop/Pasantia/Proyectos/recursos-humanos/vendor/psy/psysh/src/Shell.php(2215): Psy/Shell->setCode()
#5 C:/Users/israe/OneDrive/Desktop/Pasantia/Proyectos/recursos-humanos/vendor/laravel/tinker/src/Console/TinkerCommand.php(77): Psy/Shell->execute()
#6 C:/Users/israe/OneDrive/Desktop/Pasantia/Proyectos/recursos-humanos/vendor/laravel/framework/src/Illuminate/Container/BoundMethod.php(36): Laravel/Tinker/Console/TinkerCommand->handle()
#7 C:/Users/israe/OneDrive/Desktop/Pasantia/Proyectos/recursos-humanos/vendor/laravel/framework/src/Illuminate/Container/Util.php(43): Illuminate/Container/BoundMethod::Illuminate/Container/{closure}()
#8 C:/Users/israe/OneDrive/Desktop/Pasantia/Proyectos/recursos-humanos/vendor/laravel/framework/src/Illuminate/Container/BoundMethod.php(95): Illuminate/Container/Util::unwrapIfClosure()
#9 C:/Users/israe/OneDrive/Desktop/Pasantia/Proyectos/recursos-humanos/vendor/laravel/framework/src/Illuminate/Container/BoundMethod.php(35): Illuminate/Container/BoundMethod::callBoundMethod()
#10 C:/Users/israe/OneDrive/Desktop/Pasantia/Proyectos/recursos-humanos/vendor/laravel/framework/src/Illuminate/Container/Container.php(696): Illuminate/Container/BoundMethod::call()
#11 C:/Users/israe/OneDrive/Desktop/Pasantia/Proyectos/recursos-humanos/vendor/laravel/framework/src/Illuminate/Console/Command.php(213): Illuminate/Container/Container->call()
#12 C:/Users/israe/OneDrive/Desktop/Pasantia/Proyectos/recursos-humanos/vendor/symfony/console/Command/Command.php(341): Illuminate/Console/Command->execute()
#13 C:/Users/israe/OneDrive/Desktop/Pasantia/Proyectos/recursos-humanos/vendor/laravel/framework/src/Illuminate/Console/Command.php(182): Symfony/Component/Console/Command/Command->run()
#14 C:/Users/israe/OneDrive/Desktop/Pasantia/Proyectos/recursos-humanos/vendor/symfony/console/Application.php(1117): Illuminate/Console/Command->run()
#15 C:/Users/israe/OneDrive/Desktop/Pasantia/Proyectos/recursos-humanos/vendor/symfony/console/Application.php(356): Symfony/Component/Console/Application->doRunCommand()
#16 C:/Users/israe/OneDrive/Desktop/Pasantia/Proyectos/recursos-humanos/vendor/symfony/console/Application.php(195): Symfony/Component/Console/Application->doRun()
#17 C:/Users/israe/OneDrive/Desktop/Pasantia/Proyectos/recursos-humanos/vendor/laravel/framework/src/Illuminate/Foundation/Console/Kernel.php(198): Symfony/Component/Console/Application->run()
#18 C:/Users/israe/OneDrive/Desktop/Pasantia/Proyectos/recursos-humanos/vendor/laravel/framework/src/Illuminate/Foundation/Application.php(1235): Illuminate/Foundation/Console/Kernel->handle()
#19 C:/Users/israe/OneDrive/Desktop/Pasantia/Proyectos/recursos-humanos/artisan(13): Illuminate/Foundation/Application->handleCommand()
#20 {main}
"} 
[2026-07-21 12:29:06] local.ERROR: PHP Parse error: Syntax error, unexpected T_NS_SEPARATOR on line 1 {"exception":"[object] (Psy\\Exception\\ParseErrorException(code: 0): PHP Parse error: Syntax error, unexpected T_NS_SEPARATOR on line 1 at C:/Users/israe/OneDrive/Desktop/Pasantia/Proyectos/recursos-humanos/vendor/psy/psysh/src/Exception/ParseErrorException.php:44)
[stacktrace]
#0 C:/Users/israe/OneDrive/Desktop/Pasantia/Proyectos/recursos-humanos/vendor/psy/psysh/src/CodeCleaner.php(657): Psy/Exception/ParseErrorException::fromParseError()
#1 C:/Users/israe/OneDrive/Desktop/Pasantia/Proyectos/recursos-humanos/vendor/psy/psysh/src/CodeCleaner.php(273): Psy/CodeCleaner->parse()
#2 C:/Users/israe/OneDrive/Desktop/Pasantia/Proyectos/recursos-humanos/vendor/psy/psysh/src/Shell.php(1399): Psy/CodeCleaner->clean()
#3 C:/Users/israe/OneDrive/Desktop/Pasantia/Proyectos/recursos-humanos/vendor/psy/psysh/src/Shell.php(1506): Psy/Shell->appendCode()
#4 C:/Users/israe/OneDrive/Desktop/Pasantia/Proyectos/recursos-humanos/vendor/psy/psysh/src/Shell.php(2215): Psy/Shell->setCode()
#5 C:/Users/israe/OneDrive/Desktop/Pasantia/Proyectos/recursos-humanos/vendor/laravel/tinker/src/Console/TinkerCommand.php(77): Psy/Shell->execute()
#6 C:/Users/israe/OneDrive/Desktop/Pasantia/Proyectos/recursos-humanos/vendor/laravel/framework/src/Illuminate/Container/BoundMethod.php(36): Laravel/Tinker/Console/TinkerCommand->handle()
#7 C:/Users/israe/OneDrive/Desktop/Pasantia/Proyectos/recursos-humanos/vendor/laravel/framework/src/Illuminate/Container/Util.php(43): Illuminate/Container/BoundMethod::Illuminate/Container/{closure}()
#8 C:/Users/israe/OneDrive/Desktop/Pasantia/Proyectos/recursos-humanos/vendor/laravel/framework/src/Illuminate/Container/BoundMethod.php(95): Illuminate/Container/Util::unwrapIfClosure()
#9 C:/Users/israe/OneDrive/Desktop/Pasantia/Proyectos/recursos-humanos/vendor/laravel/framework/src/Illuminate/Container/BoundMethod.php(35): Illuminate/Container/BoundMethod::callBoundMethod()
#10 C:/Users/israe/OneDrive/Desktop/Pasantia/Proyectos/recursos-humanos/vendor/laravel/framework/src/Illuminate/Container/Container.php(696): Illuminate/Container/BoundMethod::call()
#11 C:/Users/israe/OneDrive/Desktop/Pasantia/Proyectos/recursos-humanos/vendor/laravel/framework/src/Illuminate/Console/Command.php(213): Illuminate/Container/Container->call()
#12 C:/Users/israe/OneDrive/Desktop/Pasantia/Proyectos/recursos-humanos/vendor/symfony/console/Command/Command.php(341): Illuminate/Console/Command->execute()
#13 C:/Users/israe/OneDrive/Desktop/Pasantia/Proyectos/recursos-humanos/vendor/laravel/framework/src/Illuminate/Console/Command.php(182): Symfony/Component/Console/Command/Command->run()
#14 C:/Users/israe/OneDrive/Desktop/Pasantia/Proyectos/recursos-humanos/vendor/symfony/console/Application.php(1117): Illuminate/Console/Command->run()
#15 C:/Users/israe/OneDrive/Desktop/Pasantia/Proyectos/recursos-humanos/vendor/symfony/console/Application.php(356): Symfony/Component/Console/Application->doRunCommand()
#16 C:/Users/israe/OneDrive/Desktop/Pasantia/Proyectos/recursos-humanos/vendor/symfony/console/Application.php(195): Symfony/Component/Console/Application->doRun()
#17 C:/Users/israe/OneDrive/Desktop/Pasantia/Proyectos/recursos-humanos/vendor/laravel/framework/src/Illuminate/Foundation/Console/Kernel.php(198): Symfony/Component/Console/Application->run()
#18 C:/Users/israe/OneDrive/Desktop/Pasantia/Proyectos/recursos-humanos/vendor/laravel/framework/src/Illuminate/Foundation/Application.php(1235): Illuminate/Foundation/Console/Kernel->handle()
#19 C:/Users/israe/OneDrive/Desktop/Pasantia/Proyectos/recursos-humanos/artisan(13): Illuminate/Foundation/Application->handleCommand()
#20 {main}
"} 
[2026-07-21 12:51:56] local.ERROR: Undefined variable $importacion {"userId":1,"exception":"[object] (ErrorException(code: 0): Undefined variable $importacion at C:/Users/israe/OneDrive/Desktop/Pasantia/Proyectos/recursos-humanos/app/Services/ImportacionBiometricaService.php:136)
[stacktrace]
#0 C:/Users/israe/OneDrive/Desktop/Pasantia/Proyectos/recursos-humanos/vendor/laravel/framework/src/Illuminate/Foundation/Bootstrap/HandleExceptions.php(258): Illuminate/Foundation/Bootstrap/HandleExceptions->handleError()
#1 C:/Users/israe/OneDrive/Desktop/Pasantia/Proyectos/recursos-humanos/app/Services/ImportacionBiometricaService.php(136): Illuminate/Foundation/Bootstrap/HandleExceptions->Illuminate/Foundation/Bootstrap/{closure}()
#2 C:/Users/israe/OneDrive/Desktop/Pasantia/Proyectos/recursos-humanos/app/Services/ImportacionBiometricaService.php(34): App/Services/ImportacionBiometricaService->persistirMarcas()
#3 C:/Users/israe/OneDrive/Desktop/Pasantia/Proyectos/recursos-humanos/app/Livewire/ImportarExcelPage.php(29): App/Services/ImportacionBiometricaService->importarArchivo()
#4 C:/Users/israe/OneDrive/Desktop/Pasantia/Proyectos/recursos-humanos/vendor/laravel/framework/src/Illuminate/Container/BoundMethod.php(36): App/Livewire/ImportarExcelPage->importFile()
#5 C:/Users/israe/OneDrive/Desktop/Pasantia/Proyectos/recursos-humanos/vendor/laravel/framework/src/Illuminate/Container/Util.php(43): Illuminate/Container/BoundMethod::Illuminate/Container/{closure}()
#6 C:/Users/israe/OneDrive/Desktop/Pasantia/Proyectos/recursos-humanos/vendor/laravel/framework/src/Illuminate/Container/BoundMethod.php(95): Illuminate/Container/Util::unwrapIfClosure()
#7 C:/Users/israe/OneDrive/Desktop/Pasantia/Proyectos/recursos-humanos/vendor/laravel/framework/src/Illuminate/Container/BoundMethod.php(35): Illuminate/Container/BoundMethod::callBoundMethod()
#8 C:/Users/israe/OneDrive/Desktop/Pasantia/Proyectos/recursos-humanos/vendor/livewire/livewire/src/Wrapped.php(23): Illuminate/Container/BoundMethod::call()
#9 C:/Users/israe/OneDrive/Desktop/Pasantia/Proyectos/recursos-humanos/vendor/livewire/livewire/src/Mechanisms/HandleComponents/HandleComponents.php(515): Livewire/Wrapped->__call()
#10 C:/Users/israe/OneDrive/Desktop/Pasantia/Proyectos/recursos-humanos/vendor/livewire/livewire/src/Mechanisms/HandleComponents/HandleComponents.php(124): Livewire/Mechanisms/HandleComponents/HandleComponents->callMethods()
#11 C:/Users/israe/OneDrive/Desktop/Pasantia/Proyectos/recursos-humanos/vendor/livewire/livewire/src/LivewireManager.php(102): Livewire/Mechanisms/HandleComponents/HandleComponents->update()
#12 C:/Users/israe/OneDrive/Desktop/Pasantia/Proyectos/recursos-humanos/vendor/livewire/livewire/src/Mechanisms/HandleRequests/HandleRequests.php(144): Livewire/LivewireManager->update()
#13 C:/Users/israe/OneDrive/Desktop/Pasantia/Proyectos/recursos-humanos/vendor/laravel/framework/src/Illuminate/Routing/ControllerDispatcher.php(47): Livewire/Mechanisms/HandleRequests/HandleRequests->handleUpdate()
#14 C:/Users/israe/OneDrive/Desktop/Pasantia/Proyectos/recursos-humanos/vendor/laravel/framework/src/Illuminate/Routing/Route.php(266): Illuminate/Routing/ControllerDispatcher->dispatch()
#15 C:/Users/israe/OneDrive/Desktop/Pasantia/Proyectos/recursos-humanos/vendor/laravel/framework/src/Illuminate/Routing/Route.php(212): Illuminate/Routing/Route->runController()
#16 C:/Users/israe/OneDrive/Desktop/Pasantia/Proyectos/recursos-humanos/vendor/laravel/framework/src/Illuminate/Routing/Router.php(808): Illuminate/Routing/Route->run()
#17 C:/Users/israe/OneDrive/Desktop/Pasantia/Proyectos/recursos-humanos/vendor/laravel/framework/src/Illuminate/Pipeline/Pipeline.php(170): Illuminate/Routing/Router->Illuminate/Routing/{closure}()
#18 C:/Users/israe/OneDrive/Desktop/Pasantia/Proyectos/recursos-humanos/vendor/laravel/framework/src/Illuminate/Routing/Middleware/SubstituteBindings.php(51): Illuminate/Pipeline/Pipeline->Illuminate/Pipeline/{closure}()
#19 C:/Users/israe/OneDrive/Desktop/Pasantia/Proyectos/recursos-humanos/vendor/laravel/framework/src/Illuminate/Pipeline/Pipeline.php(209): Illuminate/Routing/Middleware/SubstituteBindings->handle()
#20 C:/Users/israe/OneDrive/Desktop/Pasantia/Proyectos/recursos-humanos/vendor/laravel/framework/src/Illuminate/Foundation/Http/Middleware/VerifyCsrfToken.php(88): Illuminate/Pipeline/Pipeline->Illuminate/Pipeline/{closure}()
#21 C:/Users/israe/OneDrive/Desktop/Pasantia/Proyectos/recursos-humanos/vendor/laravel/framework/src/Illuminate/Pipeline/Pipeline.php(209): Illuminate/Foundation/Http/Middleware/VerifyCsrfToken->handle()
#22 C:/Users/israe/OneDrive/Desktop/Pasantia/Proyectos/recursos-humanos/vendor/laravel/framework/src/Illuminate/View/Middleware/ShareErrorsFromSession.php(49): Illuminate/Pipeline/Pipeline->Illuminate/Pipeline/{closure}()
#23 C:/Users/israe/OneDrive/Desktop/Pasantia/Proyectos/recursos-humanos/vendor/laravel/framework/src/Illuminate/Pipeline/Pipeline.php(209): Illuminate/View/Middleware/ShareErrorsFromSession->handle()
#24 C:/Users/israe/OneDrive/Desktop/Pasantia/Proyectos/recursos-humanos/vendor/laravel/framework/src/Illuminate/Session/Middleware/StartSession.php(121): Illuminate/Pipeline/Pipeline->Illuminate/Pipeline/{closure}()
#25 C:/Users/israe/OneDrive/Desktop/Pasantia/Proyectos/recursos-humanos/vendor/laravel/framework/src/Illuminate/Session/Middleware/StartSession.php(64): Illuminate/Session/Middleware/StartSession->handleStatefulRequest()
#26 C:/Users/israe/OneDrive/Desktop/Pasantia/Proyectos/recursos-humanos/vendor/laravel/framework/src/Illuminate/Pipeline/Pipeline.php(209): Illuminate/Session/Middleware/StartSession->handle()
#27 C:/Users/israe/OneDrive/Desktop/Pasantia/Proyectos/recursos-humanos/vendor/laravel/framework/src/Illuminate/Cookie/Middleware/AddQueuedCookiesToResponse.php(37): Illuminate/Pipeline/Pipeline->Illuminate/Pipeline/{closure}()
#28 C:/Users/israe/OneDrive/Desktop/Pasantia/Proyectos/recursos-humanos/vendor/laravel/framework/src/Illuminate/Pipeline/Pipeline.php(209): Illuminate/Cookie/Middleware/AddQueuedCookiesToResponse->handle()
#29 C:/Users/israe/OneDrive/Desktop/Pasantia/Proyectos/recursos-humanos/vendor/laravel/framework/src/Illuminate/Cookie/Middleware/EncryptCookies.php(75): Illuminate/Pipeline/Pipeline->Illuminate/Pipeline/{closure}()
#30 C:/Users/israe/OneDrive/Desktop/Pasantia/Proyectos/recursos-humanos/vendor/laravel/framework/src/Illuminate/Pipeline/Pipeline.php(209): Illuminate/Cookie/Middleware/EncryptCookies->handle()
#31 C:/Users/israe/OneDrive/Desktop/Pasantia/Proyectos/recursos-humanos/vendor/laravel/framework/src/Illuminate/Pipeline/Pipeline.php(127): Illuminate/Pipeline/Pipeline->Illuminate/Pipeline/{closure}()
#32 C:/Users/israe/OneDrive/Desktop/Pasantia/Proyectos/recursos-humanos/vendor/laravel/framework/src/Illuminate/Routing/Router.php(807): Illuminate/Pipeline/Pipeline->then()
#33 C:/Users/israe/OneDrive/Desktop/Pasantia/Proyectos/recursos-humanos/vendor/laravel/framework/src/Illuminate/Routing/Router.php(786): Illuminate/Routing/Router->runRouteWithinStack()
#34 C:/Users/israe/OneDrive/Desktop/Pasantia/Proyectos/recursos-humanos/vendor/laravel/framework/src/Illuminate/Routing/Router.php(750): Illuminate/Routing/Router->runRoute()
#35 C:/Users/israe/OneDrive/Desktop/Pasantia/Proyectos/recursos-humanos/vendor/laravel/framework/src/Illuminate/Routing/Router.php(739): Illuminate/Routing/Router->dispatchToRoute()
#36 C:/Users/israe/OneDrive/Desktop/Pasantia/Proyectos/recursos-humanos/vendor/laravel/framework/src/Illuminate/Foundation/Http/Kernel.php(201): Illuminate/Routing/Router->dispatch()
#37 C:/Users/israe/OneDrive/Desktop/Pasantia/Proyectos/recursos-humanos/vendor/laravel/framework/src/Illuminate/Pipeline/Pipeline.php(170): Illuminate/Foundation/Http/Kernel->Illuminate/Foundation/Http/{closure}()
#38 C:/Users/israe/OneDrive/Desktop/Pasantia/Proyectos/recursos-humanos/vendor/livewire/livewire/src/Features/SupportDisablingBackButtonCache/DisableBackButtonCacheMiddleware.php(19): Illuminate/Pipeline/Pipeline->Illuminate/Pipeline/{closure}()
#39 C:/Users/israe/OneDrive/Desktop/Pasantia/Proyectos/recursos-humanos/vendor/laravel/framework/src/Illuminate/Pipeline/Pipeline.php(209): Livewire/Features/SupportDisablingBackButtonCache/DisableBackButtonCacheMiddleware->handle()
#40 C:/Users/israe/OneDrive/Desktop/Pasantia/Proyectos/recursos-humanos/vendor/laravel/framework/src/Illuminate/Foundation/Http/Middleware/ConvertEmptyStringsToNull.php(27): Illuminate/Pipeline/Pipeline->Illuminate/Pipeline/{closure}()
#41 C:/Users/israe/OneDrive/Desktop/Pasantia/Proyectos/recursos-humanos/vendor/laravel/framework/src/Illuminate/Pipeline/Pipeline.php(209): Illuminate/Foundation/Http/Middleware/ConvertEmptyStringsToNull->handle()
#42 C:/Users/israe/OneDrive/Desktop/Pasantia/Proyectos/recursos-humanos/vendor/laravel/framework/src/Illuminate/Foundation/Http/Middleware/TrimStrings.php(47): Illuminate/Pipeline/Pipeline->Illuminate/Pipeline/{closure}()
#43 C:/Users/israe/OneDrive/Desktop/Pasantia/Proyectos/recursos-humanos/vendor/laravel/framework/src/Illuminate/Pipeline/Pipeline.php(209): Illuminate/Foundation/Http/Middleware/TrimStrings->handle()
#44 C:/Users/israe/OneDrive/Desktop/Pasantia/Proyectos/recursos-humanos/vendor/laravel/framework/src/Illuminate/Http/Middleware/ValidatePostSize.php(27): Illuminate/Pipeline/Pipeline->Illuminate/Pipeline/{closure}()
#45 C:/Users/israe/OneDrive/Desktop/Pasantia/Proyectos/recursos-humanos/vendor/laravel/framework/src/Illuminate/Pipeline/Pipeline.php(209): Illuminate/Http/Middleware/ValidatePostSize->handle()
#46 C:/Users/israe/OneDrive/Desktop/Pasantia/Proyectos/recursos-humanos/vendor/laravel/framework/src/Illuminate/Foundation/Http/Middleware/PreventRequestsDuringMaintenance.php(110): Illuminate/Pipeline/Pipeline->Illuminate/Pipeline/{closure}()
#47 C:/Users/israe/OneDrive/Desktop/Pasantia/Proyectos/recursos-humanos/vendor/laravel/framework/src/Illuminate/Pipeline/Pipeline.php(209): Illuminate/Foundation/Http/Middleware/PreventRequestsDuringMaintenance->handle()
#48 C:/Users/israe/OneDrive/Desktop/Pasantia/Proyectos/recursos-humanos/vendor/laravel/framework/src/Illuminate/Http/Middleware/HandleCors.php(49): Illuminate/Pipeline/Pipeline->Illuminate/Pipeline/{closure}()
#49 C:/Users/israe/OneDrive/Desktop/Pasantia/Proyectos/recursos-humanos/vendor/laravel/framework/src/Illuminate/Pipeline/Pipeline.php(209): Illuminate/Http/Middleware/HandleCors->handle()
#50 C:/Users/israe/OneDrive/Desktop/Pasantia/Proyectos/recursos-humanos/vendor/laravel/framework/src/Illuminate/Http/Middleware/TrustProxies.php(58): Illuminate/Pipeline/Pipeline->Illuminate/Pipeline/{closure}()
#51 C:/Users/israe/OneDrive/Desktop/Pasantia/Proyectos/recursos-humanos/vendor/laravel/framework/src/Illuminate/Pipeline/Pipeline.php(209): Illuminate/Http/Middleware/TrustProxies->handle()
#52 C:/Users/israe/OneDrive/Desktop/Pasantia/Proyectos/recursos-humanos/vendor/laravel/framework/src/Illuminate/Foundation/Http/Middleware/InvokeDeferredCallbacks.php(22): Illuminate/Pipeline/Pipeline->Illuminate/Pipeline/{closure}()
#53 C:/Users/israe/OneDrive/Desktop/Pasantia/Proyectos/recursos-humanos/vendor/laravel/framework/src/Illuminate/Pipeline/Pipeline.php(209): Illuminate/Foundation/Http/Middleware/InvokeDeferredCallbacks->handle()
#54 C:/Users/israe/OneDrive/Desktop/Pasantia/Proyectos/recursos-humanos/vendor/laravel/framework/src/Illuminate/Pipeline/Pipeline.php(127): Illuminate/Pipeline/Pipeline->Illuminate/Pipeline/{closure}()
#55 C:/Users/israe/OneDrive/Desktop/Pasantia/Proyectos/recursos-humanos/vendor/laravel/framework/src/Illuminate/Foundation/Http/Kernel.php(176): Illuminate/Pipeline/Pipeline->then()
#56 C:/Users/israe/OneDrive/Desktop/Pasantia/Proyectos/recursos-humanos/vendor/laravel/framework/src/Illuminate/Foundation/Http/Kernel.php(145): Illuminate/Foundation/Http/Kernel->sendRequestThroughRouter()
#57 C:/Users/israe/OneDrive/Desktop/Pasantia/Proyectos/recursos-humanos/vendor/laravel/framework/src/Illuminate/Foundation/Application.php(1220): Illuminate/Foundation/Http/Kernel->handle()
#58 C:/Users/israe/OneDrive/Desktop/Pasantia/Proyectos/recursos-humanos/public/index.php(17): Illuminate/Foundation/Application->handleRequest()
#59 C:/Users/israe/OneDrive/Desktop/Pasantia/Proyectos/recursos-humanos/vendor/laravel/framework/src/Illuminate/Foundation/resources/server.php(23): require_once('...')
#60 {main}
"} 
[2026-07-21 12:52:07] local.ERROR: Undefined variable $importacion {"userId":1,"exception":"[object] (ErrorException(code: 0): Undefined variable $importacion at C:/Users/israe/OneDrive/Desktop/Pasantia/Proyectos/recursos-humanos/app/Services/ImportacionBiometricaService.php:136)
[stacktrace]
#0 C:/Users/israe/OneDrive/Desktop/Pasantia/Proyectos/recursos-humanos/vendor/laravel/framework/src/Illuminate/Foundation/Bootstrap/HandleExceptions.php(258): Illuminate/Foundation/Bootstrap/HandleExceptions->handleError()
#1 C:/Users/israe/OneDrive/Desktop/Pasantia/Proyectos/recursos-humanos/app/Services/ImportacionBiometricaService.php(136): Illuminate/Foundation/Bootstrap/HandleExceptions->Illuminate/Foundation/Bootstrap/{closure}()
#2 C:/Users/israe/OneDrive/Desktop/Pasantia/Proyectos/recursos-humanos/app/Services/ImportacionBiometricaService.php(34): App/Services/ImportacionBiometricaService->persistirMarcas()
#3 C:/Users/israe/OneDrive/Desktop/Pasantia/Proyectos/recursos-humanos/app/Livewire/ImportarExcelPage.php(29): App/Services/ImportacionBiometricaService->importarArchivo()
#4 C:/Users/israe/OneDrive/Desktop/Pasantia/Proyectos/recursos-humanos/vendor/laravel/framework/src/Illuminate/Container/BoundMethod.php(36): App/Livewire/ImportarExcelPage->importFile()
#5 C:/Users/israe/OneDrive/Desktop/Pasantia/Proyectos/recursos-humanos/vendor/laravel/framework/src/Illuminate/Container/Util.php(43): Illuminate/Container/BoundMethod::Illuminate/Container/{closure}()
#6 C:/Users/israe/OneDrive/Desktop/Pasantia/Proyectos/recursos-humanos/vendor/laravel/framework/src/Illuminate/Container/BoundMethod.php(95): Illuminate/Container/Util::unwrapIfClosure()
#7 C:/Users/israe/OneDrive/Desktop/Pasantia/Proyectos/recursos-humanos/vendor/laravel/framework/src/Illuminate/Container/BoundMethod.php(35): Illuminate/Container/BoundMethod::callBoundMethod()
#8 C:/Users/israe/OneDrive/Desktop/Pasantia/Proyectos/recursos-humanos/vendor/livewire/livewire/src/Wrapped.php(23): Illuminate/Container/BoundMethod::call()
#9 C:/Users/israe/OneDrive/Desktop/Pasantia/Proyectos/recursos-humanos/vendor/livewire/livewire/src/Mechanisms/HandleComponents/HandleComponents.php(515): Livewire/Wrapped->__call()
#10 C:/Users/israe/OneDrive/Desktop/Pasantia/Proyectos/recursos-humanos/vendor/livewire/livewire/src/Mechanisms/HandleComponents/HandleComponents.php(124): Livewire/Mechanisms/HandleComponents/HandleComponents->callMethods()
#11 C:/Users/israe/OneDrive/Desktop/Pasantia/Proyectos/recursos-humanos/vendor/livewire/livewire/src/LivewireManager.php(102): Livewire/Mechanisms/HandleComponents/HandleComponents->update()
#12 C:/Users/israe/OneDrive/Desktop/Pasantia/Proyectos/recursos-humanos/vendor/livewire/livewire/src/Mechanisms/HandleRequests/HandleRequests.php(144): Livewire/LivewireManager->update()
#13 C:/Users/israe/OneDrive/Desktop/Pasantia/Proyectos/recursos-humanos/vendor/laravel/framework/src/Illuminate/Routing/ControllerDispatcher.php(47): Livewire/Mechanisms/HandleRequests/HandleRequests->handleUpdate()
#14 C:/Users/israe/OneDrive/Desktop/Pasantia/Proyectos/recursos-humanos/vendor/laravel/framework/src/Illuminate/Routing/Route.php(266): Illuminate/Routing/ControllerDispatcher->dispatch()
#15 C:/Users/israe/OneDrive/Desktop/Pasantia/Proyectos/recursos-humanos/vendor/laravel/framework/src/Illuminate/Routing/Route.php(212): Illuminate/Routing/Route->runController()
#16 C:/Users/israe/OneDrive/Desktop/Pasantia/Proyectos/recursos-humanos/vendor/laravel/framework/src/Illuminate/Routing/Router.php(808): Illuminate/Routing/Route->run()
#17 C:/Users/israe/OneDrive/Desktop/Pasantia/Proyectos/recursos-humanos/vendor/laravel/framework/src/Illuminate/Pipeline/Pipeline.php(170): Illuminate/Routing/Router->Illuminate/Routing/{closure}()
#18 C:/Users/israe/OneDrive/Desktop/Pasantia/Proyectos/recursos-humanos/vendor/laravel/framework/src/Illuminate/Routing/Middleware/SubstituteBindings.php(51): Illuminate/Pipeline/Pipeline->Illuminate/Pipeline/{closure}()
#19 C:/Users/israe/OneDrive/Desktop/Pasantia/Proyectos/recursos-humanos/vendor/laravel/framework/src/Illuminate/Pipeline/Pipeline.php(209): Illuminate/Routing/Middleware/SubstituteBindings->handle()
#20 C:/Users/israe/OneDrive/Desktop/Pasantia/Proyectos/recursos-humanos/vendor/laravel/framework/src/Illuminate/Foundation/Http/Middleware/VerifyCsrfToken.php(88): Illuminate/Pipeline/Pipeline->Illuminate/Pipeline/{closure}()
#21 C:/Users/israe/OneDrive/Desktop/Pasantia/Proyectos/recursos-humanos/vendor/laravel/framework/src/Illuminate/Pipeline/Pipeline.php(209): Illuminate/Foundation/Http/Middleware/VerifyCsrfToken->handle()
#22 C:/Users/israe/OneDrive/Desktop/Pasantia/Proyectos/recursos-humanos/vendor/laravel/framework/src/Illuminate/View/Middleware/ShareErrorsFromSession.php(49): Illuminate/Pipeline/Pipeline->Illuminate/Pipeline/{closure}()
#23 C:/Users/israe/OneDrive/Desktop/Pasantia/Proyectos/recursos-humanos/vendor/laravel/framework/src/Illuminate/Pipeline/Pipeline.php(209): Illuminate/View/Middleware/ShareErrorsFromSession->handle()
#24 C:/Users/israe/OneDrive/Desktop/Pasantia/Proyectos/recursos-humanos/vendor/laravel/framework/src/Illuminate/Session/Middleware/StartSession.php(121): Illuminate/Pipeline/Pipeline->Illuminate/Pipeline/{closure}()
#25 C:/Users/israe/OneDrive/Desktop/Pasantia/Proyectos/recursos-humanos/vendor/laravel/framework/src/Illuminate/Session/Middleware/StartSession.php(64): Illuminate/Session/Middleware/StartSession->handleStatefulRequest()
#26 C:/Users/israe/OneDrive/Desktop/Pasantia/Proyectos/recursos-humanos/vendor/laravel/framework/src/Illuminate/Pipeline/Pipeline.php(209): Illuminate/Session/Middleware/StartSession->handle()
#27 C:/Users/israe/OneDrive/Desktop/Pasantia/Proyectos/recursos-humanos/vendor/laravel/framework/src/Illuminate/Cookie/Middleware/AddQueuedCookiesToResponse.php(37): Illuminate/Pipeline/Pipeline->Illuminate/Pipeline/{closure}()
#28 C:/Users/israe/OneDrive/Desktop/Pasantia/Proyectos/recursos-humanos/vendor/laravel/framework/src/Illuminate/Pipeline/Pipeline.php(209): Illuminate/Cookie/Middleware/AddQueuedCookiesToResponse->handle()
#29 C:/Users/israe/OneDrive/Desktop/Pasantia/Proyectos/recursos-humanos/vendor/laravel/framework/src/Illuminate/Cookie/Middleware/EncryptCookies.php(75): Illuminate/Pipeline/Pipeline->Illuminate/Pipeline/{closure}()
#30 C:/Users/israe/OneDrive/Desktop/Pasantia/Proyectos/recursos-humanos/vendor/laravel/framework/src/Illuminate/Pipeline/Pipeline.php(209): Illuminate/Cookie/Middleware/EncryptCookies->handle()
#31 C:/Users/israe/OneDrive/Desktop/Pasantia/Proyectos/recursos-humanos/vendor/laravel/framework/src/Illuminate/Pipeline/Pipeline.php(127): Illuminate/Pipeline/Pipeline->Illuminate/Pipeline/{closure}()
#32 C:/Users/israe/OneDrive/Desktop/Pasantia/Proyectos/recursos-humanos/vendor/laravel/framework/src/Illuminate/Routing/Router.php(807): Illuminate/Pipeline/Pipeline->then()
#33 C:/Users/israe/OneDrive/Desktop/Pasantia/Proyectos/recursos-humanos/vendor/laravel/framework/src/Illuminate/Routing/Router.php(786): Illuminate/Routing/Router->runRouteWithinStack()
#34 C:/Users/israe/OneDrive/Desktop/Pasantia/Proyectos/recursos-humanos/vendor/laravel/framework/src/Illuminate/Routing/Router.php(750): Illuminate/Routing/Router->runRoute()
#35 C:/Users/israe/OneDrive/Desktop/Pasantia/Proyectos/recursos-humanos/vendor/laravel/framework/src/Illuminate/Routing/Router.php(739): Illuminate/Routing/Router->dispatchToRoute()
#36 C:/Users/israe/OneDrive/Desktop/Pasantia/Proyectos/recursos-humanos/vendor/laravel/framework/src/Illuminate/Foundation/Http/Kernel.php(201): Illuminate/Routing/Router->dispatch()
#37 C:/Users/israe/OneDrive/Desktop/Pasantia/Proyectos/recursos-humanos/vendor/laravel/framework/src/Illuminate/Pipeline/Pipeline.php(170): Illuminate/Foundation/Http/Kernel->Illuminate/Foundation/Http/{closure}()
#38 C:/Users/israe/OneDrive/Desktop/Pasantia/Proyectos/recursos-humanos/vendor/livewire/livewire/src/Features/SupportDisablingBackButtonCache/DisableBackButtonCacheMiddleware.php(19): Illuminate/Pipeline/Pipeline->Illuminate/Pipeline/{closure}()
#39 C:/Users/israe/OneDrive/Desktop/Pasantia/Proyectos/recursos-humanos/vendor/laravel/framework/src/Illuminate/Pipeline/Pipeline.php(209): Livewire/Features/SupportDisablingBackButtonCache/DisableBackButtonCacheMiddleware->handle()
#40 C:/Users/israe/OneDrive/Desktop/Pasantia/Proyectos/recursos-humanos/vendor/laravel/framework/src/Illuminate/Foundation/Http/Middleware/ConvertEmptyStringsToNull.php(27): Illuminate/Pipeline/Pipeline->Illuminate/Pipeline/{closure}()
#41 C:/Users/israe/OneDrive/Desktop/Pasantia/Proyectos/recursos-humanos/vendor/laravel/framework/src/Illuminate/Pipeline/Pipeline.php(209): Illuminate/Foundation/Http/Middleware/ConvertEmptyStringsToNull->handle()
#42 C:/Users/israe/OneDrive/Desktop/Pasantia/Proyectos/recursos-humanos/vendor/laravel/framework/src/Illuminate/Foundation/Http/Middleware/TrimStrings.php(47): Illuminate/Pipeline/Pipeline->Illuminate/Pipeline/{closure}()
#43 C:/Users/israe/OneDrive/Desktop/Pasantia/Proyectos/recursos-humanos/vendor/laravel/framework/src/Illuminate/Pipeline/Pipeline.php(209): Illuminate/Foundation/Http/Middleware/TrimStrings->handle()
#44 C:/Users/israe/OneDrive/Desktop/Pasantia/Proyectos/recursos-humanos/vendor/laravel/framework/src/Illuminate/Http/Middleware/ValidatePostSize.php(27): Illuminate/Pipeline/Pipeline->Illuminate/Pipeline/{closure}()
#45 C:/Users/israe/OneDrive/Desktop/Pasantia/Proyectos/recursos-humanos/vendor/laravel/framework/src/Illuminate/Pipeline/Pipeline.php(209): Illuminate/Http/Middleware/ValidatePostSize->handle()
#46 C:/Users/israe/OneDrive/Desktop/Pasantia/Proyectos/recursos-humanos/vendor/laravel/framework/src/Illuminate/Foundation/Http/Middleware/PreventRequestsDuringMaintenance.php(110): Illuminate/Pipeline/Pipeline->Illuminate/Pipeline/{closure}()
#47 C:/Users/israe/OneDrive/Desktop/Pasantia/Proyectos/recursos-humanos/vendor/laravel/framework/src/Illuminate/Pipeline/Pipeline.php(209): Illuminate/Foundation/Http/Middleware/PreventRequestsDuringMaintenance->handle()
#48 C:/Users/israe/OneDrive/Desktop/Pasantia/Proyectos/recursos-humanos/vendor/laravel/framework/src/Illuminate/Http/Middleware/HandleCors.php(49): Illuminate/Pipeline/Pipeline->Illuminate/Pipeline/{closure}()
#49 C:/Users/israe/OneDrive/Desktop/Pasantia/Proyectos/recursos-humanos/vendor/laravel/framework/src/Illuminate/Pipeline/Pipeline.php(209): Illuminate/Http/Middleware/HandleCors->handle()
#50 C:/Users/israe/OneDrive/Desktop/Pasantia/Proyectos/recursos-humanos/vendor/laravel/framework/src/Illuminate/Http/Middleware/TrustProxies.php(58): Illuminate/Pipeline/Pipeline->Illuminate/Pipeline/{closure}()
#51 C:/Users/israe/OneDrive/Desktop/Pasantia/Proyectos/recursos-humanos/vendor/laravel/framework/src/Illuminate/Pipeline/Pipeline.php(209): Illuminate/Http/Middleware/TrustProxies->handle()
#52 C:/Users/israe/OneDrive/Desktop/Pasantia/Proyectos/recursos-humanos/vendor/laravel/framework/src/Illuminate/Foundation/Http/Middleware/InvokeDeferredCallbacks.php(22): Illuminate/Pipeline/Pipeline->Illuminate/Pipeline/{closure}()
#53 C:/Users/israe/OneDrive/Desktop/Pasantia/Proyectos/recursos-humanos/vendor/laravel/framework/src/Illuminate/Pipeline/Pipeline.php(209): Illuminate/Foundation/Http/Middleware/InvokeDeferredCallbacks->handle()
#54 C:/Users/israe/OneDrive/Desktop/Pasantia/Proyectos/recursos-humanos/vendor/laravel/framework/src/Illuminate/Pipeline/Pipeline.php(127): Illuminate/Pipeline/Pipeline->Illuminate/Pipeline/{closure}()
#55 C:/Users/israe/OneDrive/Desktop/Pasantia/Proyectos/recursos-humanos/vendor/laravel/framework/src/Illuminate/Foundation/Http/Kernel.php(176): Illuminate/Pipeline/Pipeline->then()
#56 C:/Users/israe/OneDrive/Desktop/Pasantia/Proyectos/recursos-humanos/vendor/laravel/framework/src/Illuminate/Foundation/Http/Kernel.php(145): Illuminate/Foundation/Http/Kernel->sendRequestThroughRouter()
#57 C:/Users/israe/OneDrive/Desktop/Pasantia/Proyectos/recursos-humanos/vendor/laravel/framework/src/Illuminate/Foundation/Application.php(1220): Illuminate/Foundation/Http/Kernel->handle()
#58 C:/Users/israe/OneDrive/Desktop/Pasantia/Proyectos/recursos-humanos/public/index.php(17): Illuminate/Foundation/Application->handleRequest()
#59 C:/Users/israe/OneDrive/Desktop/Pasantia/Proyectos/recursos-humanos/vendor/laravel/framework/src/Illuminate/Foundation/resources/server.php(23): require_once('...')
#60 {main}
"} 
[2026-07-21 14:08:48] local.ERROR: PHP Parse error: Syntax error, unexpected '=' on line 1 {"exception":"[object] (Psy\\Exception\\ParseErrorException(code: 0): PHP Parse error: Syntax error, unexpected '=' on line 1 at C:/Users/israe/OneDrive/Desktop/Pasantia/Proyectos/recursos-humanos/vendor/psy/psysh/src/Exception/ParseErrorException.php:44)
[stacktrace]
#0 C:/Users/israe/OneDrive/Desktop/Pasantia/Proyectos/recursos-humanos/vendor/psy/psysh/src/CodeCleaner.php(657): Psy/Exception/ParseErrorException::fromParseError()
#1 C:/Users/israe/OneDrive/Desktop/Pasantia/Proyectos/recursos-humanos/vendor/psy/psysh/src/CodeCleaner.php(273): Psy/CodeCleaner->parse()
#2 C:/Users/israe/OneDrive/Desktop/Pasantia/Proyectos/recursos-humanos/vendor/psy/psysh/src/Shell.php(1399): Psy/CodeCleaner->clean()
#3 C:/Users/israe/OneDrive/Desktop/Pasantia/Proyectos/recursos-humanos/vendor/psy/psysh/src/Shell.php(1506): Psy/Shell->appendCode()
#4 C:/Users/israe/OneDrive/Desktop/Pasantia/Proyectos/recursos-humanos/vendor/psy/psysh/src/Shell.php(2215): Psy/Shell->setCode()
#5 C:/Users/israe/OneDrive/Desktop/Pasantia/Proyectos/recursos-humanos/vendor/laravel/tinker/src/Console/TinkerCommand.php(77): Psy/Shell->execute()
#6 C:/Users/israe/OneDrive/Desktop/Pasantia/Proyectos/recursos-humanos/vendor/laravel/framework/src/Illuminate/Container/BoundMethod.php(36): Laravel/Tinker/Console/TinkerCommand->handle()
#7 C:/Users/israe/OneDrive/Desktop/Pasantia/Proyectos/recursos-humanos/vendor/laravel/framework/src/Illuminate/Container/Util.php(43): Illuminate/Container/BoundMethod::Illuminate/Container/{closure}()
#8 C:/Users/israe/OneDrive/Desktop/Pasantia/Proyectos/recursos-humanos/vendor/laravel/framework/src/Illuminate/Container/BoundMethod.php(95): Illuminate/Container/Util::unwrapIfClosure()
#9 C:/Users/israe/OneDrive/Desktop/Pasantia/Proyectos/recursos-humanos/vendor/laravel/framework/src/Illuminate/Container/BoundMethod.php(35): Illuminate/Container/BoundMethod::callBoundMethod()
#10 C:/Users/israe/OneDrive/Desktop/Pasantia/Proyectos/recursos-humanos/vendor/laravel/framework/src/Illuminate/Container/Container.php(696): Illuminate/Container/BoundMethod::call()
#11 C:/Users/israe/OneDrive/Desktop/Pasantia/Proyectos/recursos-humanos/vendor/laravel/framework/src/Illuminate/Console/Command.php(213): Illuminate/Container/Container->call()
#12 C:/Users/israe/OneDrive/Desktop/Pasantia/Proyectos/recursos-humanos/vendor/symfony/console/Command/Command.php(341): Illuminate/Console/Command->execute()
#13 C:/Users/israe/OneDrive/Desktop/Pasantia/Proyectos/recursos-humanos/vendor/laravel/framework/src/Illuminate/Console/Command.php(182): Symfony/Component/Console/Command/Command->run()
#14 C:/Users/israe/OneDrive/Desktop/Pasantia/Proyectos/recursos-humanos/vendor/symfony/console/Application.php(1117): Illuminate/Console/Command->run()
#15 C:/Users/israe/OneDrive/Desktop/Pasantia/Proyectos/recursos-humanos/vendor/symfony/console/Application.php(356): Symfony/Component/Console/Application->doRunCommand()
#16 C:/Users/israe/OneDrive/Desktop/Pasantia/Proyectos/recursos-humanos/vendor/symfony/console/Application.php(195): Symfony/Component/Console/Application->doRun()
#17 C:/Users/israe/OneDrive/Desktop/Pasantia/Proyectos/recursos-humanos/vendor/laravel/framework/src/Illuminate/Foundation/Console/Kernel.php(198): Symfony/Component/Console/Application->run()
#18 C:/Users/israe/OneDrive/Desktop/Pasantia/Proyectos/recursos-humanos/vendor/laravel/framework/src/Illuminate/Foundation/Application.php(1235): Illuminate/Foundation/Console/Kernel->handle()
#19 C:/Users/israe/OneDrive/Desktop/Pasantia/Proyectos/recursos-humanos/artisan(13): Illuminate/Foundation/Application->handleCommand()
#20 {main}
"} 
[2026-07-21 15:47:21] local.ERROR: View [livewire.personal] not found. {"userId":1,"exception":"[object] (InvalidArgumentException(code: 0): View [livewire.personal] not found. at C:/Users/israe/OneDrive/Desktop/Pasantia/Proyectos/recursos-humanos/vendor/laravel/framework/src/Illuminate/View/FileViewFinder.php:139)
[stacktrace]
#0 C:/Users/israe/OneDrive/Desktop/Pasantia/Proyectos/recursos-humanos/vendor/laravel/framework/src/Illuminate/View/FileViewFinder.php(79): Illuminate/View/FileViewFinder->findInPaths()
#1 C:/Users/israe/OneDrive/Desktop/Pasantia/Proyectos/recursos-humanos/vendor/laravel/framework/src/Illuminate/View/Factory.php(151): Illuminate/View/FileViewFinder->find()
#2 C:/Users/israe/OneDrive/Desktop/Pasantia/Proyectos/recursos-humanos/vendor/laravel/framework/src/Illuminate/Foundation/helpers.php(1062): Illuminate/View/Factory->make()
#3 C:/Users/israe/OneDrive/Desktop/Pasantia/Proyectos/recursos-humanos/app/Livewire/PersonalPage.php(277): view()
#4 C:/Users/israe/OneDrive/Desktop/Pasantia/Proyectos/recursos-humanos/vendor/laravel/framework/src/Illuminate/Container/BoundMethod.php(36): App/Livewire/PersonalPage->render()
#5 C:/Users/israe/OneDrive/Desktop/Pasantia/Proyectos/recursos-humanos/vendor/laravel/framework/src/Illuminate/Container/Util.php(43): Illuminate/Container/BoundMethod::Illuminate/Container/{closure}()
#6 C:/Users/israe/OneDrive/Desktop/Pasantia/Proyectos/recursos-humanos/vendor/laravel/framework/src/Illuminate/Container/BoundMethod.php(95): Illuminate/Container/Util::unwrapIfClosure()
#7 C:/Users/israe/OneDrive/Desktop/Pasantia/Proyectos/recursos-humanos/vendor/laravel/framework/src/Illuminate/Container/BoundMethod.php(35): Illuminate/Container/BoundMethod::callBoundMethod()
#8 C:/Users/israe/OneDrive/Desktop/Pasantia/Proyectos/recursos-humanos/vendor/livewire/livewire/src/Wrapped.php(23): Illuminate/Container/BoundMethod::call()
#9 C:/Users/israe/OneDrive/Desktop/Pasantia/Proyectos/recursos-humanos/vendor/livewire/livewire/src/Mechanisms/HandleComponents/HandleComponents.php(312): Livewire/Wrapped->__call()
#10 C:/Users/israe/OneDrive/Desktop/Pasantia/Proyectos/recursos-humanos/vendor/livewire/livewire/src/Mechanisms/HandleComponents/HandleComponents.php(272): Livewire/Mechanisms/HandleComponents/HandleComponents->getView()
#11 C:/Users/israe/OneDrive/Desktop/Pasantia/Proyectos/recursos-humanos/vendor/livewire/livewire/src/Mechanisms/HandleComponents/HandleComponents.php(54): Livewire/Mechanisms/HandleComponents/HandleComponents->render()
#12 C:/Users/israe/OneDrive/Desktop/Pasantia/Proyectos/recursos-humanos/vendor/livewire/livewire/src/LivewireManager.php(73): Livewire/Mechanisms/HandleComponents/HandleComponents->mount()
#13 C:/Users/israe/OneDrive/Desktop/Pasantia/Proyectos/recursos-humanos/vendor/livewire/livewire/src/Features/SupportPageComponents/HandlesPageComponents.php(17): Livewire/LivewireManager->mount()
#14 C:/Users/israe/OneDrive/Desktop/Pasantia/Proyectos/recursos-humanos/vendor/livewire/livewire/src/Features/SupportPageComponents/SupportPageComponents.php(117): Livewire/Component->Livewire/Features/SupportPageComponents/{closure}()
#15 C:/Users/israe/OneDrive/Desktop/Pasantia/Proyectos/recursos-humanos/vendor/livewire/livewire/src/Features/SupportPageComponents/HandlesPageComponents.php(14): Livewire/Features/SupportPageComponents/SupportPageComponents::interceptTheRenderOfTheComponentAndRetreiveTheLayoutConfiguration()
#16 C:/Users/israe/OneDrive/Desktop/Pasantia/Proyectos/recursos-humanos/vendor/laravel/framework/src/Illuminate/Routing/ControllerDispatcher.php(47): Livewire/Component->__invoke()
#17 C:/Users/israe/OneDrive/Desktop/Pasantia/Proyectos/recursos-humanos/vendor/laravel/framework/src/Illuminate/Routing/Route.php(266): Illuminate/Routing/ControllerDispatcher->dispatch()
#18 C:/Users/israe/OneDrive/Desktop/Pasantia/Proyectos/recursos-humanos/vendor/laravel/framework/src/Illuminate/Routing/Route.php(212): Illuminate/Routing/Route->runController()
#19 C:/Users/israe/OneDrive/Desktop/Pasantia/Proyectos/recursos-humanos/vendor/laravel/framework/src/Illuminate/Routing/Router.php(808): Illuminate/Routing/Route->run()
#20 C:/Users/israe/OneDrive/Desktop/Pasantia/Proyectos/recursos-humanos/vendor/laravel/framework/src/Illuminate/Pipeline/Pipeline.php(170): Illuminate/Routing/Router->Illuminate/Routing/{closure}()
#21 C:/Users/israe/OneDrive/Desktop/Pasantia/Proyectos/recursos-humanos/vendor/spatie/laravel-permission/src/Middleware/PermissionMiddleware.php(37): Illuminate/Pipeline/Pipeline->Illuminate/Pipeline/{closure}()
#22 C:/Users/israe/OneDrive/Desktop/Pasantia/Proyectos/recursos-humanos/vendor/laravel/framework/src/Illuminate/Pipeline/Pipeline.php(209): Spatie/Permission/Middleware/PermissionMiddleware->handle()
#23 C:/Users/israe/OneDrive/Desktop/Pasantia/Proyectos/recursos-humanos/vendor/laravel/framework/src/Illuminate/Routing/Middleware/SubstituteBindings.php(51): Illuminate/Pipeline/Pipeline->Illuminate/Pipeline/{closure}()
#24 C:/Users/israe/OneDrive/Desktop/Pasantia/Proyectos/recursos-humanos/vendor/laravel/framework/src/Illuminate/Pipeline/Pipeline.php(209): Illuminate/Routing/Middleware/SubstituteBindings->handle()
#25 C:/Users/israe/OneDrive/Desktop/Pasantia/Proyectos/recursos-humanos/vendor/laravel/framework/src/Illuminate/Auth/Middleware/Authenticate.php(64): Illuminate/Pipeline/Pipeline->Illuminate/Pipeline/{closure}()
#26 C:/Users/israe/OneDrive/Desktop/Pasantia/Proyectos/recursos-humanos/vendor/laravel/framework/src/Illuminate/Pipeline/Pipeline.php(209): Illuminate/Auth/Middleware/Authenticate->handle()
#27 C:/Users/israe/OneDrive/Desktop/Pasantia/Proyectos/recursos-humanos/vendor/laravel/framework/src/Illuminate/Foundation/Http/Middleware/VerifyCsrfToken.php(88): Illuminate/Pipeline/Pipeline->Illuminate/Pipeline/{closure}()
#28 C:/Users/israe/OneDrive/Desktop/Pasantia/Proyectos/recursos-humanos/vendor/laravel/framework/src/Illuminate/Pipeline/Pipeline.php(209): Illuminate/Foundation/Http/Middleware/VerifyCsrfToken->handle()
#29 C:/Users/israe/OneDrive/Desktop/Pasantia/Proyectos/recursos-humanos/vendor/laravel/framework/src/Illuminate/View/Middleware/ShareErrorsFromSession.php(49): Illuminate/Pipeline/Pipeline->Illuminate/Pipeline/{closure}()
#30 C:/Users/israe/OneDrive/Desktop/Pasantia/Proyectos/recursos-humanos/vendor/laravel/framework/src/Illuminate/Pipeline/Pipeline.php(209): Illuminate/View/Middleware/ShareErrorsFromSession->handle()
#31 C:/Users/israe/OneDrive/Desktop/Pasantia/Proyectos/recursos-humanos/vendor/laravel/framework/src/Illuminate/Session/Middleware/StartSession.php(121): Illuminate/Pipeline/Pipeline->Illuminate/Pipeline/{closure}()
#32 C:/Users/israe/OneDrive/Desktop/Pasantia/Proyectos/recursos-humanos/vendor/laravel/framework/src/Illuminate/Session/Middleware/StartSession.php(64): Illuminate/Session/Middleware/StartSession->handleStatefulRequest()
#33 C:/Users/israe/OneDrive/Desktop/Pasantia/Proyectos/recursos-humanos/vendor/laravel/framework/src/Illuminate/Pipeline/Pipeline.php(209): Illuminate/Session/Middleware/StartSession->handle()
#34 C:/Users/israe/OneDrive/Desktop/Pasantia/Proyectos/recursos-humanos/vendor/laravel/framework/src/Illuminate/Cookie/Middleware/AddQueuedCookiesToResponse.php(37): Illuminate/Pipeline/Pipeline->Illuminate/Pipeline/{closure}()
#35 C:/Users/israe/OneDrive/Desktop/Pasantia/Proyectos/recursos-humanos/vendor/laravel/framework/src/Illuminate/Pipeline/Pipeline.php(209): Illuminate/Cookie/Middleware/AddQueuedCookiesToResponse->handle()
#36 C:/Users/israe/OneDrive/Desktop/Pasantia/Proyectos/recursos-humanos/vendor/laravel/framework/src/Illuminate/Cookie/Middleware/EncryptCookies.php(75): Illuminate/Pipeline/Pipeline->Illuminate/Pipeline/{closure}()
#37 C:/Users/israe/OneDrive/Desktop/Pasantia/Proyectos/recursos-humanos/vendor/laravel/framework/src/Illuminate/Pipeline/Pipeline.php(209): Illuminate/Cookie/Middleware/EncryptCookies->handle()
#38 C:/Users/israe/OneDrive/Desktop/Pasantia/Proyectos/recursos-humanos/vendor/laravel/framework/src/Illuminate/Pipeline/Pipeline.php(127): Illuminate/Pipeline/Pipeline->Illuminate/Pipeline/{closure}()
#39 C:/Users/israe/OneDrive/Desktop/Pasantia/Proyectos/recursos-humanos/vendor/laravel/framework/src/Illuminate/Routing/Router.php(807): Illuminate/Pipeline/Pipeline->then()
#40 C:/Users/israe/OneDrive/Desktop/Pasantia/Proyectos/recursos-humanos/vendor/laravel/framework/src/Illuminate/Routing/Router.php(786): Illuminate/Routing/Router->runRouteWithinStack()
#41 C:/Users/israe/OneDrive/Desktop/Pasantia/Proyectos/recursos-humanos/vendor/laravel/framework/src/Illuminate/Routing/Router.php(750): Illuminate/Routing/Router->runRoute()
#42 C:/Users/israe/OneDrive/Desktop/Pasantia/Proyectos/recursos-humanos/vendor/laravel/framework/src/Illuminate/Routing/Router.php(739): Illuminate/Routing/Router->dispatchToRoute()
#43 C:/Users/israe/OneDrive/Desktop/Pasantia/Proyectos/recursos-humanos/vendor/laravel/framework/src/Illuminate/Foundation/Http/Kernel.php(201): Illuminate/Routing/Router->dispatch()
#44 C:/Users/israe/OneDrive/Desktop/Pasantia/Proyectos/recursos-humanos/vendor/laravel/framework/src/Illuminate/Pipeline/Pipeline.php(170): Illuminate/Foundation/Http/Kernel->Illuminate/Foundation/Http/{closure}()
#45 C:/Users/israe/OneDrive/Desktop/Pasantia/Proyectos/recursos-humanos/vendor/livewire/livewire/src/Features/SupportDisablingBackButtonCache/DisableBackButtonCacheMiddleware.php(19): Illuminate/Pipeline/Pipeline->Illuminate/Pipeline/{closure}()
#46 C:/Users/israe/OneDrive/Desktop/Pasantia/Proyectos/recursos-humanos/vendor/laravel/framework/src/Illuminate/Pipeline/Pipeline.php(209): Livewire/Features/SupportDisablingBackButtonCache/DisableBackButtonCacheMiddleware->handle()
#47 C:/Users/israe/OneDrive/Desktop/Pasantia/Proyectos/recursos-humanos/vendor/laravel/framework/src/Illuminate/Foundation/Http/Middleware/TransformsRequest.php(21): Illuminate/Pipeline/Pipeline->Illuminate/Pipeline/{closure}()
#48 C:/Users/israe/OneDrive/Desktop/Pasantia/Proyectos/recursos-humanos/vendor/laravel/framework/src/Illuminate/Foundation/Http/Middleware/ConvertEmptyStringsToNull.php(31): Illuminate/Foundation/Http/Middleware/TransformsRequest->handle()
#49 C:/Users/israe/OneDrive/Desktop/Pasantia/Proyectos/recursos-humanos/vendor/laravel/framework/src/Illuminate/Pipeline/Pipeline.php(209): Illuminate/Foundation/Http/Middleware/ConvertEmptyStringsToNull->handle()
#50 C:/Users/israe/OneDrive/Desktop/Pasantia/Proyectos/recursos-humanos/vendor/laravel/framework/src/Illuminate/Foundation/Http/Middleware/TransformsRequest.php(21): Illuminate/Pipeline/Pipeline->Illuminate/Pipeline/{closure}()
#51 C:/Users/israe/OneDrive/Desktop/Pasantia/Proyectos/recursos-humanos/vendor/laravel/framework/src/Illuminate/Foundation/Http/Middleware/TrimStrings.php(51): Illuminate/Foundation/Http/Middleware/TransformsRequest->handle()
#52 C:/Users/israe/OneDrive/Desktop/Pasantia/Proyectos/recursos-humanos/vendor/laravel/framework/src/Illuminate/Pipeline/Pipeline.php(209): Illuminate/Foundation/Http/Middleware/TrimStrings->handle()
#53 C:/Users/israe/OneDrive/Desktop/Pasantia/Proyectos/recursos-humanos/vendor/laravel/framework/src/Illuminate/Http/Middleware/ValidatePostSize.php(27): Illuminate/Pipeline/Pipeline->Illuminate/Pipeline/{closure}()
#54 C:/Users/israe/OneDrive/Desktop/Pasantia/Proyectos/recursos-humanos/vendor/laravel/framework/src/Illuminate/Pipeline/Pipeline.php(209): Illuminate/Http/Middleware/ValidatePostSize->handle()
#55 C:/Users/israe/OneDrive/Desktop/Pasantia/Proyectos/recursos-humanos/vendor/laravel/framework/src/Illuminate/Foundation/Http/Middleware/PreventRequestsDuringMaintenance.php(110): Illuminate/Pipeline/Pipeline->Illuminate/Pipeline/{closure}()
#56 C:/Users/israe/OneDrive/Desktop/Pasantia/Proyectos/recursos-humanos/vendor/laravel/framework/src/Illuminate/Pipeline/Pipeline.php(209): Illuminate/Foundation/Http/Middleware/PreventRequestsDuringMaintenance->handle()
#57 C:/Users/israe/OneDrive/Desktop/Pasantia/Proyectos/recursos-humanos/vendor/laravel/framework/src/Illuminate/Http/Middleware/HandleCors.php(49): Illuminate/Pipeline/Pipeline->Illuminate/Pipeline/{closure}()
#58 C:/Users/israe/OneDrive/Desktop/Pasantia/Proyectos/recursos-humanos/vendor/laravel/framework/src/Illuminate/Pipeline/Pipeline.php(209): Illuminate/Http/Middleware/HandleCors->handle()
#59 C:/Users/israe/OneDrive/Desktop/Pasantia/Proyectos/recursos-humanos/vendor/laravel/framework/src/Illuminate/Http/Middleware/TrustProxies.php(58): Illuminate/Pipeline/Pipeline->Illuminate/Pipeline/{closure}()
#60 C:/Users/israe/OneDrive/Desktop/Pasantia/Proyectos/recursos-humanos/vendor/laravel/framework/src/Illuminate/Pipeline/Pipeline.php(209): Illuminate/Http/Middleware/TrustProxies->handle()
#61 C:/Users/israe/OneDrive/Desktop/Pasantia/Proyectos/recursos-humanos/vendor/laravel/framework/src/Illuminate/Foundation/Http/Middleware/InvokeDeferredCallbacks.php(22): Illuminate/Pipeline/Pipeline->Illuminate/Pipeline/{closure}()
#62 C:/Users/israe/OneDrive/Desktop/Pasantia/Proyectos/recursos-humanos/vendor/laravel/framework/src/Illuminate/Pipeline/Pipeline.php(209): Illuminate/Foundation/Http/Middleware/InvokeDeferredCallbacks->handle()
#63 C:/Users/israe/OneDrive/Desktop/Pasantia/Proyectos/recursos-humanos/vendor/laravel/framework/src/Illuminate/Pipeline/Pipeline.php(127): Illuminate/Pipeline/Pipeline->Illuminate/Pipeline/{closure}()
#64 C:/Users/israe/OneDrive/Desktop/Pasantia/Proyectos/recursos-humanos/vendor/laravel/framework/src/Illuminate/Foundation/Http/Kernel.php(176): Illuminate/Pipeline/Pipeline->then()
#65 C:/Users/israe/OneDrive/Desktop/Pasantia/Proyectos/recursos-humanos/vendor/laravel/framework/src/Illuminate/Foundation/Http/Kernel.php(145): Illuminate/Foundation/Http/Kernel->sendRequestThroughRouter()
#66 C:/Users/israe/OneDrive/Desktop/Pasantia/Proyectos/recursos-humanos/vendor/laravel/framework/src/Illuminate/Foundation/Application.php(1220): Illuminate/Foundation/Http/Kernel->handle()
#67 C:/Users/israe/OneDrive/Desktop/Pasantia/Proyectos/recursos-humanos/public/index.php(17): Illuminate/Foundation/Application->handleRequest()
#68 C:/Users/israe/OneDrive/Desktop/Pasantia/Proyectos/recursos-humanos/vendor/laravel/framework/src/Illuminate/Foundation/resources/server.php(23): require_once('...')
#69 {main}
"} 
[2026-07-21 21:38:10] local.ERROR: Call to undefined method App\Services\AnalisisAsistenciaService::metricasReportePorRango() {"userId":1,"exception":"[object] (Error(code: 0): Call to undefined method App\\Services\\AnalisisAsistenciaService::metricasReportePorRango() at C:/Users/israe/OneDrive/Desktop/Pasantia/Proyectos/recursos-humanos/app/Livewire/ReportesPage.php:41)
[stacktrace]
#0 C:/Users/israe/OneDrive/Desktop/Pasantia/Proyectos/recursos-humanos/vendor/laravel/framework/src/Illuminate/Container/BoundMethod.php(36): App/Livewire/ReportesPage->render()
#1 C:/Users/israe/OneDrive/Desktop/Pasantia/Proyectos/recursos-humanos/vendor/laravel/framework/src/Illuminate/Container/Util.php(43): Illuminate/Container/BoundMethod::Illuminate/Container/{closure}()
#2 C:/Users/israe/OneDrive/Desktop/Pasantia/Proyectos/recursos-humanos/vendor/laravel/framework/src/Illuminate/Container/BoundMethod.php(95): Illuminate/Container/Util::unwrapIfClosure()
#3 C:/Users/israe/OneDrive/Desktop/Pasantia/Proyectos/recursos-humanos/vendor/laravel/framework/src/Illuminate/Container/BoundMethod.php(35): Illuminate/Container/BoundMethod::callBoundMethod()
#4 C:/Users/israe/OneDrive/Desktop/Pasantia/Proyectos/recursos-humanos/vendor/livewire/livewire/src/Wrapped.php(23): Illuminate/Container/BoundMethod::call()
#5 C:/Users/israe/OneDrive/Desktop/Pasantia/Proyectos/recursos-humanos/vendor/livewire/livewire/src/Mechanisms/HandleComponents/HandleComponents.php(312): Livewire/Wrapped->__call()
#6 C:/Users/israe/OneDrive/Desktop/Pasantia/Proyectos/recursos-humanos/vendor/livewire/livewire/src/Mechanisms/HandleComponents/HandleComponents.php(272): Livewire/Mechanisms/HandleComponents/HandleComponents->getView()
#7 C:/Users/israe/OneDrive/Desktop/Pasantia/Proyectos/recursos-humanos/vendor/livewire/livewire/src/Mechanisms/HandleComponents/HandleComponents.php(54): Livewire/Mechanisms/HandleComponents/HandleComponents->render()
#8 C:/Users/israe/OneDrive/Desktop/Pasantia/Proyectos/recursos-humanos/vendor/livewire/livewire/src/LivewireManager.php(73): Livewire/Mechanisms/HandleComponents/HandleComponents->mount()
#9 C:/Users/israe/OneDrive/Desktop/Pasantia/Proyectos/recursos-humanos/vendor/livewire/livewire/src/Features/SupportPageComponents/HandlesPageComponents.php(17): Livewire/LivewireManager->mount()
#10 C:/Users/israe/OneDrive/Desktop/Pasantia/Proyectos/recursos-humanos/vendor/livewire/livewire/src/Features/SupportPageComponents/SupportPageComponents.php(117): Livewire/Component->Livewire/Features/SupportPageComponents/{closure}()
#11 C:/Users/israe/OneDrive/Desktop/Pasantia/Proyectos/recursos-humanos/vendor/livewire/livewire/src/Features/SupportPageComponents/HandlesPageComponents.php(14): Livewire/Features/SupportPageComponents/SupportPageComponents::interceptTheRenderOfTheComponentAndRetreiveTheLayoutConfiguration()
#12 C:/Users/israe/OneDrive/Desktop/Pasantia/Proyectos/recursos-humanos/vendor/laravel/framework/src/Illuminate/Routing/ControllerDispatcher.php(47): Livewire/Component->__invoke()
#13 C:/Users/israe/OneDrive/Desktop/Pasantia/Proyectos/recursos-humanos/vendor/laravel/framework/src/Illuminate/Routing/Route.php(266): Illuminate/Routing/ControllerDispatcher->dispatch()
#14 C:/Users/israe/OneDrive/Desktop/Pasantia/Proyectos/recursos-humanos/vendor/laravel/framework/src/Illuminate/Routing/Route.php(212): Illuminate/Routing/Route->runController()
#15 C:/Users/israe/OneDrive/Desktop/Pasantia/Proyectos/recursos-humanos/vendor/laravel/framework/src/Illuminate/Routing/Router.php(808): Illuminate/Routing/Route->run()
#16 C:/Users/israe/OneDrive/Desktop/Pasantia/Proyectos/recursos-humanos/vendor/laravel/framework/src/Illuminate/Pipeline/Pipeline.php(170): Illuminate/Routing/Router->Illuminate/Routing/{closure}()
#17 C:/Users/israe/OneDrive/Desktop/Pasantia/Proyectos/recursos-humanos/vendor/spatie/laravel-permission/src/Middleware/PermissionMiddleware.php(37): Illuminate/Pipeline/Pipeline->Illuminate/Pipeline/{closure}()
#18 C:/Users/israe/OneDrive/Desktop/Pasantia/Proyectos/recursos-humanos/vendor/laravel/framework/src/Illuminate/Pipeline/Pipeline.php(209): Spatie/Permission/Middleware/PermissionMiddleware->handle()
#19 C:/Users/israe/OneDrive/Desktop/Pasantia/Proyectos/recursos-humanos/vendor/laravel/framework/src/Illuminate/Routing/Middleware/SubstituteBindings.php(51): Illuminate/Pipeline/Pipeline->Illuminate/Pipeline/{closure}()
#20 C:/Users/israe/OneDrive/Desktop/Pasantia/Proyectos/recursos-humanos/vendor/laravel/framework/src/Illuminate/Pipeline/Pipeline.php(209): Illuminate/Routing/Middleware/SubstituteBindings->handle()
#21 C:/Users/israe/OneDrive/Desktop/Pasantia/Proyectos/recursos-humanos/vendor/laravel/framework/src/Illuminate/Auth/Middleware/Authenticate.php(64): Illuminate/Pipeline/Pipeline->Illuminate/Pipeline/{closure}()
#22 C:/Users/israe/OneDrive/Desktop/Pasantia/Proyectos/recursos-humanos/vendor/laravel/framework/src/Illuminate/Pipeline/Pipeline.php(209): Illuminate/Auth/Middleware/Authenticate->handle()
#23 C:/Users/israe/OneDrive/Desktop/Pasantia/Proyectos/recursos-humanos/vendor/laravel/framework/src/Illuminate/Foundation/Http/Middleware/VerifyCsrfToken.php(88): Illuminate/Pipeline/Pipeline->Illuminate/Pipeline/{closure}()
#24 C:/Users/israe/OneDrive/Desktop/Pasantia/Proyectos/recursos-humanos/vendor/laravel/framework/src/Illuminate/Pipeline/Pipeline.php(209): Illuminate/Foundation/Http/Middleware/VerifyCsrfToken->handle()
#25 C:/Users/israe/OneDrive/Desktop/Pasantia/Proyectos/recursos-humanos/vendor/laravel/framework/src/Illuminate/View/Middleware/ShareErrorsFromSession.php(49): Illuminate/Pipeline/Pipeline->Illuminate/Pipeline/{closure}()
#26 C:/Users/israe/OneDrive/Desktop/Pasantia/Proyectos/recursos-humanos/vendor/laravel/framework/src/Illuminate/Pipeline/Pipeline.php(209): Illuminate/View/Middleware/ShareErrorsFromSession->handle()
#27 C:/Users/israe/OneDrive/Desktop/Pasantia/Proyectos/recursos-humanos/vendor/laravel/framework/src/Illuminate/Session/Middleware/StartSession.php(121): Illuminate/Pipeline/Pipeline->Illuminate/Pipeline/{closure}()
#28 C:/Users/israe/OneDrive/Desktop/Pasantia/Proyectos/recursos-humanos/vendor/laravel/framework/src/Illuminate/Session/Middleware/StartSession.php(64): Illuminate/Session/Middleware/StartSession->handleStatefulRequest()
#29 C:/Users/israe/OneDrive/Desktop/Pasantia/Proyectos/recursos-humanos/vendor/laravel/framework/src/Illuminate/Pipeline/Pipeline.php(209): Illuminate/Session/Middleware/StartSession->handle()
#30 C:/Users/israe/OneDrive/Desktop/Pasantia/Proyectos/recursos-humanos/vendor/laravel/framework/src/Illuminate/Cookie/Middleware/AddQueuedCookiesToResponse.php(37): Illuminate/Pipeline/Pipeline->Illuminate/Pipeline/{closure}()
#31 C:/Users/israe/OneDrive/Desktop/Pasantia/Proyectos/recursos-humanos/vendor/laravel/framework/src/Illuminate/Pipeline/Pipeline.php(209): Illuminate/Cookie/Middleware/AddQueuedCookiesToResponse->handle()
#32 C:/Users/israe/OneDrive/Desktop/Pasantia/Proyectos/recursos-humanos/vendor/laravel/framework/src/Illuminate/Cookie/Middleware/EncryptCookies.php(75): Illuminate/Pipeline/Pipeline->Illuminate/Pipeline/{closure}()
#33 C:/Users/israe/OneDrive/Desktop/Pasantia/Proyectos/recursos-humanos/vendor/laravel/framework/src/Illuminate/Pipeline/Pipeline.php(209): Illuminate/Cookie/Middleware/EncryptCookies->handle()
#34 C:/Users/israe/OneDrive/Desktop/Pasantia/Proyectos/recursos-humanos/vendor/laravel/framework/src/Illuminate/Pipeline/Pipeline.php(127): Illuminate/Pipeline/Pipeline->Illuminate/Pipeline/{closure}()
#35 C:/Users/israe/OneDrive/Desktop/Pasantia/Proyectos/recursos-humanos/vendor/laravel/framework/src/Illuminate/Routing/Router.php(807): Illuminate/Pipeline/Pipeline->then()
#36 C:/Users/israe/OneDrive/Desktop/Pasantia/Proyectos/recursos-humanos/vendor/laravel/framework/src/Illuminate/Routing/Router.php(786): Illuminate/Routing/Router->runRouteWithinStack()
#37 C:/Users/israe/OneDrive/Desktop/Pasantia/Proyectos/recursos-humanos/vendor/laravel/framework/src/Illuminate/Routing/Router.php(750): Illuminate/Routing/Router->runRoute()
#38 C:/Users/israe/OneDrive/Desktop/Pasantia/Proyectos/recursos-humanos/vendor/laravel/framework/src/Illuminate/Routing/Router.php(739): Illuminate/Routing/Router->dispatchToRoute()
#39 C:/Users/israe/OneDrive/Desktop/Pasantia/Proyectos/recursos-humanos/vendor/laravel/framework/src/Illuminate/Foundation/Http/Kernel.php(201): Illuminate/Routing/Router->dispatch()
#40 C:/Users/israe/OneDrive/Desktop/Pasantia/Proyectos/recursos-humanos/vendor/laravel/framework/src/Illuminate/Pipeline/Pipeline.php(170): Illuminate/Foundation/Http/Kernel->Illuminate/Foundation/Http/{closure}()
#41 C:/Users/israe/OneDrive/Desktop/Pasantia/Proyectos/recursos-humanos/vendor/livewire/livewire/src/Features/SupportDisablingBackButtonCache/DisableBackButtonCacheMiddleware.php(19): Illuminate/Pipeline/Pipeline->Illuminate/Pipeline/{closure}()
#42 C:/Users/israe/OneDrive/Desktop/Pasantia/Proyectos/recursos-humanos/vendor/laravel/framework/src/Illuminate/Pipeline/Pipeline.php(209): Livewire/Features/SupportDisablingBackButtonCache/DisableBackButtonCacheMiddleware->handle()
#43 C:/Users/israe/OneDrive/Desktop/Pasantia/Proyectos/recursos-humanos/vendor/laravel/framework/src/Illuminate/Foundation/Http/Middleware/TransformsRequest.php(21): Illuminate/Pipeline/Pipeline->Illuminate/Pipeline/{closure}()
#44 C:/Users/israe/OneDrive/Desktop/Pasantia/Proyectos/recursos-humanos/vendor/laravel/framework/src/Illuminate/Foundation/Http/Middleware/ConvertEmptyStringsToNull.php(31): Illuminate/Foundation/Http/Middleware/TransformsRequest->handle()
#45 C:/Users/israe/OneDrive/Desktop/Pasantia/Proyectos/recursos-humanos/vendor/laravel/framework/src/Illuminate/Pipeline/Pipeline.php(209): Illuminate/Foundation/Http/Middleware/ConvertEmptyStringsToNull->handle()
#46 C:/Users/israe/OneDrive/Desktop/Pasantia/Proyectos/recursos-humanos/vendor/laravel/framework/src/Illuminate/Foundation/Http/Middleware/TransformsRequest.php(21): Illuminate/Pipeline/Pipeline->Illuminate/Pipeline/{closure}()
#47 C:/Users/israe/OneDrive/Desktop/Pasantia/Proyectos/recursos-humanos/vendor/laravel/framework/src/Illuminate/Foundation/Http/Middleware/TrimStrings.php(51): Illuminate/Foundation/Http/Middleware/TransformsRequest->handle()
#48 C:/Users/israe/OneDrive/Desktop/Pasantia/Proyectos/recursos-humanos/vendor/laravel/framework/src/Illuminate/Pipeline/Pipeline.php(209): Illuminate/Foundation/Http/Middleware/TrimStrings->handle()
#49 C:/Users/israe/OneDrive/Desktop/Pasantia/Proyectos/recursos-humanos/vendor/laravel/framework/src/Illuminate/Http/Middleware/ValidatePostSize.php(27): Illuminate/Pipeline/Pipeline->Illuminate/Pipeline/{closure}()
#50 C:/Users/israe/OneDrive/Desktop/Pasantia/Proyectos/recursos-humanos/vendor/laravel/framework/src/Illuminate/Pipeline/Pipeline.php(209): Illuminate/Http/Middleware/ValidatePostSize->handle()
#51 C:/Users/israe/OneDrive/Desktop/Pasantia/Proyectos/recursos-humanos/vendor/laravel/framework/src/Illuminate/Foundation/Http/Middleware/PreventRequestsDuringMaintenance.php(110): Illuminate/Pipeline/Pipeline->Illuminate/Pipeline/{closure}()
#52 C:/Users/israe/OneDrive/Desktop/Pasantia/Proyectos/recursos-humanos/vendor/laravel/framework/src/Illuminate/Pipeline/Pipeline.php(209): Illuminate/Foundation/Http/Middleware/PreventRequestsDuringMaintenance->handle()
#53 C:/Users/israe/OneDrive/Desktop/Pasantia/Proyectos/recursos-humanos/vendor/laravel/framework/src/Illuminate/Http/Middleware/HandleCors.php(49): Illuminate/Pipeline/Pipeline->Illuminate/Pipeline/{closure}()
#54 C:/Users/israe/OneDrive/Desktop/Pasantia/Proyectos/recursos-humanos/vendor/laravel/framework/src/Illuminate/Pipeline/Pipeline.php(209): Illuminate/Http/Middleware/HandleCors->handle()
#55 C:/Users/israe/OneDrive/Desktop/Pasantia/Proyectos/recursos-humanos/vendor/laravel/framework/src/Illuminate/Http/Middleware/TrustProxies.php(58): Illuminate/Pipeline/Pipeline->Illuminate/Pipeline/{closure}()
#56 C:/Users/israe/OneDrive/Desktop/Pasantia/Proyectos/recursos-humanos/vendor/laravel/framework/src/Illuminate/Pipeline/Pipeline.php(209): Illuminate/Http/Middleware/TrustProxies->handle()
#57 C:/Users/israe/OneDrive/Desktop/Pasantia/Proyectos/recursos-humanos/vendor/laravel/framework/src/Illuminate/Foundation/Http/Middleware/InvokeDeferredCallbacks.php(22): Illuminate/Pipeline/Pipeline->Illuminate/Pipeline/{closure}()
#58 C:/Users/israe/OneDrive/Desktop/Pasantia/Proyectos/recursos-humanos/vendor/laravel/framework/src/Illuminate/Pipeline/Pipeline.php(209): Illuminate/Foundation/Http/Middleware/InvokeDeferredCallbacks->handle()
#59 C:/Users/israe/OneDrive/Desktop/Pasantia/Proyectos/recursos-humanos/vendor/laravel/framework/src/Illuminate/Pipeline/Pipeline.php(127): Illuminate/Pipeline/Pipeline->Illuminate/Pipeline/{closure}()
#60 C:/Users/israe/OneDrive/Desktop/Pasantia/Proyectos/recursos-humanos/vendor/laravel/framework/src/Illuminate/Foundation/Http/Kernel.php(176): Illuminate/Pipeline/Pipeline->then()
#61 C:/Users/israe/OneDrive/Desktop/Pasantia/Proyectos/recursos-humanos/vendor/laravel/framework/src/Illuminate/Foundation/Http/Kernel.php(145): Illuminate/Foundation/Http/Kernel->sendRequestThroughRouter()
#62 C:/Users/israe/OneDrive/Desktop/Pasantia/Proyectos/recursos-humanos/vendor/laravel/framework/src/Illuminate/Foundation/Application.php(1220): Illuminate/Foundation/Http/Kernel->handle()
#63 C:/Users/israe/OneDrive/Desktop/Pasantia/Proyectos/recursos-humanos/public/index.php(17): Illuminate/Foundation/Application->handleRequest()
#64 C:/Users/israe/OneDrive/Desktop/Pasantia/Proyectos/recursos-humanos/vendor/laravel/framework/src/Illuminate/Foundation/resources/server.php(23): require_once('...')
#65 {main}
"} 
[2026-07-22 15:29:07] local.ERROR: Unable to set component data. Public property [$] not found on component: [personal-page] {"userId":1,"exception":"[object] (Livewire\\Exceptions\\PublicPropertyNotFoundException(code: 0): Unable to set component data. Public property [$] not found on component: [personal-page] at C:/Users/israe/OneDrive/Desktop/Pasantia/Proyectos/recursos-humanos/vendor/livewire/livewire/src/Mechanisms/HandleComponents/HandleComponents.php:359)
[stacktrace]
#0 C:/Users/israe/OneDrive/Desktop/Pasantia/Proyectos/recursos-humanos/vendor/livewire/livewire/src/Mechanisms/HandleComponents/HandleComponents.php(341): Livewire/Mechanisms/HandleComponents/HandleComponents->updateProperty()
#1 C:/Users/israe/OneDrive/Desktop/Pasantia/Proyectos/recursos-humanos/vendor/livewire/livewire/src/Mechanisms/HandleComponents/HandleComponents.php(121): Livewire/Mechanisms/HandleComponents/HandleComponents->updateProperties()
#2 C:/Users/israe/OneDrive/Desktop/Pasantia/Proyectos/recursos-humanos/vendor/livewire/livewire/src/LivewireManager.php(102): Livewire/Mechanisms/HandleComponents/HandleComponents->update()
#3 C:/Users/israe/OneDrive/Desktop/Pasantia/Proyectos/recursos-humanos/vendor/livewire/livewire/src/Mechanisms/HandleRequests/HandleRequests.php(144): Livewire/LivewireManager->update()
#4 C:/Users/israe/OneDrive/Desktop/Pasantia/Proyectos/recursos-humanos/vendor/laravel/framework/src/Illuminate/Routing/ControllerDispatcher.php(47): Livewire/Mechanisms/HandleRequests/HandleRequests->handleUpdate()
#5 C:/Users/israe/OneDrive/Desktop/Pasantia/Proyectos/recursos-humanos/vendor/laravel/framework/src/Illuminate/Routing/Route.php(266): Illuminate/Routing/ControllerDispatcher->dispatch()
#6 C:/Users/israe/OneDrive/Desktop/Pasantia/Proyectos/recursos-humanos/vendor/laravel/framework/src/Illuminate/Routing/Route.php(212): Illuminate/Routing/Route->runController()
#7 C:/Users/israe/OneDrive/Desktop/Pasantia/Proyectos/recursos-humanos/vendor/laravel/framework/src/Illuminate/Routing/Router.php(808): Illuminate/Routing/Route->run()
#8 C:/Users/israe/OneDrive/Desktop/Pasantia/Proyectos/recursos-humanos/vendor/laravel/framework/src/Illuminate/Pipeline/Pipeline.php(170): Illuminate/Routing/Router->Illuminate/Routing/{closure}()
#9 C:/Users/israe/OneDrive/Desktop/Pasantia/Proyectos/recursos-humanos/vendor/laravel/framework/src/Illuminate/Routing/Middleware/SubstituteBindings.php(51): Illuminate/Pipeline/Pipeline->Illuminate/Pipeline/{closure}()
#10 C:/Users/israe/OneDrive/Desktop/Pasantia/Proyectos/recursos-humanos/vendor/laravel/framework/src/Illuminate/Pipeline/Pipeline.php(209): Illuminate/Routing/Middleware/SubstituteBindings->handle()
#11 C:/Users/israe/OneDrive/Desktop/Pasantia/Proyectos/recursos-humanos/vendor/laravel/framework/src/Illuminate/Foundation/Http/Middleware/VerifyCsrfToken.php(88): Illuminate/Pipeline/Pipeline->Illuminate/Pipeline/{closure}()
#12 C:/Users/israe/OneDrive/Desktop/Pasantia/Proyectos/recursos-humanos/vendor/laravel/framework/src/Illuminate/Pipeline/Pipeline.php(209): Illuminate/Foundation/Http/Middleware/VerifyCsrfToken->handle()
#13 C:/Users/israe/OneDrive/Desktop/Pasantia/Proyectos/recursos-humanos/vendor/laravel/framework/src/Illuminate/View/Middleware/ShareErrorsFromSession.php(49): Illuminate/Pipeline/Pipeline->Illuminate/Pipeline/{closure}()
#14 C:/Users/israe/OneDrive/Desktop/Pasantia/Proyectos/recursos-humanos/vendor/laravel/framework/src/Illuminate/Pipeline/Pipeline.php(209): Illuminate/View/Middleware/ShareErrorsFromSession->handle()
#15 C:/Users/israe/OneDrive/Desktop/Pasantia/Proyectos/recursos-humanos/vendor/laravel/framework/src/Illuminate/Session/Middleware/StartSession.php(121): Illuminate/Pipeline/Pipeline->Illuminate/Pipeline/{closure}()
#16 C:/Users/israe/OneDrive/Desktop/Pasantia/Proyectos/recursos-humanos/vendor/laravel/framework/src/Illuminate/Session/Middleware/StartSession.php(64): Illuminate/Session/Middleware/StartSession->handleStatefulRequest()
#17 C:/Users/israe/OneDrive/Desktop/Pasantia/Proyectos/recursos-humanos/vendor/laravel/framework/src/Illuminate/Pipeline/Pipeline.php(209): Illuminate/Session/Middleware/StartSession->handle()
#18 C:/Users/israe/OneDrive/Desktop/Pasantia/Proyectos/recursos-humanos/vendor/laravel/framework/src/Illuminate/Cookie/Middleware/AddQueuedCookiesToResponse.php(37): Illuminate/Pipeline/Pipeline->Illuminate/Pipeline/{closure}()
#19 C:/Users/israe/OneDrive/Desktop/Pasantia/Proyectos/recursos-humanos/vendor/laravel/framework/src/Illuminate/Pipeline/Pipeline.php(209): Illuminate/Cookie/Middleware/AddQueuedCookiesToResponse->handle()
#20 C:/Users/israe/OneDrive/Desktop/Pasantia/Proyectos/recursos-humanos/vendor/laravel/framework/src/Illuminate/Cookie/Middleware/EncryptCookies.php(75): Illuminate/Pipeline/Pipeline->Illuminate/Pipeline/{closure}()
#21 C:/Users/israe/OneDrive/Desktop/Pasantia/Proyectos/recursos-humanos/vendor/laravel/framework/src/Illuminate/Pipeline/Pipeline.php(209): Illuminate/Cookie/Middleware/EncryptCookies->handle()
#22 C:/Users/israe/OneDrive/Desktop/Pasantia/Proyectos/recursos-humanos/vendor/laravel/framework/src/Illuminate/Pipeline/Pipeline.php(127): Illuminate/Pipeline/Pipeline->Illuminate/Pipeline/{closure}()
#23 C:/Users/israe/OneDrive/Desktop/Pasantia/Proyectos/recursos-humanos/vendor/laravel/framework/src/Illuminate/Routing/Router.php(807): Illuminate/Pipeline/Pipeline->then()
#24 C:/Users/israe/OneDrive/Desktop/Pasantia/Proyectos/recursos-humanos/vendor/laravel/framework/src/Illuminate/Routing/Router.php(786): Illuminate/Routing/Router->runRouteWithinStack()
#25 C:/Users/israe/OneDrive/Desktop/Pasantia/Proyectos/recursos-humanos/vendor/laravel/framework/src/Illuminate/Routing/Router.php(750): Illuminate/Routing/Router->runRoute()
#26 C:/Users/israe/OneDrive/Desktop/Pasantia/Proyectos/recursos-humanos/vendor/laravel/framework/src/Illuminate/Routing/Router.php(739): Illuminate/Routing/Router->dispatchToRoute()
#27 C:/Users/israe/OneDrive/Desktop/Pasantia/Proyectos/recursos-humanos/vendor/laravel/framework/src/Illuminate/Foundation/Http/Kernel.php(201): Illuminate/Routing/Router->dispatch()
#28 C:/Users/israe/OneDrive/Desktop/Pasantia/Proyectos/recursos-humanos/vendor/laravel/framework/src/Illuminate/Pipeline/Pipeline.php(170): Illuminate/Foundation/Http/Kernel->Illuminate/Foundation/Http/{closure}()
#29 C:/Users/israe/OneDrive/Desktop/Pasantia/Proyectos/recursos-humanos/vendor/livewire/livewire/src/Features/SupportDisablingBackButtonCache/DisableBackButtonCacheMiddleware.php(19): Illuminate/Pipeline/Pipeline->Illuminate/Pipeline/{closure}()
#30 C:/Users/israe/OneDrive/Desktop/Pasantia/Proyectos/recursos-humanos/vendor/laravel/framework/src/Illuminate/Pipeline/Pipeline.php(209): Livewire/Features/SupportDisablingBackButtonCache/DisableBackButtonCacheMiddleware->handle()
#31 C:/Users/israe/OneDrive/Desktop/Pasantia/Proyectos/recursos-humanos/vendor/laravel/framework/src/Illuminate/Foundation/Http/Middleware/ConvertEmptyStringsToNull.php(27): Illuminate/Pipeline/Pipeline->Illuminate/Pipeline/{closure}()
#32 C:/Users/israe/OneDrive/Desktop/Pasantia/Proyectos/recursos-humanos/vendor/laravel/framework/src/Illuminate/Pipeline/Pipeline.php(209): Illuminate/Foundation/Http/Middleware/ConvertEmptyStringsToNull->handle()
#33 C:/Users/israe/OneDrive/Desktop/Pasantia/Proyectos/recursos-humanos/vendor/laravel/framework/src/Illuminate/Foundation/Http/Middleware/TrimStrings.php(47): Illuminate/Pipeline/Pipeline->Illuminate/Pipeline/{closure}()
#34 C:/Users/israe/OneDrive/Desktop/Pasantia/Proyectos/recursos-humanos/vendor/laravel/framework/src/Illuminate/Pipeline/Pipeline.php(209): Illuminate/Foundation/Http/Middleware/TrimStrings->handle()
#35 C:/Users/israe/OneDrive/Desktop/Pasantia/Proyectos/recursos-humanos/vendor/laravel/framework/src/Illuminate/Http/Middleware/ValidatePostSize.php(27): Illuminate/Pipeline/Pipeline->Illuminate/Pipeline/{closure}()
#36 C:/Users/israe/OneDrive/Desktop/Pasantia/Proyectos/recursos-humanos/vendor/laravel/framework/src/Illuminate/Pipeline/Pipeline.php(209): Illuminate/Http/Middleware/ValidatePostSize->handle()
#37 C:/Users/israe/OneDrive/Desktop/Pasantia/Proyectos/recursos-humanos/vendor/laravel/framework/src/Illuminate/Foundation/Http/Middleware/PreventRequestsDuringMaintenance.php(110): Illuminate/Pipeline/Pipeline->Illuminate/Pipeline/{closure}()
#38 C:/Users/israe/OneDrive/Desktop/Pasantia/Proyectos/recursos-humanos/vendor/laravel/framework/src/Illuminate/Pipeline/Pipeline.php(209): Illuminate/Foundation/Http/Middleware/PreventRequestsDuringMaintenance->handle()
#39 C:/Users/israe/OneDrive/Desktop/Pasantia/Proyectos/recursos-humanos/vendor/laravel/framework/src/Illuminate/Http/Middleware/HandleCors.php(49): Illuminate/Pipeline/Pipeline->Illuminate/Pipeline/{closure}()
#40 C:/Users/israe/OneDrive/Desktop/Pasantia/Proyectos/recursos-humanos/vendor/laravel/framework/src/Illuminate/Pipeline/Pipeline.php(209): Illuminate/Http/Middleware/HandleCors->handle()
#41 C:/Users/israe/OneDrive/Desktop/Pasantia/Proyectos/recursos-humanos/vendor/laravel/framework/src/Illuminate/Http/Middleware/TrustProxies.php(58): Illuminate/Pipeline/Pipeline->Illuminate/Pipeline/{closure}()
#42 C:/Users/israe/OneDrive/Desktop/Pasantia/Proyectos/recursos-humanos/vendor/laravel/framework/src/Illuminate/Pipeline/Pipeline.php(209): Illuminate/Http/Middleware/TrustProxies->handle()
#43 C:/Users/israe/OneDrive/Desktop/Pasantia/Proyectos/recursos-humanos/vendor/laravel/framework/src/Illuminate/Foundation/Http/Middleware/InvokeDeferredCallbacks.php(22): Illuminate/Pipeline/Pipeline->Illuminate/Pipeline/{closure}()
#44 C:/Users/israe/OneDrive/Desktop/Pasantia/Proyectos/recursos-humanos/vendor/laravel/framework/src/Illuminate/Pipeline/Pipeline.php(209): Illuminate/Foundation/Http/Middleware/InvokeDeferredCallbacks->handle()
#45 C:/Users/israe/OneDrive/Desktop/Pasantia/Proyectos/recursos-humanos/vendor/laravel/framework/src/Illuminate/Pipeline/Pipeline.php(127): Illuminate/Pipeline/Pipeline->Illuminate/Pipeline/{closure}()
#46 C:/Users/israe/OneDrive/Desktop/Pasantia/Proyectos/recursos-humanos/vendor/laravel/framework/src/Illuminate/Foundation/Http/Kernel.php(176): Illuminate/Pipeline/Pipeline->then()
#47 C:/Users/israe/OneDrive/Desktop/Pasantia/Proyectos/recursos-humanos/vendor/laravel/framework/src/Illuminate/Foundation/Http/Kernel.php(145): Illuminate/Foundation/Http/Kernel->sendRequestThroughRouter()
#48 C:/Users/israe/OneDrive/Desktop/Pasantia/Proyectos/recursos-humanos/vendor/laravel/framework/src/Illuminate/Foundation/Application.php(1220): Illuminate/Foundation/Http/Kernel->handle()
#49 C:/Users/israe/OneDrive/Desktop/Pasantia/Proyectos/recursos-humanos/public/index.php(17): Illuminate/Foundation/Application->handleRequest()
#50 C:/Users/israe/OneDrive/Desktop/Pasantia/Proyectos/recursos-humanos/vendor/laravel/framework/src/Illuminate/Foundation/resources/server.php(23): require_once('...')
#51 {main}
"} 
[2026-07-23 13:08:18] local.ERROR: Undefined variable $branch {"userId":1,"exception":"[object] (ErrorException(code: 0): Undefined variable $branch at C:/Users/israe/OneDrive/Desktop/Pasantia/Proyectos/recursos-humanos/app/Services/AnalisisAsistenciaService.php:346)
[stacktrace]
#0 C:/Users/israe/OneDrive/Desktop/Pasantia/Proyectos/recursos-humanos/vendor/laravel/framework/src/Illuminate/Foundation/Bootstrap/HandleExceptions.php(258): Illuminate/Foundation/Bootstrap/HandleExceptions->handleError()
#1 C:/Users/israe/OneDrive/Desktop/Pasantia/Proyectos/recursos-humanos/app/Services/AnalisisAsistenciaService.php(346): Illuminate/Foundation/Bootstrap/HandleExceptions->Illuminate/Foundation/Bootstrap/{closure}()
#2 [internal function]: App/Services/AnalisisAsistenciaService->App/Services/{closure}()
#3 C:/Users/israe/OneDrive/Desktop/Pasantia/Proyectos/recursos-humanos/vendor/laravel/framework/src/Illuminate/Collections/Arr.php(609): array_map()
#4 C:/Users/israe/OneDrive/Desktop/Pasantia/Proyectos/recursos-humanos/vendor/laravel/framework/src/Illuminate/Collections/Collection.php(799): Illuminate/Support/Arr::map()
#5 C:/Users/israe/OneDrive/Desktop/Pasantia/Proyectos/recursos-humanos/app/Services/AnalisisAsistenciaService.php(340): Illuminate/Support/Collection->map()
#6 C:/Users/israe/OneDrive/Desktop/Pasantia/Proyectos/recursos-humanos/app/Livewire/ReportesPage.php(43): App/Services/AnalisisAsistenciaService->frecuenciaAsistencia()
#7 C:/Users/israe/OneDrive/Desktop/Pasantia/Proyectos/recursos-humanos/vendor/laravel/framework/src/Illuminate/Container/BoundMethod.php(36): App/Livewire/ReportesPage->render()
#8 C:/Users/israe/OneDrive/Desktop/Pasantia/Proyectos/recursos-humanos/vendor/laravel/framework/src/Illuminate/Container/Util.php(43): Illuminate/Container/BoundMethod::Illuminate/Container/{closure}()
#9 C:/Users/israe/OneDrive/Desktop/Pasantia/Proyectos/recursos-humanos/vendor/laravel/framework/src/Illuminate/Container/BoundMethod.php(95): Illuminate/Container/Util::unwrapIfClosure()
#10 C:/Users/israe/OneDrive/Desktop/Pasantia/Proyectos/recursos-humanos/vendor/laravel/framework/src/Illuminate/Container/BoundMethod.php(35): Illuminate/Container/BoundMethod::callBoundMethod()
#11 C:/Users/israe/OneDrive/Desktop/Pasantia/Proyectos/recursos-humanos/vendor/livewire/livewire/src/Wrapped.php(23): Illuminate/Container/BoundMethod::call()
#12 C:/Users/israe/OneDrive/Desktop/Pasantia/Proyectos/recursos-humanos/vendor/livewire/livewire/src/Mechanisms/HandleComponents/HandleComponents.php(312): Livewire/Wrapped->__call()
#13 C:/Users/israe/OneDrive/Desktop/Pasantia/Proyectos/recursos-humanos/vendor/livewire/livewire/src/Mechanisms/HandleComponents/HandleComponents.php(272): Livewire/Mechanisms/HandleComponents/HandleComponents->getView()
#14 C:/Users/israe/OneDrive/Desktop/Pasantia/Proyectos/recursos-humanos/vendor/livewire/livewire/src/Mechanisms/HandleComponents/HandleComponents.php(54): Livewire/Mechanisms/HandleComponents/HandleComponents->render()
#15 C:/Users/israe/OneDrive/Desktop/Pasantia/Proyectos/recursos-humanos/vendor/livewire/livewire/src/LivewireManager.php(73): Livewire/Mechanisms/HandleComponents/HandleComponents->mount()
#16 C:/Users/israe/OneDrive/Desktop/Pasantia/Proyectos/recursos-humanos/vendor/livewire/livewire/src/Features/SupportPageComponents/HandlesPageComponents.php(17): Livewire/LivewireManager->mount()
#17 C:/Users/israe/OneDrive/Desktop/Pasantia/Proyectos/recursos-humanos/vendor/livewire/livewire/src/Features/SupportPageComponents/SupportPageComponents.php(117): Livewire/Component->Livewire/Features/SupportPageComponents/{closure}()
#18 C:/Users/israe/OneDrive/Desktop/Pasantia/Proyectos/recursos-humanos/vendor/livewire/livewire/src/Features/SupportPageComponents/HandlesPageComponents.php(14): Livewire/Features/SupportPageComponents/SupportPageComponents::interceptTheRenderOfTheComponentAndRetreiveTheLayoutConfiguration()
#19 C:/Users/israe/OneDrive/Desktop/Pasantia/Proyectos/recursos-humanos/vendor/laravel/framework/src/Illuminate/Routing/ControllerDispatcher.php(47): Livewire/Component->__invoke()
#20 C:/Users/israe/OneDrive/Desktop/Pasantia/Proyectos/recursos-humanos/vendor/laravel/framework/src/Illuminate/Routing/Route.php(266): Illuminate/Routing/ControllerDispatcher->dispatch()
#21 C:/Users/israe/OneDrive/Desktop/Pasantia/Proyectos/recursos-humanos/vendor/laravel/framework/src/Illuminate/Routing/Route.php(212): Illuminate/Routing/Route->runController()
#22 C:/Users/israe/OneDrive/Desktop/Pasantia/Proyectos/recursos-humanos/vendor/laravel/framework/src/Illuminate/Routing/Router.php(808): Illuminate/Routing/Route->run()
#23 C:/Users/israe/OneDrive/Desktop/Pasantia/Proyectos/recursos-humanos/vendor/laravel/framework/src/Illuminate/Pipeline/Pipeline.php(170): Illuminate/Routing/Router->Illuminate/Routing/{closure}()
#24 C:/Users/israe/OneDrive/Desktop/Pasantia/Proyectos/recursos-humanos/vendor/spatie/laravel-permission/src/Middleware/PermissionMiddleware.php(37): Illuminate/Pipeline/Pipeline->Illuminate/Pipeline/{closure}()
#25 C:/Users/israe/OneDrive/Desktop/Pasantia/Proyectos/recursos-humanos/vendor/laravel/framework/src/Illuminate/Pipeline/Pipeline.php(209): Spatie/Permission/Middleware/PermissionMiddleware->handle()
#26 C:/Users/israe/OneDrive/Desktop/Pasantia/Proyectos/recursos-humanos/vendor/laravel/framework/src/Illuminate/Routing/Middleware/SubstituteBindings.php(51): Illuminate/Pipeline/Pipeline->Illuminate/Pipeline/{closure}()
#27 C:/Users/israe/OneDrive/Desktop/Pasantia/Proyectos/recursos-humanos/vendor/laravel/framework/src/Illuminate/Pipeline/Pipeline.php(209): Illuminate/Routing/Middleware/SubstituteBindings->handle()
#28 C:/Users/israe/OneDrive/Desktop/Pasantia/Proyectos/recursos-humanos/vendor/laravel/framework/src/Illuminate/Auth/Middleware/Authenticate.php(64): Illuminate/Pipeline/Pipeline->Illuminate/Pipeline/{closure}()
#29 C:/Users/israe/OneDrive/Desktop/Pasantia/Proyectos/recursos-humanos/vendor/laravel/framework/src/Illuminate/Pipeline/Pipeline.php(209): Illuminate/Auth/Middleware/Authenticate->handle()
#30 C:/Users/israe/OneDrive/Desktop/Pasantia/Proyectos/recursos-humanos/vendor/laravel/framework/src/Illuminate/Foundation/Http/Middleware/VerifyCsrfToken.php(88): Illuminate/Pipeline/Pipeline->Illuminate/Pipeline/{closure}()
#31 C:/Users/israe/OneDrive/Desktop/Pasantia/Proyectos/recursos-humanos/vendor/laravel/framework/src/Illuminate/Pipeline/Pipeline.php(209): Illuminate/Foundation/Http/Middleware/VerifyCsrfToken->handle()
#32 C:/Users/israe/OneDrive/Desktop/Pasantia/Proyectos/recursos-humanos/vendor/laravel/framework/src/Illuminate/View/Middleware/ShareErrorsFromSession.php(49): Illuminate/Pipeline/Pipeline->Illuminate/Pipeline/{closure}()
#33 C:/Users/israe/OneDrive/Desktop/Pasantia/Proyectos/recursos-humanos/vendor/laravel/framework/src/Illuminate/Pipeline/Pipeline.php(209): Illuminate/View/Middleware/ShareErrorsFromSession->handle()
#34 C:/Users/israe/OneDrive/Desktop/Pasantia/Proyectos/recursos-humanos/vendor/laravel/framework/src/Illuminate/Session/Middleware/StartSession.php(121): Illuminate/Pipeline/Pipeline->Illuminate/Pipeline/{closure}()
#35 C:/Users/israe/OneDrive/Desktop/Pasantia/Proyectos/recursos-humanos/vendor/laravel/framework/src/Illuminate/Session/Middleware/StartSession.php(64): Illuminate/Session/Middleware/StartSession->handleStatefulRequest()
#36 C:/Users/israe/OneDrive/Desktop/Pasantia/Proyectos/recursos-humanos/vendor/laravel/framework/src/Illuminate/Pipeline/Pipeline.php(209): Illuminate/Session/Middleware/StartSession->handle()
#37 C:/Users/israe/OneDrive/Desktop/Pasantia/Proyectos/recursos-humanos/vendor/laravel/framework/src/Illuminate/Cookie/Middleware/AddQueuedCookiesToResponse.php(37): Illuminate/Pipeline/Pipeline->Illuminate/Pipeline/{closure}()
#38 C:/Users/israe/OneDrive/Desktop/Pasantia/Proyectos/recursos-humanos/vendor/laravel/framework/src/Illuminate/Pipeline/Pipeline.php(209): Illuminate/Cookie/Middleware/AddQueuedCookiesToResponse->handle()
#39 C:/Users/israe/OneDrive/Desktop/Pasantia/Proyectos/recursos-humanos/vendor/laravel/framework/src/Illuminate/Cookie/Middleware/EncryptCookies.php(75): Illuminate/Pipeline/Pipeline->Illuminate/Pipeline/{closure}()
#40 C:/Users/israe/OneDrive/Desktop/Pasantia/Proyectos/recursos-humanos/vendor/laravel/framework/src/Illuminate/Pipeline/Pipeline.php(209): Illuminate/Cookie/Middleware/EncryptCookies->handle()
#41 C:/Users/israe/OneDrive/Desktop/Pasantia/Proyectos/recursos-humanos/vendor/laravel/framework/src/Illuminate/Pipeline/Pipeline.php(127): Illuminate/Pipeline/Pipeline->Illuminate/Pipeline/{closure}()
#42 C:/Users/israe/OneDrive/Desktop/Pasantia/Proyectos/recursos-humanos/vendor/laravel/framework/src/Illuminate/Routing/Router.php(807): Illuminate/Pipeline/Pipeline->then()
#43 C:/Users/israe/OneDrive/Desktop/Pasantia/Proyectos/recursos-humanos/vendor/laravel/framework/src/Illuminate/Routing/Router.php(786): Illuminate/Routing/Router->runRouteWithinStack()
#44 C:/Users/israe/OneDrive/Desktop/Pasantia/Proyectos/recursos-humanos/vendor/laravel/framework/src/Illuminate/Routing/Router.php(750): Illuminate/Routing/Router->runRoute()
#45 C:/Users/israe/OneDrive/Desktop/Pasantia/Proyectos/recursos-humanos/vendor/laravel/framework/src/Illuminate/Routing/Router.php(739): Illuminate/Routing/Router->dispatchToRoute()
#46 C:/Users/israe/OneDrive/Desktop/Pasantia/Proyectos/recursos-humanos/vendor/laravel/framework/src/Illuminate/Foundation/Http/Kernel.php(201): Illuminate/Routing/Router->dispatch()
#47 C:/Users/israe/OneDrive/Desktop/Pasantia/Proyectos/recursos-humanos/vendor/laravel/framework/src/Illuminate/Pipeline/Pipeline.php(170): Illuminate/Foundation/Http/Kernel->Illuminate/Foundation/Http/{closure}()
#48 C:/Users/israe/OneDrive/Desktop/Pasantia/Proyectos/recursos-humanos/vendor/livewire/livewire/src/Features/SupportDisablingBackButtonCache/DisableBackButtonCacheMiddleware.php(19): Illuminate/Pipeline/Pipeline->Illuminate/Pipeline/{closure}()
#49 C:/Users/israe/OneDrive/Desktop/Pasantia/Proyectos/recursos-humanos/vendor/laravel/framework/src/Illuminate/Pipeline/Pipeline.php(209): Livewire/Features/SupportDisablingBackButtonCache/DisableBackButtonCacheMiddleware->handle()
#50 C:/Users/israe/OneDrive/Desktop/Pasantia/Proyectos/recursos-humanos/vendor/laravel/framework/src/Illuminate/Foundation/Http/Middleware/TransformsRequest.php(21): Illuminate/Pipeline/Pipeline->Illuminate/Pipeline/{closure}()
#51 C:/Users/israe/OneDrive/Desktop/Pasantia/Proyectos/recursos-humanos/vendor/laravel/framework/src/Illuminate/Foundation/Http/Middleware/ConvertEmptyStringsToNull.php(31): Illuminate/Foundation/Http/Middleware/TransformsRequest->handle()
#52 C:/Users/israe/OneDrive/Desktop/Pasantia/Proyectos/recursos-humanos/vendor/laravel/framework/src/Illuminate/Pipeline/Pipeline.php(209): Illuminate/Foundation/Http/Middleware/ConvertEmptyStringsToNull->handle()
#53 C:/Users/israe/OneDrive/Desktop/Pasantia/Proyectos/recursos-humanos/vendor/laravel/framework/src/Illuminate/Foundation/Http/Middleware/TransformsRequest.php(21): Illuminate/Pipeline/Pipeline->Illuminate/Pipeline/{closure}()
#54 C:/Users/israe/OneDrive/Desktop/Pasantia/Proyectos/recursos-humanos/vendor/laravel/framework/src/Illuminate/Foundation/Http/Middleware/TrimStrings.php(51): Illuminate/Foundation/Http/Middleware/TransformsRequest->handle()
#55 C:/Users/israe/OneDrive/Desktop/Pasantia/Proyectos/recursos-humanos/vendor/laravel/framework/src/Illuminate/Pipeline/Pipeline.php(209): Illuminate/Foundation/Http/Middleware/TrimStrings->handle()
#56 C:/Users/israe/OneDrive/Desktop/Pasantia/Proyectos/recursos-humanos/vendor/laravel/framework/src/Illuminate/Http/Middleware/ValidatePostSize.php(27): Illuminate/Pipeline/Pipeline->Illuminate/Pipeline/{closure}()
#57 C:/Users/israe/OneDrive/Desktop/Pasantia/Proyectos/recursos-humanos/vendor/laravel/framework/src/Illuminate/Pipeline/Pipeline.php(209): Illuminate/Http/Middleware/ValidatePostSize->handle()
#58 C:/Users/israe/OneDrive/Desktop/Pasantia/Proyectos/recursos-humanos/vendor/laravel/framework/src/Illuminate/Foundation/Http/Middleware/PreventRequestsDuringMaintenance.php(110): Illuminate/Pipeline/Pipeline->Illuminate/Pipeline/{closure}()
#59 C:/Users/israe/OneDrive/Desktop/Pasantia/Proyectos/recursos-humanos/vendor/laravel/framework/src/Illuminate/Pipeline/Pipeline.php(209): Illuminate/Foundation/Http/Middleware/PreventRequestsDuringMaintenance->handle()
#60 C:/Users/israe/OneDrive/Desktop/Pasantia/Proyectos/recursos-humanos/vendor/laravel/framework/src/Illuminate/Http/Middleware/HandleCors.php(49): Illuminate/Pipeline/Pipeline->Illuminate/Pipeline/{closure}()
#61 C:/Users/israe/OneDrive/Desktop/Pasantia/Proyectos/recursos-humanos/vendor/laravel/framework/src/Illuminate/Pipeline/Pipeline.php(209): Illuminate/Http/Middleware/HandleCors->handle()
#62 C:/Users/israe/OneDrive/Desktop/Pasantia/Proyectos/recursos-humanos/vendor/laravel/framework/src/Illuminate/Http/Middleware/TrustProxies.php(58): Illuminate/Pipeline/Pipeline->Illuminate/Pipeline/{closure}()
#63 C:/Users/israe/OneDrive/Desktop/Pasantia/Proyectos/recursos-humanos/vendor/laravel/framework/src/Illuminate/Pipeline/Pipeline.php(209): Illuminate/Http/Middleware/TrustProxies->handle()
#64 C:/Users/israe/OneDrive/Desktop/Pasantia/Proyectos/recursos-humanos/vendor/laravel/framework/src/Illuminate/Foundation/Http/Middleware/InvokeDeferredCallbacks.php(22): Illuminate/Pipeline/Pipeline->Illuminate/Pipeline/{closure}()
#65 C:/Users/israe/OneDrive/Desktop/Pasantia/Proyectos/recursos-humanos/vendor/laravel/framework/src/Illuminate/Pipeline/Pipeline.php(209): Illuminate/Foundation/Http/Middleware/InvokeDeferredCallbacks->handle()
#66 C:/Users/israe/OneDrive/Desktop/Pasantia/Proyectos/recursos-humanos/vendor/laravel/framework/src/Illuminate/Pipeline/Pipeline.php(127): Illuminate/Pipeline/Pipeline->Illuminate/Pipeline/{closure}()
#67 C:/Users/israe/OneDrive/Desktop/Pasantia/Proyectos/recursos-humanos/vendor/laravel/framework/src/Illuminate/Foundation/Http/Kernel.php(176): Illuminate/Pipeline/Pipeline->then()
#68 C:/Users/israe/OneDrive/Desktop/Pasantia/Proyectos/recursos-humanos/vendor/laravel/framework/src/Illuminate/Foundation/Http/Kernel.php(145): Illuminate/Foundation/Http/Kernel->sendRequestThroughRouter()
#69 C:/Users/israe/OneDrive/Desktop/Pasantia/Proyectos/recursos-humanos/vendor/laravel/framework/src/Illuminate/Foundation/Application.php(1220): Illuminate/Foundation/Http/Kernel->handle()
#70 C:/Users/israe/OneDrive/Desktop/Pasantia/Proyectos/recursos-humanos/public/index.php(17): Illuminate/Foundation/Application->handleRequest()
#71 C:/Users/israe/OneDrive/Desktop/Pasantia/Proyectos/recursos-humanos/vendor/laravel/framework/src/Illuminate/Foundation/resources/server.php(23): require_once('...')
#72 {main}
"} 
[2026-07-23 13:08:28] local.ERROR: Undefined variable $branch {"userId":1,"exception":"[object] (ErrorException(code: 0): Undefined variable $branch at C:/Users/israe/OneDrive/Desktop/Pasantia/Proyectos/recursos-humanos/app/Services/AnalisisAsistenciaService.php:346)
[stacktrace]
#0 C:/Users/israe/OneDrive/Desktop/Pasantia/Proyectos/recursos-humanos/vendor/laravel/framework/src/Illuminate/Foundation/Bootstrap/HandleExceptions.php(258): Illuminate/Foundation/Bootstrap/HandleExceptions->handleError()
#1 C:/Users/israe/OneDrive/Desktop/Pasantia/Proyectos/recursos-humanos/app/Services/AnalisisAsistenciaService.php(346): Illuminate/Foundation/Bootstrap/HandleExceptions->Illuminate/Foundation/Bootstrap/{closure}()
#2 [internal function]: App/Services/AnalisisAsistenciaService->App/Services/{closure}()
#3 C:/Users/israe/OneDrive/Desktop/Pasantia/Proyectos/recursos-humanos/vendor/laravel/framework/src/Illuminate/Collections/Arr.php(609): array_map()
#4 C:/Users/israe/OneDrive/Desktop/Pasantia/Proyectos/recursos-humanos/vendor/laravel/framework/src/Illuminate/Collections/Collection.php(799): Illuminate/Support/Arr::map()
#5 C:/Users/israe/OneDrive/Desktop/Pasantia/Proyectos/recursos-humanos/app/Services/AnalisisAsistenciaService.php(340): Illuminate/Support/Collection->map()
#6 C:/Users/israe/OneDrive/Desktop/Pasantia/Proyectos/recursos-humanos/app/Livewire/ReportesPage.php(43): App/Services/AnalisisAsistenciaService->frecuenciaAsistencia()
#7 C:/Users/israe/OneDrive/Desktop/Pasantia/Proyectos/recursos-humanos/vendor/laravel/framework/src/Illuminate/Container/BoundMethod.php(36): App/Livewire/ReportesPage->render()
#8 C:/Users/israe/OneDrive/Desktop/Pasantia/Proyectos/recursos-humanos/vendor/laravel/framework/src/Illuminate/Container/Util.php(43): Illuminate/Container/BoundMethod::Illuminate/Container/{closure}()
#9 C:/Users/israe/OneDrive/Desktop/Pasantia/Proyectos/recursos-humanos/vendor/laravel/framework/src/Illuminate/Container/BoundMethod.php(95): Illuminate/Container/Util::unwrapIfClosure()
#10 C:/Users/israe/OneDrive/Desktop/Pasantia/Proyectos/recursos-humanos/vendor/laravel/framework/src/Illuminate/Container/BoundMethod.php(35): Illuminate/Container/BoundMethod::callBoundMethod()
#11 C:/Users/israe/OneDrive/Desktop/Pasantia/Proyectos/recursos-humanos/vendor/livewire/livewire/src/Wrapped.php(23): Illuminate/Container/BoundMethod::call()
#12 C:/Users/israe/OneDrive/Desktop/Pasantia/Proyectos/recursos-humanos/vendor/livewire/livewire/src/Mechanisms/HandleComponents/HandleComponents.php(312): Livewire/Wrapped->__call()
#13 C:/Users/israe/OneDrive/Desktop/Pasantia/Proyectos/recursos-humanos/vendor/livewire/livewire/src/Mechanisms/HandleComponents/HandleComponents.php(272): Livewire/Mechanisms/HandleComponents/HandleComponents->getView()
#14 C:/Users/israe/OneDrive/Desktop/Pasantia/Proyectos/recursos-humanos/vendor/livewire/livewire/src/Mechanisms/HandleComponents/HandleComponents.php(54): Livewire/Mechanisms/HandleComponents/HandleComponents->render()
#15 C:/Users/israe/OneDrive/Desktop/Pasantia/Proyectos/recursos-humanos/vendor/livewire/livewire/src/LivewireManager.php(73): Livewire/Mechanisms/HandleComponents/HandleComponents->mount()
#16 C:/Users/israe/OneDrive/Desktop/Pasantia/Proyectos/recursos-humanos/vendor/livewire/livewire/src/Features/SupportPageComponents/HandlesPageComponents.php(17): Livewire/LivewireManager->mount()
#17 C:/Users/israe/OneDrive/Desktop/Pasantia/Proyectos/recursos-humanos/vendor/livewire/livewire/src/Features/SupportPageComponents/SupportPageComponents.php(117): Livewire/Component->Livewire/Features/SupportPageComponents/{closure}()
#18 C:/Users/israe/OneDrive/Desktop/Pasantia/Proyectos/recursos-humanos/vendor/livewire/livewire/src/Features/SupportPageComponents/HandlesPageComponents.php(14): Livewire/Features/SupportPageComponents/SupportPageComponents::interceptTheRenderOfTheComponentAndRetreiveTheLayoutConfiguration()
#19 C:/Users/israe/OneDrive/Desktop/Pasantia/Proyectos/recursos-humanos/vendor/laravel/framework/src/Illuminate/Routing/ControllerDispatcher.php(47): Livewire/Component->__invoke()
#20 C:/Users/israe/OneDrive/Desktop/Pasantia/Proyectos/recursos-humanos/vendor/laravel/framework/src/Illuminate/Routing/Route.php(266): Illuminate/Routing/ControllerDispatcher->dispatch()
#21 C:/Users/israe/OneDrive/Desktop/Pasantia/Proyectos/recursos-humanos/vendor/laravel/framework/src/Illuminate/Routing/Route.php(212): Illuminate/Routing/Route->runController()
#22 C:/Users/israe/OneDrive/Desktop/Pasantia/Proyectos/recursos-humanos/vendor/laravel/framework/src/Illuminate/Routing/Router.php(808): Illuminate/Routing/Route->run()
#23 C:/Users/israe/OneDrive/Desktop/Pasantia/Proyectos/recursos-humanos/vendor/laravel/framework/src/Illuminate/Pipeline/Pipeline.php(170): Illuminate/Routing/Router->Illuminate/Routing/{closure}()
#24 C:/Users/israe/OneDrive/Desktop/Pasantia/Proyectos/recursos-humanos/vendor/spatie/laravel-permission/src/Middleware/PermissionMiddleware.php(37): Illuminate/Pipeline/Pipeline->Illuminate/Pipeline/{closure}()
#25 C:/Users/israe/OneDrive/Desktop/Pasantia/Proyectos/recursos-humanos/vendor/laravel/framework/src/Illuminate/Pipeline/Pipeline.php(209): Spatie/Permission/Middleware/PermissionMiddleware->handle()
#26 C:/Users/israe/OneDrive/Desktop/Pasantia/Proyectos/recursos-humanos/vendor/laravel/framework/src/Illuminate/Routing/Middleware/SubstituteBindings.php(51): Illuminate/Pipeline/Pipeline->Illuminate/Pipeline/{closure}()
#27 C:/Users/israe/OneDrive/Desktop/Pasantia/Proyectos/recursos-humanos/vendor/laravel/framework/src/Illuminate/Pipeline/Pipeline.php(209): Illuminate/Routing/Middleware/SubstituteBindings->handle()
#28 C:/Users/israe/OneDrive/Desktop/Pasantia/Proyectos/recursos-humanos/vendor/laravel/framework/src/Illuminate/Auth/Middleware/Authenticate.php(64): Illuminate/Pipeline/Pipeline->Illuminate/Pipeline/{closure}()
#29 C:/Users/israe/OneDrive/Desktop/Pasantia/Proyectos/recursos-humanos/vendor/laravel/framework/src/Illuminate/Pipeline/Pipeline.php(209): Illuminate/Auth/Middleware/Authenticate->handle()
#30 C:/Users/israe/OneDrive/Desktop/Pasantia/Proyectos/recursos-humanos/vendor/laravel/framework/src/Illuminate/Foundation/Http/Middleware/VerifyCsrfToken.php(88): Illuminate/Pipeline/Pipeline->Illuminate/Pipeline/{closure}()
#31 C:/Users/israe/OneDrive/Desktop/Pasantia/Proyectos/recursos-humanos/vendor/laravel/framework/src/Illuminate/Pipeline/Pipeline.php(209): Illuminate/Foundation/Http/Middleware/VerifyCsrfToken->handle()
#32 C:/Users/israe/OneDrive/Desktop/Pasantia/Proyectos/recursos-humanos/vendor/laravel/framework/src/Illuminate/View/Middleware/ShareErrorsFromSession.php(49): Illuminate/Pipeline/Pipeline->Illuminate/Pipeline/{closure}()
#33 C:/Users/israe/OneDrive/Desktop/Pasantia/Proyectos/recursos-humanos/vendor/laravel/framework/src/Illuminate/Pipeline/Pipeline.php(209): Illuminate/View/Middleware/ShareErrorsFromSession->handle()
#34 C:/Users/israe/OneDrive/Desktop/Pasantia/Proyectos/recursos-humanos/vendor/laravel/framework/src/Illuminate/Session/Middleware/StartSession.php(121): Illuminate/Pipeline/Pipeline->Illuminate/Pipeline/{closure}()
#35 C:/Users/israe/OneDrive/Desktop/Pasantia/Proyectos/recursos-humanos/vendor/laravel/framework/src/Illuminate/Session/Middleware/StartSession.php(64): Illuminate/Session/Middleware/StartSession->handleStatefulRequest()
#36 C:/Users/israe/OneDrive/Desktop/Pasantia/Proyectos/recursos-humanos/vendor/laravel/framework/src/Illuminate/Pipeline/Pipeline.php(209): Illuminate/Session/Middleware/StartSession->handle()
#37 C:/Users/israe/OneDrive/Desktop/Pasantia/Proyectos/recursos-humanos/vendor/laravel/framework/src/Illuminate/Cookie/Middleware/AddQueuedCookiesToResponse.php(37): Illuminate/Pipeline/Pipeline->Illuminate/Pipeline/{closure}()
#38 C:/Users/israe/OneDrive/Desktop/Pasantia/Proyectos/recursos-humanos/vendor/laravel/framework/src/Illuminate/Pipeline/Pipeline.php(209): Illuminate/Cookie/Middleware/AddQueuedCookiesToResponse->handle()
#39 C:/Users/israe/OneDrive/Desktop/Pasantia/Proyectos/recursos-humanos/vendor/laravel/framework/src/Illuminate/Cookie/Middleware/EncryptCookies.php(75): Illuminate/Pipeline/Pipeline->Illuminate/Pipeline/{closure}()
#40 C:/Users/israe/OneDrive/Desktop/Pasantia/Proyectos/recursos-humanos/vendor/laravel/framework/src/Illuminate/Pipeline/Pipeline.php(209): Illuminate/Cookie/Middleware/EncryptCookies->handle()
#41 C:/Users/israe/OneDrive/Desktop/Pasantia/Proyectos/recursos-humanos/vendor/laravel/framework/src/Illuminate/Pipeline/Pipeline.php(127): Illuminate/Pipeline/Pipeline->Illuminate/Pipeline/{closure}()
#42 C:/Users/israe/OneDrive/Desktop/Pasantia/Proyectos/recursos-humanos/vendor/laravel/framework/src/Illuminate/Routing/Router.php(807): Illuminate/Pipeline/Pipeline->then()
#43 C:/Users/israe/OneDrive/Desktop/Pasantia/Proyectos/recursos-humanos/vendor/laravel/framework/src/Illuminate/Routing/Router.php(786): Illuminate/Routing/Router->runRouteWithinStack()
#44 C:/Users/israe/OneDrive/Desktop/Pasantia/Proyectos/recursos-humanos/vendor/laravel/framework/src/Illuminate/Routing/Router.php(750): Illuminate/Routing/Router->runRoute()
#45 C:/Users/israe/OneDrive/Desktop/Pasantia/Proyectos/recursos-humanos/vendor/laravel/framework/src/Illuminate/Routing/Router.php(739): Illuminate/Routing/Router->dispatchToRoute()
#46 C:/Users/israe/OneDrive/Desktop/Pasantia/Proyectos/recursos-humanos/vendor/laravel/framework/src/Illuminate/Foundation/Http/Kernel.php(201): Illuminate/Routing/Router->dispatch()
#47 C:/Users/israe/OneDrive/Desktop/Pasantia/Proyectos/recursos-humanos/vendor/laravel/framework/src/Illuminate/Pipeline/Pipeline.php(170): Illuminate/Foundation/Http/Kernel->Illuminate/Foundation/Http/{closure}()
#48 C:/Users/israe/OneDrive/Desktop/Pasantia/Proyectos/recursos-humanos/vendor/livewire/livewire/src/Features/SupportDisablingBackButtonCache/DisableBackButtonCacheMiddleware.php(19): Illuminate/Pipeline/Pipeline->Illuminate/Pipeline/{closure}()
#49 C:/Users/israe/OneDrive/Desktop/Pasantia/Proyectos/recursos-humanos/vendor/laravel/framework/src/Illuminate/Pipeline/Pipeline.php(209): Livewire/Features/SupportDisablingBackButtonCache/DisableBackButtonCacheMiddleware->handle()
#50 C:/Users/israe/OneDrive/Desktop/Pasantia/Proyectos/recursos-humanos/vendor/laravel/framework/src/Illuminate/Foundation/Http/Middleware/TransformsRequest.php(21): Illuminate/Pipeline/Pipeline->Illuminate/Pipeline/{closure}()
#51 C:/Users/israe/OneDrive/Desktop/Pasantia/Proyectos/recursos-humanos/vendor/laravel/framework/src/Illuminate/Foundation/Http/Middleware/ConvertEmptyStringsToNull.php(31): Illuminate/Foundation/Http/Middleware/TransformsRequest->handle()
#52 C:/Users/israe/OneDrive/Desktop/Pasantia/Proyectos/recursos-humanos/vendor/laravel/framework/src/Illuminate/Pipeline/Pipeline.php(209): Illuminate/Foundation/Http/Middleware/ConvertEmptyStringsToNull->handle()
#53 C:/Users/israe/OneDrive/Desktop/Pasantia/Proyectos/recursos-humanos/vendor/laravel/framework/src/Illuminate/Foundation/Http/Middleware/TransformsRequest.php(21): Illuminate/Pipeline/Pipeline->Illuminate/Pipeline/{closure}()
#54 C:/Users/israe/OneDrive/Desktop/Pasantia/Proyectos/recursos-humanos/vendor/laravel/framework/src/Illuminate/Foundation/Http/Middleware/TrimStrings.php(51): Illuminate/Foundation/Http/Middleware/TransformsRequest->handle()
#55 C:/Users/israe/OneDrive/Desktop/Pasantia/Proyectos/recursos-humanos/vendor/laravel/framework/src/Illuminate/Pipeline/Pipeline.php(209): Illuminate/Foundation/Http/Middleware/TrimStrings->handle()
#56 C:/Users/israe/OneDrive/Desktop/Pasantia/Proyectos/recursos-humanos/vendor/laravel/framework/src/Illuminate/Http/Middleware/ValidatePostSize.php(27): Illuminate/Pipeline/Pipeline->Illuminate/Pipeline/{closure}()
#57 C:/Users/israe/OneDrive/Desktop/Pasantia/Proyectos/recursos-humanos/vendor/laravel/framework/src/Illuminate/Pipeline/Pipeline.php(209): Illuminate/Http/Middleware/ValidatePostSize->handle()
#58 C:/Users/israe/OneDrive/Desktop/Pasantia/Proyectos/recursos-humanos/vendor/laravel/framework/src/Illuminate/Foundation/Http/Middleware/PreventRequestsDuringMaintenance.php(110): Illuminate/Pipeline/Pipeline->Illuminate/Pipeline/{closure}()
#59 C:/Users/israe/OneDrive/Desktop/Pasantia/Proyectos/recursos-humanos/vendor/laravel/framework/src/Illuminate/Pipeline/Pipeline.php(209): Illuminate/Foundation/Http/Middleware/PreventRequestsDuringMaintenance->handle()
#60 C:/Users/israe/OneDrive/Desktop/Pasantia/Proyectos/recursos-humanos/vendor/laravel/framework/src/Illuminate/Http/Middleware/HandleCors.php(49): Illuminate/Pipeline/Pipeline->Illuminate/Pipeline/{closure}()
#61 C:/Users/israe/OneDrive/Desktop/Pasantia/Proyectos/recursos-humanos/vendor/laravel/framework/src/Illuminate/Pipeline/Pipeline.php(209): Illuminate/Http/Middleware/HandleCors->handle()
#62 C:/Users/israe/OneDrive/Desktop/Pasantia/Proyectos/recursos-humanos/vendor/laravel/framework/src/Illuminate/Http/Middleware/TrustProxies.php(58): Illuminate/Pipeline/Pipeline->Illuminate/Pipeline/{closure}()
#63 C:/Users/israe/OneDrive/Desktop/Pasantia/Proyectos/recursos-humanos/vendor/laravel/framework/src/Illuminate/Pipeline/Pipeline.php(209): Illuminate/Http/Middleware/TrustProxies->handle()
#64 C:/Users/israe/OneDrive/Desktop/Pasantia/Proyectos/recursos-humanos/vendor/laravel/framework/src/Illuminate/Foundation/Http/Middleware/InvokeDeferredCallbacks.php(22): Illuminate/Pipeline/Pipeline->Illuminate/Pipeline/{closure}()
#65 C:/Users/israe/OneDrive/Desktop/Pasantia/Proyectos/recursos-humanos/vendor/laravel/framework/src/Illuminate/Pipeline/Pipeline.php(209): Illuminate/Foundation/Http/Middleware/InvokeDeferredCallbacks->handle()
#66 C:/Users/israe/OneDrive/Desktop/Pasantia/Proyectos/recursos-humanos/vendor/laravel/framework/src/Illuminate/Pipeline/Pipeline.php(127): Illuminate/Pipeline/Pipeline->Illuminate/Pipeline/{closure}()
#67 C:/Users/israe/OneDrive/Desktop/Pasantia/Proyectos/recursos-humanos/vendor/laravel/framework/src/Illuminate/Foundation/Http/Kernel.php(176): Illuminate/Pipeline/Pipeline->then()
#68 C:/Users/israe/OneDrive/Desktop/Pasantia/Proyectos/recursos-humanos/vendor/laravel/framework/src/Illuminate/Foundation/Http/Kernel.php(145): Illuminate/Foundation/Http/Kernel->sendRequestThroughRouter()
#69 C:/Users/israe/OneDrive/Desktop/Pasantia/Proyectos/recursos-humanos/vendor/laravel/framework/src/Illuminate/Foundation/Application.php(1220): Illuminate/Foundation/Http/Kernel->handle()
#70 C:/Users/israe/OneDrive/Desktop/Pasantia/Proyectos/recursos-humanos/public/index.php(17): Illuminate/Foundation/Application->handleRequest()
#71 C:/Users/israe/OneDrive/Desktop/Pasantia/Proyectos/recursos-humanos/vendor/laravel/framework/src/Illuminate/Foundation/resources/server.php(23): require_once('...')
#72 {main}
"} 
[2026-07-23 16:02:51] local.ERROR: Unsupported operand types: null + array {"userId":1,"exception":"[object] (TypeError(code: 0): Unsupported operand types: null + array at C:/Users/israe/OneDrive/Desktop/Pasantia/Proyectos/recursos-humanos/app/Services/AuditoriaService.php:30)
[stacktrace]
#0 C:/Users/israe/OneDrive/Desktop/Pasantia/Proyectos/recursos-humanos/app/Livewire/PersonalPage.php(266): App/Services/AuditoriaService->registrar()
#1 C:/Users/israe/OneDrive/Desktop/Pasantia/Proyectos/recursos-humanos/vendor/laravel/framework/src/Illuminate/Container/BoundMethod.php(36): App/Livewire/PersonalPage->deleteEmpleado()
#2 C:/Users/israe/OneDrive/Desktop/Pasantia/Proyectos/recursos-humanos/vendor/laravel/framework/src/Illuminate/Container/Util.php(43): Illuminate/Container/BoundMethod::Illuminate/Container/{closure}()
#3 C:/Users/israe/OneDrive/Desktop/Pasantia/Proyectos/recursos-humanos/vendor/laravel/framework/src/Illuminate/Container/BoundMethod.php(95): Illuminate/Container/Util::unwrapIfClosure()
#4 C:/Users/israe/OneDrive/Desktop/Pasantia/Proyectos/recursos-humanos/vendor/laravel/framework/src/Illuminate/Container/BoundMethod.php(35): Illuminate/Container/BoundMethod::callBoundMethod()
#5 C:/Users/israe/OneDrive/Desktop/Pasantia/Proyectos/recursos-humanos/vendor/livewire/livewire/src/Wrapped.php(23): Illuminate/Container/BoundMethod::call()
#6 C:/Users/israe/OneDrive/Desktop/Pasantia/Proyectos/recursos-humanos/vendor/livewire/livewire/src/Mechanisms/HandleComponents/HandleComponents.php(515): Livewire/Wrapped->__call()
#7 C:/Users/israe/OneDrive/Desktop/Pasantia/Proyectos/recursos-humanos/vendor/livewire/livewire/src/Mechanisms/HandleComponents/HandleComponents.php(124): Livewire/Mechanisms/HandleComponents/HandleComponents->callMethods()
#8 C:/Users/israe/OneDrive/Desktop/Pasantia/Proyectos/recursos-humanos/vendor/livewire/livewire/src/LivewireManager.php(102): Livewire/Mechanisms/HandleComponents/HandleComponents->update()
#9 C:/Users/israe/OneDrive/Desktop/Pasantia/Proyectos/recursos-humanos/vendor/livewire/livewire/src/Mechanisms/HandleRequests/HandleRequests.php(144): Livewire/LivewireManager->update()
#10 C:/Users/israe/OneDrive/Desktop/Pasantia/Proyectos/recursos-humanos/vendor/laravel/framework/src/Illuminate/Routing/ControllerDispatcher.php(47): Livewire/Mechanisms/HandleRequests/HandleRequests->handleUpdate()
#11 C:/Users/israe/OneDrive/Desktop/Pasantia/Proyectos/recursos-humanos/vendor/laravel/framework/src/Illuminate/Routing/Route.php(266): Illuminate/Routing/ControllerDispatcher->dispatch()
#12 C:/Users/israe/OneDrive/Desktop/Pasantia/Proyectos/recursos-humanos/vendor/laravel/framework/src/Illuminate/Routing/Route.php(212): Illuminate/Routing/Route->runController()
#13 C:/Users/israe/OneDrive/Desktop/Pasantia/Proyectos/recursos-humanos/vendor/laravel/framework/src/Illuminate/Routing/Router.php(808): Illuminate/Routing/Route->run()
#14 C:/Users/israe/OneDrive/Desktop/Pasantia/Proyectos/recursos-humanos/vendor/laravel/framework/src/Illuminate/Pipeline/Pipeline.php(170): Illuminate/Routing/Router->Illuminate/Routing/{closure}()
#15 C:/Users/israe/OneDrive/Desktop/Pasantia/Proyectos/recursos-humanos/vendor/laravel/framework/src/Illuminate/Routing/Middleware/SubstituteBindings.php(51): Illuminate/Pipeline/Pipeline->Illuminate/Pipeline/{closure}()
#16 C:/Users/israe/OneDrive/Desktop/Pasantia/Proyectos/recursos-humanos/vendor/laravel/framework/src/Illuminate/Pipeline/Pipeline.php(209): Illuminate/Routing/Middleware/SubstituteBindings->handle()
#17 C:/Users/israe/OneDrive/Desktop/Pasantia/Proyectos/recursos-humanos/vendor/laravel/framework/src/Illuminate/Foundation/Http/Middleware/VerifyCsrfToken.php(88): Illuminate/Pipeline/Pipeline->Illuminate/Pipeline/{closure}()
#18 C:/Users/israe/OneDrive/Desktop/Pasantia/Proyectos/recursos-humanos/vendor/laravel/framework/src/Illuminate/Pipeline/Pipeline.php(209): Illuminate/Foundation/Http/Middleware/VerifyCsrfToken->handle()
#19 C:/Users/israe/OneDrive/Desktop/Pasantia/Proyectos/recursos-humanos/vendor/laravel/framework/src/Illuminate/View/Middleware/ShareErrorsFromSession.php(49): Illuminate/Pipeline/Pipeline->Illuminate/Pipeline/{closure}()
#20 C:/Users/israe/OneDrive/Desktop/Pasantia/Proyectos/recursos-humanos/vendor/laravel/framework/src/Illuminate/Pipeline/Pipeline.php(209): Illuminate/View/Middleware/ShareErrorsFromSession->handle()
#21 C:/Users/israe/OneDrive/Desktop/Pasantia/Proyectos/recursos-humanos/vendor/laravel/framework/src/Illuminate/Session/Middleware/StartSession.php(121): Illuminate/Pipeline/Pipeline->Illuminate/Pipeline/{closure}()
#22 C:/Users/israe/OneDrive/Desktop/Pasantia/Proyectos/recursos-humanos/vendor/laravel/framework/src/Illuminate/Session/Middleware/StartSession.php(64): Illuminate/Session/Middleware/StartSession->handleStatefulRequest()
#23 C:/Users/israe/OneDrive/Desktop/Pasantia/Proyectos/recursos-humanos/vendor/laravel/framework/src/Illuminate/Pipeline/Pipeline.php(209): Illuminate/Session/Middleware/StartSession->handle()
#24 C:/Users/israe/OneDrive/Desktop/Pasantia/Proyectos/recursos-humanos/vendor/laravel/framework/src/Illuminate/Cookie/Middleware/AddQueuedCookiesToResponse.php(37): Illuminate/Pipeline/Pipeline->Illuminate/Pipeline/{closure}()
#25 C:/Users/israe/OneDrive/Desktop/Pasantia/Proyectos/recursos-humanos/vendor/laravel/framework/src/Illuminate/Pipeline/Pipeline.php(209): Illuminate/Cookie/Middleware/AddQueuedCookiesToResponse->handle()
#26 C:/Users/israe/OneDrive/Desktop/Pasantia/Proyectos/recursos-humanos/vendor/laravel/framework/src/Illuminate/Cookie/Middleware/EncryptCookies.php(75): Illuminate/Pipeline/Pipeline->Illuminate/Pipeline/{closure}()
#27 C:/Users/israe/OneDrive/Desktop/Pasantia/Proyectos/recursos-humanos/vendor/laravel/framework/src/Illuminate/Pipeline/Pipeline.php(209): Illuminate/Cookie/Middleware/EncryptCookies->handle()
#28 C:/Users/israe/OneDrive/Desktop/Pasantia/Proyectos/recursos-humanos/vendor/laravel/framework/src/Illuminate/Pipeline/Pipeline.php(127): Illuminate/Pipeline/Pipeline->Illuminate/Pipeline/{closure}()
#29 C:/Users/israe/OneDrive/Desktop/Pasantia/Proyectos/recursos-humanos/vendor/laravel/framework/src/Illuminate/Routing/Router.php(807): Illuminate/Pipeline/Pipeline->then()
#30 C:/Users/israe/OneDrive/Desktop/Pasantia/Proyectos/recursos-humanos/vendor/laravel/framework/src/Illuminate/Routing/Router.php(786): Illuminate/Routing/Router->runRouteWithinStack()
#31 C:/Users/israe/OneDrive/Desktop/Pasantia/Proyectos/recursos-humanos/vendor/laravel/framework/src/Illuminate/Routing/Router.php(750): Illuminate/Routing/Router->runRoute()
#32 C:/Users/israe/OneDrive/Desktop/Pasantia/Proyectos/recursos-humanos/vendor/laravel/framework/src/Illuminate/Routing/Router.php(739): Illuminate/Routing/Router->dispatchToRoute()
#33 C:/Users/israe/OneDrive/Desktop/Pasantia/Proyectos/recursos-humanos/vendor/laravel/framework/src/Illuminate/Foundation/Http/Kernel.php(201): Illuminate/Routing/Router->dispatch()
#34 C:/Users/israe/OneDrive/Desktop/Pasantia/Proyectos/recursos-humanos/vendor/laravel/framework/src/Illuminate/Pipeline/Pipeline.php(170): Illuminate/Foundation/Http/Kernel->Illuminate/Foundation/Http/{closure}()
#35 C:/Users/israe/OneDrive/Desktop/Pasantia/Proyectos/recursos-humanos/vendor/livewire/livewire/src/Features/SupportDisablingBackButtonCache/DisableBackButtonCacheMiddleware.php(19): Illuminate/Pipeline/Pipeline->Illuminate/Pipeline/{closure}()
#36 C:/Users/israe/OneDrive/Desktop/Pasantia/Proyectos/recursos-humanos/vendor/laravel/framework/src/Illuminate/Pipeline/Pipeline.php(209): Livewire/Features/SupportDisablingBackButtonCache/DisableBackButtonCacheMiddleware->handle()
#37 C:/Users/israe/OneDrive/Desktop/Pasantia/Proyectos/recursos-humanos/vendor/laravel/framework/src/Illuminate/Foundation/Http/Middleware/ConvertEmptyStringsToNull.php(27): Illuminate/Pipeline/Pipeline->Illuminate/Pipeline/{closure}()
#38 C:/Users/israe/OneDrive/Desktop/Pasantia/Proyectos/recursos-humanos/vendor/laravel/framework/src/Illuminate/Pipeline/Pipeline.php(209): Illuminate/Foundation/Http/Middleware/ConvertEmptyStringsToNull->handle()
#39 C:/Users/israe/OneDrive/Desktop/Pasantia/Proyectos/recursos-humanos/vendor/laravel/framework/src/Illuminate/Foundation/Http/Middleware/TrimStrings.php(47): Illuminate/Pipeline/Pipeline->Illuminate/Pipeline/{closure}()
#40 C:/Users/israe/OneDrive/Desktop/Pasantia/Proyectos/recursos-humanos/vendor/laravel/framework/src/Illuminate/Pipeline/Pipeline.php(209): Illuminate/Foundation/Http/Middleware/TrimStrings->handle()
#41 C:/Users/israe/OneDrive/Desktop/Pasantia/Proyectos/recursos-humanos/vendor/laravel/framework/src/Illuminate/Http/Middleware/ValidatePostSize.php(27): Illuminate/Pipeline/Pipeline->Illuminate/Pipeline/{closure}()
#42 C:/Users/israe/OneDrive/Desktop/Pasantia/Proyectos/recursos-humanos/vendor/laravel/framework/src/Illuminate/Pipeline/Pipeline.php(209): Illuminate/Http/Middleware/ValidatePostSize->handle()
#43 C:/Users/israe/OneDrive/Desktop/Pasantia/Proyectos/recursos-humanos/vendor/laravel/framework/src/Illuminate/Foundation/Http/Middleware/PreventRequestsDuringMaintenance.php(110): Illuminate/Pipeline/Pipeline->Illuminate/Pipeline/{closure}()
#44 C:/Users/israe/OneDrive/Desktop/Pasantia/Proyectos/recursos-humanos/vendor/laravel/framework/src/Illuminate/Pipeline/Pipeline.php(209): Illuminate/Foundation/Http/Middleware/PreventRequestsDuringMaintenance->handle()
#45 C:/Users/israe/OneDrive/Desktop/Pasantia/Proyectos/recursos-humanos/vendor/laravel/framework/src/Illuminate/Http/Middleware/HandleCors.php(49): Illuminate/Pipeline/Pipeline->Illuminate/Pipeline/{closure}()
#46 C:/Users/israe/OneDrive/Desktop/Pasantia/Proyectos/recursos-humanos/vendor/laravel/framework/src/Illuminate/Pipeline/Pipeline.php(209): Illuminate/Http/Middleware/HandleCors->handle()
#47 C:/Users/israe/OneDrive/Desktop/Pasantia/Proyectos/recursos-humanos/vendor/laravel/framework/src/Illuminate/Http/Middleware/TrustProxies.php(58): Illuminate/Pipeline/Pipeline->Illuminate/Pipeline/{closure}()
#48 C:/Users/israe/OneDrive/Desktop/Pasantia/Proyectos/recursos-humanos/vendor/laravel/framework/src/Illuminate/Pipeline/Pipeline.php(209): Illuminate/Http/Middleware/TrustProxies->handle()
#49 C:/Users/israe/OneDrive/Desktop/Pasantia/Proyectos/recursos-humanos/vendor/laravel/framework/src/Illuminate/Foundation/Http/Middleware/InvokeDeferredCallbacks.php(22): Illuminate/Pipeline/Pipeline->Illuminate/Pipeline/{closure}()
#50 C:/Users/israe/OneDrive/Desktop/Pasantia/Proyectos/recursos-humanos/vendor/laravel/framework/src/Illuminate/Pipeline/Pipeline.php(209): Illuminate/Foundation/Http/Middleware/InvokeDeferredCallbacks->handle()
#51 C:/Users/israe/OneDrive/Desktop/Pasantia/Proyectos/recursos-humanos/vendor/laravel/framework/src/Illuminate/Pipeline/Pipeline.php(127): Illuminate/Pipeline/Pipeline->Illuminate/Pipeline/{closure}()
#52 C:/Users/israe/OneDrive/Desktop/Pasantia/Proyectos/recursos-humanos/vendor/laravel/framework/src/Illuminate/Foundation/Http/Kernel.php(176): Illuminate/Pipeline/Pipeline->then()
#53 C:/Users/israe/OneDrive/Desktop/Pasantia/Proyectos/recursos-humanos/vendor/laravel/framework/src/Illuminate/Foundation/Http/Kernel.php(145): Illuminate/Foundation/Http/Kernel->sendRequestThroughRouter()
#54 C:/Users/israe/OneDrive/Desktop/Pasantia/Proyectos/recursos-humanos/vendor/laravel/framework/src/Illuminate/Foundation/Application.php(1220): Illuminate/Foundation/Http/Kernel->handle()
#55 C:/Users/israe/OneDrive/Desktop/Pasantia/Proyectos/recursos-humanos/public/index.php(17): Illuminate/Foundation/Application->handleRequest()
#56 C:/Users/israe/OneDrive/Desktop/Pasantia/Proyectos/recursos-humanos/vendor/laravel/framework/src/Illuminate/Foundation/resources/server.php(23): require_once('...')
#57 {main}
"} 
