Tiempo,"ID de Usuario",Nombre,Apellido,"Numero de tarjeta",Dispositivo,"Punto del evento",Verificacion,Estado,Evento,Notas
"01/02/2000 01:03",8,,,,Beni,"Sucursal Beni","No disponible",Salida,"Sin evento",
"01/02/2000 01:11",10,,,,Beni,"Sucursal Beni","No disponible",Salida,"Sin evento",
"01/02/2000 01:18",7,,,,Beni,"Sucursal Beni","No disponible","Retorno de descanso","Sin evento",
"01/02/2000 05:28",11,,,,Beni,"Sucursal Beni","No disponible","Estado 15","Sin evento",
"02/03/2022 07:54",6,,,,Beni,"Sucursal Beni","No disponible",Salida,"Apertura con tarjeta de proximidad",
"14/06/2022 08:43",8,,,,Beni,"Sucursal Beni","No disponible",Salida,"Sin evento",
"14/06/2022 18:22",8,,,,Beni,"Sucursal Beni","No disponible",Salida,"Sin evento",
"15/06/2022 08:04",8,,,,Beni,"Sucursal Beni","No disponible",Salida,"Sin evento",
"15/06/2022 19:08",8,,,,Beni,"Sucursal Beni","No disponible",Salida,"Sin evento",
"17/06/2022 08:08",8,,,,Beni,"Sucursal Beni","No disponible",Salida,"Sin evento",
"17/06/2022 19:17",8,,,,Beni,"Sucursal Beni","No disponible",Salida,"Sin evento",
"20/06/2022 08:09",8,,,,Beni,"Sucursal Beni","No disponible",Salida,"Sin evento",
"20/06/2022 18:20",8,,,,Beni,"Sucursal Beni","No disponible",Salida,"Sin evento",
"22/06/2022 08:14",8,,,,Beni,"Sucursal Beni","No disponible",Salida,"Sin evento",
"23/06/2022 08:00",8,,,,Beni,"Sucursal Beni","No disponible",Salida,"Boton de salida",
"23/06/2022 18:37",8,,,,Beni,"Sucursal Beni","No disponible",Salida,"Boton de salida",
"23/06/2022 18:47",8,,,,Beni,"Sucursal Beni","No disponible",Salida,"Boton de salida",
"24/06/2022 08:26",8,,,,Beni,"Sucursal Beni","No disponible",Salida,"Boton de salida",
"24/06/2022 18:34",8,,,,Beni,"Sucursal Beni","No disponible",Salida,"Boton de salida",
"25/06/2022 09:22",8,,,,Beni,"Sucursal Beni","No disponible",Salida,"Boton de salida",
"27/06/2022 08:11",8,,,,Beni,"Sucursal Beni","No disponible",Salida,"Boton de salida",
"27/06/2022 18:28",8,,,,Beni,"Sucursal Beni","No disponible",Salida,"Boton de salida",
"28/06/2022 08:13",8,,,,Beni,"Sucursal Beni","No disponible",Salida,"Boton de salida",
"28/06/2022 18:41",8,,,,Beni,"Sucursal Beni","No disponible",Salida,"Boton de salida",
"29/06/2022 08:08",8,,,,Beni,"Sucursal Beni","No disponible",Salida,"Boton de salida",
"29/06/2022 18:05",8,,,,Beni,"Sucursal Beni","No disponible",Salida,"Boton de salida",
"30/06/2022 08:06",8,,,,Beni,"Sucursal Beni","No disponible",Salida,"Boton de salida",
"30/06/2022 19:02",8,,,,Beni,"Sucursal Beni","No disponible",Salida,"Boton de salida",
"01/07/2022 07:30",8,,,,Beni,"Sucursal Beni","No disponible",Salida,"Boton de salida",
"04/07/2022 08:20",8,,,,Beni,"Sucursal Beni","No disponible",Salida,"Boton de salida",
"04/07/2022 18:25",8,,,,Beni,"Sucursal Beni","No disponible",Salida,"Boton de salida",
"05/07/2022 07:54",8,,,,Beni,"Sucursal Beni","No disponible",Salida,"Boton de salida",
"05/07/2022 18:17",8,,,,Beni,"Sucursal Beni","No disponible",Salida,"Boton de salida",
"06/07/2022 08:16",8,,,,Beni,"Sucursal Beni","No disponible",Salida,"Boton de salida",
"06/07/2022 18:12",8,,,,Beni,"Sucursal Beni","No disponible",Salida,"Boton de salida",
"07/07/2022 08:14",8,,,,Beni,"Sucursal Beni","No disponible",Salida,"Boton de salida",
"07/07/2022 18:11",8,,,,Beni,"Sucursal Beni","No disponible",Salida,"Boton de salida",
"08/07/2022 08:04",8,,,,Beni,"Sucursal Beni","No disponible",Salida,"Boton de salida",
"08/07/2022 18:18",8,,,,Beni,"Sucursal Beni","No disponible",Salida,"Boton de salida",
"09/07/2022 08:53",8,,,,Beni,"Sucursal Beni","No disponible",Salida,"Boton de salida",
"09/07/2022 13:00",8,,,,Beni,"Sucursal Beni","No disponible",Salida,"Boton de salida",
"11/07/2022 08:13",8,,,,Beni,"Sucursal Beni","No disponible",Salida,"Boton de salida",
"11/07/2022 18:16",8,,,,Beni,"Sucursal Beni","No disponible",Salida,"Boton de salida",
"12/07/2022 08:17",8,,,,Beni,"Sucursal Beni","No disponible",Salida,"Boton de salida",
"12/07/2022 18:08",8,,,,Beni,"Sucursal Beni","No disponible",Salida,"Boton de salida",
"13/07/2022 08:24",8,,,,Beni,"Sucursal Beni","No disponible",Salida,"Boton de salida",
"13/07/2022 18:12",8,,,,Beni,"Sucursal Beni","No disponible",Salida,"Boton de salida",
"14/07/2022 08:14",8,,,,Beni,"Sucursal Beni","No disponible",Salida,"Boton de salida",
"14/07/2022 18:18",8,,,,Beni,"Sucursal Beni","No disponible",Salida,"Boton de salida",
"15/07/2022 08:10",8,,,,Beni,"Sucursal Beni","No disponible",Salida,"Boton de salida",
"15/07/2022 18:25",8,,,,Beni,"Sucursal Beni","No disponible",Salida,"Boton de salida",
"16/07/2022 09:26",8,,,,Beni,"Sucursal Beni","No disponible",Salida,"Boton de salida",
"16/07/2022 13:22",8,,,,Beni,"Sucursal Beni","No disponible",Salida,"Boton de salida",
"18/07/2022 08:16",8,,,,Beni,"Sucursal Beni","No disponible",Salida,"Boton de salida",
"18/07/2022 18:30",8,,,,Beni,"Sucursal Beni","No disponible",Salida,"Boton de salida",
"19/07/2022 08:05",8,,,,Beni,"Sucursal Beni","No disponible",Salida,"Boton de salida",
"19/07/2022 18:28",8,,,,Beni,"Sucursal Beni","No disponible",Salida,"Boton de salida",
"20/07/2022 08:14",8,,,,Beni,"Sucursal Beni","No disponible",Salida,"Boton de salida",
"20/07/2022 18:50",8,,,,Beni,"Sucursal Beni","No disponible",Salida,"Boton de salida",
"21/07/2022 08:08",8,,,,Beni,"Sucursal Beni","No disponible",Salida,"Boton de salida",
"21/07/2022 18:54",8,,,,Beni,"Sucursal Beni","No disponible",Salida,"Boton de salida",
"22/07/2022 08:13",8,,,,Beni,"Sucursal Beni","No disponible",Salida,"Boton de salida",
"22/07/2022 18:07",8,,,,Beni,"Sucursal Beni","No disponible",Salida,"Boton de salida",
"23/07/2022 09:43",8,,,,Beni,"Sucursal Beni","No disponible",Salida,"Boton de salida",
"23/07/2022 13:03",8,,,,Beni,"Sucursal Beni","No disponible",Salida,"Boton de salida",
"25/07/2022 08:03",8,,,,Beni,"Sucursal Beni","No disponible",Salida,"Boton de salida",
"25/07/2022 18:17",8,,,,Beni,"Sucursal Beni","No disponible",Salida,"Boton de salida",
"26/07/2022 08:06",8,,,,Beni,"Sucursal Beni","No disponible",Salida,"Boton de salida",
"26/07/2022 18:02",8,,,,Beni,"Sucursal Beni","No disponible",Salida,"Boton de salida",
"27/07/2022 08:12",8,,,,Beni,"Sucursal Beni","No disponible",Salida,"Boton de salida",
"27/07/2022 19:05",8,,,,Beni,"Sucursal Beni","No disponible",Salida,"Boton de salida",
"28/07/2022 08:04",8,,,,Beni,"Sucursal Beni","No disponible",Salida,"Boton de salida",
"28/07/2022 20:11",8,,,,Beni,"Sucursal Beni","No disponible",Salida,"Boton de salida",
"29/07/2022 08:09",8,,,,Beni,"Sucursal Beni","No disponible",Salida,"Boton de salida",
"29/07/2022 18:33",8,,,,Beni,"Sucursal Beni","No disponible",Salida,"Boton de salida",
"30/07/2022 09:16",8,,,,Beni,"Sucursal Beni","No disponible",Salida,"Boton de salida",
"30/07/2022 14:24",8,,,,Beni,"Sucursal Beni","No disponible",Salida,"Boton de salida",
"01/08/2022 08:15",8,,,,Beni,"Sucursal Beni","No disponible",Salida,"Boton de salida",
"01/08/2022 18:12",8,,,,Beni,"Sucursal Beni","No disponible",Salida,"Boton de salida",
"02/08/2022 08:09",8,,,,Beni,"Sucursal Beni","No disponible",Salida,"Boton de salida",
"02/08/2022 18:48",8,,,,Beni,"Sucursal Beni","No disponible",Salida,"Boton de salida",
"03/08/2022 08:10",8,,,,Beni,"Sucursal Beni","No disponible",Salida,"Boton de salida",
"03/08/2022 18:53",8,,,,Beni,"Sucursal Beni","No disponible",Salida,"Boton de salida",
"04/08/2022 08:10",8,,,,Beni,"Sucursal Beni","No disponible",Salida,"Boton de salida",
"04/08/2022 18:06",8,,,,Beni,"Sucursal Beni","No disponible",Salida,"Boton de salida",
"05/08/2022 08:09",8,,,,Beni,"Sucursal Beni","No disponible",Salida,"Boton de salida",
"05/08/2022 19:11",8,,,,Beni,"Sucursal Beni","No disponible",Salida,"Boton de salida",
"08/08/2022 08:02",8,,,,Beni,"Sucursal Beni","No disponible","Estado 15","Boton de salida",
"08/08/2022 19:20",8,,,,Beni,"Sucursal Beni","No disponible",Salida,"Boton de salida",
"09/08/2022 08:08",8,,,,Beni,"Sucursal Beni","No disponible",Salida,"Boton de salida",
"09/08/2022 18:13",8,,,,Beni,"Sucursal Beni","No disponible",Salida,"Boton de salida",
"10/08/2022 08:07",8,,,,Beni,"Sucursal Beni","No disponible",Salida,"Boton de salida",
"10/08/2022 18:43",8,,,,Beni,"Sucursal Beni","No disponible",Salida,"Boton de salida",
"11/08/2022 08:14",8,,,,Beni,"Sucursal Beni","No disponible",Salida,"Boton de salida",
"11/08/2022 18:33",8,,,,Beni,"Sucursal Beni","No disponible",Salida,"Boton de salida",
"12/08/2022 08:07",8,,,,Beni,"Sucursal Beni","No disponible",Salida,"Boton de salida",
"12/08/2022 18:27",8,,,,Beni,"Sucursal Beni","No disponible",Salida,"Boton de salida",
"13/08/2022 09:33",8,,,,Beni,"Sucursal Beni","No disponible",Salida,"Boton de salida",
"13/08/2022 13:14",8,,,,Beni,"Sucursal Beni","No disponible",Salida,"Boton de salida",
"15/08/2022 08:00",8,,,,Beni,"Sucursal Beni","No disponible",Salida,"Boton de salida",
"15/08/2022 18:11",8,,,,Beni,"Sucursal Beni","No disponible",Salida,"Boton de salida",
"16/08/2022 08:02",8,,,,Beni,"Sucursal Beni","No disponible",Salida,"Boton de salida",
"16/08/2022 18:28",8,,,,Beni,"Sucursal Beni","No disponible",Salida,"Boton de salida",
"16/08/2022 19:10",8,,,,Beni,"Sucursal Beni","No disponible",Salida,"Boton de salida",
"17/08/2022 08:06",8,,,,Beni,"Sucursal Beni","No disponible",Salida,"Boton de salida",
"17/08/2022 18:20",8,,,,Beni,"Sucursal Beni","No disponible",Salida,"Boton de salida",
"18/08/2022 08:08",8,,,,Beni,"Sucursal Beni","No disponible",Salida,"Boton de salida",
"18/08/2022 13:34",1,,,,Beni,"Sucursal Beni","No disponible","Entrada extra","Boton de salida",
"18/08/2022 18:25",8,,,,Beni,"Sucursal Beni","No disponible",Salida,"Boton de salida",
"19/08/2022 08:14",8,,,,Beni,"Sucursal Beni","No disponible",Salida,"Boton de salida",
"19/08/2022 18:13",8,,,,Beni,"Sucursal Beni","No disponible",Salida,"Boton de salida",
"20/08/2022 09:26",8,,,,Beni,"Sucursal Beni","No disponible",Salida,"Boton de salida",
"20/08/2022 15:29",8,,,,Beni,"Sucursal Beni","No disponible",Salida,"Boton de salida",
"22/08/2022 08:11",8,,,,Beni,"Sucursal Beni","No disponible",Salida,"Boton de salida",
"22/08/2022 18:07",8,,,,Beni,"Sucursal Beni","No disponible",Salida,"Boton de salida",
"23/08/2022 08:12",8,,,,Beni,"Sucursal Beni","No disponible",Salida,"Boton de salida",
"23/08/2022 18:13",8,,,,Beni,"Sucursal Beni","No disponible",Salida,"Boton de salida",
"24/08/2022 08:15",8,,,,Beni,"Sucursal Beni","No disponible",Salida,"Boton de salida",
"24/08/2022 19:03",8,,,,Beni,"Sucursal Beni","No disponible",Salida,"Boton de salida",
"25/08/2022 08:06",8,,,,Beni,"Sucursal Beni","No disponible",Salida,"Boton de salida",
"25/08/2022 19:24",8,,,,Beni,"Sucursal Beni","No disponible",Salida,"Boton de salida",
"26/08/2022 08:10",8,,,,Beni,"Sucursal Beni","No disponible",Salida,"Boton de salida",
"26/08/2022 18:31",8,,,,Beni,"Sucursal Beni","No disponible",Salida,"Boton de salida",
"26/08/2022 18:33",8,,,,Beni,"Sucursal Beni","No disponible",Salida,"Boton de salida",
"27/08/2022 09:21",8,,,,Beni,"Sucursal Beni","No disponible",Salida,"Boton de salida",
"29/08/2022 08:06",8,,,,Beni,"Sucursal Beni","No disponible",Salida,"Boton de salida",
"29/08/2022 18:23",8,,,,Beni,"Sucursal Beni","No disponible",Salida,"Boton de salida",
"30/08/2022 08:08",8,,,,Beni,"Sucursal Beni","No disponible",Salida,"Boton de salida",
"30/08/2022 18:48",8,,,,Beni,"Sucursal Beni","No disponible",Salida,"Boton de salida",
"31/08/2022 08:06",8,,,,Beni,"Sucursal Beni","No disponible",Salida,"Boton de salida",
"31/08/2022 19:13",8,,,,Beni,"Sucursal Beni","No disponible",Salida,"Boton de salida",
"01/09/2022 08:06",8,,,,Beni,"Sucursal Beni","No disponible",Salida,"Boton de salida",
"01/09/2022 18:56",8,,,,Beni,"Sucursal Beni","No disponible",Salida,"Boton de salida",
"02/09/2022 08:26",8,,,,Beni,"Sucursal Beni","No disponible",Salida,"Boton de salida",
"02/09/2022 18:20",8,,,,Beni,"Sucursal Beni","No disponible",Salida,"Boton de salida",
"03/09/2022 09:05",8,,,,Beni,"Sucursal Beni","No disponible",Salida,"Boton de salida",
"05/09/2022 08:08",8,,,,Beni,"Sucursal Beni","No disponible",Salida,"Boton de salida",
"05/09/2022 18:40",8,,,,Beni,"Sucursal Beni","No disponible",Salida,"Boton de salida",
"06/09/2022 08:05",8,,,,Beni,"Sucursal Beni","No disponible",Salida,"Boton de salida",
"06/09/2022 18:34",8,,,,Beni,"Sucursal Beni","No disponible",Salida,"Boton de salida",
"07/09/2022 08:08",8,,,,Beni,"Sucursal Beni","No disponible",Salida,"Boton de salida",
"07/09/2022 18:15",8,,,,Beni,"Sucursal Beni","No disponible",Salida,"Boton de salida",
"08/09/2022 08:06",8,,,,Beni,"Sucursal Beni","No disponible",Salida,"Boton de salida",
"08/09/2022 18:23",8,,,,Beni,"Sucursal Beni","No disponible",Salida,"Boton de salida",
"09/09/2022 08:05",8,,,,Beni,"Sucursal Beni","No disponible",Salida,"Boton de salida",
"09/09/2022 18:24",8,,,,Beni,"Sucursal Beni","No disponible",Salida,"Boton de salida",
"10/09/2022 08:56",8,,,,Beni,"Sucursal Beni","No disponible",Salida,"Boton de salida",
"10/09/2022 13:17",8,,,,Beni,"Sucursal Beni","No disponible",Salida,"Boton de salida",
"12/09/2022 08:06",8,,,,Beni,"Sucursal Beni","No disponible",Salida,"Boton de salida",
"12/09/2022 19:10",8,,,,Beni,"Sucursal Beni","No disponible",Salida,"Boton de salida",
"13/09/2022 08:03",8,,,,Beni,"Sucursal Beni","No disponible",Salida,"Boton de salida",
"13/09/2022 18:49",8,,,,Beni,"Sucursal Beni","No disponible",Salida,"Boton de salida",
"14/09/2022 08:05",8,,,,Beni,"Sucursal Beni","No disponible",Salida,"Boton de salida",
"14/09/2022 18:44",8,,,,Beni,"Sucursal Beni","No disponible",Salida,"Boton de salida",
"15/09/2022 08:08",8,,,,Beni,"Sucursal Beni","No disponible",Salida,"Sin evento",
"15/09/2022 18:03",8,,,,Beni,"Sucursal Beni","No disponible",Salida,"Sin evento",
"16/09/2022 08:04",8,,,,Beni,"Sucursal Beni","No disponible",Salida,"Sin evento",
"19/09/2022 08:04",8,,,,Beni,"Sucursal Beni","No disponible",Salida,"Sin evento",
"19/09/2022 18:17",8,,,,Beni,"Sucursal Beni","No disponible",Salida,"Sin evento",
"20/09/2022 08:06",8,,,,Beni,"Sucursal Beni","No disponible",Salida,"Sin evento",
"20/09/2022 19:38",8,,,,Beni,"Sucursal Beni","No disponible",Salida,"Sin evento",
"21/09/2022 08:07",8,,,,Beni,"Sucursal Beni","No disponible",Salida,"Sin evento",
"21/09/2022 18:35",8,,,,Beni,"Sucursal Beni","No disponible",Salida,"Sin evento",
"22/09/2022 08:07",8,,,,Beni,"Sucursal Beni","No disponible",Salida,"Sin evento",
"22/09/2022 18:05",8,,,,Beni,"Sucursal Beni","No disponible",Salida,"Sin evento",
"23/09/2022 08:06",8,,,,Beni,"Sucursal Beni","No disponible",Salida,"Sin evento",
"23/09/2022 18:06",8,,,,Beni,"Sucursal Beni","No disponible",Salida,"Sin evento",
"24/09/2022 09:06",8,,,,Beni,"Sucursal Beni","No disponible",Salida,"Sin evento",
"24/09/2022 13:00",8,,,,Beni,"Sucursal Beni","No disponible",Salida,"Sin evento",
"26/09/2022 08:03",8,,,,Beni,"Sucursal Beni","No disponible",Salida,"Sin evento",
"26/09/2022 18:54",8,,,,Beni,"Sucursal Beni","No disponible",Salida,"Sin evento",
"27/09/2022 08:05",8,,,,Beni,"Sucursal Beni","No disponible",Salida,"Sin evento",
"27/09/2022 18:07",8,,,,Beni,"Sucursal Beni","No disponible",Salida,"Sin evento",
"28/09/2022 08:04",8,,,,Beni,"Sucursal Beni","No disponible",Salida,"Sin evento",
"28/09/2022 19:27",8,,,,Beni,"Sucursal Beni","No disponible",Salida,"Sin evento",
"29/09/2022 08:12",8,,,,Beni,"Sucursal Beni","No disponible",Salida,"Sin evento",
"29/09/2022 18:43",8,,,,Beni,"Sucursal Beni","No disponible",Salida,"Sin evento",
"30/09/2022 07:52",8,,,,Beni,"Sucursal Beni","No disponible",Salida,"Sin evento",
"30/09/2022 18:11",8,,,,Beni,"Sucursal Beni","No disponible",Salida,"Sin evento",
"03/10/2022 08:02",8,,,,Beni,"Sucursal Beni","No disponible",Salida,"Sin evento",
"03/10/2022 18:22",8,,,,Beni,"Sucursal Beni","No disponible",Salida,"Sin evento",
"04/10/2022 08:05",8,,,,Beni,"Sucursal Beni","No disponible",Salida,"Sin evento",
"04/10/2022 18:04",8,,,,Beni,"Sucursal Beni","No disponible",Salida,"Sin evento",
"05/10/2022 08:06",8,,,,Beni,"Sucursal Beni","No disponible",Salida,"Sin evento",
"05/10/2022 18:16",8,,,,Beni,"Sucursal Beni","No disponible",Salida,"Sin evento",
"06/10/2022 08:05",8,,,,Beni,"Sucursal Beni","No disponible",Salida,"Sin evento",
"06/10/2022 18:11",8,,,,Beni,"Sucursal Beni","No disponible",Salida,"Sin evento",
"07/10/2022 08:22",8,,,,Beni,"Sucursal Beni","No disponible",Salida,"Sin evento",
"07/10/2022 18:03",8,,,,Beni,"Sucursal Beni","No disponible",Salida,"Sin evento",
"10/10/2022 08:07",8,,,,Beni,"Sucursal Beni","No disponible",Salida,"Sin evento",
"10/10/2022 18:14",8,,,,Beni,"Sucursal Beni","No disponible",Salida,"Sin evento",
"11/10/2022 08:01",8,,,,Beni,"Sucursal Beni","No disponible",Salida,"Sin evento",
"12/10/2022 08:06",8,,,,Beni,"Sucursal Beni","No disponible",Salida,"Sin evento",
"12/10/2022 18:41",8,,,,Beni,"Sucursal Beni","No disponible",Salida,"Sin evento",
"13/10/2022 08:05",8,,,,Beni,"Sucursal Beni","No disponible",Salida,"Sin evento",
"13/10/2022 18:14",8,,,,Beni,"Sucursal Beni","No disponible",Salida,"Sin evento",
"14/10/2022 08:06",8,,,,Beni,"Sucursal Beni","No disponible",Salida,"Sin evento",
"14/10/2022 18:18",8,,,,Beni,"Sucursal Beni","No disponible",Salida,"Sin evento",
"15/10/2022 09:06",8,,,,Beni,"Sucursal Beni","No disponible",Salida,"Sin evento",
"15/10/2022 13:04",8,,,,Beni,"Sucursal Beni","No disponible",Salida,"Sin evento",
"17/10/2022 08:06",8,,,,Beni,"Sucursal Beni","No disponible",Salida,"Sin evento",
"17/10/2022 18:04",8,,,,Beni,"Sucursal Beni","No disponible",Salida,"Sin evento",
"18/10/2022 08:06",8,,,,Beni,"Sucursal Beni","No disponible",Salida,"Sin evento",
"18/10/2022 18:58",8,,,,Beni,"Sucursal Beni","No disponible",Salida,"Sin evento",
"19/10/2022 08:08",8,,,,Beni,"Sucursal Beni","No disponible",Salida,"Sin evento",
"19/10/2022 18:06",8,,,,Beni,"Sucursal Beni","No disponible",Salida,"Sin evento",
"20/10/2022 08:08",8,,,,Beni,"Sucursal Beni","No disponible",Salida,"Sin evento",
"20/10/2022 18:19",8,,,,Beni,"Sucursal Beni","No disponible",Salida,"Sin evento",
"21/10/2022 08:06",8,,,,Beni,"Sucursal Beni","No disponible",Salida,"Sin evento",
"21/10/2022 18:05",8,,,,Beni,"Sucursal Beni","No disponible",Salida,"Sin evento",
"22/10/2022 09:06",8,,,,Beni,"Sucursal Beni","No disponible",Salida,"Sin evento",
"22/10/2022 13:12",8,,,,Beni,"Sucursal Beni","No disponible",Salida,"Sin evento",
"24/10/2022 07:59",8,,,,Beni,"Sucursal Beni","No disponible",Salida,"Sin evento",
"24/10/2022 18:07",8,,,,Beni,"Sucursal Beni","No disponible",Salida,"Sin evento",
"25/10/2022 08:05",8,,,,Beni,"Sucursal Beni","No disponible",Salida,"Sin evento",
"25/10/2022 18:04",8,,,,Beni,"Sucursal Beni","No disponible",Salida,"Sin evento",
"26/10/2022 08:07",8,,,,Beni,"Sucursal Beni","No disponible",Salida,"Sin evento",
"26/10/2022 18:02",8,,,,Beni,"Sucursal Beni","No disponible",Salida,"Sin evento",
"27/10/2022 07:58",8,,,,Beni,"Sucursal Beni","No disponible",Salida,"Sin evento",
"27/10/2022 18:44",8,,,,Beni,"Sucursal Beni","No disponible",Salida,"Sin evento",
"28/10/2022 08:05",8,,,,Beni,"Sucursal Beni","No disponible",Salida,"Sin evento",
"28/10/2022 19:15",8,,,,Beni,"Sucursal Beni","No disponible",Salida,"Sin evento",
"29/10/2022 09:06",8,,,,Beni,"Sucursal Beni","No disponible",Salida,"Sin evento",
"29/10/2022 13:07",8,,,,Beni,"Sucursal Beni","No disponible",Salida,"Sin evento",
"31/10/2022 08:07",8,,,,Beni,"Sucursal Beni","No disponible",Salida,"Sin evento",
"31/10/2022 18:15",8,,,,Beni,"Sucursal Beni","No disponible",Salida,"Sin evento",
"01/11/2022 07:49",8,,,,Beni,"Sucursal Beni","No disponible",Salida,"Sin evento",
"03/11/2022 08:05",8,,,,Beni,"Sucursal Beni","No disponible",Salida,"Sin evento",
"03/11/2022 18:08",8,,,,Beni,"Sucursal Beni","No disponible",Salida,"Sin evento",
"04/11/2022 07:58",8,,,,Beni,"Sucursal Beni","No disponible",Salida,"Sin evento",
"07/11/2022 08:02",8,,,,Beni,"Sucursal Beni","No disponible",Salida,"Sin evento",
"07/11/2022 19:24",8,,,,Beni,"Sucursal Beni","No disponible",Salida,"Sin evento",
"08/11/2022 08:07",8,,,,Beni,"Sucursal Beni","No disponible",Salida,"Sin evento",
"08/11/2022 18:02",8,,,,Beni,"Sucursal Beni","No disponible",Salida,"Sin evento",
"09/11/2022 08:04",8,,,,Beni,"Sucursal Beni","No disponible",Salida,"Sin evento",
"09/11/2022 18:39",8,,,,Beni,"Sucursal Beni","No disponible",Salida,"Sin evento",
"10/11/2022 08:08",8,,,,Beni,"Sucursal Beni","No disponible",Salida,"Sin evento",
"10/11/2022 18:11",8,,,,Beni,"Sucursal Beni","No disponible",Salida,"Sin evento",
"11/11/2022 08:07",8,,,,Beni,"Sucursal Beni","No disponible",Salida,"Sin evento",
"11/11/2022 18:13",8,,,,Beni,"Sucursal Beni","No disponible",Salida,"Sin evento",
"14/11/2022 08:05",8,,,,Beni,"Sucursal Beni","No disponible",Salida,"Sin evento",
"14/11/2022 18:02",8,,,,Beni,"Sucursal Beni","No disponible",Salida,"Sin evento",
"15/11/2022 08:04",8,,,,Beni,"Sucursal Beni","No disponible",Salida,"Sin evento",
"15/11/2022 18:05",8,,,,Beni,"Sucursal Beni","No disponible",Salida,"Sin evento",
"16/11/2022 08:06",8,,,,Beni,"Sucursal Beni","No disponible",Salida,"Sin evento",
"16/11/2022 18:22",8,,,,Beni,"Sucursal Beni","No disponible",Salida,"Sin evento",
"17/11/2022 08:05",8,,,,Beni,"Sucursal Beni","No disponible",Salida,"Sin evento",
"17/11/2022 18:09",8,,,,Beni,"Sucursal Beni","No disponible",Salida,"Sin evento",
"21/11/2022 08:36",8,,,,Beni,"Sucursal Beni","No disponible",Salida,"Sin evento",
"21/11/2022 19:30",8,,,,Beni,"Sucursal Beni","No disponible",Salida,"Sin evento",
"22/11/2022 08:05",8,,,,Beni,"Sucursal Beni","No disponible",Salida,"Sin evento",
"22/11/2022 18:34",8,,,,Beni,"Sucursal Beni","No disponible",Salida,"Sin evento",
"23/11/2022 08:09",8,,,,Beni,"Sucursal Beni","No disponible",Salida,"Sin evento",
"23/11/2022 18:16",8,,,,Beni,"Sucursal Beni","No disponible",Salida,"Sin evento",
"24/11/2022 08:06",8,,,,Beni,"Sucursal Beni","No disponible",Salida,"Sin evento",
"24/11/2022 18:44",8,,,,Beni,"Sucursal Beni","No disponible",Salida,"Sin evento",
"25/11/2022 08:12",8,,,,Beni,"Sucursal Beni","No disponible",Salida,"Sin evento",
"25/11/2022 18:08",8,,,,Beni,"Sucursal Beni","No disponible",Salida,"Sin evento",
"28/11/2022 08:09",8,,,,Beni,"Sucursal Beni","No disponible",Salida,"Sin evento",
"28/11/2022 18:19",8,,,,Beni,"Sucursal Beni","No disponible",Salida,"Sin evento",
"29/11/2022 08:12",8,,,,Beni,"Sucursal Beni","No disponible",Salida,"Sin evento",
"29/11/2022 18:23",8,,,,Beni,"Sucursal Beni","No disponible",Salida,"Sin evento",
"30/11/2022 08:08",8,,,,Beni,"Sucursal Beni","No disponible",Salida,"Sin evento",
"30/11/2022 18:25",8,,,,Beni,"Sucursal Beni","No disponible",Salida,"Sin evento",
"01/12/2022 08:11",8,,,,Beni,"Sucursal Beni","No disponible",Salida,"Sin evento",
"01/12/2022 18:22",8,,,,Beni,"Sucursal Beni","No disponible",Salida,"Sin evento",
"02/12/2022 08:10",8,,,,Beni,"Sucursal Beni","No disponible",Salida,"Sin evento",
"02/12/2022 18:08",8,,,,Beni,"Sucursal Beni","No disponible",Salida,"Sin evento",
"03/12/2022 13:04",8,,,,Beni,"Sucursal Beni","No disponible","Estado 15","Sin evento",
"05/12/2022 08:06",8,,,,Beni,"Sucursal Beni","No disponible",Salida,"Sin evento",
"05/12/2022 18:51",8,,,,Beni,"Sucursal Beni","No disponible",Salida,"Sin evento",
"06/12/2022 08:06",8,,,,Beni,"Sucursal Beni","No disponible",Salida,"Sin evento",
"06/12/2022 18:13",8,,,,Beni,"Sucursal Beni","No disponible",Salida,"Sin evento",
"07/12/2022 08:13",8,,,,Beni,"Sucursal Beni","No disponible",Salida,"Sin evento",
"07/12/2022 18:13",8,,,,Beni,"Sucursal Beni","No disponible",Salida,"Sin evento",
"08/12/2022 08:04",8,,,,Beni,"Sucursal Beni","No disponible",Salida,"Sin evento",
"08/12/2022 18:04",8,,,,Beni,"Sucursal Beni","No disponible",Salida,"Sin evento",
"09/12/2022 08:06",8,,,,Beni,"Sucursal Beni","No disponible",Salida,"Sin evento",
"09/12/2022 18:20",8,,,,Beni,"Sucursal Beni","No disponible",Salida,"Sin evento",
"12/12/2022 08:10",8,,,,Beni,"Sucursal Beni","No disponible",Salida,"Sin evento",
"12/12/2022 19:54",8,,,,Beni,"Sucursal Beni","No disponible",Salida,"Sin evento",
"13/12/2022 08:20",8,,,,Beni,"Sucursal Beni","No disponible",Salida,"Sin evento",
"13/12/2022 18:42",8,,,,Beni,"Sucursal Beni","No disponible",Salida,"Sin evento",
"14/12/2022 08:17",8,,,,Beni,"Sucursal Beni","No disponible",Salida,"Sin evento",
"14/12/2022 18:12",8,,,,Beni,"Sucursal Beni","No disponible",Salida,"Sin evento",
"15/12/2022 08:16",8,,,,Beni,"Sucursal Beni","No disponible",Salida,"Sin evento",
"15/12/2022 18:09",8,,,,Beni,"Sucursal Beni","No disponible",Salida,"Sin evento",
"16/12/2022 07:51",8,,,,Beni,"Sucursal Beni","No disponible",Salida,"Sin evento",
"16/12/2022 18:07",8,,,,Beni,"Sucursal Beni","No disponible",Salida,"Sin evento",
"19/12/2022 08:03",8,,,,Beni,"Sucursal Beni","No disponible",Salida,"Sin evento",
"19/12/2022 18:19",8,,,,Beni,"Sucursal Beni","No disponible",Salida,"Sin evento",
"20/12/2022 08:02",8,,,,Beni,"Sucursal Beni","No disponible",Salida,"Sin evento",
"20/12/2022 18:03",8,,,,Beni,"Sucursal Beni","No disponible",Salida,"Sin evento",
"21/12/2022 08:03",8,,,,Beni,"Sucursal Beni","No disponible",Salida,"Sin evento",
"21/12/2022 18:03",8,,,,Beni,"Sucursal Beni","No disponible",Salida,"Sin evento",
"22/12/2022 08:12",8,,,,Beni,"Sucursal Beni","No disponible",Salida,"Sin evento",
"23/12/2022 08:12",8,,,,Beni,"Sucursal Beni","No disponible",Salida,"Sin evento",
"23/12/2022 19:13",8,,,,Beni,"Sucursal Beni","No disponible",Salida,"Sin evento",
"27/12/2022 08:08",8,,,,Beni,"Sucursal Beni","No disponible",Salida,"Sin evento",
"27/12/2022 18:16",8,,,,Beni,"Sucursal Beni","No disponible",Salida,"Sin evento",
"28/12/2022 08:09",8,,,,Beni,"Sucursal Beni","No disponible",Salida,"Sin evento",
"29/12/2022 08:08",8,,,,Beni,"Sucursal Beni","No disponible",Salida,"Sin evento",
"29/12/2022 18:26",8,,,,Beni,"Sucursal Beni","No disponible",Salida,"Sin evento",
"30/12/2022 08:34",8,,,,Beni,"Sucursal Beni","No disponible",Salida,"Sin evento",
"30/12/2022 18:05",8,,,,Beni,"Sucursal Beni","No disponible",Salida,"Sin evento",
"03/01/2023 08:09",8,,,,Beni,"Sucursal Beni","No disponible",Salida,"Sin evento",
"03/01/2023 18:17",8,,,,Beni,"Sucursal Beni","No disponible",Salida,"Sin evento",
"04/01/2023 08:08",8,,,,Beni,"Sucursal Beni","No disponible",Salida,"Sin evento",
"04/01/2023 18:08",8,,,,Beni,"Sucursal Beni","No disponible",Salida,"Sin evento",
"05/01/2023 08:20",8,,,,Beni,"Sucursal Beni","No disponible",Salida,"Sin evento",
"05/01/2023 18:32",8,,,,Beni,"Sucursal Beni","No disponible",Salida,"Sin evento",
"06/01/2023 08:28",8,,,,Beni,"Sucursal Beni","No disponible",Salida,"Sin evento",
"06/01/2023 18:07",8,,,,Beni,"Sucursal Beni","No disponible",Salida,"Sin evento",
"09/01/2023 07:43",8,,,,Beni,"Sucursal Beni","No disponible",Salida,"Sin evento",
"09/01/2023 19:19",8,,,,Beni,"Sucursal Beni","No disponible",Salida,"Sin evento",
"10/01/2023 08:03",8,,,,Beni,"Sucursal Beni","No disponible",Salida,"Sin evento",
"10/01/2023 19:13",8,,,,Beni,"Sucursal Beni","No disponible",Salida,"Sin evento",
"11/01/2023 08:13",8,,,,Beni,"Sucursal Beni","No disponible",Salida,"Sin evento",
"11/01/2023 18:27",8,,,,Beni,"Sucursal Beni","No disponible",Salida,"Sin evento",
"12/01/2023 08:08",8,,,,Beni,"Sucursal Beni","No disponible",Salida,"Sin evento",
"12/01/2023 19:57",8,,,,Beni,"Sucursal Beni","No disponible",Salida,"Sin evento",
"13/01/2023 07:47",8,,,,Beni,"Sucursal Beni","No disponible",Salida,"Sin evento",
"13/01/2023 18:23",8,,,,Beni,"Sucursal Beni","No disponible",Salida,"Sin evento",
"16/01/2023 07:47",8,,,,Beni,"Sucursal Beni","No disponible",Salida,"Sin evento",
"16/01/2023 19:20",8,,,,Beni,"Sucursal Beni","No disponible",Salida,"Sin evento",
"17/01/2023 08:05",8,,,,Beni,"Sucursal Beni","No disponible",Salida,"Sin evento",
"17/01/2023 18:43",8,,,,Beni,"Sucursal Beni","No disponible",Salida,"Sin evento",
"18/01/2023 08:00",8,,,,Beni,"Sucursal Beni","No disponible",Salida,"Sin evento",
"18/01/2023 18:59",8,,,,Beni,"Sucursal Beni","No disponible",Salida,"Sin evento",
"19/01/2023 08:06",8,,,,Beni,"Sucursal Beni","No disponible",Salida,"Sin evento",
"19/01/2023 18:58",8,,,,Beni,"Sucursal Beni","No disponible",Salida,"Sin evento",
"20/01/2023 08:10",8,,,,Beni,"Sucursal Beni","No disponible",Salida,"Sin evento",
"20/01/2023 18:37",8,,,,Beni,"Sucursal Beni","No disponible",Salida,"Sin evento",
"24/01/2023 08:09",8,,,,Beni,"Sucursal Beni","No disponible",Salida,"Sin evento",
"24/01/2023 19:00",8,,,,Beni,"Sucursal Beni","No disponible",Salida,"Sin evento",
"25/01/2023 08:09",8,,,,Beni,"Sucursal Beni","No disponible",Salida,"Sin evento",
"25/01/2023 18:18",8,,,,Beni,"Sucursal Beni","No disponible",Salida,"Sin evento",
"26/01/2023 08:14",8,,,,Beni,"Sucursal Beni","No disponible",Salida,"Sin evento",
"26/01/2023 19:01",8,,,,Beni,"Sucursal Beni","No disponible",Salida,"Sin evento",
"26/01/2023 19:25",8,,,,Beni,"Sucursal Beni","No disponible",Salida,"Sin evento",
"27/01/2023 08:15",8,,,,Beni,"Sucursal Beni","No disponible",Salida,"Sin evento",
"27/01/2023 20:48",8,,,,Beni,"Sucursal Beni","No disponible",Salida,"Sin evento",
"30/01/2023 07:46",8,,,,Beni,"Sucursal Beni","No disponible",Salida,"Sin evento",
"30/01/2023 18:56",8,,,,Beni,"Sucursal Beni","No disponible",Salida,"Sin evento",
"31/01/2023 08:06",8,,,,Beni,"Sucursal Beni","No disponible",Salida,"Sin evento",
"31/01/2023 20:48",8,,,,Beni,"Sucursal Beni","No disponible",Salida,"Sin evento",
"01/02/2023 07:50",8,,,,Beni,"Sucursal Beni","No disponible",Salida,"Sin evento",
"01/02/2023 18:19",8,,,,Beni,"Sucursal Beni","No disponible",Salida,"Sin evento",
"02/02/2023 08:20",8,,,,Beni,"Sucursal Beni","No disponible",Salida,"Sin evento",
"02/02/2023 18:46",8,,,,Beni,"Sucursal Beni","No disponible",Salida,"Sin evento",
"03/02/2023 08:05",8,,,,Beni,"Sucursal Beni","No disponible",Salida,"Sin evento",
"03/02/2023 18:50",8,,,,Beni,"Sucursal Beni","No disponible",Salida,"Sin evento",
"04/02/2023 09:42",8,,,,Beni,"Sucursal Beni","No disponible",Salida,"Sin evento",
"04/02/2023 19:04",8,,,,Beni,"Sucursal Beni","No disponible",Salida,"Sin evento",
"06/02/2023 07:40",8,,,,Beni,"Sucursal Beni","No disponible",Salida,"Sin evento",
"06/02/2023 18:34",8,,,,Beni,"Sucursal Beni","No disponible",Salida,"Sin evento",
"07/02/2023 08:03",8,,,,Beni,"Sucursal Beni","No disponible",Salida,"Sin evento",
"07/02/2023 19:03",8,,,,Beni,"Sucursal Beni","No disponible",Salida,"Sin evento",
"08/02/2023 08:06",8,,,,Beni,"Sucursal Beni","No disponible",Salida,"Sin evento",
"08/02/2023 18:40",8,,,,Beni,"Sucursal Beni","No disponible",Salida,"Sin evento",
"09/02/2023 08:11",8,,,,Beni,"Sucursal Beni","No disponible",Salida,"Sin evento",
"09/02/2023 19:10",8,,,,Beni,"Sucursal Beni","No disponible",Salida,"Sin evento",
"10/02/2023 08:05",8,,,,Beni,"Sucursal Beni","No disponible",Salida,"Sin evento",
"10/02/2023 18:22",8,,,,Beni,"Sucursal Beni","No disponible",Salida,"Sin evento",
"13/02/2023 08:03",8,,,,Beni,"Sucursal Beni","No disponible",Salida,"Sin evento",
"13/02/2023 18:54",8,,,,Beni,"Sucursal Beni","No disponible",Salida,"Sin evento",
"14/02/2023 08:12",8,,,,Beni,"Sucursal Beni","No disponible",Salida,"Sin evento",
"14/02/2023 19:01",8,,,,Beni,"Sucursal Beni","No disponible",Salida,"Sin evento",
"15/02/2023 08:07",8,,,,Beni,"Sucursal Beni","No disponible",Salida,"Sin evento",
"15/02/2023 18:39",8,,,,Beni,"Sucursal Beni","No disponible",Salida,"Sin evento",
"16/02/2023 07:39",8,,,,Beni,"Sucursal Beni","No disponible",Salida,"Sin evento",
"16/02/2023 18:43",8,,,,Beni,"Sucursal Beni","No disponible",Salida,"Sin evento",
"17/02/2023 08:09",8,,,,Beni,"Sucursal Beni","No disponible",Salida,"Sin evento",
"17/02/2023 18:45",8,,,,Beni,"Sucursal Beni","No disponible",Salida,"Sin evento",
"22/02/2023 08:07",8,,,,Beni,"Sucursal Beni","No disponible",Salida,"Sin evento",
"22/02/2023 18:15",8,,,,Beni,"Sucursal Beni","No disponible",Salida,"Sin evento",
"23/02/2023 08:03",8,,,,Beni,"Sucursal Beni","No disponible",Salida,"Sin evento",
"23/02/2023 19:37",8,,,,Beni,"Sucursal Beni","No disponible",Salida,"Sin evento",
"24/02/2023 08:10",8,,,,Beni,"Sucursal Beni","No disponible",Salida,"Sin evento",
"24/02/2023 18:18",8,,,,Beni,"Sucursal Beni","No disponible",Salida,"Sin evento",
"27/02/2023 07:48",8,,,,Beni,"Sucursal Beni","No disponible",Salida,"Sin evento",
"27/02/2023 18:44",8,,,,Beni,"Sucursal Beni","No disponible",Salida,"Sin evento",
"28/02/2023 07:58",8,,,,Beni,"Sucursal Beni","No disponible",Salida,"Sin evento",
"28/02/2023 18:26",8,,,,Beni,"Sucursal Beni","No disponible",Salida,"Sin evento",
"01/03/2023 08:15",8,,,,Beni,"Sucursal Beni","No disponible",Salida,"Sin evento",
"01/03/2023 08:19",1,,,,Beni,"Sucursal Beni","No disponible","Entrada extra","Sin evento",
"01/03/2023 08:21",1,,,,Beni,"Sucursal Beni","No disponible","Entrada extra","Sin evento",
"01/03/2023 18:14",8708642,,,,Beni,"Sucursal Beni","No disponible",Salida,"Evento 5",
"01/03/2023 18:38",8,,,,Beni,"Sucursal Beni","No disponible",Salida,"Evento 5",
"02/03/2023 07:46",8,,,,Beni,"Sucursal Beni","No disponible",Salida,"Evento 5",
"02/03/2023 07:58",8708642,,,,Beni,"Sucursal Beni","No disponible","Estado 15","Evento 5",
"02/03/2023 18:18",8708642,,,,Beni,"Sucursal Beni","No disponible","Estado 15","Evento 5",
"02/03/2023 18:41",8,,,,Beni,"Sucursal Beni","No disponible",Salida,"Evento 5",
"03/03/2023 08:09",8708642,,,,Beni,"Sucursal Beni","No disponible","Estado 15","Evento 5",
"03/03/2023 08:10",8,,,,Beni,"Sucursal Beni","No disponible",Salida,"Evento 5",
"03/03/2023 18:25",8708642,,,,Beni,"Sucursal Beni","No disponible","Estado 15","Evento 5",
"03/03/2023 18:28",8,,,,Beni,"Sucursal Beni","No disponible",Salida,"Evento 5",
"06/03/2023 08:28",8708642,,,,Beni,"Sucursal Beni","No disponible","Estado 15","Evento 5",
"06/03/2023 08:35",8,,,,Beni,"Sucursal Beni","No disponible",Salida,"Evento 5",
"06/03/2023 12:31",8708642,,,,Beni,"Sucursal Beni","No disponible","Estado 15","Evento 5",
"06/03/2023 13:08",8,,,,Beni,"Sucursal Beni","No disponible",Salida,"Evento 5",
"06/03/2023 14:35",8,,,,Beni,"Sucursal Beni","No disponible",Salida,"Evento 5",
"06/03/2023 18:38",8708642,,,,Beni,"Sucursal Beni","No disponible",Salida,"Evento 5",
"06/03/2023 18:49",8,,,,Beni,"Sucursal Beni","No disponible",Salida,"Evento 5",
"07/03/2023 08:28",8708642,,,,Beni,"Sucursal Beni","No disponible",Salida,"Evento 5",
"07/03/2023 08:29",8,,,,Beni,"Sucursal Beni","No disponible",Salida,"Evento 5",
"07/03/2023 12:41",8,,,,Beni,"Sucursal Beni","No disponible",Salida,"Evento 5",
"07/03/2023 13:20",8,,,,Beni,"Sucursal Beni","No disponible",Salida,"Evento 5",
"07/03/2023 18:33",8708642,,,,Beni,"Sucursal Beni","No disponible",Salida,"Evento 5",
"07/03/2023 18:36",8,,,,Beni,"Sucursal Beni","No disponible",Salida,"Evento 5",
"08/03/2023 08:30",8,,,,Beni,"Sucursal Beni","No disponible",Salida,"Evento 5",
"08/03/2023 08:33",8708642,,,,Beni,"Sucursal Beni","No disponible",Salida,"Evento 5",
"08/03/2023 12:35",8,,,,Beni,"Sucursal Beni","No disponible",Salida,"Evento 5",
"08/03/2023 18:38",8708642,,,,Beni,"Sucursal Beni","No disponible","Estado 15","Evento 5",
"09/03/2023 08:26",8708642,,,,Beni,"Sucursal Beni","No disponible",Salida,"Evento 5",
"09/03/2023 08:28",8,,,,Beni,"Sucursal Beni","No disponible",Salida,"Evento 5",
"09/03/2023 18:56",8708642,,,,Beni,"Sucursal Beni","No disponible",Salida,"Evento 5",
"09/03/2023 19:17",8,,,,Beni,"Sucursal Beni","No disponible",Salida,"Evento 5",
"10/03/2023 08:31",8,,,,Beni,"Sucursal Beni","No disponible",Salida,"Evento 5",
"10/03/2023 08:38",8708642,,,,Beni,"Sucursal Beni","No disponible","Estado 15","Evento 5",
"10/03/2023 12:39",8,,,,Beni,"Sucursal Beni","No disponible",Salida,"Evento 5",
"10/03/2023 13:27",8,,,,Beni,"Sucursal Beni","No disponible",Salida,"Evento 5",
"10/03/2023 18:34",8708642,,,,Beni,"Sucursal Beni","No disponible",Salida,"Evento 5",
"10/03/2023 18:39",8,,,,Beni,"Sucursal Beni","No disponible",Salida,"Evento 5",
"12/03/2023 02:59",8,,,,Beni,"Sucursal Beni","No disponible",Salida,"Sin evento",
"13/03/2023 08:32",8,,,,Beni,"Sucursal Beni","No disponible",Salida,"Sin evento",
"13/03/2023 08:32",8708642,,,,Beni,"Sucursal Beni","No disponible",Salida,"Sin evento",
"13/03/2023 12:37",8,,,,Beni,"Sucursal Beni","No disponible",Salida,"Sin evento",
"13/03/2023 13:10",8,,,,Beni,"Sucursal Beni","No disponible",Salida,"Sin evento",
"13/03/2023 18:46",8708642,,,,Beni,"Sucursal Beni","No disponible",Salida,"Sin evento",
"13/03/2023 19:00",8,,,,Beni,"Sucursal Beni","No disponible",Salida,"Sin evento",
"14/03/2023 08:14",8708642,,,,Beni,"Sucursal Beni","No disponible",Salida,"Sin evento",
"14/03/2023 08:19",8,,,,Beni,"Sucursal Beni","No disponible",Salida,"Sin evento",
"14/03/2023 12:38",8,,,,Beni,"Sucursal Beni","No disponible",Salida,"Sin evento",
"14/03/2023 13:55",8,,,,Beni,"Sucursal Beni","No disponible",Salida,"Sin evento",
"14/03/2023 18:30",8708642,,,,Beni,"Sucursal Beni","No disponible",Salida,"Sin evento",
"14/03/2023 18:32",8,,,,Beni,"Sucursal Beni","No disponible",Salida,"Sin evento",
"15/03/2023 08:32",8708642,,,,Beni,"Sucursal Beni","No disponible",Salida,"Sin evento",
"15/03/2023 08:34",8,,,,Beni,"Sucursal Beni","No disponible",Salida,"Sin evento",
"15/03/2023 12:40",8,,,,Beni,"Sucursal Beni","No disponible",Salida,"Sin evento",
"15/03/2023 13:28",8,,,,Beni,"Sucursal Beni","No disponible",Salida,"Sin evento",
"15/03/2023 14:15",8,,,,Beni,"Sucursal Beni","No disponible",Salida,"Sin evento",
"15/03/2023 19:54",8708642,,,,Beni,"Sucursal Beni","No disponible","Estado 15","Sin evento",
"15/03/2023 20:01",8,,,,Beni,"Sucursal Beni","No disponible",Salida,"Sin evento",
"16/03/2023 08:26",8708642,,,,Beni,"Sucursal Beni","No disponible",Salida,"Sin evento",
"16/03/2023 08:29",8,,,,Beni,"Sucursal Beni","No disponible",Salida,"Sin evento",
"16/03/2023 12:53",8,,,,Beni,"Sucursal Beni","No disponible",Salida,"Sin evento",
"16/03/2023 13:21",8,,,,Beni,"Sucursal Beni","No disponible",Salida,"Sin evento",
"16/03/2023 18:40",8708642,,,,Beni,"Sucursal Beni","No disponible",Salida,"Sin evento",
"16/03/2023 20:17",8,,,,Beni,"Sucursal Beni","No disponible",Salida,"Sin evento",
"17/03/2023 08:34",8708642,,,,Beni,"Sucursal Beni","No disponible",Salida,"Sin evento",
"17/03/2023 08:37",8,,,,Beni,"Sucursal Beni","No disponible",Salida,"Sin evento",
"17/03/2023 12:31",8,,,,Beni,"Sucursal Beni","No disponible",Salida,"Sin evento",
"17/03/2023 14:35",8,,,,Beni,"Sucursal Beni","No disponible",Salida,"Sin evento",
"17/03/2023 18:36",8708642,,,,Beni,"Sucursal Beni","No disponible",Salida,"Sin evento",
"17/03/2023 19:20",8,,,,Beni,"Sucursal Beni","No disponible",Salida,"Sin evento",
"20/03/2023 08:30",8,,,,Beni,"Sucursal Beni","No disponible",Salida,"Sin evento",
"20/03/2023 08:31",8708642,,,,Beni,"Sucursal Beni","No disponible",Salida,"Sin evento",
"20/03/2023 12:37",8,,,,Beni,"Sucursal Beni","No disponible",Salida,"Sin evento",
"20/03/2023 13:17",8,,,,Beni,"Sucursal Beni","No disponible",Salida,"Sin evento",
"20/03/2023 18:34",8708642,,,,Beni,"Sucursal Beni","No disponible",Salida,"Sin evento",
"20/03/2023 19:33",8,,,,Beni,"Sucursal Beni","No disponible",Salida,"Sin evento",
"21/03/2023 05:27",7,,,,Beni,"Sucursal Beni","No disponible","Retorno de descanso","Sin evento",
"21/03/2023 08:30",8,,,,Beni,"Sucursal Beni","No disponible",Salida,"Sin evento",
"21/03/2023 08:30",8708642,,,,Beni,"Sucursal Beni","No disponible",Salida,"Sin evento",
"21/03/2023 12:55",8,,,,Beni,"Sucursal Beni","No disponible",Salida,"Sin evento",
"21/03/2023 13:38",8,,,,Beni,"Sucursal Beni","No disponible",Salida,"Sin evento",
"21/03/2023 19:19",8,,,,Beni,"Sucursal Beni","No disponible",Salida,"Sin evento",
"21/03/2023 19:19",8708642,,,,Beni,"Sucursal Beni","No disponible",Salida,"Sin evento",
"22/03/2023 08:31",8708642,,,,Beni,"Sucursal Beni","No disponible",Salida,"Sin evento",
"22/03/2023 08:34",8,,,,Beni,"Sucursal Beni","No disponible",Salida,"Sin evento",
"22/03/2023 12:34",8,,,,Beni,"Sucursal Beni","No disponible",Salida,"Sin evento",
"22/03/2023 13:06",8,,,,Beni,"Sucursal Beni","No disponible",Salida,"Sin evento",
"22/03/2023 18:32",8708642,,,,Beni,"Sucursal Beni","No disponible",Salida,"Sin evento",
"22/03/2023 18:46",8,,,,Beni,"Sucursal Beni","No disponible",Salida,"Sin evento",
"23/03/2023 08:32",8,,,,Beni,"Sucursal Beni","No disponible",Salida,"Sin evento",
"23/03/2023 08:32",8708642,,,,Beni,"Sucursal Beni","No disponible",Salida,"Sin evento",
"23/03/2023 13:26",8,,,,Beni,"Sucursal Beni","No disponible",Salida,"Sin evento",
"23/03/2023 18:57",8708642,,,,Beni,"Sucursal Beni","No disponible",Salida,"Sin evento",
"23/03/2023 19:21",8,,,,Beni,"Sucursal Beni","No disponible",Salida,"Sin evento",
"24/03/2023 08:27",8,,,,Beni,"Sucursal Beni","No disponible",Salida,"Sin evento",
"24/03/2023 08:29",8708642,,,,Beni,"Sucursal Beni","No disponible",Salida,"Sin evento",
"24/03/2023 12:47",8,,,,Beni,"Sucursal Beni","No disponible",Salida,"Sin evento",
"24/03/2023 13:13",8,,,,Beni,"Sucursal Beni","No disponible",Salida,"Sin evento",
"24/03/2023 19:06",8708642,,,,Beni,"Sucursal Beni","No disponible",Salida,"Sin evento",
"24/03/2023 19:07",8,,,,Beni,"Sucursal Beni","No disponible",Salida,"Sin evento",
"27/03/2023 08:35",8708642,,,,Beni,"Sucursal Beni","No disponible",Salida,"Sin evento",
"27/03/2023 08:35",8,,,,Beni,"Sucursal Beni","No disponible",Salida,"Sin evento",
"27/03/2023 12:32",8,,,,Beni,"Sucursal Beni","No disponible",Salida,"Sin evento",
"27/03/2023 13:09",8,,,,Beni,"Sucursal Beni","No disponible",Salida,"Sin evento",
"27/03/2023 19:14",8708642,,,,Beni,"Sucursal Beni","No disponible",Salida,"Sin evento",
"27/03/2023 19:25",8,,,,Beni,"Sucursal Beni","No disponible",Salida,"Sin evento",
"28/03/2023 08:32",8,,,,Beni,"Sucursal Beni","No disponible",Salida,"Sin evento",
"28/03/2023 08:34",8708642,,,,Beni,"Sucursal Beni","No disponible",Salida,"Sin evento",
"28/03/2023 12:35",8,,,,Beni,"Sucursal Beni","No disponible",Salida,"Sin evento",
"28/03/2023 13:43",8,,,,Beni,"Sucursal Beni","No disponible",Salida,"Sin evento",
"28/03/2023 18:50",8708642,,,,Beni,"Sucursal Beni","No disponible",Salida,"Sin evento",
"28/03/2023 18:53",8,,,,Beni,"Sucursal Beni","No disponible",Salida,"Sin evento",
"29/03/2023 08:30",8708642,,,,Beni,"Sucursal Beni","No disponible",Salida,"Sin evento",
"29/03/2023 08:33",8,,,,Beni,"Sucursal Beni","No disponible",Salida,"Sin evento",
"29/03/2023 12:33",8,,,,Beni,"Sucursal Beni","No disponible",Salida,"Sin evento",
"29/03/2023 13:30",8,,,,Beni,"Sucursal Beni","No disponible",Salida,"Sin evento",
"29/03/2023 18:32",8708642,,,,Beni,"Sucursal Beni","No disponible",Salida,"Sin evento",
"29/03/2023 18:35",8,,,,Beni,"Sucursal Beni","No disponible",Salida,"Sin evento",
"30/03/2023 08:17",8,,,,Beni,"Sucursal Beni","No disponible",Salida,"Sin evento",
"30/03/2023 08:32",8708642,,,,Beni,"Sucursal Beni","No disponible",Salida,"Sin evento",
"30/03/2023 12:34",8,,,,Beni,"Sucursal Beni","No disponible",Salida,"Sin evento",
"30/03/2023 14:01",8,,,,Beni,"Sucursal Beni","No disponible",Salida,"Sin evento",
"30/03/2023 19:13",8708642,,,,Beni,"Sucursal Beni","No disponible",Salida,"Sin evento",
"30/03/2023 19:14",8,,,,Beni,"Sucursal Beni","No disponible",Salida,"Sin evento",
"31/03/2023 08:07",8,,,,Beni,"Sucursal Beni","No disponible",Salida,"Sin evento",
"31/03/2023 08:39",8708642,,,,Beni,"Sucursal Beni","No disponible",Salida,"Sin evento",
"31/03/2023 12:49",8,,,,Beni,"Sucursal Beni","No disponible",Salida,"Sin evento",
"31/03/2023 13:03",8,,,,Beni,"Sucursal Beni","No disponible",Salida,"Sin evento",
"31/03/2023 19:04",8708642,,,,Beni,"Sucursal Beni","No disponible",Salida,"Sin evento",
"31/03/2023 19:06",8,,,,Beni,"Sucursal Beni","No disponible",Salida,"Sin evento",
"03/04/2023 08:30",8708642,,,,Beni,"Sucursal Beni","No disponible",Salida,"Sin evento",
"03/04/2023 08:38",8,,,,Beni,"Sucursal Beni","No disponible",Salida,"Sin evento",
"03/04/2023 12:48",8,,,,Beni,"Sucursal Beni","No disponible",Salida,"Sin evento",
"03/04/2023 13:36",8,,,,Beni,"Sucursal Beni","No disponible",Salida,"Sin evento",
"03/04/2023 18:39",8708642,,,,Beni,"Sucursal Beni","No disponible",Salida,"Sin evento",
"03/04/2023 19:22",8,,,,Beni,"Sucursal Beni","No disponible",Salida,"Sin evento",
"04/04/2023 08:33",8,,,,Beni,"Sucursal Beni","No disponible",Salida,"Sin evento",
"04/04/2023 08:36",8708642,,,,Beni,"Sucursal Beni","No disponible",Salida,"Sin evento",
"04/04/2023 12:30",8,,,,Beni,"Sucursal Beni","No disponible",Salida,"Sin evento",
"04/04/2023 13:45",8,,,,Beni,"Sucursal Beni","No disponible",Salida,"Sin evento",
"04/04/2023 18:33",8,,,,Beni,"Sucursal Beni","No disponible",Salida,"Sin evento",
"04/04/2023 18:33",8708642,,,,Beni,"Sucursal Beni","No disponible",Salida,"Sin evento",
"05/04/2023 08:28",8708642,,,,Beni,"Sucursal Beni","No disponible",Salida,"Sin evento",
"05/04/2023 08:37",8,,,,Beni,"Sucursal Beni","No disponible",Salida,"Sin evento",
"05/04/2023 12:48",8,,,,Beni,"Sucursal Beni","No disponible",Salida,"Sin evento",
"05/04/2023 13:17",8,,,,Beni,"Sucursal Beni","No disponible",Salida,"Sin evento",
"05/04/2023 18:33",8,,,,Beni,"Sucursal Beni","No disponible",Salida,"Sin evento",
"05/04/2023 18:33",8708642,,,,Beni,"Sucursal Beni","No disponible",Salida,"Sin evento",
"06/04/2023 08:32",8,,,,Beni,"Sucursal Beni","No disponible",Salida,"Sin evento",
"06/04/2023 08:34",8708642,,,,Beni,"Sucursal Beni","No disponible",Salida,"Sin evento",
"06/04/2023 12:35",8,,,,Beni,"Sucursal Beni","No disponible",Salida,"Sin evento",
"06/04/2023 14:31",8,,,,Beni,"Sucursal Beni","No disponible",Salida,"Sin evento",
"06/04/2023 18:55",8708642,,,,Beni,"Sucursal Beni","No disponible",Salida,"Sin evento",
"06/04/2023 19:09",8,,,,Beni,"Sucursal Beni","No disponible",Salida,"Sin evento",
"10/04/2023 08:23",8708642,,,,Beni,"Sucursal Beni","No disponible",Salida,"Sin evento",
"10/04/2023 08:34",8,,,,Beni,"Sucursal Beni","No disponible",Salida,"Sin evento",
"10/04/2023 12:32",8,,,,Beni,"Sucursal Beni","No disponible",Salida,"Sin evento",
"10/04/2023 13:23",8,,,,Beni,"Sucursal Beni","No disponible",Salida,"Sin evento",
"10/04/2023 18:37",8,,,,Beni,"Sucursal Beni","No disponible",Salida,"Sin evento",
"10/04/2023 18:38",8708642,,,,Beni,"Sucursal Beni","No disponible",Salida,"Sin evento",
"11/04/2023 08:24",8,,,,Beni,"Sucursal Beni","No disponible",Salida,"Sin evento",
"11/04/2023 12:46",8,,,,Beni,"Sucursal Beni","No disponible",Salida,"Sin evento",
"11/04/2023 15:37",8,,,,Beni,"Sucursal Beni","No disponible",Salida,"Sin evento",
"11/04/2023 18:35",8708642,,,,Beni,"Sucursal Beni","No disponible",Salida,"Sin evento",
"11/04/2023 18:48",8,,,,Beni,"Sucursal Beni","No disponible",Salida,"Sin evento",
"12/04/2023 07:55",8,,,,Beni,"Sucursal Beni","No disponible",Salida,"Sin evento",
"12/04/2023 12:36",8,,,,Beni,"Sucursal Beni","No disponible",Salida,"Sin evento",
"12/04/2023 13:27",8,,,,Beni,"Sucursal Beni","No disponible",Salida,"Sin evento",
"12/04/2023 18:43",8708642,,,,Beni,"Sucursal Beni","No disponible",Salida,"Sin evento",
"12/04/2023 18:54",8,,,,Beni,"Sucursal Beni","No disponible",Salida,"Sin evento",
"13/04/2023 08:25",8,,,,Beni,"Sucursal Beni","No disponible",Salida,"Sin evento",
"13/04/2023 08:42",8708642,,,,Beni,"Sucursal Beni","No disponible",Salida,"Sin evento",
"13/04/2023 12:35",8,,,,Beni,"Sucursal Beni","No disponible",Salida,"Sin evento",
"13/04/2023 18:59",8708642,,,,Beni,"Sucursal Beni","No disponible",Salida,"Sin evento",
"13/04/2023 19:00",1,,,,Beni,"Sucursal Beni","No disponible","Entrada extra","Sin evento",
"13/04/2023 19:38",8,,,,Beni,"Sucursal Beni","No disponible",Salida,"Sin evento",
"14/04/2023 08:31",8,,,,Beni,"Sucursal Beni","No disponible",Salida,"Sin evento",
"14/04/2023 08:31",8708642,,,,Beni,"Sucursal Beni","No disponible",Salida,"Sin evento",
"14/04/2023 12:35",8,,,,Beni,"Sucursal Beni","No disponible",Salida,"Sin evento",
"14/04/2023 13:06",8,,,,Beni,"Sucursal Beni","No disponible",Salida,"Sin evento",
"14/04/2023 18:45",8708642,,,,Beni,"Sucursal Beni","No disponible",Salida,"Sin evento",
"14/04/2023 18:53",8,,,,Beni,"Sucursal Beni","No disponible",Salida,"Sin evento",
"17/04/2023 08:38",8,,,,Beni,"Sucursal Beni","No disponible",Salida,"Sin evento",
"17/04/2023 08:44",8708642,,,,Beni,"Sucursal Beni","No disponible",Salida,"Sin evento",
"17/04/2023 12:44",8,,,,Beni,"Sucursal Beni","No disponible",Salida,"Sin evento",
"17/04/2023 13:24",8,,,,Beni,"Sucursal Beni","No disponible",Salida,"Sin evento",
"17/04/2023 18:55",8,,,,Beni,"Sucursal Beni","No disponible",Salida,"Sin evento",
"17/04/2023 18:56",8708642,,,,Beni,"Sucursal Beni","No disponible",Salida,"Sin evento",
"18/04/2023 08:31",8708642,,,,Beni,"Sucursal Beni","No disponible",Salida,"Sin evento",
"18/04/2023 08:35",8,,,,Beni,"Sucursal Beni","No disponible",Salida,"Sin evento",
"18/04/2023 12:51",8,,,,Beni,"Sucursal Beni","No disponible",Salida,"Sin evento",
"18/04/2023 14:07",8,,,,Beni,"Sucursal Beni","No disponible",Salida,"Sin evento",
"18/04/2023 18:49",8,,,,Beni,"Sucursal Beni","No disponible",Salida,"Sin evento",
"18/04/2023 18:49",8708642,,,,Beni,"Sucursal Beni","No disponible",Salida,"Sin evento",
"19/04/2023 08:36",8708642,,,,Beni,"Sucursal Beni","No disponible",Salida,"Sin evento",
"19/04/2023 08:36",8,,,,Beni,"Sucursal Beni","No disponible",Salida,"Sin evento",
"19/04/2023 12:35",8,,,,Beni,"Sucursal Beni","No disponible",Salida,"Sin evento",
"19/04/2023 13:56",8,,,,Beni,"Sucursal Beni","No disponible",Salida,"Sin evento",
"19/04/2023 18:31",8708642,,,,Beni,"Sucursal Beni","No disponible",Salida,"Sin evento",
"19/04/2023 18:36",8,,,,Beni,"Sucursal Beni","No disponible",Salida,"Sin evento",
"20/04/2023 08:31",8708642,,,,Beni,"Sucursal Beni","No disponible",Salida,"Sin evento",
"20/04/2023 08:33",8,,,,Beni,"Sucursal Beni","No disponible",Salida,"Sin evento",
"20/04/2023 12:36",8,,,,Beni,"Sucursal Beni","No disponible",Salida,"Sin evento",
"20/04/2023 13:26",8,,,,Beni,"Sucursal Beni","No disponible",Salida,"Sin evento",
"20/04/2023 18:46",8708642,,,,Beni,"Sucursal Beni","No disponible",Salida,"Sin evento",
"20/04/2023 18:54",8,,,,Beni,"Sucursal Beni","No disponible",Salida,"Sin evento",
"21/04/2023 08:40",8708642,,,,Beni,"Sucursal Beni","No disponible",Salida,"Sin evento",
"21/04/2023 08:40",8,,,,Beni,"Sucursal Beni","No disponible",Salida,"Sin evento",
"21/04/2023 12:41",8,,,,Beni,"Sucursal Beni","No disponible",Salida,"Sin evento",
"21/04/2023 13:21",8,,,,Beni,"Sucursal Beni","No disponible",Salida,"Sin evento",
"21/04/2023 18:33",8,,,,Beni,"Sucursal Beni","No disponible",Salida,"Sin evento",
"21/04/2023 18:33",8708642,,,,Beni,"Sucursal Beni","No disponible",Salida,"Sin evento",
"24/04/2023 08:37",8,,,,Beni,"Sucursal Beni","No disponible",Salida,"Sin evento",
"24/04/2023 08:44",8708642,,,,Beni,"Sucursal Beni","No disponible",Salida,"Sin evento",
"24/04/2023 12:54",8,,,,Beni,"Sucursal Beni","No disponible",Salida,"Sin evento",
"24/04/2023 14:05",8,,,,Beni,"Sucursal Beni","No disponible",Salida,"Sin evento",
"24/04/2023 19:16",8708642,,,,Beni,"Sucursal Beni","No disponible",Salida,"Sin evento",
"24/04/2023 19:17",8,,,,Beni,"Sucursal Beni","No disponible",Salida,"Sin evento",
"25/04/2023 08:24",8708642,,,,Beni,"Sucursal Beni","No disponible",Salida,"Sin evento",
"25/04/2023 08:33",8,,,,Beni,"Sucursal Beni","No disponible",Salida,"Sin evento",
"25/04/2023 12:30",8,,,,Beni,"Sucursal Beni","No disponible",Salida,"Sin evento",
"25/04/2023 13:32",8,,,,Beni,"Sucursal Beni","No disponible",Salida,"Sin evento",
"25/04/2023 18:30",8708642,,,,Beni,"Sucursal Beni","No disponible",Salida,"Sin evento",
"25/04/2023 20:33",8,,,,Beni,"Sucursal Beni","No disponible",Salida,"Sin evento",
"26/04/2023 08:26",8,,,,Beni,"Sucursal Beni","No disponible",Salida,"Sin evento",
"26/04/2023 08:32",8708642,,,,Beni,"Sucursal Beni","No disponible",Salida,"Sin evento",
"26/04/2023 13:24",8,,,,Beni,"Sucursal Beni","No disponible",Salida,"Sin evento",
"26/04/2023 18:32",8,,,,Beni,"Sucursal Beni","No disponible",Salida,"Sin evento",
"26/04/2023 18:33",8708642,,,,Beni,"Sucursal Beni","No disponible",Salida,"Sin evento",
"27/04/2023 08:29",8,,,,Beni,"Sucursal Beni","No disponible",Salida,"Sin evento",
"27/04/2023 08:38",8708642,,,,Beni,"Sucursal Beni","No disponible",Salida,"Sin evento",
"27/04/2023 12:30",8,,,,Beni,"Sucursal Beni","No disponible",Salida,"Sin evento",
"27/04/2023 13:25",8,,,,Beni,"Sucursal Beni","No disponible",Salida,"Sin evento",
"27/04/2023 18:47",8708642,,,,Beni,"Sucursal Beni","No disponible",Salida,"Sin evento",
"27/04/2023 19:38",8,,,,Beni,"Sucursal Beni","No disponible",Salida,"Sin evento",
"28/04/2023 08:26",8,,,,Beni,"Sucursal Beni","No disponible",Salida,"Sin evento",
"28/04/2023 08:35",8708642,,,,Beni,"Sucursal Beni","No disponible",Salida,"Sin evento",
"28/04/2023 12:36",8,,,,Beni,"Sucursal Beni","No disponible",Salida,"Sin evento",
"28/04/2023 13:05",8,,,,Beni,"Sucursal Beni","No disponible",Salida,"Sin evento",
"28/04/2023 14:29",8,,,,Beni,"Sucursal Beni","No disponible",Salida,"Sin evento",
"28/04/2023 18:43",8708642,,,,Beni,"Sucursal Beni","No disponible",Salida,"Sin evento",
"28/04/2023 18:44",8,,,,Beni,"Sucursal Beni","No disponible",Salida,"Sin evento",
"02/05/2023 08:31",8,,,,Beni,"Sucursal Beni","No disponible",Salida,"Sin evento",
"02/05/2023 08:33",8708642,,,,Beni,"Sucursal Beni","No disponible",Salida,"Sin evento",
"02/05/2023 12:39",8,,,,Beni,"Sucursal Beni","No disponible",Salida,"Sin evento",
"02/05/2023 13:47",8,,,,Beni,"Sucursal Beni","No disponible",Salida,"Sin evento",
"02/05/2023 13:51",8,,,,Beni,"Sucursal Beni","No disponible",Salida,"Sin evento",
"02/05/2023 18:50",8708642,,,,Beni,"Sucursal Beni","No disponible",Salida,"Sin evento",
"02/05/2023 18:51",8,,,,Beni,"Sucursal Beni","No disponible",Salida,"Sin evento",
"03/05/2023 08:29",8708642,,,,Beni,"Sucursal Beni","No disponible",Salida,"Sin evento",
"03/05/2023 08:32",8,,,,Beni,"Sucursal Beni","No disponible",Salida,"Sin evento",
"03/05/2023 12:50",8,,,,Beni,"Sucursal Beni","No disponible",Salida,"Sin evento",
"03/05/2023 13:50",8,,,,Beni,"Sucursal Beni","No disponible",Salida,"Sin evento",
"03/05/2023 18:29",8708642,,,,Beni,"Sucursal Beni","No disponible",Salida,"Sin evento",
"03/05/2023 18:31",8,,,,Beni,"Sucursal Beni","No disponible",Salida,"Sin evento",
"04/05/2023 08:32",8,,,,Beni,"Sucursal Beni","No disponible",Salida,"Sin evento",
"04/05/2023 08:36",8708642,,,,Beni,"Sucursal Beni","No disponible",Salida,"Sin evento",
"04/05/2023 12:39",8,,,,Beni,"Sucursal Beni","No disponible",Salida,"Sin evento",
"04/05/2023 14:52",8,,,,Beni,"Sucursal Beni","No disponible",Salida,"Sin evento",
"04/05/2023 18:39",8708642,,,,Beni,"Sucursal Beni","No disponible",Salida,"Sin evento",
"04/05/2023 18:41",8,,,,Beni,"Sucursal Beni","No disponible",Salida,"Sin evento",
"05/05/2023 08:34",8,,,,Beni,"Sucursal Beni","No disponible",Salida,"Sin evento",
"05/05/2023 08:36",8708642,,,,Beni,"Sucursal Beni","No disponible",Salida,"Sin evento",
"05/05/2023 12:30",8,,,,Beni,"Sucursal Beni","No disponible",Salida,"Sin evento",
"05/05/2023 13:37",8,,,,Beni,"Sucursal Beni","No disponible",Salida,"Sin evento",
"05/05/2023 18:53",8708642,,,,Beni,"Sucursal Beni","No disponible",Salida,"Sin evento",
"05/05/2023 18:54",8,,,,Beni,"Sucursal Beni","No disponible",Salida,"Sin evento",
"08/05/2023 08:28",8708642,,,,Beni,"Sucursal Beni","No disponible",Salida,"Sin evento",
"08/05/2023 08:29",8,,,,Beni,"Sucursal Beni","No disponible","Estado 15","Sin evento",
"08/05/2023 12:39",8,,,,Beni,"Sucursal Beni","No disponible",Salida,"Sin evento",
"08/05/2023 13:30",8,,,,Beni,"Sucursal Beni","No disponible",Salida,"Sin evento",
"08/05/2023 18:53",8708642,,,,Beni,"Sucursal Beni","No disponible",Salida,"Sin evento",
"08/05/2023 18:54",8,,,,Beni,"Sucursal Beni","No disponible",Salida,"Sin evento",
"09/05/2023 08:29",8708642,,,,Beni,"Sucursal Beni","No disponible",Salida,"Sin evento",
"09/05/2023 08:36",8,,,,Beni,"Sucursal Beni","No disponible",Salida,"Sin evento",
"09/05/2023 12:46",8,,,,Beni,"Sucursal Beni","No disponible",Salida,"Sin evento",
"09/05/2023 13:17",8,,,,Beni,"Sucursal Beni","No disponible",Salida,"Sin evento",
"09/05/2023 19:18",8708642,,,,Beni,"Sucursal Beni","No disponible",Salida,"Sin evento",
"09/05/2023 19:18",8,,,,Beni,"Sucursal Beni","No disponible",Salida,"Sin evento",
"10/05/2023 08:31",8,,,,Beni,"Sucursal Beni","No disponible",Salida,"Sin evento",
"10/05/2023 08:36",8708642,,,,Beni,"Sucursal Beni","No disponible",Salida,"Sin evento",
"10/05/2023 19:48",8708642,,,,Beni,"Sucursal Beni","No disponible",Salida,"Sin evento",
"10/05/2023 19:50",8,,,,Beni,"Sucursal Beni","No disponible",Salida,"Sin evento",
"11/05/2023 08:32",8708642,,,,Beni,"Sucursal Beni","No disponible",Salida,"Sin evento",
"11/05/2023 08:33",8,,,,Beni,"Sucursal Beni","No disponible",Salida,"Sin evento",
"11/05/2023 12:39",8,,,,Beni,"Sucursal Beni","No disponible",Salida,"Sin evento",
"11/05/2023 19:12",8708642,,,,Beni,"Sucursal Beni","No disponible",Salida,"Sin evento",
"11/05/2023 19:39",8,,,,Beni,"Sucursal Beni","No disponible",Salida,"Sin evento",
"12/05/2023 08:22",8,,,,Beni,"Sucursal Beni","No disponible",Salida,"Sin evento",
"12/05/2023 08:39",8708642,,,,Beni,"Sucursal Beni","No disponible",Salida,"Sin evento",
"12/05/2023 12:39",8,,,,Beni,"Sucursal Beni","No disponible",Salida,"Sin evento",
"12/05/2023 13:25",8,,,,Beni,"Sucursal Beni","No disponible",Salida,"Sin evento",
"12/05/2023 18:40",8,,,,Beni,"Sucursal Beni","No disponible",Salida,"Sin evento",
"12/05/2023 18:57",8,,,,Beni,"Sucursal Beni","No disponible",Salida,"Sin evento",
"12/05/2023 18:58",8708642,,,,Beni,"Sucursal Beni","No disponible",Salida,"Sin evento",
"15/05/2023 08:33",8708642,,,,Beni,"Sucursal Beni","No disponible",Salida,"Sin evento",
"15/05/2023 08:40",8,,,,Beni,"Sucursal Beni","No disponible",Salida,"Sin evento",
"15/05/2023 12:51",8,,,,Beni,"Sucursal Beni","No disponible",Salida,"Sin evento",
"15/05/2023 14:29",8,,,,Beni,"Sucursal Beni","No disponible",Salida,"Sin evento",
"15/05/2023 18:34",8708642,,,,Beni,"Sucursal Beni","No disponible",Salida,"Sin evento",
"15/05/2023 18:39",8,,,,Beni,"Sucursal Beni","No disponible",Salida,"Sin evento",
"16/05/2023 08:30",8708642,,,,Beni,"Sucursal Beni","No disponible",Salida,"Sin evento",
"16/05/2023 08:38",8,,,,Beni,"Sucursal Beni","No disponible",Salida,"Sin evento",
"16/05/2023 12:56",8,,,,Beni,"Sucursal Beni","No disponible",Salida,"Sin evento",
"16/05/2023 13:42",8,,,,Beni,"Sucursal Beni","No disponible",Salida,"Sin evento",
"16/05/2023 18:43",8708642,,,,Beni,"Sucursal Beni","No disponible",Salida,"Sin evento",
"16/05/2023 18:44",8,,,,Beni,"Sucursal Beni","No disponible",Salida,"Sin evento",
"17/05/2023 08:34",8708642,,,,Beni,"Sucursal Beni","No disponible",Salida,"Sin evento",
"17/05/2023 08:34",8,,,,Beni,"Sucursal Beni","No disponible",Salida,"Sin evento",
"17/05/2023 13:30",8,,,,Beni,"Sucursal Beni","No disponible",Salida,"Sin evento",
"17/05/2023 14:19",8,,,,Beni,"Sucursal Beni","No disponible",Salida,"Sin evento",
"17/05/2023 18:36",8708642,,,,Beni,"Sucursal Beni","No disponible",Salida,"Sin evento",
"17/05/2023 18:38",8,,,,Beni,"Sucursal Beni","No disponible",Salida,"Sin evento",
"18/05/2023 08:38",8,,,,Beni,"Sucursal Beni","No disponible",Salida,"Sin evento",
"18/05/2023 08:39",8708642,,,,Beni,"Sucursal Beni","No disponible",Salida,"Sin evento",
"18/05/2023 12:48",8,,,,Beni,"Sucursal Beni","No disponible",Salida,"Sin evento",
"18/05/2023 13:39",8,,,,Beni,"Sucursal Beni","No disponible",Salida,"Sin evento",
"18/05/2023 18:45",8708642,,,,Beni,"Sucursal Beni","No disponible",Salida,"Sin evento",
"18/05/2023 19:07",8,,,,Beni,"Sucursal Beni","No disponible",Salida,"Sin evento",
"19/05/2023 08:17",8708642,,,,Beni,"Sucursal Beni","No disponible",Salida,"Sin evento",
"19/05/2023 08:41",8,,,,Beni,"Sucursal Beni","No disponible",Salida,"Sin evento",
"19/05/2023 12:51",8,,,,Beni,"Sucursal Beni","No disponible",Salida,"Sin evento",
"19/05/2023 14:19",8,,,,Beni,"Sucursal Beni","No disponible",Salida,"Sin evento",
"19/05/2023 18:32",8,,,,Beni,"Sucursal Beni","No disponible",Salida,"Sin evento",
"19/05/2023 18:33",8708642,,,,Beni,"Sucursal Beni","No disponible",Salida,"Sin evento",
"22/05/2023 08:33",8,,,,Beni,"Sucursal Beni","No disponible",Salida,"Sin evento",
"22/05/2023 08:35",8708642,,,,Beni,"Sucursal Beni","No disponible",Salida,"Sin evento",
"22/05/2023 12:48",8,,,,Beni,"Sucursal Beni","No disponible",Salida,"Sin evento",
"22/05/2023 14:53",8,,,,Beni,"Sucursal Beni","No disponible",Salida,"Sin evento",
"22/05/2023 18:47",8,,,,Beni,"Sucursal Beni","No disponible",Salida,"Sin evento",
"22/05/2023 18:47",8708642,,,,Beni,"Sucursal Beni","No disponible",Salida,"Sin evento",
"23/05/2023 08:30",8708642,,,,Beni,"Sucursal Beni","No disponible",Salida,"Sin evento",
"23/05/2023 08:38",8,,,,Beni,"Sucursal Beni","No disponible",Salida,"Sin evento",
"23/05/2023 12:37",8,,,,Beni,"Sucursal Beni","No disponible",Salida,"Sin evento",
"23/05/2023 13:30",8,,,,Beni,"Sucursal Beni","No disponible",Salida,"Sin evento",
"23/05/2023 18:43",8708642,,,,Beni,"Sucursal Beni","No disponible",Salida,"Sin evento",
"23/05/2023 18:45",8,,,,Beni,"Sucursal Beni","No disponible",Salida,"Sin evento",
"24/05/2023 08:33",8708642,,,,Beni,"Sucursal Beni","No disponible",Salida,"Sin evento",
"24/05/2023 08:37",8,,,,Beni,"Sucursal Beni","No disponible",Salida,"Sin evento",
"24/05/2023 12:38",8,,,,Beni,"Sucursal Beni","No disponible",Salida,"Sin evento",
"24/05/2023 13:30",8,,,,Beni,"Sucursal Beni","No disponible",Salida,"Sin evento",
"24/05/2023 18:40",8,,,,Beni,"Sucursal Beni","No disponible",Salida,"Sin evento",
"24/05/2023 18:41",8708642,,,,Beni,"Sucursal Beni","No disponible",Salida,"Sin evento",
"25/05/2023 08:36",8,,,,Beni,"Sucursal Beni","No disponible",Salida,"Sin evento",
"25/05/2023 08:37",8708642,,,,Beni,"Sucursal Beni","No disponible",Salida,"Sin evento",
"25/05/2023 12:30",8,,,,Beni,"Sucursal Beni","No disponible",Salida,"Sin evento",
"25/05/2023 13:38",8,,,,Beni,"Sucursal Beni","No disponible",Salida,"Sin evento",
"25/05/2023 18:56",8708642,,,,Beni,"Sucursal Beni","No disponible",Salida,"Sin evento",
"25/05/2023 19:04",8,,,,Beni,"Sucursal Beni","No disponible",Salida,"Sin evento",
"26/05/2023 08:34",8708642,,,,Beni,"Sucursal Beni","No disponible",Salida,"Sin evento",
"26/05/2023 08:35",8,,,,Beni,"Sucursal Beni","No disponible",Salida,"Sin evento",
"26/05/2023 12:51",8,,,,Beni,"Sucursal Beni","No disponible",Salida,"Sin evento",
"26/05/2023 18:34",8708642,,,,Beni,"Sucursal Beni","No disponible",Salida,"Sin evento",
"26/05/2023 18:39",8,,,,Beni,"Sucursal Beni","No disponible",Salida,"Sin evento",
"29/05/2023 08:39",8708642,,,,Beni,"Sucursal Beni","No disponible",Salida,"Sin evento",
"29/05/2023 08:42",8,,,,Beni,"Sucursal Beni","No disponible",Salida,"Sin evento",
"29/05/2023 12:56",8,,,,Beni,"Sucursal Beni","No disponible",Salida,"Sin evento",
"29/05/2023 14:04",8,,,,Beni,"Sucursal Beni","No disponible",Salida,"Sin evento",
"29/05/2023 18:39",8708642,,,,Beni,"Sucursal Beni","No disponible",Salida,"Sin evento",
"29/05/2023 19:02",8,,,,Beni,"Sucursal Beni","No disponible",Salida,"Sin evento",
"30/05/2023 08:37",8,,,,Beni,"Sucursal Beni","No disponible",Salida,"Sin evento",
"30/05/2023 08:37",8708642,,,,Beni,"Sucursal Beni","No disponible",Salida,"Sin evento",
"30/05/2023 12:37",8,,,,Beni,"Sucursal Beni","No disponible",Salida,"Sin evento",
"30/05/2023 13:50",8,,,,Beni,"Sucursal Beni","No disponible",Salida,"Sin evento",
"30/05/2023 18:34",8708642,,,,Beni,"Sucursal Beni","No disponible",Salida,"Sin evento",
"30/05/2023 18:37",8,,,,Beni,"Sucursal Beni","No disponible",Salida,"Sin evento",
"31/05/2023 08:32",8,,,,Beni,"Sucursal Beni","No disponible",Salida,"Sin evento",
"31/05/2023 08:43",8708642,,,,Beni,"Sucursal Beni","No disponible",Salida,"Sin evento",
"31/05/2023 12:49",8,,,,Beni,"Sucursal Beni","No disponible",Salida,"Sin evento",
"31/05/2023 14:02",8,,,,Beni,"Sucursal Beni","No disponible",Salida,"Sin evento",
"31/05/2023 18:48",8708642,,,,Beni,"Sucursal Beni","No disponible",Salida,"Sin evento",
"31/05/2023 18:53",8,,,,Beni,"Sucursal Beni","No disponible",Salida,"Sin evento",
"01/06/2023 08:22",8708642,,,,Beni,"Sucursal Beni","No disponible",Salida,"Sin evento",
"01/06/2023 09:00",8,,,,Beni,"Sucursal Beni","No disponible",Salida,"Sin evento",
"01/06/2023 12:55",8,,,,Beni,"Sucursal Beni","No disponible",Salida,"Sin evento",
"01/06/2023 19:27",8708642,,,,Beni,"Sucursal Beni","No disponible",Salida,"Sin evento",
"01/06/2023 19:35",8,,,,Beni,"Sucursal Beni","No disponible",Salida,"Sin evento",
"02/06/2023 08:17",8708642,,,,Beni,"Sucursal Beni","No disponible",Salida,"Sin evento",
"02/06/2023 08:40",8,,,,Beni,"Sucursal Beni","No disponible",Salida,"Sin evento",
"02/06/2023 12:42",8,,,,Beni,"Sucursal Beni","No disponible",Salida,"Sin evento",
"02/06/2023 14:13",8,,,,Beni,"Sucursal Beni","No disponible",Salida,"Sin evento",
"02/06/2023 18:58",8,,,,Beni,"Sucursal Beni","No disponible",Salida,"Sin evento",
"02/06/2023 19:18",8708642,,,,Beni,"Sucursal Beni","No disponible",Salida,"Sin evento",
"05/06/2023 08:29",8,,,,Beni,"Sucursal Beni","No disponible",Salida,"Sin evento",
"05/06/2023 08:37",8708642,,,,Beni,"Sucursal Beni","No disponible",Salida,"Sin evento",
"05/06/2023 12:35",8,,,,Beni,"Sucursal Beni","No disponible",Salida,"Sin evento",
"05/06/2023 13:16",8,,,,Beni,"Sucursal Beni","No disponible",Salida,"Sin evento",
"06/06/2023 08:28",8708642,,,,Beni,"Sucursal Beni","No disponible",Salida,"Sin evento",
"06/06/2023 08:29",8,,,,Beni,"Sucursal Beni","No disponible",Salida,"Sin evento",
"06/06/2023 12:35",8,,,,Beni,"Sucursal Beni","No disponible",Salida,"Sin evento",
"06/06/2023 14:00",8,,,,Beni,"Sucursal Beni","No disponible",Salida,"Sin evento",
"06/06/2023 19:28",8708642,,,,Beni,"Sucursal Beni","No disponible",Salida,"Sin evento",
"06/06/2023 19:28",8,,,,Beni,"Sucursal Beni","No disponible",Salida,"Sin evento",
"07/06/2023 08:20",8708642,,,,Beni,"Sucursal Beni","No disponible",Salida,"Sin evento",
"07/06/2023 08:32",8,,,,Beni,"Sucursal Beni","No disponible",Salida,"Sin evento",
"07/06/2023 12:39",8,,,,Beni,"Sucursal Beni","No disponible",Salida,"Sin evento",
"07/06/2023 13:30",8,,,,Beni,"Sucursal Beni","No disponible",Salida,"Sin evento",
"07/06/2023 18:31",8708642,,,,Beni,"Sucursal Beni","No disponible",Salida,"Sin evento",
"07/06/2023 18:32",8,,,,Beni,"Sucursal Beni","No disponible",Salida,"Sin evento",
"09/06/2023 08:15",8708642,,,,Beni,"Sucursal Beni","No disponible",Salida,"Sin evento",
"09/06/2023 08:35",8,,,,Beni,"Sucursal Beni","No disponible",Salida,"Sin evento",
"09/06/2023 12:53",8,,,,Beni,"Sucursal Beni","No disponible",Salida,"Sin evento",
"09/06/2023 14:24",8,,,,Beni,"Sucursal Beni","No disponible",Salida,"Sin evento",
"09/06/2023 19:10",8708642,,,,Beni,"Sucursal Beni","No disponible",Salida,"Sin evento",
"09/06/2023 19:13",8,,,,Beni,"Sucursal Beni","No disponible",Salida,"Sin evento",
"12/06/2023 08:29",8,,,,Beni,"Sucursal Beni","No disponible",Salida,"Sin evento",
"12/06/2023 08:48",8708642,,,,Beni,"Sucursal Beni","No disponible",Salida,"Sin evento",
"12/06/2023 12:46",8,,,,Beni,"Sucursal Beni","No disponible",Salida,"Sin evento",
"12/06/2023 13:02",8,,,,Beni,"Sucursal Beni","No disponible",Salida,"Sin evento",
"12/06/2023 18:55",8,,,,Beni,"Sucursal Beni","No disponible",Salida,"Sin evento",
"12/06/2023 18:58",8708642,,,,Beni,"Sucursal Beni","No disponible",Salida,"Sin evento",
"13/06/2023 08:32",8708642,,,,Beni,"Sucursal Beni","No disponible",Salida,"Sin evento",
"13/06/2023 08:37",8,,,,Beni,"Sucursal Beni","No disponible",Salida,"Sin evento",
"13/06/2023 12:51",8,,,,Beni,"Sucursal Beni","No disponible",Salida,"Sin evento",
"13/06/2023 18:32",8708642,,,,Beni,"Sucursal Beni","No disponible",Salida,"Sin evento",
"13/06/2023 18:35",8,,,,Beni,"Sucursal Beni","No disponible",Salida,"Sin evento",
"14/06/2023 08:22",8708642,,,,Beni,"Sucursal Beni","No disponible",Salida,"Sin evento",
"14/06/2023 08:38",8,,,,Beni,"Sucursal Beni","No disponible",Salida,"Sin evento",
"14/06/2023 12:50",8,,,,Beni,"Sucursal Beni","No disponible",Salida,"Sin evento",
"14/06/2023 14:19",8,,,,Beni,"Sucursal Beni","No disponible",Salida,"Sin evento",
"14/06/2023 18:38",8708642,,,,Beni,"Sucursal Beni","No disponible",Salida,"Sin evento",
"14/06/2023 18:39",8,,,,Beni,"Sucursal Beni","No disponible",Salida,"Sin evento",
"15/06/2023 08:18",8708642,,,,Beni,"Sucursal Beni","No disponible",Salida,"Sin evento",
"15/06/2023 08:31",8,,,,Beni,"Sucursal Beni","No disponible",Salida,"Sin evento",
"15/06/2023 12:31",8,,,,Beni,"Sucursal Beni","No disponible",Salida,"Sin evento",
"15/06/2023 13:39",8,,,,Beni,"Sucursal Beni","No disponible",Salida,"Sin evento",
"15/06/2023 19:48",8708642,,,,Beni,"Sucursal Beni","No disponible",Salida,"Sin evento",
"15/06/2023 20:37",8,,,,Beni,"Sucursal Beni","No disponible",Salida,"Sin evento",
"16/06/2023 08:17",8,,,,Beni,"Sucursal Beni","No disponible",Salida,"Sin evento",
"16/06/2023 08:26",8708642,,,,Beni,"Sucursal Beni","No disponible",Salida,"Sin evento",
"16/06/2023 12:39",8,,,,Beni,"Sucursal Beni","No disponible",Salida,"Sin evento",
"16/06/2023 13:19",8,,,,Beni,"Sucursal Beni","No disponible",Salida,"Sin evento",
"16/06/2023 18:31",8,,,,Beni,"Sucursal Beni","No disponible",Salida,"Sin evento",
"16/06/2023 18:32",8708642,,,,Beni,"Sucursal Beni","No disponible",Salida,"Sin evento",
"19/06/2023 08:13",8,,,,Beni,"Sucursal Beni","No disponible",Salida,"Sin evento",
"19/06/2023 08:19",8708642,,,,Beni,"Sucursal Beni","No disponible",Salida,"Sin evento",
"19/06/2023 12:43",8,,,,Beni,"Sucursal Beni","No disponible",Salida,"Sin evento",
"19/06/2023 13:39",8,,,,Beni,"Sucursal Beni","No disponible",Salida,"Sin evento",
"19/06/2023 18:42",8708642,,,,Beni,"Sucursal Beni","No disponible",Salida,"Sin evento",
"19/06/2023 18:48",8,,,,Beni,"Sucursal Beni","No disponible",Salida,"Sin evento",
"20/06/2023 08:15",8708642,,,,Beni,"Sucursal Beni","No disponible",Salida,"Sin evento",
"20/06/2023 08:16",8,,,,Beni,"Sucursal Beni","No disponible",Salida,"Sin evento",
"20/06/2023 13:02",8,,,,Beni,"Sucursal Beni","No disponible",Salida,"Sin evento",
"20/06/2023 13:43",8,,,,Beni,"Sucursal Beni","No disponible",Salida,"Sin evento",
"20/06/2023 18:46",8708642,,,,Beni,"Sucursal Beni","No disponible",Salida,"Sin evento",
"20/06/2023 18:49",8,,,,Beni,"Sucursal Beni","No disponible",Salida,"Sin evento",
"22/06/2023 08:20",8708642,,,,Beni,"Sucursal Beni","No disponible",Salida,"Sin evento",
"22/06/2023 08:26",8,,,,Beni,"Sucursal Beni","No disponible",Salida,"Sin evento",
"22/06/2023 12:52",8,,,,Beni,"Sucursal Beni","No disponible",Salida,"Sin evento",
"22/06/2023 13:36",8,,,,Beni,"Sucursal Beni","No disponible",Salida,"Sin evento",
"22/06/2023 18:45",8708642,,,,Beni,"Sucursal Beni","No disponible",Salida,"Sin evento",
"22/06/2023 18:45",8,,,,Beni,"Sucursal Beni","No disponible",Salida,"Sin evento",
"23/06/2023 08:22",8,,,,Beni,"Sucursal Beni","No disponible",Salida,"Sin evento",
"23/06/2023 08:36",8708642,,,,Beni,"Sucursal Beni","No disponible",Salida,"Sin evento",
"23/06/2023 12:41",8,,,,Beni,"Sucursal Beni","No disponible",Salida,"Sin evento",
"23/06/2023 13:25",8,,,,Beni,"Sucursal Beni","No disponible",Salida,"Sin evento",
"23/06/2023 18:37",8,,,,Beni,"Sucursal Beni","No disponible",Salida,"Sin evento",
"23/06/2023 18:39",8708642,,,,Beni,"Sucursal Beni","No disponible",Salida,"Sin evento",
"26/06/2023 08:19",8708642,,,,Beni,"Sucursal Beni","No disponible",Salida,"Sin evento",
"26/06/2023 08:26",8,,,,Beni,"Sucursal Beni","No disponible",Salida,"Sin evento",
"26/06/2023 12:31",8,,,,Beni,"Sucursal Beni","No disponible",Salida,"Sin evento",
"26/06/2023 13:24",8,,,,Beni,"Sucursal Beni","No disponible",Salida,"Sin evento",
"26/06/2023 18:45",8708642,,,,Beni,"Sucursal Beni","No disponible",Salida,"Sin evento",
"26/06/2023 18:49",8,,,,Beni,"Sucursal Beni","No disponible",Salida,"Sin evento",
"27/06/2023 08:21",8708642,,,,Beni,"Sucursal Beni","No disponible",Salida,"Sin evento",
"27/06/2023 08:25",8,,,,Beni,"Sucursal Beni","No disponible",Salida,"Sin evento",
"27/06/2023 12:34",8,,,,Beni,"Sucursal Beni","No disponible",Salida,"Sin evento",
"27/06/2023 13:17",8,,,,Beni,"Sucursal Beni","No disponible",Salida,"Sin evento",
"27/06/2023 18:50",8,,,,Beni,"Sucursal Beni","No disponible",Salida,"Sin evento",
"27/06/2023 19:02",8708642,,,,Beni,"Sucursal Beni","No disponible",Salida,"Sin evento",
"28/06/2023 08:28",8,,,,Beni,"Sucursal Beni","No disponible",Salida,"Sin evento",
"28/06/2023 08:30",8708642,,,,Beni,"Sucursal Beni","No disponible",Salida,"Sin evento",
"28/06/2023 12:46",8,,,,Beni,"Sucursal Beni","No disponible",Salida,"Sin evento",
"28/06/2023 13:00",8,,,,Beni,"Sucursal Beni","No disponible",Salida,"Sin evento",
"28/06/2023 18:32",8,,,,Beni,"Sucursal Beni","No disponible",Salida,"Sin evento",
"28/06/2023 18:35",8708642,,,,Beni,"Sucursal Beni","No disponible",Salida,"Sin evento",
"29/06/2023 08:26",8,,,,Beni,"Sucursal Beni","No disponible",Salida,"Sin evento",
"29/06/2023 08:29",8708642,,,,Beni,"Sucursal Beni","No disponible",Salida,"Sin evento",
"29/06/2023 12:34",8,,,,Beni,"Sucursal Beni","No disponible",Salida,"Sin evento",
"29/06/2023 13:05",8,,,,Beni,"Sucursal Beni","No disponible",Salida,"Sin evento",
"29/06/2023 18:53",8708642,,,,Beni,"Sucursal Beni","No disponible",Salida,"Sin evento",
"29/06/2023 19:32",8,,,,Beni,"Sucursal Beni","No disponible",Salida,"Sin evento",
"30/06/2023 08:26",8708642,,,,Beni,"Sucursal Beni","No disponible",Salida,"Sin evento",
"30/06/2023 08:27",8,,,,Beni,"Sucursal Beni","No disponible",Salida,"Sin evento",
"30/06/2023 12:32",8,,,,Beni,"Sucursal Beni","No disponible",Salida,"Sin evento",
"30/06/2023 14:17",8,,,,Beni,"Sucursal Beni","No disponible",Salida,"Sin evento",
"30/06/2023 18:34",8708642,,,,Beni,"Sucursal Beni","No disponible",Salida,"Sin evento",
"30/06/2023 18:39",8,,,,Beni,"Sucursal Beni","No disponible",Salida,"Sin evento",
"01/07/2023 05:27",7,,,,Beni,"Sucursal Beni","No disponible","Retorno de descanso","Sin evento",
"03/07/2023 08:21",8708642,,,,Beni,"Sucursal Beni","No disponible",Salida,"Sin evento",
"03/07/2023 08:21",8,,,,Beni,"Sucursal Beni","No disponible",Salida,"Sin evento",
"03/07/2023 12:30",8,,,,Beni,"Sucursal Beni","No disponible",Salida,"Sin evento",
"03/07/2023 13:21",8,,,,Beni,"Sucursal Beni","No disponible",Salida,"Sin evento",
"03/07/2023 18:36",8,,,,Beni,"Sucursal Beni","No disponible",Salida,"Sin evento",
"03/07/2023 18:38",8708642,,,,Beni,"Sucursal Beni","No disponible",Salida,"Sin evento",
"04/07/2023 08:26",8708642,,,,Beni,"Sucursal Beni","No disponible",Salida,"Sin evento",
"04/07/2023 08:28",8,,,,Beni,"Sucursal Beni","No disponible",Salida,"Sin evento",
"04/07/2023 12:31",8,,,,Beni,"Sucursal Beni","No disponible","Estado 15","Sin evento",
"04/07/2023 13:01",8,,,,Beni,"Sucursal Beni","No disponible","Estado 15","Sin evento",
"04/07/2023 18:53",8,,,,Beni,"Sucursal Beni","No disponible",Salida,"Sin evento",
"04/07/2023 18:53",8708642,,,,Beni,"Sucursal Beni","No disponible",Salida,"Sin evento",
"05/07/2023 08:26",8708642,,,,Beni,"Sucursal Beni","No disponible",Salida,"Sin evento",
"05/07/2023 08:28",8,,,,Beni,"Sucursal Beni","No disponible",Salida,"Sin evento",
"05/07/2023 12:33",8,,,,Beni,"Sucursal Beni","No disponible",Salida,"Sin evento",
"05/07/2023 13:07",8,,,,Beni,"Sucursal Beni","No disponible",Salida,"Sin evento",
"05/07/2023 20:14",8,,,,Beni,"Sucursal Beni","No disponible",Salida,"Sin evento",
"05/07/2023 20:14",8708642,,,,Beni,"Sucursal Beni","No disponible",Salida,"Sin evento",
"06/07/2023 07:12",8,,,,Beni,"Sucursal Beni","No disponible",Salida,"Sin evento",
"06/07/2023 07:30",8708642,,,,Beni,"Sucursal Beni","No disponible",Salida,"Sin evento",
"06/07/2023 12:32",8,,,,Beni,"Sucursal Beni","No disponible",Salida,"Sin evento",
"06/07/2023 14:01",8,,,,Beni,"Sucursal Beni","No disponible",Salida,"Sin evento",
"06/07/2023 18:41",8708642,,,,Beni,"Sucursal Beni","No disponible",Salida,"Sin evento",
"06/07/2023 19:28",8,,,,Beni,"Sucursal Beni","No disponible",Salida,"Sin evento",
"07/07/2023 08:24",8708642,,,,Beni,"Sucursal Beni","No disponible",Salida,"Sin evento",
"07/07/2023 08:27",8,,,,Beni,"Sucursal Beni","No disponible",Salida,"Sin evento",
"07/07/2023 12:30",8,,,,Beni,"Sucursal Beni","No disponible",Salida,"Sin evento",
"07/07/2023 13:24",8,,,,Beni,"Sucursal Beni","No disponible",Salida,"Sin evento",
"07/07/2023 18:36",8,,,,Beni,"Sucursal Beni","No disponible",Salida,"Sin evento",
"07/07/2023 18:37",8708642,,,,Beni,"Sucursal Beni","No disponible",Salida,"Sin evento",
"10/07/2023 08:16",8708642,,,,Beni,"Sucursal Beni","No disponible",Salida,"Sin evento",
"10/07/2023 08:29",8,,,,Beni,"Sucursal Beni","No disponible",Salida,"Sin evento",
"10/07/2023 12:57",8,,,,Beni,"Sucursal Beni","No disponible",Salida,"Sin evento",
"10/07/2023 13:07",8,,,,Beni,"Sucursal Beni","No disponible",Salida,"Sin evento",
"10/07/2023 18:31",8,,,,Beni,"Sucursal Beni","No disponible",Salida,"Sin evento",
"10/07/2023 18:33",8708642,,,,Beni,"Sucursal Beni","No disponible",Salida,"Sin evento",
"11/07/2023 08:22",8,,,,Beni,"Sucursal Beni","No disponible",Salida,"Sin evento",
"11/07/2023 08:22",8708642,,,,Beni,"Sucursal Beni","No disponible",Salida,"Sin evento",
"11/07/2023 08:24",8708642,,,,Beni,"Sucursal Beni","No disponible",Salida,"Sin evento",
"11/07/2023 12:30",8,,,,Beni,"Sucursal Beni","No disponible",Salida,"Sin evento",
"11/07/2023 14:33",8,,,,Beni,"Sucursal Beni","No disponible",Salida,"Sin evento",
"11/07/2023 18:41",8708642,,,,Beni,"Sucursal Beni","No disponible",Salida,"Sin evento",
"11/07/2023 18:47",8,,,,Beni,"Sucursal Beni","No disponible",Salida,"Sin evento",
"12/07/2023 07:58",8708642,,,,Beni,"Sucursal Beni","No disponible",Salida,"Sin evento",
"12/07/2023 08:05",8,,,,Beni,"Sucursal Beni","No disponible",Salida,"Sin evento",
"12/07/2023 12:45",8,,,,Beni,"Sucursal Beni","No disponible",Salida,"Sin evento",
"12/07/2023 13:27",8,,,,Beni,"Sucursal Beni","No disponible",Salida,"Sin evento",
"12/07/2023 18:30",8708642,,,,Beni,"Sucursal Beni","No disponible",Salida,"Sin evento",
"12/07/2023 18:31",8,,,,Beni,"Sucursal Beni","No disponible",Salida,"Sin evento",
"13/07/2023 08:29",8708642,,,,Beni,"Sucursal Beni","No disponible",Salida,"Sin evento",
"13/07/2023 08:35",8,,,,Beni,"Sucursal Beni","No disponible",Salida,"Sin evento",
"13/07/2023 12:38",8,,,,Beni,"Sucursal Beni","No disponible",Salida,"Sin evento",
"13/07/2023 13:59",8,,,,Beni,"Sucursal Beni","No disponible",Salida,"Sin evento",
"13/07/2023 18:33",8,,,,Beni,"Sucursal Beni","No disponible",Salida,"Sin evento",
"13/07/2023 18:33",8708642,,,,Beni,"Sucursal Beni","No disponible",Salida,"Sin evento",
"14/07/2023 08:17",8708642,,,,Beni,"Sucursal Beni","No disponible",Salida,"Sin evento",
"14/07/2023 08:31",8,,,,Beni,"Sucursal Beni","No disponible",Salida,"Sin evento",
"14/07/2023 12:34",8,,,,Beni,"Sucursal Beni","No disponible",Salida,"Sin evento",
"14/07/2023 13:00",8,,,,Beni,"Sucursal Beni","No disponible",Salida,"Sin evento",
"14/07/2023 18:45",8,,,,Beni,"Sucursal Beni","No disponible",Salida,"Sin evento",
"14/07/2023 18:47",8708642,,,,Beni,"Sucursal Beni","No disponible",Salida,"Sin evento",
"17/07/2023 08:16",8708642,,,,Beni,"Sucursal Beni","No disponible",Salida,"Sin evento",
"17/07/2023 08:32",8,,,,Beni,"Sucursal Beni","No disponible",Salida,"Sin evento",
"17/07/2023 12:35",8,,,,Beni,"Sucursal Beni","No disponible",Salida,"Sin evento",
"17/07/2023 13:15",8,,,,Beni,"Sucursal Beni","No disponible",Salida,"Sin evento",
"17/07/2023 18:34",8,,,,Beni,"Sucursal Beni","No disponible",Salida,"Sin evento",
"17/07/2023 18:35",8708642,,,,Beni,"Sucursal Beni","No disponible",Salida,"Sin evento",
"18/07/2023 08:26",8708642,,,,Beni,"Sucursal Beni","No disponible",Salida,"Sin evento",
"18/07/2023 08:33",8,,,,Beni,"Sucursal Beni","No disponible",Salida,"Sin evento",
"18/07/2023 12:34",8,,,,Beni,"Sucursal Beni","No disponible",Salida,"Sin evento",
"18/07/2023 14:15",8,,,,Beni,"Sucursal Beni","No disponible",Salida,"Sin evento",
"18/07/2023 18:37",8708642,,,,Beni,"Sucursal Beni","No disponible",Salida,"Sin evento",
"18/07/2023 18:50",8,,,,Beni,"Sucursal Beni","No disponible",Salida,"Sin evento",
"19/07/2023 08:31",8708642,,,,Beni,"Sucursal Beni","No disponible",Salida,"Sin evento",
"19/07/2023 08:34",8,,,,Beni,"Sucursal Beni","No disponible",Salida,"Sin evento",
"19/07/2023 08:34",8708642,,,,Beni,"Sucursal Beni","No disponible",Salida,"Sin evento",
"19/07/2023 12:31",8,,,,Beni,"Sucursal Beni","No disponible",Salida,"Sin evento",
"19/07/2023 13:15",8,,,,Beni,"Sucursal Beni","No disponible",Salida,"Sin evento",
"19/07/2023 18:33",8708642,,,,Beni,"Sucursal Beni","No disponible",Salida,"Sin evento",
"19/07/2023 18:36",8,,,,Beni,"Sucursal Beni","No disponible",Salida,"Sin evento",
"20/07/2023 08:29",8708642,,,,Beni,"Sucursal Beni","No disponible",Salida,"Sin evento",
"20/07/2023 08:34",8,,,,Beni,"Sucursal Beni","No disponible",Salida,"Sin evento",
"20/07/2023 12:43",8,,,,Beni,"Sucursal Beni","No disponible",Salida,"Sin evento",
"20/07/2023 14:15",8,,,,Beni,"Sucursal Beni","No disponible",Salida,"Sin evento",
"20/07/2023 18:34",8708642,,,,Beni,"Sucursal Beni","No disponible",Salida,"Sin evento",
"20/07/2023 19:19",8,,,,Beni,"Sucursal Beni","No disponible",Salida,"Sin evento",
"21/07/2023 08:25",8708642,,,,Beni,"Sucursal Beni","No disponible",Salida,"Sin evento",
"21/07/2023 08:34",8,,,,Beni,"Sucursal Beni","No disponible",Salida,"Sin evento",
"21/07/2023 12:31",8,,,,Beni,"Sucursal Beni","No disponible",Salida,"Sin evento",
"21/07/2023 13:04",8,,,,Beni,"Sucursal Beni","No disponible",Salida,"Sin evento",
"21/07/2023 18:34",8,,,,Beni,"Sucursal Beni","No disponible",Salida,"Sin evento",
"21/07/2023 18:35",8708642,,,,Beni,"Sucursal Beni","No disponible",Salida,"Sin evento",
"24/07/2023 08:22",8708642,,,,Beni,"Sucursal Beni","No disponible",Salida,"Sin evento",
"24/07/2023 08:35",8,,,,Beni,"Sucursal Beni","No disponible",Salida,"Sin evento",
"24/07/2023 12:30",8,,,,Beni,"Sucursal Beni","No disponible",Salida,"Sin evento",
"24/07/2023 13:11",8,,,,Beni,"Sucursal Beni","No disponible",Salida,"Sin evento",
"24/07/2023 18:42",8,,,,Beni,"Sucursal Beni","No disponible",Salida,"Sin evento",
"24/07/2023 18:45",8708642,,,,Beni,"Sucursal Beni","No disponible",Salida,"Sin evento",
"25/07/2023 08:13",8708642,,,,Beni,"Sucursal Beni","No disponible",Salida,"Sin evento",
"25/07/2023 08:30",8,,,,Beni,"Sucursal Beni","No disponible",Salida,"Sin evento",
"25/07/2023 12:30",8,,,,Beni,"Sucursal Beni","No disponible",Salida,"Sin evento",
"25/07/2023 13:21",8,,,,Beni,"Sucursal Beni","No disponible",Salida,"Sin evento",
"25/07/2023 18:38",8708642,,,,Beni,"Sucursal Beni","No disponible",Salida,"Sin evento",
"25/07/2023 18:40",8,,,,Beni,"Sucursal Beni","No disponible",Salida,"Sin evento",
"26/07/2023 08:23",8708642,,,,Beni,"Sucursal Beni","No disponible",Salida,"Sin evento",
"26/07/2023 08:34",8,,,,Beni,"Sucursal Beni","No disponible",Salida,"Sin evento",
"26/07/2023 12:51",8,,,,Beni,"Sucursal Beni","No disponible",Salida,"Sin evento",
"26/07/2023 13:19",8,,,,Beni,"Sucursal Beni","No disponible",Salida,"Sin evento",
"26/07/2023 18:42",8708642,,,,Beni,"Sucursal Beni","No disponible",Salida,"Sin evento",
"26/07/2023 18:43",8,,,,Beni,"Sucursal Beni","No disponible",Salida,"Sin evento",
"27/07/2023 08:36",8708642,,,,Beni,"Sucursal Beni","No disponible",Salida,"Sin evento",
"27/07/2023 08:41",8,,,,Beni,"Sucursal Beni","No disponible",Salida,"Sin evento",
"27/07/2023 12:35",8,,,,Beni,"Sucursal Beni","No disponible",Salida,"Sin evento",
"27/07/2023 14:26",8,,,,Beni,"Sucursal Beni","No disponible",Salida,"Sin evento",
"27/07/2023 18:51",8708642,,,,Beni,"Sucursal Beni","No disponible",Salida,"Sin evento",
"27/07/2023 18:53",8,,,,Beni,"Sucursal Beni","No disponible",Salida,"Sin evento",
"28/07/2023 08:35",8708642,,,,Beni,"Sucursal Beni","No disponible",Salida,"Sin evento",
"28/07/2023 08:37",8,,,,Beni,"Sucursal Beni","No disponible",Salida,"Sin evento",
"28/07/2023 12:38",8,,,,Beni,"Sucursal Beni","No disponible",Salida,"Sin evento",
"28/07/2023 14:06",8,,,,Beni,"Sucursal Beni","No disponible",Salida,"Sin evento",
"28/07/2023 18:31",8708642,,,,Beni,"Sucursal Beni","No disponible",Salida,"Sin evento",
"28/07/2023 18:33",8,,,,Beni,"Sucursal Beni","No disponible",Salida,"Sin evento",
"31/07/2023 08:31",8,,,,Beni,"Sucursal Beni","No disponible",Salida,"Sin evento",
"31/07/2023 08:40",8708642,,,,Beni,"Sucursal Beni","No disponible",Salida,"Sin evento",
"31/07/2023 12:32",8,,,,Beni,"Sucursal Beni","No disponible",Salida,"Sin evento",
"31/07/2023 14:00",8,,,,Beni,"Sucursal Beni","No disponible",Salida,"Sin evento",
"31/07/2023 18:48",8,,,,Beni,"Sucursal Beni","No disponible",Salida,"Sin evento",
"31/07/2023 18:48",8708642,,,,Beni,"Sucursal Beni","No disponible",Salida,"Sin evento",
"01/08/2023 08:26",8708642,,,,Beni,"Sucursal Beni","No disponible",Salida,"Sin evento",
"01/08/2023 08:38",8,,,,Beni,"Sucursal Beni","No disponible",Salida,"Sin evento",
"01/08/2023 13:02",8,,,,Beni,"Sucursal Beni","No disponible",Salida,"Sin evento",
"01/08/2023 18:36",8,,,,Beni,"Sucursal Beni","No disponible",Salida,"Sin evento",
"01/08/2023 18:38",8708642,,,,Beni,"Sucursal Beni","No disponible",Salida,"Sin evento",
"02/08/2023 08:28",8,,,,Beni,"Sucursal Beni","No disponible",Salida,"Sin evento",
"02/08/2023 08:32",8708642,,,,Beni,"Sucursal Beni","No disponible",Salida,"Sin evento",
"02/08/2023 12:39",8,,,,Beni,"Sucursal Beni","No disponible",Salida,"Sin evento",
"02/08/2023 13:12",8,,,,Beni,"Sucursal Beni","No disponible",Salida,"Sin evento",
"02/08/2023 18:38",8,,,,Beni,"Sucursal Beni","No disponible",Salida,"Sin evento",
"02/08/2023 18:38",8708642,,,,Beni,"Sucursal Beni","No disponible",Salida,"Sin evento",
"03/08/2023 08:30",8708642,,,,Beni,"Sucursal Beni","No disponible",Salida,"Sin evento",
"03/08/2023 08:37",8,,,,Beni,"Sucursal Beni","No disponible",Salida,"Sin evento",
"03/08/2023 12:34",8,,,,Beni,"Sucursal Beni","No disponible",Salida,"Sin evento",
"03/08/2023 14:33",8,,,,Beni,"Sucursal Beni","No disponible",Salida,"Sin evento",
"03/08/2023 18:39",8708642,,,,Beni,"Sucursal Beni","No disponible",Salida,"Sin evento",
"03/08/2023 20:01",8,,,,Beni,"Sucursal Beni","No disponible",Salida,"Sin evento",
"04/08/2023 07:49",8,,,,Beni,"Sucursal Beni","No disponible",Salida,"Sin evento",
"04/08/2023 08:30",8708642,,,,Beni,"Sucursal Beni","No disponible",Salida,"Sin evento",
"04/08/2023 12:42",8,,,,Beni,"Sucursal Beni","No disponible",Salida,"Sin evento",
"04/08/2023 14:34",8,,,,Beni,"Sucursal Beni","No disponible",Salida,"Sin evento",
"04/08/2023 18:46",8708642,,,,Beni,"Sucursal Beni","No disponible",Salida,"Sin evento",
"04/08/2023 19:00",8,,,,Beni,"Sucursal Beni","No disponible",Salida,"Sin evento",
"08/08/2023 08:04",8,,,,Beni,"Sucursal Beni","No disponible",Salida,"Sin evento",
"08/08/2023 08:26",8708642,,,,Beni,"Sucursal Beni","No disponible",Salida,"Sin evento",
"08/08/2023 12:45",8,,,,Beni,"Sucursal Beni","No disponible",Salida,"Sin evento",
"08/08/2023 13:04",8,,,,Beni,"Sucursal Beni","No disponible",Salida,"Sin evento",
"08/08/2023 13:06",8,,,,Beni,"Sucursal Beni","No disponible",Salida,"Sin evento",
"08/08/2023 18:47",8708642,,,,Beni,"Sucursal Beni","No disponible",Salida,"Sin evento",
"08/08/2023 18:52",8,,,,Beni,"Sucursal Beni","No disponible",Salida,"Sin evento",
"09/08/2023 08:26",8708642,,,,Beni,"Sucursal Beni","No disponible",Salida,"Sin evento",
"09/08/2023 08:35",8,,,,Beni,"Sucursal Beni","No disponible",Salida,"Sin evento",
"09/08/2023 12:33",8,,,,Beni,"Sucursal Beni","No disponible",Salida,"Sin evento",
"09/08/2023 13:25",8,,,,Beni,"Sucursal Beni","No disponible",Salida,"Sin evento",
"09/08/2023 18:31",8708642,,,,Beni,"Sucursal Beni","No disponible",Salida,"Sin evento",
"09/08/2023 18:56",8,,,,Beni,"Sucursal Beni","No disponible",Salida,"Sin evento",
"10/08/2023 08:32",8,,,,Beni,"Sucursal Beni","No disponible",Salida,"Sin evento",
"10/08/2023 08:35",8708642,,,,Beni,"Sucursal Beni","No disponible",Salida,"Sin evento",
"10/08/2023 12:42",8,,,,Beni,"Sucursal Beni","No disponible",Salida,"Sin evento",
"10/08/2023 14:09",8,,,,Beni,"Sucursal Beni","No disponible",Salida,"Sin evento",
"10/08/2023 19:01",8708642,,,,Beni,"Sucursal Beni","No disponible",Salida,"Sin evento",
"10/08/2023 19:04",8,,,,Beni,"Sucursal Beni","No disponible",Salida,"Sin evento",
"11/08/2023 08:31",8708642,,,,Beni,"Sucursal Beni","No disponible",Salida,"Sin evento",
"11/08/2023 08:32",8,,,,Beni,"Sucursal Beni","No disponible",Salida,"Sin evento",
"11/08/2023 12:42",8,,,,Beni,"Sucursal Beni","No disponible",Salida,"Sin evento",
"11/08/2023 13:06",8,,,,Beni,"Sucursal Beni","No disponible",Salida,"Sin evento",
"11/08/2023 18:46",8,,,,Beni,"Sucursal Beni","No disponible",Salida,"Sin evento",
"11/08/2023 18:47",8708642,,,,Beni,"Sucursal Beni","No disponible",Salida,"Sin evento",
"14/08/2023 08:26",8708642,,,,Beni,"Sucursal Beni","No disponible",Salida,"Sin evento",
"14/08/2023 08:38",8,,,,Beni,"Sucursal Beni","No disponible",Salida,"Sin evento",
"14/08/2023 12:45",8,,,,Beni,"Sucursal Beni","No disponible",Salida,"Sin evento",
"14/08/2023 13:58",8,,,,Beni,"Sucursal Beni","No disponible",Salida,"Sin evento",
"14/08/2023 19:02",8,,,,Beni,"Sucursal Beni","No disponible",Salida,"Sin evento",
"14/08/2023 19:20",8708642,,,,Beni,"Sucursal Beni","No disponible",Salida,"Sin evento",
"15/08/2023 08:32",8708642,,,,Beni,"Sucursal Beni","No disponible",Salida,"Sin evento",
"15/08/2023 08:41",8,,,,Beni,"Sucursal Beni","No disponible",Salida,"Sin evento",
"15/08/2023 12:36",8,,,,Beni,"Sucursal Beni","No disponible",Salida,"Sin evento",
"15/08/2023 13:11",8,,,,Beni,"Sucursal Beni","No disponible",Salida,"Sin evento",
"15/08/2023 18:38",8,,,,Beni,"Sucursal Beni","No disponible",Salida,"Sin evento",
"15/08/2023 18:39",8708642,,,,Beni,"Sucursal Beni","No disponible",Salida,"Sin evento",
"16/08/2023 08:26",8708642,,,,Beni,"Sucursal Beni","No disponible",Salida,"Sin evento",
"16/08/2023 08:38",8,,,,Beni,"Sucursal Beni","No disponible",Salida,"Sin evento",
"16/08/2023 12:39",8,,,,Beni,"Sucursal Beni","No disponible",Salida,"Sin evento",
"16/08/2023 13:11",8,,,,Beni,"Sucursal Beni","No disponible",Salida,"Sin evento",
"16/08/2023 19:04",8708642,,,,Beni,"Sucursal Beni","No disponible",Salida,"Sin evento",
"16/08/2023 19:06",8,,,,Beni,"Sucursal Beni","No disponible",Salida,"Sin evento",
"17/08/2023 08:28",8708642,,,,Beni,"Sucursal Beni","No disponible",Salida,"Sin evento",
"17/08/2023 08:42",8,,,,Beni,"Sucursal Beni","No disponible",Salida,"Sin evento",
"17/08/2023 12:55",8,,,,Beni,"Sucursal Beni","No disponible",Salida,"Sin evento",
"17/08/2023 13:11",8,,,,Beni,"Sucursal Beni","No disponible",Salida,"Sin evento",
"17/08/2023 18:38",8708642,,,,Beni,"Sucursal Beni","No disponible",Salida,"Sin evento",
"17/08/2023 18:42",8,,,,Beni,"Sucursal Beni","No disponible",Salida,"Sin evento",
"18/08/2023 08:30",8708642,,,,Beni,"Sucursal Beni","No disponible",Salida,"Sin evento",
"18/08/2023 08:38",8,,,,Beni,"Sucursal Beni","No disponible",Salida,"Sin evento",
"18/08/2023 12:39",8,,,,Beni,"Sucursal Beni","No disponible",Salida,"Sin evento",
"18/08/2023 13:06",8,,,,Beni,"Sucursal Beni","No disponible",Salida,"Sin evento",
"18/08/2023 18:57",8708642,,,,Beni,"Sucursal Beni","No disponible",Salida,"Sin evento",
"18/08/2023 18:58",8,,,,Beni,"Sucursal Beni","No disponible",Salida,"Sin evento",
"21/08/2023 08:36",8708642,,,,Beni,"Sucursal Beni","No disponible",Salida,"Sin evento",
"21/08/2023 08:38",8,,,,Beni,"Sucursal Beni","No disponible",Salida,"Sin evento",
"21/08/2023 12:39",8,,,,Beni,"Sucursal Beni","No disponible",Salida,"Sin evento",
"21/08/2023 13:17",8,,,,Beni,"Sucursal Beni","No disponible",Salida,"Sin evento",
"21/08/2023 18:36",8,,,,Beni,"Sucursal Beni","No disponible",Salida,"Sin evento",
"21/08/2023 18:48",8708642,,,,Beni,"Sucursal Beni","No disponible",Salida,"Sin evento",
"22/08/2023 08:21",8708642,,,,Beni,"Sucursal Beni","No disponible",Salida,"Sin evento",
"22/08/2023 08:35",8,,,,Beni,"Sucursal Beni","No disponible",Salida,"Sin evento",
"22/08/2023 12:36",8,,,,Beni,"Sucursal Beni","No disponible",Salida,"Sin evento",
"22/08/2023 13:14",8,,,,Beni,"Sucursal Beni","No disponible",Salida,"Sin evento",
"22/08/2023 19:59",8708642,,,,Beni,"Sucursal Beni","No disponible",Salida,"Sin evento",
"22/08/2023 20:01",8,,,,Beni,"Sucursal Beni","No disponible",Salida,"Sin evento",
"23/08/2023 08:37",8708642,,,,Beni,"Sucursal Beni","No disponible",Salida,"Sin evento",
"23/08/2023 08:43",8,,,,Beni,"Sucursal Beni","No disponible",Salida,"Sin evento",
"23/08/2023 12:44",8,,,,Beni,"Sucursal Beni","No disponible",Salida,"Sin evento",
"23/08/2023 18:44",8,,,,Beni,"Sucursal Beni","No disponible",Salida,"Sin evento",
"23/08/2023 19:12",8708642,,,,Beni,"Sucursal Beni","No disponible",Salida,"Sin evento",
"24/08/2023 08:29",8708642,,,,Beni,"Sucursal Beni","No disponible",Salida,"Sin evento",
"24/08/2023 08:40",8,,,,Beni,"Sucursal Beni","No disponible",Salida,"Sin evento",
"24/08/2023 12:43",8,,,,Beni,"Sucursal Beni","No disponible",Salida,"Sin evento",
"24/08/2023 13:18",8,,,,Beni,"Sucursal Beni","No disponible",Salida,"Sin evento",
"24/08/2023 14:22",8,,,,Beni,"Sucursal Beni","No disponible",Salida,"Sin evento",
"24/08/2023 18:59",8,,,,Beni,"Sucursal Beni","No disponible",Salida,"Sin evento",
"24/08/2023 19:03",8708642,,,,Beni,"Sucursal Beni","No disponible",Salida,"Sin evento",
"25/08/2023 08:16",8708642,,,,Beni,"Sucursal Beni","No disponible",Salida,"Sin evento",
"25/08/2023 08:32",8,,,,Beni,"Sucursal Beni","No disponible",Salida,"Sin evento",
"25/08/2023 12:39",8,,,,Beni,"Sucursal Beni","No disponible",Salida,"Sin evento",
"25/08/2023 13:11",8,,,,Beni,"Sucursal Beni","No disponible",Salida,"Sin evento",
"25/08/2023 18:45",8708642,,,,Beni,"Sucursal Beni","No disponible",Salida,"Sin evento",
"25/08/2023 18:49",8,,,,Beni,"Sucursal Beni","No disponible",Salida,"Sin evento",
"28/08/2023 08:22",8708642,,,,Beni,"Sucursal Beni","No disponible",Salida,"Sin evento",
"28/08/2023 08:38",8,,,,Beni,"Sucursal Beni","No disponible",Salida,"Sin evento",
"28/08/2023 12:44",8,,,,Beni,"Sucursal Beni","No disponible",Salida,"Sin evento",
"28/08/2023 13:03",8,,,,Beni,"Sucursal Beni","No disponible",Salida,"Sin evento",
"28/08/2023 13:15",8,,,,Beni,"Sucursal Beni","No disponible",Salida,"Sin evento",
"28/08/2023 19:56",8,,,,Beni,"Sucursal Beni","No disponible",Salida,"Sin evento",
"28/08/2023 19:57",8708642,,,,Beni,"Sucursal Beni","No disponible",Salida,"Sin evento",
"29/08/2023 07:53",8,,,,Beni,"Sucursal Beni","No disponible",Salida,"Sin evento",
"29/08/2023 08:14",8708642,,,,Beni,"Sucursal Beni","No disponible",Salida,"Sin evento",
"29/08/2023 12:33",8,,,,Beni,"Sucursal Beni","No disponible",Salida,"Sin evento",
"29/08/2023 13:30",8,,,,Beni,"Sucursal Beni","No disponible",Salida,"Sin evento",
"29/08/2023 18:47",8708642,,,,Beni,"Sucursal Beni","No disponible",Salida,"Sin evento",
"29/08/2023 19:00",8,,,,Beni,"Sucursal Beni","No disponible",Salida,"Sin evento",
"30/08/2023 08:18",8708642,,,,Beni,"Sucursal Beni","No disponible",Salida,"Sin evento",
"30/08/2023 08:26",8,,,,Beni,"Sucursal Beni","No disponible",Salida,"Sin evento",
"30/08/2023 13:18",8,,,,Beni,"Sucursal Beni","No disponible",Salida,"Sin evento",
"30/08/2023 19:06",8,,,,Beni,"Sucursal Beni","No disponible",Salida,"Sin evento",
"30/08/2023 19:06",8708642,,,,Beni,"Sucursal Beni","No disponible",Salida,"Sin evento",
"31/08/2023 08:27",8,,,,Beni,"Sucursal Beni","No disponible",Salida,"Sin evento",
"31/08/2023 08:41",8708642,,,,Beni,"Sucursal Beni","No disponible",Salida,"Sin evento",
"31/08/2023 12:42",8,,,,Beni,"Sucursal Beni","No disponible",Salida,"Sin evento",
"31/08/2023 13:26",8,,,,Beni,"Sucursal Beni","No disponible",Salida,"Sin evento",
"31/08/2023 19:15",8,,,,Beni,"Sucursal Beni","No disponible",Salida,"Sin evento",
"31/08/2023 19:15",8708642,,,,Beni,"Sucursal Beni","No disponible",Salida,"Sin evento",
"01/09/2023 08:17",8,,,,Beni,"Sucursal Beni","No disponible",Salida,"Sin evento",
"01/09/2023 08:37",8708642,,,,Beni,"Sucursal Beni","No disponible",Salida,"Sin evento",
"01/09/2023 12:40",8,,,,Beni,"Sucursal Beni","No disponible",Salida,"Sin evento",
"01/09/2023 13:39",8,,,,Beni,"Sucursal Beni","No disponible",Salida,"Sin evento",
"01/09/2023 20:17",8708642,,,,Beni,"Sucursal Beni","No disponible",Salida,"Sin evento",
"01/09/2023 20:17",8,,,,Beni,"Sucursal Beni","No disponible",Salida,"Sin evento",
"04/09/2023 07:54",8,,,,Beni,"Sucursal Beni","No disponible",Salida,"Sin evento",
"04/09/2023 08:27",8708642,,,,Beni,"Sucursal Beni","No disponible",Salida,"Sin evento",
"04/09/2023 12:43",8,,,,Beni,"Sucursal Beni","No disponible",Salida,"Sin evento",
"04/09/2023 13:24",8,,,,Beni,"Sucursal Beni","No disponible",Salida,"Sin evento",
"04/09/2023 19:33",8,,,,Beni,"Sucursal Beni","No disponible",Salida,"Sin evento",
"05/09/2023 08:19",8,,,,Beni,"Sucursal Beni","No disponible",Salida,"Sin evento",
"05/09/2023 08:42",8708642,,,,Beni,"Sucursal Beni","No disponible",Salida,"Sin evento",
"05/09/2023 12:52",8,,,,Beni,"Sucursal Beni","No disponible",Salida,"Sin evento",
"05/09/2023 13:08",8,,,,Beni,"Sucursal Beni","No disponible",Salida,"Sin evento",
"05/09/2023 19:29",8708642,,,,Beni,"Sucursal Beni","No disponible",Salida,"Sin evento",
"05/09/2023 19:35",8,,,,Beni,"Sucursal Beni","No disponible",Salida,"Sin evento",
"06/09/2023 07:46",8708642,,,,Beni,"Sucursal Beni","No disponible",Salida,"Sin evento",
"06/09/2023 08:06",8,,,,Beni,"Sucursal Beni","No disponible",Salida,"Sin evento",
"06/09/2023 12:38",8,,,,Beni,"Sucursal Beni","No disponible",Salida,"Sin evento",
"06/09/2023 13:11",8,,,,Beni,"Sucursal Beni","No disponible",Salida,"Sin evento",
"06/09/2023 19:43",8708642,,,,Beni,"Sucursal Beni","No disponible",Salida,"Apertura con tarjeta de proximidad",
"06/09/2023 20:34",8,,,,Beni,"Sucursal Beni","No disponible",Salida,"Apertura con tarjeta de proximidad",
"07/09/2023 08:32",8708642,,,,Beni,"Sucursal Beni","No disponible",Salida,"Apertura con tarjeta de proximidad",
"07/09/2023 08:35",8,,,,Beni,"Sucursal Beni","No disponible",Salida,"Apertura con tarjeta de proximidad",
"07/09/2023 12:44",8,,,,Beni,"Sucursal Beni","No disponible",Salida,"Apertura con tarjeta de proximidad",
"07/09/2023 13:14",8,,,,Beni,"Sucursal Beni","No disponible",Salida,"Apertura con tarjeta de proximidad",
"07/09/2023 19:35",8708642,,,,Beni,"Sucursal Beni","No disponible",Salida,"Apertura con tarjeta de proximidad",
"07/09/2023 19:36",8,,,,Beni,"Sucursal Beni","No disponible",Salida,"Apertura con tarjeta de proximidad",
"08/09/2023 08:17",8,,,,Beni,"Sucursal Beni","No disponible",Salida,"Apertura con tarjeta de proximidad",
"08/09/2023 08:35",8708642,,,,Beni,"Sucursal Beni","No disponible",Salida,"Apertura con tarjeta de proximidad",
"08/09/2023 12:48",8,,,,Beni,"Sucursal Beni","No disponible",Salida,"Apertura con tarjeta de proximidad",
"08/09/2023 13:25",8,,,,Beni,"Sucursal Beni","No disponible",Salida,"Apertura con tarjeta de proximidad",
"08/09/2023 19:27",8708642,,,,Beni,"Sucursal Beni","No disponible",Salida,"Apertura con tarjeta de proximidad",
"08/09/2023 21:38",8,,,,Beni,"Sucursal Beni","No disponible",Salida,"Apertura con tarjeta de proximidad",
"11/09/2023 08:03",8,,,,Beni,"Sucursal Beni","No disponible",Salida,"Apertura con tarjeta de proximidad",
"11/09/2023 08:44",8708642,,,,Beni,"Sucursal Beni","No disponible",Salida,"Apertura con tarjeta de proximidad",
"11/09/2023 12:40",8,,,,Beni,"Sucursal Beni","No disponible",Salida,"Apertura con tarjeta de proximidad",
"11/09/2023 13:12",8,,,,Beni,"Sucursal Beni","No disponible",Salida,"Apertura con tarjeta de proximidad",
"11/09/2023 20:17",8708642,,,,Beni,"Sucursal Beni","No disponible",Salida,"Apertura con tarjeta de proximidad",
"11/09/2023 20:17",8,,,,Beni,"Sucursal Beni","No disponible",Salida,"Apertura con tarjeta de proximidad",
"12/09/2023 08:21",8,,,,Beni,"Sucursal Beni","No disponible",Salida,"Apertura con tarjeta de proximidad",
"12/09/2023 08:26",8708642,,,,Beni,"Sucursal Beni","No disponible",Salida,"Apertura con tarjeta de proximidad",
"12/09/2023 14:04",8,,,,Beni,"Sucursal Beni","No disponible",Salida,"Apertura con tarjeta de proximidad",
"12/09/2023 18:57",8708642,,,,Beni,"Sucursal Beni","No disponible",Salida,"Apertura con tarjeta de proximidad",
"12/09/2023 18:58",8,,,,Beni,"Sucursal Beni","No disponible",Salida,"Apertura con tarjeta de proximidad",
"13/09/2023 07:54",8,,,,Beni,"Sucursal Beni","No disponible",Salida,"Apertura con tarjeta de proximidad",
"13/09/2023 08:25",8708642,,,,Beni,"Sucursal Beni","No disponible",Salida,"Apertura con tarjeta de proximidad",
"13/09/2023 12:40",8,,,,Beni,"Sucursal Beni","No disponible",Salida,"Apertura con tarjeta de proximidad",
"13/09/2023 13:37",8,,,,Beni,"Sucursal Beni","No disponible",Salida,"Apertura con tarjeta de proximidad",
"13/09/2023 18:46",8708642,,,,Beni,"Sucursal Beni","No disponible",Salida,"Apertura con tarjeta de proximidad",
"13/09/2023 18:55",8,,,,Beni,"Sucursal Beni","No disponible",Salida,"Apertura con tarjeta de proximidad",
"14/09/2023 08:19",8708642,,,,Beni,"Sucursal Beni","No disponible",Salida,"Apertura con tarjeta de proximidad",
"14/09/2023 08:41",8,,,,Beni,"Sucursal Beni","No disponible",Salida,"Apertura con tarjeta de proximidad",
"14/09/2023 12:54",8,,,,Beni,"Sucursal Beni","No disponible",Salida,"Apertura con tarjeta de proximidad",
"14/09/2023 13:07",8,,,,Beni,"Sucursal Beni","No disponible",Salida,"Apertura con tarjeta de proximidad",
"14/09/2023 19:00",8708642,,,,Beni,"Sucursal Beni","No disponible",Salida,"Apertura con tarjeta de proximidad",
"14/09/2023 19:32",8,,,,Beni,"Sucursal Beni","No disponible",Salida,"Apertura con tarjeta de proximidad",
"15/09/2023 08:24",8708642,,,,Beni,"Sucursal Beni","No disponible",Salida,"Apertura con tarjeta de proximidad",
"15/09/2023 08:26",8,,,,Beni,"Sucursal Beni","No disponible",Salida,"Apertura con tarjeta de proximidad",
"15/09/2023 12:34",8,,,,Beni,"Sucursal Beni","No disponible",Salida,"Apertura con tarjeta de proximidad",
"15/09/2023 13:09",8,,,,Beni,"Sucursal Beni","No disponible",Salida,"Apertura con tarjeta de proximidad",
"15/09/2023 18:45",8708642,,,,Beni,"Sucursal Beni","No disponible",Salida,"Apertura con tarjeta de proximidad",
"15/09/2023 18:50",8,,,,Beni,"Sucursal Beni","No disponible",Salida,"Apertura con tarjeta de proximidad",
"18/09/2023 08:04",8,,,,Beni,"Sucursal Beni","No disponible",Salida,"Apertura con tarjeta de proximidad",
"18/09/2023 08:26",8708642,,,,Beni,"Sucursal Beni","No disponible",Salida,"Apertura con tarjeta de proximidad",
"18/09/2023 12:38",8,,,,Beni,"Sucursal Beni","No disponible",Salida,"Apertura con tarjeta de proximidad",
"18/09/2023 13:09",8,,,,Beni,"Sucursal Beni","No disponible",Salida,"Apertura con tarjeta de proximidad",
"18/09/2023 18:43",8708642,,,,Beni,"Sucursal Beni","No disponible",Salida,"Apertura con tarjeta de proximidad",
"18/09/2023 18:46",8,,,,Beni,"Sucursal Beni","No disponible",Salida,"Apertura con tarjeta de proximidad",
"19/09/2023 08:10",8,,,,Beni,"Sucursal Beni","No disponible",Salida,"Apertura con tarjeta de proximidad",
"19/09/2023 08:27",8708642,,,,Beni,"Sucursal Beni","No disponible",Salida,"Apertura con tarjeta de proximidad",
"19/09/2023 12:35",8,,,,Beni,"Sucursal Beni","No disponible",Salida,"Apertura con tarjeta de proximidad",
"19/09/2023 18:54",8708642,,,,Beni,"Sucursal Beni","No disponible",Salida,"Apertura con tarjeta de proximidad",
"19/09/2023 18:54",8,,,,Beni,"Sucursal Beni","No disponible",Salida,"Apertura con tarjeta de proximidad",
"20/09/2023 08:24",8,,,,Beni,"Sucursal Beni","No disponible",Salida,"Apertura con tarjeta de proximidad",
"20/09/2023 08:28",8708642,,,,Beni,"Sucursal Beni","No disponible",Salida,"Apertura con tarjeta de proximidad",
"20/09/2023 12:44",8,,,,Beni,"Sucursal Beni","No disponible",Salida,"Apertura con tarjeta de proximidad",
"20/09/2023 13:13",8,,,,Beni,"Sucursal Beni","No disponible",Salida,"Apertura con tarjeta de proximidad",
"20/09/2023 18:56",8708642,,,,Beni,"Sucursal Beni","No disponible",Salida,"Apertura con tarjeta de proximidad",
"20/09/2023 19:03",8,,,,Beni,"Sucursal Beni","No disponible",Salida,"Apertura con tarjeta de proximidad",
"21/09/2023 08:11",8,,,,Beni,"Sucursal Beni","No disponible",Salida,"Apertura con tarjeta de proximidad",
"21/09/2023 08:32",8708642,,,,Beni,"Sucursal Beni","No disponible",Salida,"Apertura con tarjeta de proximidad",
"21/09/2023 12:35",8,,,,Beni,"Sucursal Beni","No disponible",Salida,"Apertura con tarjeta de proximidad",
"21/09/2023 14:29",8,,,,Beni,"Sucursal Beni","No disponible",Salida,"Apertura con tarjeta de proximidad",
"21/09/2023 18:42",8708642,,,,Beni,"Sucursal Beni","No disponible",Salida,"Apertura con tarjeta de proximidad",
"21/09/2023 18:52",8,,,,Beni,"Sucursal Beni","No disponible",Salida,"Apertura con tarjeta de proximidad",
"22/09/2023 08:17",8,,,,Beni,"Sucursal Beni","No disponible",Salida,"Apertura con tarjeta de proximidad",
"22/09/2023 08:29",8708642,,,,Beni,"Sucursal Beni","No disponible",Salida,"Apertura con tarjeta de proximidad",
"22/09/2023 12:43",8,,,,Beni,"Sucursal Beni","No disponible",Salida,"Apertura con tarjeta de proximidad",
"22/09/2023 14:03",8,,,,Beni,"Sucursal Beni","No disponible",Salida,"Apertura con tarjeta de proximidad",
"22/09/2023 19:26",8708642,,,,Beni,"Sucursal Beni","No disponible",Salida,"Apertura con tarjeta de proximidad",
"22/09/2023 19:33",8,,,,Beni,"Sucursal Beni","No disponible",Salida,"Apertura con tarjeta de proximidad",
"25/09/2023 08:14",8,,,,Beni,"Sucursal Beni","No disponible",Salida,"Apertura con tarjeta de proximidad",
"25/09/2023 08:33",8708642,,,,Beni,"Sucursal Beni","No disponible",Salida,"Apertura con tarjeta de proximidad",
"25/09/2023 12:35",8,,,,Beni,"Sucursal Beni","No disponible",Salida,"Apertura con tarjeta de proximidad",
"25/09/2023 13:02",8,,,,Beni,"Sucursal Beni","No disponible",Salida,"Apertura con tarjeta de proximidad",
"25/09/2023 13:10",8,,,,Beni,"Sucursal Beni","No disponible",Salida,"Apertura con tarjeta de proximidad",
"25/09/2023 18:37",8,,,,Beni,"Sucursal Beni","No disponible",Salida,"Apertura con tarjeta de proximidad",
"25/09/2023 18:38",8708642,,,,Beni,"Sucursal Beni","No disponible",Salida,"Apertura con tarjeta de proximidad",
"26/09/2023 08:30",8,,,,Beni,"Sucursal Beni","No disponible",Salida,"Apertura con tarjeta de proximidad",
"26/09/2023 08:34",8708642,,,,Beni,"Sucursal Beni","No disponible",Salida,"Apertura con tarjeta de proximidad",
"26/09/2023 12:46",8,,,,Beni,"Sucursal Beni","No disponible",Salida,"Apertura con tarjeta de proximidad",
"26/09/2023 14:16",8,,,,Beni,"Sucursal Beni","No disponible",Salida,"Apertura con tarjeta de proximidad",
"26/09/2023 18:55",8708642,,,,Beni,"Sucursal Beni","No disponible",Salida,"Apertura con tarjeta de proximidad",
"26/09/2023 20:22",8,,,,Beni,"Sucursal Beni","No disponible",Salida,"Apertura con tarjeta de proximidad",
"27/09/2023 08:14",8,,,,Beni,"Sucursal Beni","No disponible",Salida,"Apertura con tarjeta de proximidad",
"27/09/2023 08:24",8708642,,,,Beni,"Sucursal Beni","No disponible",Salida,"Apertura con tarjeta de proximidad",
"27/09/2023 12:46",8,,,,Beni,"Sucursal Beni","No disponible",Salida,"Apertura con tarjeta de proximidad",
"27/09/2023 13:14",8,,,,Beni,"Sucursal Beni","No disponible",Salida,"Apertura con tarjeta de proximidad",
"27/09/2023 18:34",8708642,,,,Beni,"Sucursal Beni","No disponible",Salida,"Apertura con tarjeta de proximidad",
"27/09/2023 19:06",8,,,,Beni,"Sucursal Beni","No disponible",Salida,"Apertura con tarjeta de proximidad",
"28/09/2023 08:19",8,,,,Beni,"Sucursal Beni","No disponible",Salida,"Apertura con tarjeta de proximidad",
"28/09/2023 08:28",8708642,,,,Beni,"Sucursal Beni","No disponible",Salida,"Apertura con tarjeta de proximidad",
"28/09/2023 12:45",8,,,,Beni,"Sucursal Beni","No disponible",Salida,"Apertura con tarjeta de proximidad",
"28/09/2023 13:16",8,,,,Beni,"Sucursal Beni","No disponible",Salida,"Apertura con tarjeta de proximidad",
"28/09/2023 18:55",8,,,,Beni,"Sucursal Beni","No disponible",Salida,"Apertura con tarjeta de proximidad",
"28/09/2023 18:55",8708642,,,,Beni,"Sucursal Beni","No disponible",Salida,"Apertura con tarjeta de proximidad",
"29/09/2023 08:14",8708642,,,,Beni,"Sucursal Beni","No disponible",Salida,"Apertura con tarjeta de proximidad",
"29/09/2023 08:34",8,,,,Beni,"Sucursal Beni","No disponible",Salida,"Apertura con tarjeta de proximidad",
"29/09/2023 12:48",8,,,,Beni,"Sucursal Beni","No disponible",Salida,"Apertura con tarjeta de proximidad",
"29/09/2023 13:19",8,,,,Beni,"Sucursal Beni","No disponible",Salida,"Apertura con tarjeta de proximidad",
"29/09/2023 20:10",8708642,,,,Beni,"Sucursal Beni","No disponible",Salida,"Apertura con tarjeta de proximidad",
"29/09/2023 20:11",8,,,,Beni,"Sucursal Beni","No disponible",Salida,"Apertura con tarjeta de proximidad",
"02/10/2023 07:32",8,,,,Beni,"Sucursal Beni","No disponible",Salida,"Apertura con tarjeta de proximidad",
"02/10/2023 08:28",8708642,,,,Beni,"Sucursal Beni","No disponible",Salida,"Apertura con tarjeta de proximidad",
"02/10/2023 12:47",8,,,,Beni,"Sucursal Beni","No disponible",Salida,"Apertura con tarjeta de proximidad",
"02/10/2023 13:15",8,,,,Beni,"Sucursal Beni","No disponible",Salida,"Apertura con tarjeta de proximidad",
"02/10/2023 13:17",8,,,,Beni,"Sucursal Beni","No disponible",Salida,"Apertura con tarjeta de proximidad",
"02/10/2023 18:50",8708642,,,,Beni,"Sucursal Beni","No disponible",Salida,"Apertura con tarjeta de proximidad",
"02/10/2023 20:04",8,,,,Beni,"Sucursal Beni","No disponible",Salida,"Apertura con tarjeta de proximidad",
"03/10/2023 08:29",8,,,,Beni,"Sucursal Beni","No disponible",Salida,"Apertura con tarjeta de proximidad",
"03/10/2023 08:29",8708642,,,,Beni,"Sucursal Beni","No disponible",Salida,"Apertura con tarjeta de proximidad",
"03/10/2023 12:50",8,,,,Beni,"Sucursal Beni","No disponible",Salida,"Apertura con tarjeta de proximidad",
"03/10/2023 13:17",8,,,,Beni,"Sucursal Beni","No disponible",Salida,"Apertura con tarjeta de proximidad",
"03/10/2023 14:19",8,,,,Beni,"Sucursal Beni","No disponible",Salida,"Apertura con tarjeta de proximidad",
"03/10/2023 19:01",8,,,,Beni,"Sucursal Beni","No disponible",Salida,"Apertura con tarjeta de proximidad",
"04/10/2023 08:26",8708642,,,,Beni,"Sucursal Beni","No disponible",Salida,"Apertura con tarjeta de proximidad",
"04/10/2023 08:34",8,,,,Beni,"Sucursal Beni","No disponible",Salida,"Apertura con tarjeta de proximidad",
"04/10/2023 12:36",8,,,,Beni,"Sucursal Beni","No disponible",Salida,"Apertura con tarjeta de proximidad",
"04/10/2023 13:09",8,,,,Beni,"Sucursal Beni","No disponible",Salida,"Apertura con tarjeta de proximidad",
"04/10/2023 14:27",8,,,,Beni,"Sucursal Beni","No disponible",Salida,"Apertura con tarjeta de proximidad",
"04/10/2023 18:39",8708642,,,,Beni,"Sucursal Beni","No disponible",Salida,"Apertura con tarjeta de proximidad",
"04/10/2023 18:42",8,,,,Beni,"Sucursal Beni","No disponible",Salida,"Apertura con tarjeta de proximidad",
"05/10/2023 08:20",8,,,,Beni,"Sucursal Beni","No disponible",Salida,"Apertura con tarjeta de proximidad",
"05/10/2023 08:43",8708642,,,,Beni,"Sucursal Beni","No disponible",Salida,"Apertura con tarjeta de proximidad",
"05/10/2023 12:36",8,,,,Beni,"Sucursal Beni","No disponible",Salida,"Apertura con tarjeta de proximidad",
"05/10/2023 13:12",8,,,,Beni,"Sucursal Beni","No disponible",Salida,"Apertura con tarjeta de proximidad",
"05/10/2023 18:54",8,,,,Beni,"Sucursal Beni","No disponible",Salida,"Apertura con tarjeta de proximidad",
"05/10/2023 18:54",8708642,,,,Beni,"Sucursal Beni","No disponible",Salida,"Apertura con tarjeta de proximidad",
"06/10/2023 08:09",8,,,,Beni,"Sucursal Beni","No disponible",Salida,"Apertura con tarjeta de proximidad",
"06/10/2023 08:30",8708642,,,,Beni,"Sucursal Beni","No disponible",Salida,"Apertura con tarjeta de proximidad",
"06/10/2023 13:17",8,,,,Beni,"Sucursal Beni","No disponible",Salida,"Apertura con tarjeta de proximidad",
"06/10/2023 13:33",8,,,,Beni,"Sucursal Beni","No disponible",Salida,"Apertura con tarjeta de proximidad",
"06/10/2023 14:25",8,,,,Beni,"Sucursal Beni","No disponible",Salida,"Apertura con tarjeta de proximidad",
"06/10/2023 18:03",9,,,,Beni,"Sucursal Beni","No disponible",Salida,"Apertura con tarjeta de proximidad",
"06/10/2023 18:43",8,,,,Beni,"Sucursal Beni","No disponible",Salida,"Apertura con tarjeta de proximidad",
"06/10/2023 18:43",8708642,,,,Beni,"Sucursal Beni","No disponible",Salida,"Apertura con tarjeta de proximidad",
"06/10/2023 18:44",9,,,,Beni,"Sucursal Beni","No disponible",Salida,"Apertura con tarjeta de proximidad",
"09/10/2023 08:31",8708642,,,,Beni,"Sucursal Beni","No disponible",Salida,"Apertura con tarjeta de proximidad",
"09/10/2023 08:31",9,,,,Beni,"Sucursal Beni","No disponible",Salida,"Apertura con tarjeta de proximidad",
"09/10/2023 08:37",8,,,,Beni,"Sucursal Beni","No disponible",Salida,"Apertura con tarjeta de proximidad",
"09/10/2023 12:57",8,,,,Beni,"Sucursal Beni","No disponible",Salida,"Apertura con tarjeta de proximidad",
"09/10/2023 13:16",8,,,,Beni,"Sucursal Beni","No disponible",Salida,"Apertura con tarjeta de proximidad",
"09/10/2023 16:38",8708642,,,,Beni,"Sucursal Beni","No disponible",Salida,"Apertura con tarjeta de proximidad",
"09/10/2023 16:38",9,,,,Beni,"Sucursal Beni","No disponible",Salida,"Apertura con tarjeta de proximidad",
"09/10/2023 16:39",8,,,,Beni,"Sucursal Beni","No disponible",Salida,"Apertura con tarjeta de proximidad",
"10/10/2023 08:32",9,,,,Beni,"Sucursal Beni","No disponible",Salida,"Apertura con tarjeta de proximidad",
"10/10/2023 08:34",8,,,,Beni,"Sucursal Beni","No disponible",Salida,"Apertura con tarjeta de proximidad",
"10/10/2023 08:39",8708642,,,,Beni,"Sucursal Beni","No disponible",Salida,"Apertura con tarjeta de proximidad",
"10/10/2023 12:40",8,,,,Beni,"Sucursal Beni","No disponible",Salida,"Apertura con tarjeta de proximidad",
"10/10/2023 13:24",8,,,,Beni,"Sucursal Beni","No disponible",Salida,"Apertura con tarjeta de proximidad",
"10/10/2023 18:48",8708642,,,,Beni,"Sucursal Beni","No disponible",Salida,"Apertura con tarjeta de proximidad",
"10/10/2023 18:49",9,,,,Beni,"Sucursal Beni","No disponible",Salida,"Apertura con tarjeta de proximidad",
"10/10/2023 18:51",8,,,,Beni,"Sucursal Beni","No disponible",Salida,"Apertura con tarjeta de proximidad",
"11/10/2023 08:22",8,,,,Beni,"Sucursal Beni","No disponible",Salida,"Apertura con tarjeta de proximidad",
"11/10/2023 08:28",9,,,,Beni,"Sucursal Beni","No disponible",Salida,"Apertura con tarjeta de proximidad",
"11/10/2023 08:41",8708642,,,,Beni,"Sucursal Beni","No disponible",Salida,"Apertura con tarjeta de proximidad",
"11/10/2023 12:42",8,,,,Beni,"Sucursal Beni","No disponible",Salida,"Apertura con tarjeta de proximidad",
"11/10/2023 13:13",8,,,,Beni,"Sucursal Beni","No disponible",Salida,"Apertura con tarjeta de proximidad",
"11/10/2023 14:55",8,,,,Beni,"Sucursal Beni","No disponible",Salida,"Apertura con tarjeta de proximidad",
"11/10/2023 19:02",8708642,,,,Beni,"Sucursal Beni","No disponible",Salida,"Apertura con tarjeta de proximidad",
"11/10/2023 19:03",9,,,,Beni,"Sucursal Beni","No disponible",Salida,"Apertura con tarjeta de proximidad",
"12/10/2023 08:17",8708642,,,,Beni,"Sucursal Beni","No disponible",Salida,"Apertura con tarjeta de proximidad",
"12/10/2023 08:28",9,,,,Beni,"Sucursal Beni","No disponible",Salida,"Apertura con tarjeta de proximidad",
"12/10/2023 08:34",8,,,,Beni,"Sucursal Beni","No disponible",Salida,"Apertura con tarjeta de proximidad",
"12/10/2023 12:46",8,,,,Beni,"Sucursal Beni","No disponible",Salida,"Apertura con tarjeta de proximidad",
"12/10/2023 13:13",8,,,,Beni,"Sucursal Beni","No disponible",Salida,"Apertura con tarjeta de proximidad",
"12/10/2023 18:35",8708642,,,,Beni,"Sucursal Beni","No disponible",Salida,"Apertura con tarjeta de proximidad",
"12/10/2023 18:42",8,,,,Beni,"Sucursal Beni","No disponible",Salida,"Apertura con tarjeta de proximidad",
"12/10/2023 18:52",9,,,,Beni,"Sucursal Beni","No disponible",Salida,"Apertura con tarjeta de proximidad",
"13/10/2023 08:26",8708642,,,,Beni,"Sucursal Beni","No disponible",Salida,"Apertura con tarjeta de proximidad",
"13/10/2023 08:28",9,,,,Beni,"Sucursal Beni","No disponible",Salida,"Apertura con tarjeta de proximidad",
"13/10/2023 08:36",8,,,,Beni,"Sucursal Beni","No disponible",Salida,"Apertura con tarjeta de proximidad",
"13/10/2023 12:54",8,,,,Beni,"Sucursal Beni","No disponible",Salida,"Apertura con tarjeta de proximidad",
"13/10/2023 13:06",8,,,,Beni,"Sucursal Beni","No disponible",Salida,"Apertura con tarjeta de proximidad",
"13/10/2023 18:44",8708642,,,,Beni,"Sucursal Beni","No disponible",Salida,"Apertura con tarjeta de proximidad",
"13/10/2023 18:45",9,,,,Beni,"Sucursal Beni","No disponible",Salida,"Apertura con tarjeta de proximidad",
"13/10/2023 18:46",8,,,,Beni,"Sucursal Beni","No disponible",Salida,"Apertura con tarjeta de proximidad",
"14/10/2023 09:03",9,,,,Beni,"Sucursal Beni","No disponible",Salida,"Apertura con tarjeta de proximidad",
"16/10/2023 08:25",8,,,,Beni,"Sucursal Beni","No disponible",Salida,"Apertura con tarjeta de proximidad",
"16/10/2023 08:26",9,,,,Beni,"Sucursal Beni","No disponible",Salida,"Apertura con tarjeta de proximidad",
"16/10/2023 08:29",8708642,,,,Beni,"Sucursal Beni","No disponible",Salida,"Apertura con tarjeta de proximidad",
"16/10/2023 13:00",8,,,,Beni,"Sucursal Beni","No disponible",Salida,"Apertura con tarjeta de proximidad",
"16/10/2023 13:17",8,,,,Beni,"Sucursal Beni","No disponible",Salida,"Apertura con tarjeta de proximidad",
"16/10/2023 18:47",8708642,,,,Beni,"Sucursal Beni","No disponible",Salida,"Apertura con tarjeta de proximidad",
"16/10/2023 18:47",9,,,,Beni,"Sucursal Beni","No disponible",Salida,"Apertura con tarjeta de proximidad",
"16/10/2023 18:49",8,,,,Beni,"Sucursal Beni","No disponible",Salida,"Apertura con tarjeta de proximidad",
"17/10/2023 08:26",8708642,,,,Beni,"Sucursal Beni","No disponible",Salida,"Apertura con tarjeta de proximidad",
"17/10/2023 08:31",9,,,,Beni,"Sucursal Beni","No disponible",Salida,"Apertura con tarjeta de proximidad",
"17/10/2023 08:32",8,,,,Beni,"Sucursal Beni","No disponible",Salida,"Apertura con tarjeta de proximidad",
"17/10/2023 12:48",8,,,,Beni,"Sucursal Beni","No disponible",Salida,"Apertura con tarjeta de proximidad",
"17/10/2023 13:15",8,,,,Beni,"Sucursal Beni","No disponible",Salida,"Apertura con tarjeta de proximidad",
"17/10/2023 18:35",8,,,,Beni,"Sucursal Beni","No disponible",Salida,"Apertura con tarjeta de proximidad",
"17/10/2023 18:35",9,,,,Beni,"Sucursal Beni","No disponible",Salida,"Apertura con tarjeta de proximidad",
"17/10/2023 18:36",8708642,,,,Beni,"Sucursal Beni","No disponible",Salida,"Apertura con tarjeta de proximidad",
"18/10/2023 08:26",8,,,,Beni,"Sucursal Beni","No disponible",Salida,"Apertura con tarjeta de proximidad",
"18/10/2023 08:28",8708642,,,,Beni,"Sucursal Beni","No disponible",Salida,"Apertura con tarjeta de proximidad",
"18/10/2023 08:34",9,,,,Beni,"Sucursal Beni","No disponible",Salida,"Apertura con tarjeta de proximidad",
"18/10/2023 12:39",8,,,,Beni,"Sucursal Beni","No disponible",Salida,"Apertura con tarjeta de proximidad",
"18/10/2023 13:40",8,,,,Beni,"Sucursal Beni","No disponible",Salida,"Apertura con tarjeta de proximidad",
"18/10/2023 18:43",8708642,,,,Beni,"Sucursal Beni","No disponible",Salida,"Apertura con tarjeta de proximidad",
"18/10/2023 18:43",9,,,,Beni,"Sucursal Beni","No disponible",Salida,"Apertura con tarjeta de proximidad",
"18/10/2023 18:43",8,,,,Beni,"Sucursal Beni","No disponible",Salida,"Apertura con tarjeta de proximidad",
"19/10/2023 08:30",8,,,,Beni,"Sucursal Beni","No disponible",Salida,"Apertura con tarjeta de proximidad",
"19/10/2023 08:31",9,,,,Beni,"Sucursal Beni","No disponible",Salida,"Apertura con tarjeta de proximidad",
"19/10/2023 08:39",8708642,,,,Beni,"Sucursal Beni","No disponible",Salida,"Apertura con tarjeta de proximidad",
"19/10/2023 12:36",8,,,,Beni,"Sucursal Beni","No disponible",Salida,"Apertura con tarjeta de proximidad",
"19/10/2023 13:22",8,,,,Beni,"Sucursal Beni","No disponible",Salida,"Apertura con tarjeta de proximidad",
"19/10/2023 14:09",8,,,,Beni,"Sucursal Beni","No disponible",Salida,"Apertura con tarjeta de proximidad",
"19/10/2023 18:33",8708642,,,,Beni,"Sucursal Beni","No disponible",Salida,"Apertura con tarjeta de proximidad",
"19/10/2023 18:33",8,,,,Beni,"Sucursal Beni","No disponible",Salida,"Apertura con tarjeta de proximidad",
"19/10/2023 18:33",9,,,,Beni,"Sucursal Beni","No disponible",Salida,"Apertura con tarjeta de proximidad",
"20/10/2023 08:27",9,,,,Beni,"Sucursal Beni","No disponible",Salida,"Apertura con tarjeta de proximidad",
"20/10/2023 08:29",8708642,,,,Beni,"Sucursal Beni","No disponible",Salida,"Apertura con tarjeta de proximidad",
"20/10/2023 08:30",8,,,,Beni,"Sucursal Beni","No disponible",Salida,"Apertura con tarjeta de proximidad",
"20/10/2023 12:32",8,,,,Beni,"Sucursal Beni","No disponible","Estado 15","Apertura con tarjeta de proximidad",
"20/10/2023 13:32",8,,,,Beni,"Sucursal Beni","No disponible",Salida,"Apertura con tarjeta de proximidad",
"20/10/2023 13:53",8,,,,Beni,"Sucursal Beni","No disponible",Salida,"Apertura con tarjeta de proximidad",
"20/10/2023 18:36",8,,,,Beni,"Sucursal Beni","No disponible",Salida,"Apertura con tarjeta de proximidad",
"20/10/2023 18:38",8708642,,,,Beni,"Sucursal Beni","No disponible",Salida,"Apertura con tarjeta de proximidad",
"20/10/2023 18:39",9,,,,Beni,"Sucursal Beni","No disponible",Salida,"Apertura con tarjeta de proximidad",
"23/10/2023 07:43",8,,,,Beni,"Sucursal Beni","No disponible",Salida,"Apertura con tarjeta de proximidad",
"23/10/2023 08:23",9,,,,Beni,"Sucursal Beni","No disponible",Salida,"Apertura con tarjeta de proximidad",
"23/10/2023 08:26",8708642,,,,Beni,"Sucursal Beni","No disponible",Salida,"Apertura con tarjeta de proximidad",
"23/10/2023 12:34",8,,,,Beni,"Sucursal Beni","No disponible",Salida,"Apertura con tarjeta de proximidad",
"23/10/2023 12:58",8,,,,Beni,"Sucursal Beni","No disponible",Salida,"Apertura con tarjeta de proximidad",
"23/10/2023 13:00",8,,,,Beni,"Sucursal Beni","No disponible",Salida,"Apertura con tarjeta de proximidad",
"23/10/2023 18:38",8708642,,,,Beni,"Sucursal Beni","No disponible",Salida,"Apertura con tarjeta de proximidad",
"23/10/2023 18:38",9,,,,Beni,"Sucursal Beni","No disponible",Salida,"Apertura con tarjeta de proximidad",
"23/10/2023 19:18",8,,,,Beni,"Sucursal Beni","No disponible",Salida,"Apertura con tarjeta de proximidad",
"24/10/2023 08:12",8708642,,,,Beni,"Sucursal Beni","No disponible",Salida,"Apertura con tarjeta de proximidad",
"24/10/2023 08:23",9,,,,Beni,"Sucursal Beni","No disponible",Salida,"Apertura con tarjeta de proximidad",
"24/10/2023 08:30",8,,,,Beni,"Sucursal Beni","No disponible",Salida,"Apertura con tarjeta de proximidad",
"24/10/2023 12:41",8,,,,Beni,"Sucursal Beni","No disponible",Salida,"Apertura con tarjeta de proximidad",
"24/10/2023 13:52",8,,,,Beni,"Sucursal Beni","No disponible",Salida,"Apertura con tarjeta de proximidad",
"24/10/2023 18:33",8708642,,,,Beni,"Sucursal Beni","No disponible",Salida,"Apertura con tarjeta de proximidad",
"24/10/2023 18:35",8,,,,Beni,"Sucursal Beni","No disponible",Salida,"Apertura con tarjeta de proximidad",
"24/10/2023 18:39",9,,,,Beni,"Sucursal Beni","No disponible",Salida,"Apertura con tarjeta de proximidad",
"25/10/2023 08:23",8708642,,,,Beni,"Sucursal Beni","No disponible",Salida,"Apertura con tarjeta de proximidad",
"25/10/2023 08:25",9,,,,Beni,"Sucursal Beni","No disponible",Salida,"Apertura con tarjeta de proximidad",
"25/10/2023 08:26",8,,,,Beni,"Sucursal Beni","No disponible",Salida,"Apertura con tarjeta de proximidad",
"25/10/2023 12:43",8,,,,Beni,"Sucursal Beni","No disponible",Salida,"Apertura con tarjeta de proximidad",
"25/10/2023 13:22",8,,,,Beni,"Sucursal Beni","No disponible",Salida,"Apertura con tarjeta de proximidad",
"25/10/2023 19:01",8708642,,,,Beni,"Sucursal Beni","No disponible",Salida,"Apertura con tarjeta de proximidad",
"25/10/2023 19:01",8,,,,Beni,"Sucursal Beni","No disponible",Salida,"Apertura con tarjeta de proximidad",
"25/10/2023 19:02",9,,,,Beni,"Sucursal Beni","No disponible",Salida,"Apertura con tarjeta de proximidad",
"26/10/2023 08:14",8708642,,,,Beni,"Sucursal Beni","No disponible",Salida,"Apertura con tarjeta de proximidad",
"26/10/2023 08:17",9,,,,Beni,"Sucursal Beni","No disponible",Salida,"Apertura con tarjeta de proximidad",
"26/10/2023 08:28",8,,,,Beni,"Sucursal Beni","No disponible",Salida,"Apertura con tarjeta de proximidad",
"26/10/2023 12:45",8,,,,Beni,"Sucursal Beni","No disponible",Salida,"Apertura con tarjeta de proximidad",
"26/10/2023 13:39",8,,,,Beni,"Sucursal Beni","No disponible",Salida,"Apertura con tarjeta de proximidad",
"26/10/2023 18:34",8,,,,Beni,"Sucursal Beni","No disponible",Salida,"Apertura con tarjeta de proximidad",
"26/10/2023 18:35",8708642,,,,Beni,"Sucursal Beni","No disponible",Salida,"Apertura con tarjeta de proximidad",
"26/10/2023 18:36",9,,,,Beni,"Sucursal Beni","No disponible",Salida,"Apertura con tarjeta de proximidad",
"27/10/2023 08:26",9,,,,Beni,"Sucursal Beni","No disponible",Salida,"Apertura con tarjeta de proximidad",
"27/10/2023 08:28",8,,,,Beni,"Sucursal Beni","No disponible",Salida,"Apertura con tarjeta de proximidad",
"27/10/2023 08:39",8708642,,,,Beni,"Sucursal Beni","No disponible",Salida,"Apertura con tarjeta de proximidad",
"27/10/2023 12:41",8,,,,Beni,"Sucursal Beni","No disponible",Salida,"Apertura con tarjeta de proximidad",
"27/10/2023 14:09",8,,,,Beni,"Sucursal Beni","No disponible",Salida,"Apertura con tarjeta de proximidad",
"27/10/2023 18:36",8,,,,Beni,"Sucursal Beni","No disponible",Salida,"Apertura con tarjeta de proximidad",
"27/10/2023 18:36",8708642,,,,Beni,"Sucursal Beni","No disponible",Salida,"Apertura con tarjeta de proximidad",
"27/10/2023 19:00",9,,,,Beni,"Sucursal Beni","No disponible",Salida,"Apertura con tarjeta de proximidad",
"30/10/2023 08:20",8708642,,,,Beni,"Sucursal Beni","No disponible",Salida,"Apertura con tarjeta de proximidad",
"30/10/2023 08:20",8,,,,Beni,"Sucursal Beni","No disponible",Salida,"Apertura con tarjeta de proximidad",
"30/10/2023 08:28",9,,,,Beni,"Sucursal Beni","No disponible",Salida,"Apertura con tarjeta de proximidad",
"30/10/2023 12:49",8,,,,Beni,"Sucursal Beni","No disponible",Salida,"Apertura con tarjeta de proximidad",
"30/10/2023 14:26",8,,,,Beni,"Sucursal Beni","No disponible",Salida,"Apertura con tarjeta de proximidad",
"30/10/2023 19:03",8708642,,,,Beni,"Sucursal Beni","No disponible",Salida,"Apertura con tarjeta de proximidad",
"30/10/2023 19:03",9,,,,Beni,"Sucursal Beni","No disponible",Salida,"Apertura con tarjeta de proximidad",
"30/10/2023 19:05",8,,,,Beni,"Sucursal Beni","No disponible",Salida,"Apertura con tarjeta de proximidad",
"31/10/2023 08:22",8,,,,Beni,"Sucursal Beni","No disponible",Salida,"Apertura con tarjeta de proximidad",
"31/10/2023 08:26",8708642,,,,Beni,"Sucursal Beni","No disponible",Salida,"Apertura con tarjeta de proximidad",
"31/10/2023 08:26",9,,,,Beni,"Sucursal Beni","No disponible",Salida,"Apertura con tarjeta de proximidad",
"31/10/2023 12:38",8,,,,Beni,"Sucursal Beni","No disponible",Salida,"Apertura con tarjeta de proximidad",
"31/10/2023 13:21",8,,,,Beni,"Sucursal Beni","No disponible",Salida,"Apertura con tarjeta de proximidad",
"31/10/2023 13:34",8,,,,Beni,"Sucursal Beni","No disponible",Salida,"Apertura con tarjeta de proximidad",
"31/10/2023 19:38",8708642,,,,Beni,"Sucursal Beni","No disponible",Salida,"Apertura con tarjeta de proximidad",
"31/10/2023 19:39",9,,,,Beni,"Sucursal Beni","No disponible",Salida,"Apertura con tarjeta de proximidad",
"31/10/2023 19:49",8,,,,Beni,"Sucursal Beni","No disponible",Salida,"Apertura con tarjeta de proximidad",
"01/11/2023 08:28",8708642,,,,Beni,"Sucursal Beni","No disponible",Salida,"Apertura con tarjeta de proximidad",
"01/11/2023 08:32",9,,,,Beni,"Sucursal Beni","No disponible",Salida,"Apertura con tarjeta de proximidad",
"01/11/2023 08:32",8,,,,Beni,"Sucursal Beni","No disponible",Salida,"Apertura con tarjeta de proximidad",
"01/11/2023 13:00",8,,,,Beni,"Sucursal Beni","No disponible",Salida,"Apertura con tarjeta de proximidad",
"01/11/2023 14:51",8708642,,,,Beni,"Sucursal Beni","No disponible",Salida,"Apertura con tarjeta de proximidad",
"01/11/2023 14:51",9,,,,Beni,"Sucursal Beni","No disponible",Salida,"Apertura con tarjeta de proximidad",
"01/11/2023 14:54",8,,,,Beni,"Sucursal Beni","No disponible",Salida,"Apertura con tarjeta de proximidad",
"03/11/2023 08:13",8,,,,Beni,"Sucursal Beni","No disponible",Salida,"Apertura con tarjeta de proximidad",
"03/11/2023 08:26",9,,,,Beni,"Sucursal Beni","No disponible",Salida,"Apertura con tarjeta de proximidad",
"03/11/2023 08:33",8708642,,,,Beni,"Sucursal Beni","No disponible",Salida,"Apertura con tarjeta de proximidad",
"03/11/2023 13:02",8,,,,Beni,"Sucursal Beni","No disponible",Salida,"Apertura con tarjeta de proximidad",
"03/11/2023 13:21",8,,,,Beni,"Sucursal Beni","No disponible",Salida,"Apertura con tarjeta de proximidad",
"03/11/2023 14:16",8,,,,Beni,"Sucursal Beni","No disponible",Salida,"Apertura con tarjeta de proximidad",
"03/11/2023 19:14",8708642,,,,Beni,"Sucursal Beni","No disponible",Salida,"Apertura con tarjeta de proximidad",
"03/11/2023 19:14",9,,,,Beni,"Sucursal Beni","No disponible",Salida,"Apertura con tarjeta de proximidad",
"03/11/2023 19:14",8,,,,Beni,"Sucursal Beni","No disponible",Salida,"Apertura con tarjeta de proximidad",
"06/11/2023 07:35",8,,,,Beni,"Sucursal Beni","No disponible",Salida,"Apertura con tarjeta de proximidad",
"06/11/2023 08:28",9,,,,Beni,"Sucursal Beni","No disponible",Salida,"Apertura con tarjeta de proximidad",
"06/11/2023 08:31",8708642,,,,Beni,"Sucursal Beni","No disponible",Salida,"Apertura con tarjeta de proximidad",
"06/11/2023 12:47",8,,,,Beni,"Sucursal Beni","No disponible",Salida,"Apertura con tarjeta de proximidad",
"06/11/2023 13:05",8,,,,Beni,"Sucursal Beni","No disponible",Salida,"Apertura con tarjeta de proximidad",
"06/11/2023 18:46",8708642,,,,Beni,"Sucursal Beni","No disponible",Salida,"Apertura con tarjeta de proximidad",
"06/11/2023 19:33",9,,,,Beni,"Sucursal Beni","No disponible",Salida,"Apertura con tarjeta de proximidad",
"06/11/2023 19:49",8,,,,Beni,"Sucursal Beni","No disponible",Salida,"Apertura con tarjeta de proximidad",
"07/11/2023 07:35",8708642,,,,Beni,"Sucursal Beni","No disponible",Salida,"Apertura con tarjeta de proximidad",
"07/11/2023 08:37",9,,,,Beni,"Sucursal Beni","No disponible",Salida,"Apertura con tarjeta de proximidad",
"07/11/2023 08:37",8,,,,Beni,"Sucursal Beni","No disponible",Salida,"Apertura con tarjeta de proximidad",
"07/11/2023 12:46",8,,,,Beni,"Sucursal Beni","No disponible",Salida,"Apertura con tarjeta de proximidad",
"07/11/2023 13:36",8,,,,Beni,"Sucursal Beni","No disponible",Salida,"Apertura con tarjeta de proximidad",
"07/11/2023 18:44",9,,,,Beni,"Sucursal Beni","No disponible",Salida,"Apertura con tarjeta de proximidad",
"07/11/2023 18:56",8708642,,,,Beni,"Sucursal Beni","No disponible",Salida,"Apertura con tarjeta de proximidad",
"07/11/2023 18:59",8,,,,Beni,"Sucursal Beni","No disponible",Salida,"Apertura con tarjeta de proximidad",
"08/11/2023 08:22",8708642,,,,Beni,"Sucursal Beni","No disponible",Salida,"Apertura con tarjeta de proximidad",
"08/11/2023 08:30",9,,,,Beni,"Sucursal Beni","No disponible",Salida,"Apertura con tarjeta de proximidad",
"08/11/2023 08:36",8,,,,Beni,"Sucursal Beni","No disponible",Salida,"Apertura con tarjeta de proximidad",
"08/11/2023 12:35",8,,,,Beni,"Sucursal Beni","No disponible",Salida,"Apertura con tarjeta de proximidad",
"08/11/2023 13:47",8,,,,Beni,"Sucursal Beni","No disponible",Salida,"Apertura con tarjeta de proximidad",
"08/11/2023 14:28",8,,,,Beni,"Sucursal Beni","No disponible",Salida,"Apertura con tarjeta de proximidad",
"08/11/2023 18:43",8708642,,,,Beni,"Sucursal Beni","No disponible",Salida,"Apertura con tarjeta de proximidad",
"08/11/2023 18:43",9,,,,Beni,"Sucursal Beni","No disponible",Salida,"Apertura con tarjeta de proximidad",
"08/11/2023 18:44",8,,,,Beni,"Sucursal Beni","No disponible",Salida,"Apertura con tarjeta de proximidad",
"09/11/2023 08:30",8,,,,Beni,"Sucursal Beni","No disponible",Salida,"Apertura con tarjeta de proximidad",
"09/11/2023 08:31",9,,,,Beni,"Sucursal Beni","No disponible",Salida,"Apertura con tarjeta de proximidad",
"09/11/2023 08:35",8708642,,,,Beni,"Sucursal Beni","No disponible",Salida,"Apertura con tarjeta de proximidad",
"09/11/2023 12:37",8,,,,Beni,"Sucursal Beni","No disponible",Salida,"Apertura con tarjeta de proximidad",
"09/11/2023 13:23",8,,,,Beni,"Sucursal Beni","No disponible",Salida,"Apertura con tarjeta de proximidad",
"09/11/2023 19:09",8,,,,Beni,"Sucursal Beni","No disponible",Salida,"Apertura con tarjeta de proximidad",
"09/11/2023 19:12",8708642,,,,Beni,"Sucursal Beni","No disponible",Salida,"Apertura con tarjeta de proximidad",
"09/11/2023 19:15",9,,,,Beni,"Sucursal Beni","No disponible",Salida,"Apertura con tarjeta de proximidad",
"10/11/2023 08:33",8708642,,,,Beni,"Sucursal Beni","No disponible",Salida,"Apertura con tarjeta de proximidad",
"13/11/2023 08:25",8,,,,Beni,"Sucursal Beni","No disponible",Salida,"Apertura con tarjeta de proximidad",
"13/11/2023 08:25",8708642,,,,Beni,"Sucursal Beni","No disponible",Salida,"Apertura con tarjeta de proximidad",
"13/11/2023 08:29",9,,,,Beni,"Sucursal Beni","No disponible",Salida,"Apertura con tarjeta de proximidad",
"13/11/2023 12:44",8,,,,Beni,"Sucursal Beni","No disponible",Salida,"Apertura con tarjeta de proximidad",
"13/11/2023 13:07",8,,,,Beni,"Sucursal Beni","No disponible",Salida,"Apertura con tarjeta de proximidad",
"13/11/2023 18:52",8708642,,,,Beni,"Sucursal Beni","No disponible",Salida,"Apertura con tarjeta de proximidad",
"13/11/2023 18:52",9,,,,Beni,"Sucursal Beni","No disponible",Salida,"Apertura con tarjeta de proximidad",
"13/11/2023 18:54",8,,,,Beni,"Sucursal Beni","No disponible",Salida,"Apertura con tarjeta de proximidad",
"14/11/2023 08:25",8708642,,,,Beni,"Sucursal Beni","No disponible",Salida,"Apertura con tarjeta de proximidad",
"14/11/2023 08:31",9,,,,Beni,"Sucursal Beni","No disponible",Salida,"Apertura con tarjeta de proximidad",
"14/11/2023 08:35",8,,,,Beni,"Sucursal Beni","No disponible",Salida,"Apertura con tarjeta de proximidad",
"14/11/2023 12:44",8,,,,Beni,"Sucursal Beni","No disponible",Salida,"Apertura con tarjeta de proximidad",
"14/11/2023 13:07",8,,,,Beni,"Sucursal Beni","No disponible",Salida,"Apertura con tarjeta de proximidad",
"14/11/2023 18:54",8708642,,,,Beni,"Sucursal Beni","No disponible",Salida,"Apertura con tarjeta de proximidad",
"14/11/2023 18:54",9,,,,Beni,"Sucursal Beni","No disponible",Salida,"Apertura con tarjeta de proximidad",
"14/11/2023 19:11",8,,,,Beni,"Sucursal Beni","No disponible",Salida,"Apertura con tarjeta de proximidad",
"15/11/2023 08:27",8708642,,,,Beni,"Sucursal Beni","No disponible",Salida,"Apertura con tarjeta de proximidad",
"15/11/2023 08:30",9,,,,Beni,"Sucursal Beni","No disponible",Salida,"Apertura con tarjeta de proximidad",
"15/11/2023 08:37",8,,,,Beni,"Sucursal Beni","No disponible",Salida,"Apertura con tarjeta de proximidad",
"15/11/2023 12:52",8,,,,Beni,"Sucursal Beni","No disponible",Salida,"Apertura con tarjeta de proximidad",
"15/11/2023 13:15",8,,,,Beni,"Sucursal Beni","No disponible",Salida,"Apertura con tarjeta de proximidad",
"15/11/2023 18:52",8708642,,,,Beni,"Sucursal Beni","No disponible",Salida,"Apertura con tarjeta de proximidad",
"15/11/2023 18:52",9,,,,Beni,"Sucursal Beni","No disponible",Salida,"Apertura con tarjeta de proximidad",
"15/11/2023 19:33",8,,,,Beni,"Sucursal Beni","No disponible",Salida,"Apertura con tarjeta de proximidad",
"16/11/2023 08:17",8,,,,Beni,"Sucursal Beni","No disponible",Salida,"Apertura con tarjeta de proximidad",
"16/11/2023 08:26",8708642,,,,Beni,"Sucursal Beni","No disponible",Salida,"Apertura con tarjeta de proximidad",
"16/11/2023 08:32",9,,,,Beni,"Sucursal Beni","No disponible",Salida,"Apertura con tarjeta de proximidad",
"16/11/2023 12:45",8,,,,Beni,"Sucursal Beni","No disponible",Salida,"Apertura con tarjeta de proximidad",
"16/11/2023 13:18",8,,,,Beni,"Sucursal Beni","No disponible",Salida,"Apertura con tarjeta de proximidad",
"16/11/2023 18:57",8708642,,,,Beni,"Sucursal Beni","No disponible",Salida,"Apertura con tarjeta de proximidad",
"16/11/2023 19:18",9,,,,Beni,"Sucursal Beni","No disponible",Salida,"Apertura con tarjeta de proximidad",
"16/11/2023 19:18",8,,,,Beni,"Sucursal Beni","No disponible",Salida,"Apertura con tarjeta de proximidad",
"17/11/2023 08:19",8708642,,,,Beni,"Sucursal Beni","No disponible",Salida,"Apertura con tarjeta de proximidad",
"17/11/2023 08:36",9,,,,Beni,"Sucursal Beni","No disponible",Salida,"Apertura con tarjeta de proximidad",
"17/11/2023 08:38",8,,,,Beni,"Sucursal Beni","No disponible",Salida,"Apertura con tarjeta de proximidad",
"17/11/2023 12:58",8,,,,Beni,"Sucursal Beni","No disponible",Salida,"Apertura con tarjeta de proximidad",
"17/11/2023 14:30",8,,,,Beni,"Sucursal Beni","No disponible",Salida,"Apertura con tarjeta de proximidad",
"17/11/2023 18:41",8708642,,,,Beni,"Sucursal Beni","No disponible",Salida,"Apertura con tarjeta de proximidad",
"17/11/2023 18:44",8,,,,Beni,"Sucursal Beni","No disponible",Salida,"Apertura con tarjeta de proximidad",
"17/11/2023 18:45",9,,,,Beni,"Sucursal Beni","No disponible",Salida,"Apertura con tarjeta de proximidad",
"20/11/2023 08:28",8,,,,Beni,"Sucursal Beni","No disponible",Salida,"Apertura con tarjeta de proximidad",
"20/11/2023 08:29",8708642,,,,Beni,"Sucursal Beni","No disponible",Salida,"Apertura con tarjeta de proximidad",
"20/11/2023 08:30",9,,,,Beni,"Sucursal Beni","No disponible",Salida,"Apertura con tarjeta de proximidad",
"20/11/2023 13:00",8,,,,Beni,"Sucursal Beni","No disponible",Salida,"Apertura con tarjeta de proximidad",
"20/11/2023 13:06",8,,,,Beni,"Sucursal Beni","No disponible",Salida,"Apertura con tarjeta de proximidad",
"20/11/2023 14:04",8,,,,Beni,"Sucursal Beni","No disponible",Salida,"Apertura con tarjeta de proximidad",
"20/11/2023 18:49",8,,,,Beni,"Sucursal Beni","No disponible",Salida,"Apertura con tarjeta de proximidad",
"20/11/2023 18:49",9,,,,Beni,"Sucursal Beni","No disponible",Salida,"Apertura con tarjeta de proximidad",
"20/11/2023 18:49",8708642,,,,Beni,"Sucursal Beni","No disponible",Salida,"Apertura con tarjeta de proximidad",
"21/11/2023 08:36",8,,,,Beni,"Sucursal Beni","No disponible",Salida,"Apertura con tarjeta de proximidad",
"21/11/2023 08:36",9,,,,Beni,"Sucursal Beni","No disponible",Salida,"Apertura con tarjeta de proximidad",
"21/11/2023 08:37",8708642,,,,Beni,"Sucursal Beni","No disponible",Salida,"Apertura con tarjeta de proximidad",
"21/11/2023 12:40",8,,,,Beni,"Sucursal Beni","No disponible",Salida,"Apertura con tarjeta de proximidad",
"21/11/2023 13:20",8,,,,Beni,"Sucursal Beni","No disponible",Salida,"Apertura con tarjeta de proximidad",
"21/11/2023 13:53",8,,,,Beni,"Sucursal Beni","No disponible",Salida,"Apertura con tarjeta de proximidad",
"21/11/2023 18:56",8708642,,,,Beni,"Sucursal Beni","No disponible",Salida,"Apertura con tarjeta de proximidad",
"21/11/2023 18:56",9,,,,Beni,"Sucursal Beni","No disponible",Salida,"Apertura con tarjeta de proximidad",
"21/11/2023 19:01",8,,,,Beni,"Sucursal Beni","No disponible",Salida,"Apertura con tarjeta de proximidad",
"22/11/2023 08:31",8708642,,,,Beni,"Sucursal Beni","No disponible",Salida,"Apertura con tarjeta de proximidad",
"22/11/2023 08:31",9,,,,Beni,"Sucursal Beni","No disponible",Salida,"Apertura con tarjeta de proximidad",
"22/11/2023 08:31",8,,,,Beni,"Sucursal Beni","No disponible",Salida,"Apertura con tarjeta de proximidad",
"22/11/2023 12:49",8,,,,Beni,"Sucursal Beni","No disponible",Salida,"Apertura con tarjeta de proximidad",
"22/11/2023 13:11",8,,,,Beni,"Sucursal Beni","No disponible",Salida,"Apertura con tarjeta de proximidad",
"22/11/2023 14:20",8,,,,Beni,"Sucursal Beni","No disponible",Salida,"Apertura con tarjeta de proximidad",
"22/11/2023 18:46",8708642,,,,Beni,"Sucursal Beni","No disponible",Salida,"Apertura con tarjeta de proximidad",
"22/11/2023 18:47",9,,,,Beni,"Sucursal Beni","No disponible",Salida,"Apertura con tarjeta de proximidad",
"22/11/2023 18:47",8,,,,Beni,"Sucursal Beni","No disponible",Salida,"Apertura con tarjeta de proximidad",
"23/11/2023 08:26",8,,,,Beni,"Sucursal Beni","No disponible",Salida,"Apertura con tarjeta de proximidad",
"23/11/2023 08:30",9,,,,Beni,"Sucursal Beni","No disponible",Salida,"Apertura con tarjeta de proximidad",
"23/11/2023 08:35",8708642,,,,Beni,"Sucursal Beni","No disponible",Salida,"Apertura con tarjeta de proximidad",
"23/11/2023 12:43",8,,,,Beni,"Sucursal Beni","No disponible",Salida,"Apertura con tarjeta de proximidad",
"23/11/2023 13:54",8,,,,Beni,"Sucursal Beni","No disponible",Salida,"Apertura con tarjeta de proximidad",
"23/11/2023 18:47",8,,,,Beni,"Sucursal Beni","No disponible",Salida,"Apertura con tarjeta de proximidad",
"23/11/2023 18:48",9,,,,Beni,"Sucursal Beni","No disponible",Salida,"Apertura con tarjeta de proximidad",
"23/11/2023 18:49",8708642,,,,Beni,"Sucursal Beni","No disponible",Salida,"Apertura con tarjeta de proximidad",
"24/11/2023 08:13",8,,,,Beni,"Sucursal Beni","No disponible",Salida,"Apertura con tarjeta de proximidad",
"24/11/2023 08:13",8708642,,,,Beni,"Sucursal Beni","No disponible",Salida,"Apertura con tarjeta de proximidad",
"24/11/2023 08:31",9,,,,Beni,"Sucursal Beni","No disponible",Salida,"Apertura con tarjeta de proximidad",
"24/11/2023 12:42",8,,,,Beni,"Sucursal Beni","No disponible",Salida,"Apertura con tarjeta de proximidad",
"24/11/2023 13:42",8,,,,Beni,"Sucursal Beni","No disponible",Salida,"Apertura con tarjeta de proximidad",
"24/11/2023 18:46",9,,,,Beni,"Sucursal Beni","No disponible",Salida,"Apertura con tarjeta de proximidad",
"24/11/2023 18:47",8708642,,,,Beni,"Sucursal Beni","No disponible",Salida,"Apertura con tarjeta de proximidad",
"24/11/2023 18:47",8,,,,Beni,"Sucursal Beni","No disponible",Salida,"Apertura con tarjeta de proximidad",
"27/11/2023 08:31",8,,,,Beni,"Sucursal Beni","No disponible",Salida,"Apertura con tarjeta de proximidad",
"27/11/2023 08:32",9,,,,Beni,"Sucursal Beni","No disponible",Salida,"Apertura con tarjeta de proximidad",
"27/11/2023 08:38",8708642,,,,Beni,"Sucursal Beni","No disponible",Salida,"Apertura con tarjeta de proximidad",
"27/11/2023 12:42",8,,,,Beni,"Sucursal Beni","No disponible",Salida,"Apertura con tarjeta de proximidad",
"27/11/2023 13:27",8,,,,Beni,"Sucursal Beni","No disponible",Salida,"Apertura con tarjeta de proximidad",
"27/11/2023 18:50",9,,,,Beni,"Sucursal Beni","No disponible",Salida,"Apertura con tarjeta de proximidad",
"27/11/2023 18:50",8708642,,,,Beni,"Sucursal Beni","No disponible",Salida,"Apertura con tarjeta de proximidad",
"27/11/2023 18:51",8,,,,Beni,"Sucursal Beni","No disponible",Salida,"Apertura con tarjeta de proximidad",
"28/11/2023 08:28",8708642,,,,Beni,"Sucursal Beni","No disponible",Salida,"Apertura con tarjeta de proximidad",
"28/11/2023 08:28",9,,,,Beni,"Sucursal Beni","No disponible",Salida,"Apertura con tarjeta de proximidad",
"28/11/2023 08:28",8,,,,Beni,"Sucursal Beni","No disponible",Salida,"Apertura con tarjeta de proximidad",
"28/11/2023 12:48",8,,,,Beni,"Sucursal Beni","No disponible",Salida,"Apertura con tarjeta de proximidad",
"28/11/2023 13:26",8,,,,Beni,"Sucursal Beni","No disponible",Salida,"Apertura con tarjeta de proximidad",
"28/11/2023 18:40",8708642,,,,Beni,"Sucursal Beni","No disponible",Salida,"Apertura con tarjeta de proximidad",
"28/11/2023 18:41",8,,,,Beni,"Sucursal Beni","No disponible",Salida,"Apertura con tarjeta de proximidad",
"28/11/2023 18:45",9,,,,Beni,"Sucursal Beni","No disponible",Salida,"Apertura con tarjeta de proximidad",
"29/11/2023 08:27",9,,,,Beni,"Sucursal Beni","No disponible",Salida,"Apertura con tarjeta de proximidad",
"29/11/2023 08:32",8,,,,Beni,"Sucursal Beni","No disponible",Salida,"Apertura con tarjeta de proximidad",
"29/11/2023 08:33",8708642,,,,Beni,"Sucursal Beni","No disponible",Salida,"Apertura con tarjeta de proximidad",
"29/11/2023 12:38",8,,,,Beni,"Sucursal Beni","No disponible",Salida,"Apertura con tarjeta de proximidad",
"29/11/2023 14:03",8,,,,Beni,"Sucursal Beni","No disponible",Salida,"Apertura con tarjeta de proximidad",
"29/11/2023 18:53",8,,,,Beni,"Sucursal Beni","No disponible",Salida,"Apertura con tarjeta de proximidad",
"29/11/2023 18:53",8708642,,,,Beni,"Sucursal Beni","No disponible",Salida,"Apertura con tarjeta de proximidad",
"29/11/2023 18:57",9,,,,Beni,"Sucursal Beni","No disponible",Salida,"Apertura con tarjeta de proximidad",
"30/11/2023 08:23",8708642,,,,Beni,"Sucursal Beni","No disponible",Salida,"Apertura con tarjeta de proximidad",
"30/11/2023 08:29",9,,,,Beni,"Sucursal Beni","No disponible",Salida,"Apertura con tarjeta de proximidad",
"30/11/2023 08:34",8,,,,Beni,"Sucursal Beni","No disponible",Salida,"Apertura con tarjeta de proximidad",
"30/11/2023 12:54",8,,,,Beni,"Sucursal Beni","No disponible",Salida,"Apertura con tarjeta de proximidad",
"30/11/2023 14:12",8,,,,Beni,"Sucursal Beni","No disponible",Salida,"Apertura con tarjeta de proximidad",
"30/11/2023 19:00",8708642,,,,Beni,"Sucursal Beni","No disponible",Salida,"Apertura con tarjeta de proximidad",
"30/11/2023 19:00",9,,,,Beni,"Sucursal Beni","No disponible",Salida,"Apertura con tarjeta de proximidad",
"30/11/2023 19:01",8,,,,Beni,"Sucursal Beni","No disponible",Salida,"Apertura con tarjeta de proximidad",
"01/12/2023 08:23",9,,,,Beni,"Sucursal Beni","No disponible",Salida,"Apertura con tarjeta de proximidad",
"01/12/2023 08:26",8708642,,,,Beni,"Sucursal Beni","No disponible",Salida,"Apertura con tarjeta de proximidad",
"01/12/2023 08:33",8,,,,Beni,"Sucursal Beni","No disponible",Salida,"Apertura con tarjeta de proximidad",
"01/12/2023 12:44",8,,,,Beni,"Sucursal Beni","No disponible",Salida,"Apertura con tarjeta de proximidad",
"01/12/2023 13:49",8,,,,Beni,"Sucursal Beni","No disponible",Salida,"Apertura con tarjeta de proximidad",
"01/12/2023 18:53",9,,,,Beni,"Sucursal Beni","No disponible",Salida,"Apertura con tarjeta de proximidad",
"01/12/2023 18:55",8708642,,,,Beni,"Sucursal Beni","No disponible",Salida,"Apertura con tarjeta de proximidad",
"01/12/2023 19:12",8,,,,Beni,"Sucursal Beni","No disponible",Salida,"Apertura con tarjeta de proximidad",
"04/12/2023 08:27",8,,,,Beni,"Sucursal Beni","No disponible",Salida,"Apertura con tarjeta de proximidad",
"04/12/2023 08:31",9,,,,Beni,"Sucursal Beni","No disponible",Salida,"Apertura con tarjeta de proximidad",
"04/12/2023 08:41",8708642,,,,Beni,"Sucursal Beni","No disponible",Salida,"Apertura con tarjeta de proximidad",
"04/12/2023 12:43",8,,,,Beni,"Sucursal Beni","No disponible",Salida,"Apertura con tarjeta de proximidad",
"04/12/2023 13:23",8,,,,Beni,"Sucursal Beni","No disponible",Salida,"Apertura con tarjeta de proximidad",
"04/12/2023 14:24",8,,,,Beni,"Sucursal Beni","No disponible",Salida,"Apertura con tarjeta de proximidad",
"04/12/2023 18:57",9,,,,Beni,"Sucursal Beni","No disponible",Salida,"Apertura con tarjeta de proximidad",
"04/12/2023 18:57",8708642,,,,Beni,"Sucursal Beni","No disponible",Salida,"Apertura con tarjeta de proximidad",
"04/12/2023 18:59",8,,,,Beni,"Sucursal Beni","No disponible",Salida,"Apertura con tarjeta de proximidad",
"05/12/2023 08:11",8708642,,,,Beni,"Sucursal Beni","No disponible",Salida,"Apertura con tarjeta de proximidad",
"05/12/2023 08:22",8,,,,Beni,"Sucursal Beni","No disponible",Salida,"Apertura con tarjeta de proximidad",
"05/12/2023 08:29",9,,,,Beni,"Sucursal Beni","No disponible",Salida,"Apertura con tarjeta de proximidad",
"05/12/2023 12:42",8,,,,Beni,"Sucursal Beni","No disponible",Salida,"Apertura con tarjeta de proximidad",
"05/12/2023 13:13",8,,,,Beni,"Sucursal Beni","No disponible",Salida,"Apertura con tarjeta de proximidad",
"05/12/2023 18:59",8708642,,,,Beni,"Sucursal Beni","No disponible",Salida,"Apertura con tarjeta de proximidad",
"05/12/2023 19:01",9,,,,Beni,"Sucursal Beni","No disponible",Salida,"Apertura con tarjeta de proximidad",
"05/12/2023 20:56",8,,,,Beni,"Sucursal Beni","No disponible",Salida,"Apertura con tarjeta de proximidad",
"06/12/2023 07:39",8,,,,Beni,"Sucursal Beni","No disponible",Salida,"Apertura con tarjeta de proximidad",
"06/12/2023 08:14",8708642,,,,Beni,"Sucursal Beni","No disponible",Salida,"Apertura con tarjeta de proximidad",
"06/12/2023 08:37",9,,,,Beni,"Sucursal Beni","No disponible",Salida,"Apertura con tarjeta de proximidad",
"06/12/2023 12:46",8,,,,Beni,"Sucursal Beni","No disponible",Salida,"Apertura con tarjeta de proximidad",
"06/12/2023 13:09",8,,,,Beni,"Sucursal Beni","No disponible",Salida,"Apertura con tarjeta de proximidad",
"06/12/2023 18:58",9,,,,Beni,"Sucursal Beni","No disponible",Salida,"Apertura con tarjeta de proximidad",
"06/12/2023 19:00",8708642,,,,Beni,"Sucursal Beni","No disponible",Salida,"Apertura con tarjeta de proximidad",
"06/12/2023 19:02",8,,,,Beni,"Sucursal Beni","No disponible",Salida,"Apertura con tarjeta de proximidad",
"07/12/2023 08:34",9,,,,Beni,"Sucursal Beni","No disponible",Salida,"Apertura con tarjeta de proximidad",
"07/12/2023 08:35",8,,,,Beni,"Sucursal Beni","No disponible",Salida,"Apertura con tarjeta de proximidad",
"07/12/2023 08:36",8708642,,,,Beni,"Sucursal Beni","No disponible",Salida,"Apertura con tarjeta de proximidad",
"07/12/2023 12:49",8,,,,Beni,"Sucursal Beni","No disponible",Salida,"Apertura con tarjeta de proximidad",
"07/12/2023 13:39",8,,,,Beni,"Sucursal Beni","No disponible",Salida,"Apertura con tarjeta de proximidad",
"07/12/2023 14:28",8,,,,Beni,"Sucursal Beni","No disponible",Salida,"Apertura con tarjeta de proximidad",
"07/12/2023 18:30",8708642,,,,Beni,"Sucursal Beni","No disponible",Salida,"Apertura con tarjeta de proximidad",
"07/12/2023 18:41",9,,,,Beni,"Sucursal Beni","No disponible",Salida,"Apertura con tarjeta de proximidad",
"07/12/2023 19:03",8,,,,Beni,"Sucursal Beni","No disponible",Salida,"Apertura con tarjeta de proximidad",
"08/12/2023 08:21",9,,,,Beni,"Sucursal Beni","No disponible",Salida,"Apertura con tarjeta de proximidad",
"08/12/2023 08:31",8,,,,Beni,"Sucursal Beni","No disponible",Salida,"Apertura con tarjeta de proximidad",
"08/12/2023 08:32",8708642,,,,Beni,"Sucursal Beni","No disponible","Estado 15","Apertura con tarjeta de proximidad",
"08/12/2023 12:34",8,,,,Beni,"Sucursal Beni","No disponible",Salida,"Apertura con tarjeta de proximidad",
"08/12/2023 13:34",8,,,,Beni,"Sucursal Beni","No disponible",Salida,"Apertura con tarjeta de proximidad",
"08/12/2023 18:45",9,,,,Beni,"Sucursal Beni","No disponible",Salida,"Apertura con tarjeta de proximidad",
"08/12/2023 18:55",8708642,,,,Beni,"Sucursal Beni","No disponible",Salida,"Apertura con tarjeta de proximidad",
"08/12/2023 18:55",8,,,,Beni,"Sucursal Beni","No disponible",Salida,"Apertura con tarjeta de proximidad",
"11/12/2023 08:20",9,,,,Beni,"Sucursal Beni","No disponible",Salida,"Apertura con tarjeta de proximidad",
"11/12/2023 08:29",8708642,,,,Beni,"Sucursal Beni","No disponible",Salida,"Apertura con tarjeta de proximidad",
"11/12/2023 08:30",8,,,,Beni,"Sucursal Beni","No disponible",Salida,"Apertura con tarjeta de proximidad",
"11/12/2023 12:36",8,,,,Beni,"Sucursal Beni","No disponible",Salida,"Apertura con tarjeta de proximidad",
"11/12/2023 13:09",8,,,,Beni,"Sucursal Beni","No disponible",Salida,"Apertura con tarjeta de proximidad",
"11/12/2023 18:37",8708642,,,,Beni,"Sucursal Beni","No disponible",Salida,"Apertura con tarjeta de proximidad",
"11/12/2023 18:38",9,,,,Beni,"Sucursal Beni","No disponible",Salida,"Apertura con tarjeta de proximidad",
"11/12/2023 18:40",8,,,,Beni,"Sucursal Beni","No disponible",Salida,"Apertura con tarjeta de proximidad",
"12/12/2023 08:24",9,,,,Beni,"Sucursal Beni","No disponible",Salida,"Apertura con tarjeta de proximidad",
"12/12/2023 08:26",8,,,,Beni,"Sucursal Beni","No disponible",Salida,"Apertura con tarjeta de proximidad",
"12/12/2023 08:29",8708642,,,,Beni,"Sucursal Beni","No disponible",Salida,"Apertura con tarjeta de proximidad",
"12/12/2023 12:32",8,,,,Beni,"Sucursal Beni","No disponible",Salida,"Apertura con tarjeta de proximidad",
"12/12/2023 13:18",8,,,,Beni,"Sucursal Beni","No disponible",Salida,"Apertura con tarjeta de proximidad",
"12/12/2023 14:21",8,,,,Beni,"Sucursal Beni","No disponible",Salida,"Apertura con tarjeta de proximidad",
"12/12/2023 18:37",9,,,,Beni,"Sucursal Beni","No disponible",Salida,"Apertura con tarjeta de proximidad",
"12/12/2023 18:38",8,,,,Beni,"Sucursal Beni","No disponible",Salida,"Apertura con tarjeta de proximidad",
"12/12/2023 18:38",8708642,,,,Beni,"Sucursal Beni","No disponible",Salida,"Apertura con tarjeta de proximidad",
"13/12/2023 08:24",9,,,,Beni,"Sucursal Beni","No disponible",Salida,"Apertura con tarjeta de proximidad",
"13/12/2023 08:25",8708642,,,,Beni,"Sucursal Beni","No disponible",Salida,"Apertura con tarjeta de proximidad",
"13/12/2023 08:32",8,,,,Beni,"Sucursal Beni","No disponible",Salida,"Apertura con tarjeta de proximidad",
"13/12/2023 12:36",8,,,,Beni,"Sucursal Beni","No disponible",Salida,"Apertura con tarjeta de proximidad",
"13/12/2023 12:55",8,,,,Beni,"Sucursal Beni","No disponible",Salida,"Apertura con tarjeta de proximidad",
"13/12/2023 14:00",8,,,,Beni,"Sucursal Beni","No disponible",Salida,"Apertura con tarjeta de proximidad",
"13/12/2023 18:47",8708642,,,,Beni,"Sucursal Beni","No disponible",Salida,"Apertura con tarjeta de proximidad",
"13/12/2023 18:47",9,,,,Beni,"Sucursal Beni","No disponible",Salida,"Apertura con tarjeta de proximidad",
"13/12/2023 19:21",8,,,,Beni,"Sucursal Beni","No disponible",Salida,"Apertura con tarjeta de proximidad",
"14/12/2023 08:23",8708642,,,,Beni,"Sucursal Beni","No disponible",Salida,"Apertura con tarjeta de proximidad",
"14/12/2023 08:24",9,,,,Beni,"Sucursal Beni","No disponible",Salida,"Apertura con tarjeta de proximidad",
"14/12/2023 08:28",8,,,,Beni,"Sucursal Beni","No disponible",Salida,"Apertura con tarjeta de proximidad",
"14/12/2023 12:47",8,,,,Beni,"Sucursal Beni","No disponible",Salida,"Apertura con tarjeta de proximidad",
"14/12/2023 13:03",8,,,,Beni,"Sucursal Beni","No disponible",Salida,"Apertura con tarjeta de proximidad",
"14/12/2023 13:46",8,,,,Beni,"Sucursal Beni","No disponible",Salida,"Apertura con tarjeta de proximidad",
"14/12/2023 18:37",8708642,,,,Beni,"Sucursal Beni","No disponible",Salida,"Apertura con tarjeta de proximidad",
"14/12/2023 18:37",9,,,,Beni,"Sucursal Beni","No disponible",Salida,"Apertura con tarjeta de proximidad",
"14/12/2023 20:10",8,,,,Beni,"Sucursal Beni","No disponible",Salida,"Apertura con tarjeta de proximidad",
"15/12/2023 08:20",8708642,,,,Beni,"Sucursal Beni","No disponible",Salida,"Apertura con tarjeta de proximidad",
"15/12/2023 08:29",8,,,,Beni,"Sucursal Beni","No disponible",Salida,"Apertura con tarjeta de proximidad",
"15/12/2023 08:41",9,,,,Beni,"Sucursal Beni","No disponible",Salida,"Apertura con tarjeta de proximidad",
"15/12/2023 12:43",8,,,,Beni,"Sucursal Beni","No disponible",Salida,"Apertura con tarjeta de proximidad",
"15/12/2023 13:21",8,,,,Beni,"Sucursal Beni","No disponible",Salida,"Apertura con tarjeta de proximidad",
"15/12/2023 19:13",8708642,,,,Beni,"Sucursal Beni","No disponible",Salida,"Apertura con tarjeta de proximidad",
"15/12/2023 19:15",8,,,,Beni,"Sucursal Beni","No disponible",Salida,"Apertura con tarjeta de proximidad",
"15/12/2023 19:16",9,,,,Beni,"Sucursal Beni","No disponible",Salida,"Apertura con tarjeta de proximidad",
"18/12/2023 08:09",8708642,,,,Beni,"Sucursal Beni","No disponible",Salida,"Apertura con tarjeta de proximidad",
"18/12/2023 08:16",8,,,,Beni,"Sucursal Beni","No disponible",Salida,"Apertura con tarjeta de proximidad",
"18/12/2023 08:20",9,,,,Beni,"Sucursal Beni","No disponible",Salida,"Apertura con tarjeta de proximidad",
"18/12/2023 12:39",8,,,,Beni,"Sucursal Beni","No disponible",Salida,"Apertura con tarjeta de proximidad",
"18/12/2023 13:56",8,,,,Beni,"Sucursal Beni","No disponible",Salida,"Apertura con tarjeta de proximidad",
"18/12/2023 18:54",8708642,,,,Beni,"Sucursal Beni","No disponible",Salida,"Apertura con tarjeta de proximidad",
"18/12/2023 18:56",9,,,,Beni,"Sucursal Beni","No disponible",Salida,"Apertura con tarjeta de proximidad",
"18/12/2023 18:57",8,,,,Beni,"Sucursal Beni","No disponible",Salida,"Apertura con tarjeta de proximidad",
"19/12/2023 08:00",8708642,,,,Beni,"Sucursal Beni","No disponible","Estado 15","Apertura con tarjeta de proximidad",
"19/12/2023 08:21",8,,,,Beni,"Sucursal Beni","No disponible",Salida,"Apertura con tarjeta de proximidad",
"19/12/2023 08:22",9,,,,Beni,"Sucursal Beni","No disponible",Salida,"Apertura con tarjeta de proximidad",
"19/12/2023 12:54",8,,,,Beni,"Sucursal Beni","No disponible",Salida,"Apertura con tarjeta de proximidad",
"19/12/2023 13:05",8,,,,Beni,"Sucursal Beni","No disponible",Salida,"Apertura con tarjeta de proximidad",
"19/12/2023 18:56",9,,,,Beni,"Sucursal Beni","No disponible",Salida,"Apertura con tarjeta de proximidad",
"19/12/2023 18:56",8708642,,,,Beni,"Sucursal Beni","No disponible",Salida,"Apertura con tarjeta de proximidad",
"19/12/2023 21:02",8,,,,Beni,"Sucursal Beni","No disponible",Salida,"Apertura con tarjeta de proximidad",
"20/12/2023 07:09",8,,,,Beni,"Sucursal Beni","No disponible",Salida,"Apertura con tarjeta de proximidad",
"20/12/2023 08:24",8708642,,,,Beni,"Sucursal Beni","No disponible",Salida,"Apertura con tarjeta de proximidad",
"20/12/2023 08:27",9,,,,Beni,"Sucursal Beni","No disponible",Salida,"Apertura con tarjeta de proximidad",
"20/12/2023 12:36",8,,,,Beni,"Sucursal Beni","No disponible",Salida,"Apertura con tarjeta de proximidad",
"20/12/2023 13:12",8,,,,Beni,"Sucursal Beni","No disponible",Salida,"Apertura con tarjeta de proximidad",
"20/12/2023 14:09",8,,,,Beni,"Sucursal Beni","No disponible",Salida,"Apertura con tarjeta de proximidad",
"20/12/2023 18:34",8708642,,,,Beni,"Sucursal Beni","No disponible",Salida,"Apertura con tarjeta de proximidad",
"20/12/2023 18:34",9,,,,Beni,"Sucursal Beni","No disponible",Salida,"Apertura con tarjeta de proximidad",
"20/12/2023 19:43",8,,,,Beni,"Sucursal Beni","No disponible",Salida,"Apertura con tarjeta de proximidad",
"21/12/2023 08:20",8,,,,Beni,"Sucursal Beni","No disponible",Salida,"Apertura con tarjeta de proximidad",
"21/12/2023 08:22",8708642,,,,Beni,"Sucursal Beni","No disponible",Salida,"Apertura con tarjeta de proximidad",
"21/12/2023 08:35",9,,,,Beni,"Sucursal Beni","No disponible",Salida,"Apertura con tarjeta de proximidad",
"21/12/2023 12:27",8,,,,Beni,"Sucursal Beni","No disponible",Salida,"Apertura con tarjeta de proximidad",
"21/12/2023 12:35",8,,,,Beni,"Sucursal Beni","No disponible",Salida,"Apertura con tarjeta de proximidad",
"21/12/2023 13:08",8,,,,Beni,"Sucursal Beni","No disponible",Salida,"Apertura con tarjeta de proximidad",
"21/12/2023 18:30",9,,,,Beni,"Sucursal Beni","No disponible",Salida,"Apertura con tarjeta de proximidad",
"21/12/2023 18:31",8708642,,,,Beni,"Sucursal Beni","No disponible",Salida,"Apertura con tarjeta de proximidad",
"21/12/2023 18:32",8,,,,Beni,"Sucursal Beni","No disponible",Salida,"Apertura con tarjeta de proximidad",
"22/12/2023 08:27",8708642,,,,Beni,"Sucursal Beni","No disponible",Salida,"Apertura con tarjeta de proximidad",
"22/12/2023 08:28",9,,,,Beni,"Sucursal Beni","No disponible",Salida,"Apertura con tarjeta de proximidad",
"22/12/2023 08:28",8,,,,Beni,"Sucursal Beni","No disponible",Salida,"Apertura con tarjeta de proximidad",
"22/12/2023 12:31",8,,,,Beni,"Sucursal Beni","No disponible",Salida,"Apertura con tarjeta de proximidad",
"22/12/2023 13:34",8,,,,Beni,"Sucursal Beni","No disponible",Salida,"Apertura con tarjeta de proximidad",
"22/12/2023 18:32",8,,,,Beni,"Sucursal Beni","No disponible",Salida,"Apertura con tarjeta de proximidad",
"22/12/2023 18:32",8708642,,,,Beni,"Sucursal Beni","No disponible",Salida,"Apertura con tarjeta de proximidad",
"22/12/2023 18:32",9,,,,Beni,"Sucursal Beni","No disponible",Salida,"Apertura con tarjeta de proximidad",
"26/12/2023 08:19",8708642,,,,Beni,"Sucursal Beni","No disponible",Salida,"Apertura con tarjeta de proximidad",
"26/12/2023 08:23",8,,,,Beni,"Sucursal Beni","No disponible",Salida,"Apertura con tarjeta de proximidad",
"26/12/2023 08:29",9,,,,Beni,"Sucursal Beni","No disponible",Salida,"Apertura con tarjeta de proximidad",
"26/12/2023 12:40",8,,,,Beni,"Sucursal Beni","No disponible",Salida,"Apertura con tarjeta de proximidad",
"26/12/2023 13:37",8,,,,Beni,"Sucursal Beni","No disponible",Salida,"Apertura con tarjeta de proximidad",
"26/12/2023 18:31",8708642,,,,Beni,"Sucursal Beni","No disponible",Salida,"Apertura con tarjeta de proximidad",
"26/12/2023 18:31",9,,,,Beni,"Sucursal Beni","No disponible",Salida,"Apertura con tarjeta de proximidad",
"26/12/2023 18:32",8,,,,Beni,"Sucursal Beni","No disponible",Salida,"Apertura con tarjeta de proximidad",
"27/12/2023 08:22",8708642,,,,Beni,"Sucursal Beni","No disponible",Salida,"Apertura con tarjeta de proximidad",
"27/12/2023 08:29",9,,,,Beni,"Sucursal Beni","No disponible",Salida,"Apertura con tarjeta de proximidad",
"27/12/2023 08:33",8,,,,Beni,"Sucursal Beni","No disponible",Salida,"Apertura con tarjeta de proximidad",
"27/12/2023 12:42",8,,,,Beni,"Sucursal Beni","No disponible","Estado 15","Apertura con tarjeta de proximidad",
"27/12/2023 14:04",8,,,,Beni,"Sucursal Beni","No disponible",Salida,"Apertura con tarjeta de proximidad",
"27/12/2023 18:47",8708642,,,,Beni,"Sucursal Beni","No disponible",Salida,"Apertura con tarjeta de proximidad",
"27/12/2023 18:47",9,,,,Beni,"Sucursal Beni","No disponible",Salida,"Apertura con tarjeta de proximidad",
"27/12/2023 20:34",8,,,,Beni,"Sucursal Beni","No disponible",Salida,"Apertura con tarjeta de proximidad",
"28/12/2023 07:34",8,,,,Beni,"Sucursal Beni","No disponible",Salida,"Apertura con tarjeta de proximidad",
"28/12/2023 08:09",8708642,,,,Beni,"Sucursal Beni","No disponible",Salida,"Apertura con tarjeta de proximidad",
"28/12/2023 08:30",9,,,,Beni,"Sucursal Beni","No disponible",Salida,"Apertura con tarjeta de proximidad",
"28/12/2023 12:45",8,,,,Beni,"Sucursal Beni","No disponible",Salida,"Apertura con tarjeta de proximidad",
"28/12/2023 13:00",8,,,,Beni,"Sucursal Beni","No disponible","Estado 15","Apertura con tarjeta de proximidad",
"28/12/2023 20:00",8,,,,Beni,"Sucursal Beni","No disponible",Salida,"Apertura con tarjeta de proximidad",
"28/12/2023 20:02",8708642,,,,Beni,"Sucursal Beni","No disponible",Salida,"Apertura con tarjeta de proximidad",
"28/12/2023 20:03",9,,,,Beni,"Sucursal Beni","No disponible",Salida,"Apertura con tarjeta de proximidad",
"29/12/2023 08:15",8708642,,,,Beni,"Sucursal Beni","No disponible",Salida,"Apertura con tarjeta de proximidad",
"29/12/2023 08:28",9,,,,Beni,"Sucursal Beni","No disponible",Salida,"Apertura con tarjeta de proximidad",
"29/12/2023 08:28",8,,,,Beni,"Sucursal Beni","No disponible",Salida,"Apertura con tarjeta de proximidad",
"29/12/2023 12:44",8,,,,Beni,"Sucursal Beni","No disponible",Salida,"Apertura con tarjeta de proximidad",
"29/12/2023 13:02",8,,,,Beni,"Sucursal Beni","No disponible",Salida,"Apertura con tarjeta de proximidad",
"29/12/2023 19:14",9,,,,Beni,"Sucursal Beni","No disponible",Salida,"Apertura con tarjeta de proximidad",
"29/12/2023 19:15",8708642,,,,Beni,"Sucursal Beni","No disponible","Estado 15","Apertura con tarjeta de proximidad",
"29/12/2023 19:15",8,,,,Beni,"Sucursal Beni","No disponible",Salida,"Apertura con tarjeta de proximidad",
"02/01/2024 07:56",8,,,,Beni,"Sucursal Beni","No disponible",Salida,"Apertura con tarjeta de proximidad",
"02/01/2024 08:20",8708642,,,,Beni,"Sucursal Beni","No disponible",Salida,"Apertura con tarjeta de proximidad",
"02/01/2024 08:32",9,,,,Beni,"Sucursal Beni","No disponible",Salida,"Apertura con tarjeta de proximidad",
"02/01/2024 12:33",8,,,,Beni,"Sucursal Beni","No disponible",Salida,"Apertura con tarjeta de proximidad",
"02/01/2024 19:27",8,,,,Beni,"Sucursal Beni","No disponible",Salida,"Apertura con tarjeta de proximidad",
"02/01/2024 19:27",8708642,,,,Beni,"Sucursal Beni","No disponible",Salida,"Apertura con tarjeta de proximidad",
"03/01/2024 08:28",8,,,,Beni,"Sucursal Beni","No disponible",Salida,"Apertura con tarjeta de proximidad",
"03/01/2024 08:34",8708642,,,,Beni,"Sucursal Beni","No disponible",Salida,"Apertura con tarjeta de proximidad",
"03/01/2024 13:37",8,,,,Beni,"Sucursal Beni","No disponible",Salida,"Apertura con tarjeta de proximidad",
"03/01/2024 19:00",8,,,,Beni,"Sucursal Beni","No disponible",Salida,"Apertura con tarjeta de proximidad",
"03/01/2024 19:01",8708642,,,,Beni,"Sucursal Beni","No disponible",Salida,"Apertura con tarjeta de proximidad",
"04/01/2024 08:25",8,,,,Beni,"Sucursal Beni","No disponible",Salida,"Apertura con tarjeta de proximidad",
"04/01/2024 08:26",8708642,,,,Beni,"Sucursal Beni","No disponible",Salida,"Apertura con tarjeta de proximidad",
"04/01/2024 12:43",8,,,,Beni,"Sucursal Beni","No disponible",Salida,"Apertura con tarjeta de proximidad",
"04/01/2024 13:00",8,,,,Beni,"Sucursal Beni","No disponible",Salida,"Apertura con tarjeta de proximidad",
"04/01/2024 18:56",8708642,,,,Beni,"Sucursal Beni","No disponible",Salida,"Apertura con tarjeta de proximidad",
"04/01/2024 19:25",8,,,,Beni,"Sucursal Beni","No disponible",Salida,"Apertura con tarjeta de proximidad",
"05/01/2024 08:21",8708642,,,,Beni,"Sucursal Beni","No disponible",Salida,"Apertura con tarjeta de proximidad",
"05/01/2024 08:26",8,,,,Beni,"Sucursal Beni","No disponible",Salida,"Apertura con tarjeta de proximidad",
"05/01/2024 12:41",8,,,,Beni,"Sucursal Beni","No disponible",Salida,"Apertura con tarjeta de proximidad",
"05/01/2024 13:06",8,,,,Beni,"Sucursal Beni","No disponible",Salida,"Apertura con tarjeta de proximidad",
"05/01/2024 13:08",8,,,,Beni,"Sucursal Beni","No disponible",Salida,"Apertura con tarjeta de proximidad",
"05/01/2024 18:43",8,,,,Beni,"Sucursal Beni","No disponible",Salida,"Apertura con tarjeta de proximidad",
"05/01/2024 18:43",8708642,,,,Beni,"Sucursal Beni","No disponible",Salida,"Apertura con tarjeta de proximidad",
"08/01/2024 08:21",8708642,,,,Beni,"Sucursal Beni","No disponible",Salida,"Apertura con tarjeta de proximidad",
"08/01/2024 08:25",8,,,,Beni,"Sucursal Beni","No disponible",Salida,"Apertura con tarjeta de proximidad",
"08/01/2024 12:47",8,,,,Beni,"Sucursal Beni","No disponible",Salida,"Apertura con tarjeta de proximidad",
"08/01/2024 13:09",8,,,,Beni,"Sucursal Beni","No disponible",Salida,"Apertura con tarjeta de proximidad",
"08/01/2024 13:51",8,,,,Beni,"Sucursal Beni","No disponible",Salida,"Apertura con tarjeta de proximidad",
"08/01/2024 18:41",8708642,,,,Beni,"Sucursal Beni","No disponible",Salida,"Apertura con tarjeta de proximidad",
"08/01/2024 19:07",8,,,,Beni,"Sucursal Beni","No disponible",Salida,"Apertura con tarjeta de proximidad",
"09/01/2024 08:13",8,,,,Beni,"Sucursal Beni","No disponible",Salida,"Apertura con tarjeta de proximidad",
"09/01/2024 08:19",8708642,,,,Beni,"Sucursal Beni","No disponible",Salida,"Apertura con tarjeta de proximidad",
"09/01/2024 12:39",8,,,,Beni,"Sucursal Beni","No disponible",Salida,"Apertura con tarjeta de proximidad",
"09/01/2024 14:07",8,,,,Beni,"Sucursal Beni","No disponible",Salida,"Apertura con tarjeta de proximidad",
"09/01/2024 19:03",8708642,,,,Beni,"Sucursal Beni","No disponible",Salida,"Apertura con tarjeta de proximidad",
"09/01/2024 19:07",8,,,,Beni,"Sucursal Beni","No disponible",Salida,"Apertura con tarjeta de proximidad",
"10/01/2024 08:22",8708642,,,,Beni,"Sucursal Beni","No disponible",Salida,"Apertura con tarjeta de proximidad",
"10/01/2024 08:29",8,,,,Beni,"Sucursal Beni","No disponible",Salida,"Apertura con tarjeta de proximidad",
"10/01/2024 12:33",8,,,,Beni,"Sucursal Beni","No disponible",Salida,"Apertura con tarjeta de proximidad",
"10/01/2024 13:00",8,,,,Beni,"Sucursal Beni","No disponible",Salida,"Apertura con tarjeta de proximidad",
"10/01/2024 19:13",8708642,,,,Beni,"Sucursal Beni","No disponible",Salida,"Apertura con tarjeta de proximidad",
"10/01/2024 19:14",8,,,,Beni,"Sucursal Beni","No disponible",Salida,"Apertura con tarjeta de proximidad",
"11/01/2024 08:21",8708642,,,,Beni,"Sucursal Beni","No disponible",Salida,"Apertura con tarjeta de proximidad",
"11/01/2024 08:33",8,,,,Beni,"Sucursal Beni","No disponible",Salida,"Apertura con tarjeta de proximidad",
"11/01/2024 12:54",8,,,,Beni,"Sucursal Beni","No disponible",Salida,"Apertura con tarjeta de proximidad",
"11/01/2024 13:06",8,,,,Beni,"Sucursal Beni","No disponible",Salida,"Apertura con tarjeta de proximidad",
"11/01/2024 18:35",8708642,,,,Beni,"Sucursal Beni","No disponible",Salida,"Apertura con tarjeta de proximidad",
"11/01/2024 19:35",8,,,,Beni,"Sucursal Beni","No disponible",Salida,"Apertura con tarjeta de proximidad",
"12/01/2024 08:26",8708642,,,,Beni,"Sucursal Beni","No disponible",Salida,"Apertura con tarjeta de proximidad",
"12/01/2024 08:30",8,,,,Beni,"Sucursal Beni","No disponible",Salida,"Apertura con tarjeta de proximidad",
"12/01/2024 12:31",8,,,,Beni,"Sucursal Beni","No disponible",Salida,"Apertura con tarjeta de proximidad",
"12/01/2024 13:26",8,,,,Beni,"Sucursal Beni","No disponible",Salida,"Apertura con tarjeta de proximidad",
"12/01/2024 18:41",8708642,,,,Beni,"Sucursal Beni","No disponible",Salida,"Apertura con tarjeta de proximidad",
"12/01/2024 18:43",8,,,,Beni,"Sucursal Beni","No disponible",Salida,"Apertura con tarjeta de proximidad",
"12/01/2024 18:43",8708642,,,,Beni,"Sucursal Beni","No disponible",Salida,"Apertura con tarjeta de proximidad",
"15/01/2024 08:27",8708642,,,,Beni,"Sucursal Beni","No disponible","Estado 15","Apertura con tarjeta de proximidad",
"15/01/2024 08:28",8,,,,Beni,"Sucursal Beni","No disponible",Salida,"Apertura con tarjeta de proximidad",
"15/01/2024 12:33",8,,,,Beni,"Sucursal Beni","No disponible",Salida,"Apertura con tarjeta de proximidad",
"15/01/2024 13:02",8,,,,Beni,"Sucursal Beni","No disponible",Salida,"Apertura con tarjeta de proximidad",
"15/01/2024 18:38",8,,,,Beni,"Sucursal Beni","No disponible",Salida,"Apertura con tarjeta de proximidad",
"15/01/2024 18:39",8708642,,,,Beni,"Sucursal Beni","No disponible",Salida,"Apertura con tarjeta de proximidad",
"16/01/2024 08:24",8708642,,,,Beni,"Sucursal Beni","No disponible",Salida,"Apertura con tarjeta de proximidad",
"16/01/2024 08:29",8,,,,Beni,"Sucursal Beni","No disponible",Salida,"Apertura con tarjeta de proximidad",
"16/01/2024 12:48",8,,,,Beni,"Sucursal Beni","No disponible",Salida,"Apertura con tarjeta de proximidad",
"16/01/2024 13:00",8,,,,Beni,"Sucursal Beni","No disponible",Salida,"Apertura con tarjeta de proximidad",
"16/01/2024 18:47",8,,,,Beni,"Sucursal Beni","No disponible",Salida,"Apertura con tarjeta de proximidad",
"16/01/2024 18:48",8708642,,,,Beni,"Sucursal Beni","No disponible",Salida,"Apertura con tarjeta de proximidad",
"17/01/2024 08:25",8708642,,,,Beni,"Sucursal Beni","No disponible",Salida,"Apertura con tarjeta de proximidad",
"17/01/2024 08:28",8,,,,Beni,"Sucursal Beni","No disponible",Salida,"Apertura con tarjeta de proximidad",
"17/01/2024 12:37",8,,,,Beni,"Sucursal Beni","No disponible",Salida,"Apertura con tarjeta de proximidad",
"17/01/2024 13:11",8,,,,Beni,"Sucursal Beni","No disponible",Salida,"Apertura con tarjeta de proximidad",
"17/01/2024 18:34",8708642,,,,Beni,"Sucursal Beni","No disponible",Salida,"Apertura con tarjeta de proximidad",
"17/01/2024 18:38",8,,,,Beni,"Sucursal Beni","No disponible",Salida,"Apertura con tarjeta de proximidad",
"18/01/2024 08:21",8,,,,Beni,"Sucursal Beni","No disponible",Salida,"Apertura con tarjeta de proximidad",
"18/01/2024 08:25",10,,,,Beni,"Sucursal Beni","No disponible","Estado 15","Apertura con tarjeta de proximidad",
"18/01/2024 08:28",8708642,,,,Beni,"Sucursal Beni","No disponible",Salida,"Apertura con tarjeta de proximidad",
"18/01/2024 12:43",8,,,,Beni,"Sucursal Beni","No disponible",Salida,"Apertura con tarjeta de proximidad",
"18/01/2024 13:20",8,,,,Beni,"Sucursal Beni","No disponible",Salida,"Apertura con tarjeta de proximidad",
"18/01/2024 19:12",8708642,,,,Beni,"Sucursal Beni","No disponible",Salida,"Apertura con tarjeta de proximidad",
"18/01/2024 19:13",10,,,,Beni,"Sucursal Beni","No disponible","Estado 15","Apertura con tarjeta de proximidad",
"18/01/2024 19:15",8,,,,Beni,"Sucursal Beni","No disponible",Salida,"Apertura con tarjeta de proximidad",
"19/01/2024 07:36",8708642,,,,Beni,"Sucursal Beni","No disponible",Salida,"Apertura con tarjeta de proximidad",
"19/01/2024 07:40",10,,,,Beni,"Sucursal Beni","No disponible","Estado 15","Apertura con tarjeta de proximidad",
"19/01/2024 07:48",8,,,,Beni,"Sucursal Beni","No disponible",Salida,"Apertura con tarjeta de proximidad",
"19/01/2024 12:30",8,,,,Beni,"Sucursal Beni","No disponible",Salida,"Apertura con tarjeta de proximidad",
"19/01/2024 14:04",8,,,,Beni,"Sucursal Beni","No disponible",Salida,"Apertura con tarjeta de proximidad",
"19/01/2024 19:41",8708642,,,,Beni,"Sucursal Beni","No disponible",Salida,"Apertura con tarjeta de proximidad",
"19/01/2024 19:48",10,,,,Beni,"Sucursal Beni","No disponible","Estado 15","Apertura con tarjeta de proximidad",
"19/01/2024 19:48",8,,,,Beni,"Sucursal Beni","No disponible",Salida,"Apertura con tarjeta de proximidad",
"20/01/2024 08:53",10,,,,Beni,"Sucursal Beni","No disponible",Salida,"Apertura con tarjeta de proximidad",
"20/01/2024 13:10",10,,,,Beni,"Sucursal Beni","No disponible",Salida,"Apertura con tarjeta de proximidad",
"23/01/2024 07:16",8,,,,Beni,"Sucursal Beni","No disponible",Salida,"Apertura con tarjeta de proximidad",
"23/01/2024 08:16",10,,,,Beni,"Sucursal Beni","No disponible",Salida,"Apertura con tarjeta de proximidad",
"23/01/2024 08:32",8708642,,,,Beni,"Sucursal Beni","No disponible",Salida,"Apertura con tarjeta de proximidad",
"23/01/2024 12:38",8,,,,Beni,"Sucursal Beni","No disponible",Salida,"Apertura con tarjeta de proximidad",
"23/01/2024 13:02",8,,,,Beni,"Sucursal Beni","No disponible",Salida,"Apertura con tarjeta de proximidad",
"23/01/2024 19:03",10,,,,Beni,"Sucursal Beni","No disponible",Salida,"Apertura con tarjeta de proximidad",
"23/01/2024 19:03",8,,,,Beni,"Sucursal Beni","No disponible",Salida,"Apertura con tarjeta de proximidad",
"23/01/2024 19:06",8708642,,,,Beni,"Sucursal Beni","No disponible",Salida,"Apertura con tarjeta de proximidad",
"24/01/2024 08:12",8708642,,,,Beni,"Sucursal Beni","No disponible",Salida,"Apertura con tarjeta de proximidad",
"24/01/2024 08:12",8,,,,Beni,"Sucursal Beni","No disponible",Salida,"Apertura con tarjeta de proximidad",
"24/01/2024 08:14",10,,,,Beni,"Sucursal Beni","No disponible",Salida,"Apertura con tarjeta de proximidad",
"24/01/2024 12:40",8,,,,Beni,"Sucursal Beni","No disponible",Salida,"Apertura con tarjeta de proximidad",
"24/01/2024 13:19",8,,,,Beni,"Sucursal Beni","No disponible",Salida,"Apertura con tarjeta de proximidad",
"24/01/2024 19:01",10,,,,Beni,"Sucursal Beni","No disponible","Estado 15","Apertura con tarjeta de proximidad",
"24/01/2024 19:03",8,,,,Beni,"Sucursal Beni","No disponible",Salida,"Apertura con tarjeta de proximidad",
"24/01/2024 19:04",8708642,,,,Beni,"Sucursal Beni","No disponible",Salida,"Apertura con tarjeta de proximidad",
"25/01/2024 07:47",8,,,,Beni,"Sucursal Beni","No disponible",Salida,"Apertura con tarjeta de proximidad",
"25/01/2024 08:26",10,,,,Beni,"Sucursal Beni","No disponible",Salida,"Apertura con tarjeta de proximidad",
"25/01/2024 08:27",8708642,,,,Beni,"Sucursal Beni","No disponible",Salida,"Apertura con tarjeta de proximidad",
"25/01/2024 12:34",8,,,,Beni,"Sucursal Beni","No disponible",Salida,"Apertura con tarjeta de proximidad",
"25/01/2024 13:22",8,,,,Beni,"Sucursal Beni","No disponible",Salida,"Apertura con tarjeta de proximidad",
"25/01/2024 18:45",8708642,,,,Beni,"Sucursal Beni","No disponible",Salida,"Apertura con tarjeta de proximidad",
"25/01/2024 18:45",10,,,,Beni,"Sucursal Beni","No disponible","Estado 15","Apertura con tarjeta de proximidad",
"25/01/2024 18:47",8,,,,Beni,"Sucursal Beni","No disponible",Salida,"Apertura con tarjeta de proximidad",
"26/01/2024 08:08",8708642,,,,Beni,"Sucursal Beni","No disponible",Salida,"Apertura con tarjeta de proximidad",
"26/01/2024 08:14",10,,,,Beni,"Sucursal Beni","No disponible",Salida,"Apertura con tarjeta de proximidad",
"26/01/2024 08:15",8,,,,Beni,"Sucursal Beni","No disponible",Salida,"Apertura con tarjeta de proximidad",
"26/01/2024 12:43",8,,,,Beni,"Sucursal Beni","No disponible",Salida,"Apertura con tarjeta de proximidad",
"26/01/2024 13:27",8,,,,Beni,"Sucursal Beni","No disponible",Salida,"Apertura con tarjeta de proximidad",
"26/01/2024 19:12",10,,,,Beni,"Sucursal Beni","No disponible",Salida,"Apertura con tarjeta de proximidad",
"26/01/2024 19:15",8708642,,,,Beni,"Sucursal Beni","No disponible",Salida,"Apertura con tarjeta de proximidad",
"26/01/2024 19:15",8,,,,Beni,"Sucursal Beni","No disponible",Salida,"Apertura con tarjeta de proximidad",
"27/01/2024 08:48",10,,,,Beni,"Sucursal Beni","No disponible",Salida,"Apertura con tarjeta de proximidad",
"27/01/2024 14:24",10,,,,Beni,"Sucursal Beni","No disponible",Salida,"Apertura con tarjeta de proximidad",
"29/01/2024 07:32",8,,,,Beni,"Sucursal Beni","No disponible",Salida,"Apertura con tarjeta de proximidad",
"29/01/2024 08:14",10,,,,Beni,"Sucursal Beni","No disponible",Salida,"Apertura con tarjeta de proximidad",
"29/01/2024 08:18",8708642,,,,Beni,"Sucursal Beni","No disponible",Salida,"Apertura con tarjeta de proximidad",
"29/01/2024 12:40",8,,,,Beni,"Sucursal Beni","No disponible",Salida,"Apertura con tarjeta de proximidad",
"29/01/2024 13:18",8,,,,Beni,"Sucursal Beni","No disponible",Salida,"Apertura con tarjeta de proximidad",
"29/01/2024 19:17",10,,,,Beni,"Sucursal Beni","No disponible",Salida,"Apertura con tarjeta de proximidad",
"29/01/2024 19:18",8,,,,Beni,"Sucursal Beni","No disponible",Salida,"Apertura con tarjeta de proximidad",
"29/01/2024 19:18",8708642,,,,Beni,"Sucursal Beni","No disponible",Salida,"Apertura con tarjeta de proximidad",
"30/01/2024 08:13",10,,,,Beni,"Sucursal Beni","No disponible",Salida,"Apertura con tarjeta de proximidad",
"30/01/2024 08:19",8708642,,,,Beni,"Sucursal Beni","No disponible",Salida,"Apertura con tarjeta de proximidad",
"30/01/2024 08:24",8,,,,Beni,"Sucursal Beni","No disponible",Salida,"Apertura con tarjeta de proximidad",
"30/01/2024 12:43",8,,,,Beni,"Sucursal Beni","No disponible",Salida,"Apertura con tarjeta de proximidad",
"30/01/2024 13:04",8,,,,Beni,"Sucursal Beni","No disponible",Salida,"Apertura con tarjeta de proximidad",
"30/01/2024 19:35",8,,,,Beni,"Sucursal Beni","No disponible",Salida,"Apertura con tarjeta de proximidad",
"30/01/2024 19:42",8708642,,,,Beni,"Sucursal Beni","No disponible",Salida,"Apertura con tarjeta de proximidad",
"30/01/2024 19:42",10,,,,Beni,"Sucursal Beni","No disponible",Salida,"Apertura con tarjeta de proximidad",
"31/01/2024 08:12",8708642,,,,Beni,"Sucursal Beni","No disponible",Salida,"Apertura con tarjeta de proximidad",
"31/01/2024 08:18",10,,,,Beni,"Sucursal Beni","No disponible",Salida,"Apertura con tarjeta de proximidad",
"31/01/2024 08:25",8,,,,Beni,"Sucursal Beni","No disponible",Salida,"Apertura con tarjeta de proximidad",
"31/01/2024 12:33",8,,,,Beni,"Sucursal Beni","No disponible",Salida,"Apertura con tarjeta de proximidad",
"31/01/2024 13:04",8,,,,Beni,"Sucursal Beni","No disponible",Salida,"Apertura con tarjeta de proximidad",
"31/01/2024 19:13",8708642,,,,Beni,"Sucursal Beni","No disponible",Salida,"Apertura con tarjeta de proximidad",
"31/01/2024 19:13",8,,,,Beni,"Sucursal Beni","No disponible",Salida,"Apertura con tarjeta de proximidad",
"31/01/2024 19:14",10,,,,Beni,"Sucursal Beni","No disponible",Salida,"Apertura con tarjeta de proximidad",
"01/02/2024 08:14",8708642,,,,Beni,"Sucursal Beni","No disponible","Estado 15","Apertura con tarjeta de proximidad",
"01/02/2024 08:15",10,,,,Beni,"Sucursal Beni","No disponible",Salida,"Apertura con tarjeta de proximidad",
"01/02/2024 08:18",8,,,,Beni,"Sucursal Beni","No disponible",Salida,"Apertura con tarjeta de proximidad",
"01/02/2024 12:33",8,,,,Beni,"Sucursal Beni","No disponible",Salida,"Apertura con tarjeta de proximidad",
"01/02/2024 13:39",8,,,,Beni,"Sucursal Beni","No disponible",Salida,"Apertura con tarjeta de proximidad",
"01/02/2024 19:34",8708642,,,,Beni,"Sucursal Beni","No disponible",Salida,"Apertura con tarjeta de proximidad",
"01/02/2024 19:35",10,,,,Beni,"Sucursal Beni","No disponible",Salida,"Apertura con tarjeta de proximidad",
"01/02/2024 20:20",8,,,,Beni,"Sucursal Beni","No disponible",Salida,"Apertura con tarjeta de proximidad",
"02/02/2024 08:12",10,,,,Beni,"Sucursal Beni","No disponible",Salida,"Apertura con tarjeta de proximidad",
"02/02/2024 08:23",8708642,,,,Beni,"Sucursal Beni","No disponible",Salida,"Apertura con tarjeta de proximidad",
"02/02/2024 08:24",8,,,,Beni,"Sucursal Beni","No disponible",Salida,"Apertura con tarjeta de proximidad",
"02/02/2024 12:47",8,,,,Beni,"Sucursal Beni","No disponible",Salida,"Apertura con tarjeta de proximidad",
"02/02/2024 14:09",8,,,,Beni,"Sucursal Beni","No disponible",Salida,"Apertura con tarjeta de proximidad",
"02/02/2024 18:46",10,,,,Beni,"Sucursal Beni","No disponible",Salida,"Apertura con tarjeta de proximidad",
"02/02/2024 18:49",8708642,,,,Beni,"Sucursal Beni","No disponible",Salida,"Apertura con tarjeta de proximidad",
"02/02/2024 18:49",8,,,,Beni,"Sucursal Beni","No disponible",Salida,"Apertura con tarjeta de proximidad",
"05/02/2024 06:54",8,,,,Beni,"Sucursal Beni","No disponible",Salida,"Apertura con tarjeta de proximidad",
"05/02/2024 07:57",10,,,,Beni,"Sucursal Beni","No disponible",Salida,"Apertura con tarjeta de proximidad",
"05/02/2024 08:16",8708642,,,,Beni,"Sucursal Beni","No disponible",Salida,"Apertura con tarjeta de proximidad",
"05/02/2024 12:34",8,,,,Beni,"Sucursal Beni","No disponible",Salida,"Apertura con tarjeta de proximidad",
"05/02/2024 13:19",8,,,,Beni,"Sucursal Beni","No disponible",Salida,"Apertura con tarjeta de proximidad",
"05/02/2024 14:04",8,,,,Beni,"Sucursal Beni","No disponible",Salida,"Apertura con tarjeta de proximidad",
"05/02/2024 18:36",10,,,,Beni,"Sucursal Beni","No disponible","Estado 15","Apertura con tarjeta de proximidad",
"05/02/2024 18:39",8708642,,,,Beni,"Sucursal Beni","No disponible",Salida,"Apertura con tarjeta de proximidad",
"05/02/2024 18:42",8,,,,Beni,"Sucursal Beni","No disponible",Salida,"Apertura con tarjeta de proximidad",
"06/02/2024 08:08",8,,,,Beni,"Sucursal Beni","No disponible",Salida,"Apertura con tarjeta de proximidad",
"06/02/2024 08:17",10,,,,Beni,"Sucursal Beni","No disponible",Salida,"Apertura con tarjeta de proximidad",
"06/02/2024 12:39",8,,,,Beni,"Sucursal Beni","No disponible",Salida,"Apertura con tarjeta de proximidad",
"06/02/2024 13:08",8,,,,Beni,"Sucursal Beni","No disponible",Salida,"Apertura con tarjeta de proximidad",
"06/02/2024 19:13",8,,,,Beni,"Sucursal Beni","No disponible",Salida,"Apertura con tarjeta de proximidad",
"06/02/2024 19:35",8708642,,,,Beni,"Sucursal Beni","No disponible",Salida,"Apertura con tarjeta de proximidad",
"06/02/2024 19:35",10,,,,Beni,"Sucursal Beni","No disponible",Salida,"Apertura con tarjeta de proximidad",
"07/02/2024 08:16",10,,,,Beni,"Sucursal Beni","No disponible","Estado 15","Apertura con tarjeta de proximidad",
"07/02/2024 08:18",8708642,,,,Beni,"Sucursal Beni","No disponible",Salida,"Apertura con tarjeta de proximidad",
"07/02/2024 08:20",8,,,,Beni,"Sucursal Beni","No disponible",Salida,"Apertura con tarjeta de proximidad",
"07/02/2024 12:38",8,,,,Beni,"Sucursal Beni","No disponible",Salida,"Apertura con tarjeta de proximidad",
"07/02/2024 12:45",8,,,,Beni,"Sucursal Beni","No disponible",Salida,"Apertura con tarjeta de proximidad",
"07/02/2024 13:01",8,,,,Beni,"Sucursal Beni","No disponible",Salida,"Apertura con tarjeta de proximidad",
"07/02/2024 19:26",8,,,,Beni,"Sucursal Beni","No disponible",Salida,"Apertura con tarjeta de proximidad",
"07/02/2024 19:26",8708642,,,,Beni,"Sucursal Beni","No disponible",Salida,"Apertura con tarjeta de proximidad",
"07/02/2024 19:27",10,,,,Beni,"Sucursal Beni","No disponible","Estado 15","Apertura con tarjeta de proximidad",
"08/02/2024 08:21",8708642,,,,Beni,"Sucursal Beni","No disponible",Salida,"Apertura con tarjeta de proximidad",
"08/02/2024 08:22",10,,,,Beni,"Sucursal Beni","No disponible",Salida,"Apertura con tarjeta de proximidad",
"08/02/2024 08:31",8,,,,Beni,"Sucursal Beni","No disponible",Salida,"Apertura con tarjeta de proximidad",
"08/02/2024 12:36",8,,,,Beni,"Sucursal Beni","No disponible",Salida,"Apertura con tarjeta de proximidad",
"08/02/2024 13:03",8,,,,Beni,"Sucursal Beni","No disponible",Salida,"Apertura con tarjeta de proximidad",
"08/02/2024 18:54",8708642,,,,Beni,"Sucursal Beni","No disponible",Salida,"Apertura con tarjeta de proximidad",
"08/02/2024 18:54",10,,,,Beni,"Sucursal Beni","No disponible",Salida,"Apertura con tarjeta de proximidad",
"08/02/2024 19:04",8,,,,Beni,"Sucursal Beni","No disponible",Salida,"Apertura con tarjeta de proximidad",
"09/02/2024 08:20",10,,,,Beni,"Sucursal Beni","No disponible",Salida,"Apertura con tarjeta de proximidad",
"09/02/2024 08:22",8708642,,,,Beni,"Sucursal Beni","No disponible",Salida,"Apertura con tarjeta de proximidad",
"09/02/2024 08:35",8,,,,Beni,"Sucursal Beni","No disponible",Salida,"Apertura con tarjeta de proximidad",
"09/02/2024 12:34",8,,,,Beni,"Sucursal Beni","No disponible",Salida,"Apertura con tarjeta de proximidad",
"09/02/2024 13:43",8,,,,Beni,"Sucursal Beni","No disponible",Salida,"Apertura con tarjeta de proximidad",
"09/02/2024 18:55",10,,,,Beni,"Sucursal Beni","No disponible",Salida,"Apertura con tarjeta de proximidad",
"09/02/2024 19:13",8,,,,Beni,"Sucursal Beni","No disponible",Salida,"Apertura con tarjeta de proximidad",
"14/02/2024 08:19",8,,,,Beni,"Sucursal Beni","No disponible",Salida,"Apertura con tarjeta de proximidad",
"14/02/2024 08:19",8708642,,,,Beni,"Sucursal Beni","No disponible",Salida,"Apertura con tarjeta de proximidad",
"14/02/2024 12:42",8,,,,Beni,"Sucursal Beni","No disponible",Salida,"Apertura con tarjeta de proximidad",
"14/02/2024 13:01",8,,,,Beni,"Sucursal Beni","No disponible",Salida,"Apertura con tarjeta de proximidad",
"14/02/2024 19:02",8708642,,,,Beni,"Sucursal Beni","No disponible",Salida,"Apertura con tarjeta de proximidad",
"14/02/2024 19:07",8,,,,Beni,"Sucursal Beni","No disponible",Salida,"Apertura con tarjeta de proximidad",
"14/02/2024 19:07",10,,,,Beni,"Sucursal Beni","No disponible",Salida,"Apertura con tarjeta de proximidad",
"15/02/2024 08:23",8708642,,,,Beni,"Sucursal Beni","No disponible",Salida,"Apertura con tarjeta de proximidad",
"15/02/2024 08:24",8,,,,Beni,"Sucursal Beni","No disponible",Salida,"Apertura con tarjeta de proximidad",
"15/02/2024 08:24",10,,,,Beni,"Sucursal Beni","No disponible",Salida,"Apertura con tarjeta de proximidad",
"15/02/2024 12:52",8,,,,Beni,"Sucursal Beni","No disponible",Salida,"Apertura con tarjeta de proximidad",
"15/02/2024 13:01",8,,,,Beni,"Sucursal Beni","No disponible",Salida,"Apertura con tarjeta de proximidad",
"15/02/2024 18:42",10,,,,Beni,"Sucursal Beni","No disponible",Salida,"Apertura con tarjeta de proximidad",
"15/02/2024 18:42",8,,,,Beni,"Sucursal Beni","No disponible",Salida,"Apertura con tarjeta de proximidad",
"15/02/2024 18:42",8708642,,,,Beni,"Sucursal Beni","No disponible",Salida,"Apertura con tarjeta de proximidad",
"16/02/2024 08:08",8,,,,Beni,"Sucursal Beni","No disponible",Salida,"Apertura con tarjeta de proximidad",
"16/02/2024 08:10",10,,,,Beni,"Sucursal Beni","No disponible",Salida,"Apertura con tarjeta de proximidad",
"16/02/2024 08:18",8708642,,,,Beni,"Sucursal Beni","No disponible",Salida,"Apertura con tarjeta de proximidad",
"16/02/2024 12:33",8,,,,Beni,"Sucursal Beni","No disponible",Salida,"Apertura con tarjeta de proximidad",
"16/02/2024 13:17",8,,,,Beni,"Sucursal Beni","No disponible",Salida,"Apertura con tarjeta de proximidad",
"16/02/2024 18:52",10,,,,Beni,"Sucursal Beni","No disponible",Salida,"Apertura con tarjeta de proximidad",
"16/02/2024 18:52",8708642,,,,Beni,"Sucursal Beni","No disponible",Salida,"Apertura con tarjeta de proximidad",
"16/02/2024 18:53",8,,,,Beni,"Sucursal Beni","No disponible",Salida,"Apertura con tarjeta de proximidad",
"19/02/2024 07:34",8,,,,Beni,"Sucursal Beni","No disponible",Salida,"Apertura con tarjeta de proximidad",
"19/02/2024 08:03",10,,,,Beni,"Sucursal Beni","No disponible",Salida,"Apertura con tarjeta de proximidad",
"19/02/2024 08:18",8708642,,,,Beni,"Sucursal Beni","No disponible",Salida,"Apertura con tarjeta de proximidad",
"19/02/2024 12:31",8,,,,Beni,"Sucursal Beni","No disponible",Salida,"Apertura con tarjeta de proximidad",
"19/02/2024 14:14",8,,,,Beni,"Sucursal Beni","No disponible",Salida,"Apertura con tarjeta de proximidad",
"19/02/2024 18:48",8708642,,,,Beni,"Sucursal Beni","No disponible",Salida,"Apertura con tarjeta de proximidad",
"19/02/2024 19:04",10,,,,Beni,"Sucursal Beni","No disponible","Estado 15","Apertura con tarjeta de proximidad",
"19/02/2024 19:05",8,,,,Beni,"Sucursal Beni","No disponible",Salida,"Apertura con tarjeta de proximidad",
"20/02/2024 08:16",10,,,,Beni,"Sucursal Beni","No disponible","Estado 15","Apertura con tarjeta de proximidad",
"20/02/2024 08:24",8708642,,,,Beni,"Sucursal Beni","No disponible",Salida,"Apertura con tarjeta de proximidad",
"20/02/2024 08:29",8,,,,Beni,"Sucursal Beni","No disponible",Salida,"Apertura con tarjeta de proximidad",
"20/02/2024 12:32",8,,,,Beni,"Sucursal Beni","No disponible",Salida,"Apertura con tarjeta de proximidad",
"20/02/2024 13:01",8,,,,Beni,"Sucursal Beni","No disponible",Salida,"Apertura con tarjeta de proximidad",
"20/02/2024 13:38",8,,,,Beni,"Sucursal Beni","No disponible",Salida,"Apertura con tarjeta de proximidad",
"20/02/2024 18:33",8708642,,,,Beni,"Sucursal Beni","No disponible",Salida,"Apertura con tarjeta de proximidad",
"20/02/2024 18:35",10,,,,Beni,"Sucursal Beni","No disponible",Salida,"Apertura con tarjeta de proximidad",
"20/02/2024 18:35",8,,,,Beni,"Sucursal Beni","No disponible",Salida,"Apertura con tarjeta de proximidad",
"21/02/2024 08:19",8708642,,,,Beni,"Sucursal Beni","No disponible",Salida,"Apertura con tarjeta de proximidad",
"21/02/2024 08:28",8,,,,Beni,"Sucursal Beni","No disponible",Salida,"Apertura con tarjeta de proximidad",
"21/02/2024 08:33",10,,,,Beni,"Sucursal Beni","No disponible",Salida,"Apertura con tarjeta de proximidad",
"21/02/2024 12:50",8,,,,Beni,"Sucursal Beni","No disponible",Salida,"Apertura con tarjeta de proximidad",
"21/02/2024 13:13",8,,,,Beni,"Sucursal Beni","No disponible",Salida,"Apertura con tarjeta de proximidad",
"21/02/2024 18:39",8708642,,,,Beni,"Sucursal Beni","No disponible",Salida,"Apertura con tarjeta de proximidad",
"21/02/2024 18:57",10,,,,Beni,"Sucursal Beni","No disponible","Estado 15","Apertura con tarjeta de proximidad",
"21/02/2024 19:10",8,,,,Beni,"Sucursal Beni","No disponible",Salida,"Apertura con tarjeta de proximidad",
"22/02/2024 08:13",10,,,,Beni,"Sucursal Beni","No disponible",Salida,"Apertura con tarjeta de proximidad",
"22/02/2024 08:17",8708642,,,,Beni,"Sucursal Beni","No disponible",Salida,"Apertura con tarjeta de proximidad",
"22/02/2024 08:20",8,,,,Beni,"Sucursal Beni","No disponible",Salida,"Apertura con tarjeta de proximidad",
"22/02/2024 12:34",8,,,,Beni,"Sucursal Beni","No disponible",Salida,"Apertura con tarjeta de proximidad",
"22/02/2024 13:14",8,,,,Beni,"Sucursal Beni","No disponible",Salida,"Apertura con tarjeta de proximidad",
"22/02/2024 13:52",8,,,,Beni,"Sucursal Beni","No disponible",Salida,"Apertura con tarjeta de proximidad",
"22/02/2024 18:29",8708642,,,,Beni,"Sucursal Beni","No disponible",Salida,"Apertura con tarjeta de proximidad",
"22/02/2024 18:34",10,,,,Beni,"Sucursal Beni","No disponible",Salida,"Apertura con tarjeta de proximidad",
"22/02/2024 18:52",8,,,,Beni,"Sucursal Beni","No disponible",Salida,"Apertura con tarjeta de proximidad",
"23/02/2024 05:59",7,,,,Beni,"Sucursal Beni","No disponible","Retorno de descanso","Sin evento",
"23/02/2024 08:24",8,,,,Beni,"Sucursal Beni","No disponible",Salida,"Sin evento",
"23/02/2024 08:25",8708642,,,,Beni,"Sucursal Beni","No disponible",Salida,"Sin evento",
"23/02/2024 08:29",10,,,,Beni,"Sucursal Beni","No disponible","Estado 15","Sin evento",
"23/02/2024 12:36",8,,,,Beni,"Sucursal Beni","No disponible",Salida,"Sin evento",
"23/02/2024 13:03",8,,,,Beni,"Sucursal Beni","No disponible","Estado 15","Sin evento",
"23/02/2024 18:43",8,,,,Beni,"Sucursal Beni","No disponible",Salida,"Sin evento",
"23/02/2024 18:43",8708642,,,,Beni,"Sucursal Beni","No disponible",Salida,"Sin evento",
"23/02/2024 18:44",10,,,,Beni,"Sucursal Beni","No disponible",Salida,"Sin evento",
"26/02/2024 07:20",10,,,,Beni,"Sucursal Beni","No disponible","Estado 15","Sin evento",
"26/02/2024 07:35",8708642,,,,Beni,"Sucursal Beni","No disponible",Salida,"Sin evento",
"26/02/2024 08:28",8,,,,Beni,"Sucursal Beni","No disponible",Salida,"Sin evento",
"26/02/2024 09:54",10,,,,Beni,"Sucursal Beni","No disponible","Estado 15","Sin evento",
"26/02/2024 12:55",8,,,,Beni,"Sucursal Beni","No disponible",Salida,"Sin evento",
"26/02/2024 14:12",8,,,,Beni,"Sucursal Beni","No disponible",Salida,"Sin evento",
"26/02/2024 18:41",8708642,,,,Beni,"Sucursal Beni","No disponible",Salida,"Sin evento",
"26/02/2024 18:42",10,,,,Beni,"Sucursal Beni","No disponible",Salida,"Sin evento",
"26/02/2024 18:42",8,,,,Beni,"Sucursal Beni","No disponible",Salida,"Sin evento",
"27/02/2024 08:25",8,,,,Beni,"Sucursal Beni","No disponible",Salida,"Sin evento",
"27/02/2024 08:26",10,,,,Beni,"Sucursal Beni","No disponible","Estado 15","Sin evento",
"27/02/2024 08:36",8708642,,,,Beni,"Sucursal Beni","No disponible","Estado 15","Sin evento",
"27/02/2024 12:58",8,,,,Beni,"Sucursal Beni","No disponible",Salida,"Sin evento",
"27/02/2024 13:33",8,,,,Beni,"Sucursal Beni","No disponible",Salida,"Sin evento",
"27/02/2024 18:34",8708642,,,,Beni,"Sucursal Beni","No disponible",Salida,"Sin evento",
"27/02/2024 18:47",10,,,,Beni,"Sucursal Beni","No disponible",Salida,"Sin evento",
"27/02/2024 18:47",8,,,,Beni,"Sucursal Beni","No disponible",Salida,"Sin evento",
"28/02/2024 08:28",8708642,,,,Beni,"Sucursal Beni","No disponible",Salida,"Sin evento",
"28/02/2024 08:28",10,,,,Beni,"Sucursal Beni","No disponible",Salida,"Sin evento",
"28/02/2024 08:30",8,,,,Beni,"Sucursal Beni","No disponible",Salida,"Sin evento",
"28/02/2024 12:39",8,,,,Beni,"Sucursal Beni","No disponible",Salida,"Sin evento",
"28/02/2024 13:28",8,,,,Beni,"Sucursal Beni","No disponible",Salida,"Sin evento",
"28/02/2024 18:32",8708642,,,,Beni,"Sucursal Beni","No disponible",Salida,"Sin evento",
"28/02/2024 19:03",8,,,,Beni,"Sucursal Beni","No disponible",Salida,"Sin evento",
"28/02/2024 19:11",10,,,,Beni,"Sucursal Beni","No disponible",Salida,"Sin evento",
"29/02/2024 08:26",10,,,,Beni,"Sucursal Beni","No disponible","Estado 15","Sin evento",
"29/02/2024 08:26",8708642,,,,Beni,"Sucursal Beni","No disponible",Salida,"Sin evento",
"29/02/2024 08:36",8,,,,Beni,"Sucursal Beni","No disponible",Salida,"Sin evento",
"29/02/2024 12:33",8,,,,Beni,"Sucursal Beni","No disponible",Salida,"Sin evento",
"29/02/2024 13:06",8,,,,Beni,"Sucursal Beni","No disponible",Salida,"Sin evento",
"29/02/2024 18:32",8,,,,Beni,"Sucursal Beni","No disponible",Salida,"Sin evento",
"29/02/2024 19:17",10,,,,Beni,"Sucursal Beni","No disponible",Salida,"Sin evento",
"01/03/2024 08:18",10,,,,Beni,"Sucursal Beni","No disponible",Salida,"Sin evento",
"01/03/2024 08:18",8,,,,Beni,"Sucursal Beni","No disponible",Salida,"Sin evento",
"01/03/2024 08:29",8708642,,,,Beni,"Sucursal Beni","No disponible",Salida,"Sin evento",
"01/03/2024 12:39",8,,,,Beni,"Sucursal Beni","No disponible",Salida,"Sin evento",
"01/03/2024 13:50",8,,,,Beni,"Sucursal Beni","No disponible",Salida,"Sin evento",
"01/03/2024 18:39",8708642,,,,Beni,"Sucursal Beni","No disponible",Salida,"Sin evento",
"01/03/2024 18:49",10,,,,Beni,"Sucursal Beni","No disponible",Salida,"Sin evento",
"01/03/2024 18:49",8,,,,Beni,"Sucursal Beni","No disponible",Salida,"Sin evento",
"04/03/2024 08:23",8708642,,,,Beni,"Sucursal Beni","No disponible",Salida,"Sin evento",
"04/03/2024 08:28",10,,,,Beni,"Sucursal Beni","No disponible",Salida,"Sin evento",
"04/03/2024 08:34",8,,,,Beni,"Sucursal Beni","No disponible",Salida,"Sin evento",
"04/03/2024 11:33",8708642,,,,Beni,"Sucursal Beni","No disponible","Estado 15","Sin evento",
"04/03/2024 12:31",8,,,,Beni,"Sucursal Beni","No disponible",Salida,"Sin evento",
"04/03/2024 14:11",10,,,,Beni,"Sucursal Beni","No disponible","Estado 15","Sin evento",
"04/03/2024 14:22",8,,,,Beni,"Sucursal Beni","No disponible",Salida,"Sin evento",
"04/03/2024 18:31",8708642,,,,Beni,"Sucursal Beni","No disponible",Salida,"Sin evento",
"04/03/2024 18:41",10,,,,Beni,"Sucursal Beni","No disponible",Salida,"Sin evento",
"04/03/2024 18:43",8,,,,Beni,"Sucursal Beni","No disponible",Salida,"Sin evento",
"05/03/2024 08:18",8708642,,,,Beni,"Sucursal Beni","No disponible",Salida,"Sin evento",
"05/03/2024 08:19",10,,,,Beni,"Sucursal Beni","No disponible","Estado 15","Sin evento",
"05/03/2024 08:34",8,,,,Beni,"Sucursal Beni","No disponible",Salida,"Sin evento",
"05/03/2024 12:47",8,,,,Beni,"Sucursal Beni","No disponible",Salida,"Sin evento",
"05/03/2024 13:50",8,,,,Beni,"Sucursal Beni","No disponible",Salida,"Sin evento",
"05/03/2024 18:57",10,,,,Beni,"Sucursal Beni","No disponible",Salida,"Sin evento",
"05/03/2024 19:02",8,,,,Beni,"Sucursal Beni","No disponible",Salida,"Sin evento",
"06/03/2024 08:22",10,,,,Beni,"Sucursal Beni","No disponible",Salida,"Sin evento",
"06/03/2024 08:22",8708642,,,,Beni,"Sucursal Beni","No disponible",Salida,"Sin evento",
"06/03/2024 08:29",8,,,,Beni,"Sucursal Beni","No disponible",Salida,"Sin evento",
"06/03/2024 08:48",10,,,,Beni,"Sucursal Beni","No disponible","Estado 15","Sin evento",
"06/03/2024 12:33",8,,,,Beni,"Sucursal Beni","No disponible",Salida,"Sin evento",
"06/03/2024 13:40",8,,,,Beni,"Sucursal Beni","No disponible",Salida,"Sin evento",
"06/03/2024 18:29",8708642,,,,Beni,"Sucursal Beni","No disponible",Salida,"Sin evento",
"06/03/2024 18:30",8708642,,,,Beni,"Sucursal Beni","No disponible",Salida,"Sin evento",
"06/03/2024 18:34",8,,,,Beni,"Sucursal Beni","No disponible",Salida,"Sin evento",
"06/03/2024 18:35",10,,,,Beni,"Sucursal Beni","No disponible",Salida,"Sin evento",
"07/03/2024 08:22",10,,,,Beni,"Sucursal Beni","No disponible",Salida,"Sin evento",
"07/03/2024 08:26",8,,,,Beni,"Sucursal Beni","No disponible",Salida,"Sin evento",
"07/03/2024 12:33",8,,,,Beni,"Sucursal Beni","No disponible",Salida,"Sin evento",
"07/03/2024 13:22",8,,,,Beni,"Sucursal Beni","No disponible",Salida,"Sin evento",
"07/03/2024 18:36",8708642,,,,Beni,"Sucursal Beni","No disponible",Salida,"Sin evento",
"07/03/2024 18:44",10,,,,Beni,"Sucursal Beni","No disponible","Estado 15","Sin evento",
"07/03/2024 19:06",8,,,,Beni,"Sucursal Beni","No disponible",Salida,"Sin evento",
"08/03/2024 08:24",10,,,,Beni,"Sucursal Beni","No disponible",Salida,"Sin evento",
"08/03/2024 08:25",8708642,,,,Beni,"Sucursal Beni","No disponible",Salida,"Sin evento",
"08/03/2024 08:27",8,,,,Beni,"Sucursal Beni","No disponible",Salida,"Sin evento",
"08/03/2024 12:49",8,,,,Beni,"Sucursal Beni","No disponible",Salida,"Sin evento",
"08/03/2024 18:34",10,,,,Beni,"Sucursal Beni","No disponible","Estado 15","Sin evento",
"08/03/2024 18:34",8708642,,,,Beni,"Sucursal Beni","No disponible",Salida,"Sin evento",
"11/03/2024 08:17",8,,,,Beni,"Sucursal Beni","No disponible",Salida,"Sin evento",
"11/03/2024 08:17",10,,,,Beni,"Sucursal Beni","No disponible","Estado 15","Sin evento",
"11/03/2024 08:25",8708642,,,,Beni,"Sucursal Beni","No disponible",Salida,"Sin evento",
"11/03/2024 12:39",8,,,,Beni,"Sucursal Beni","No disponible",Salida,"Sin evento",
"11/03/2024 13:33",8,,,,Beni,"Sucursal Beni","No disponible",Salida,"Sin evento",
"11/03/2024 18:31",8708642,,,,Beni,"Sucursal Beni","No disponible",Salida,"Sin evento",
"11/03/2024 18:32",10,,,,Beni,"Sucursal Beni","No disponible",Salida,"Sin evento",
"11/03/2024 18:32",8,,,,Beni,"Sucursal Beni","No disponible",Salida,"Sin evento",
"12/03/2024 08:22",10,,,,Beni,"Sucursal Beni","No disponible",Salida,"Sin evento",
"12/03/2024 08:26",8708642,,,,Beni,"Sucursal Beni","No disponible",Salida,"Sin evento",
"12/03/2024 08:31",8,,,,Beni,"Sucursal Beni","No disponible",Salida,"Sin evento",
"12/03/2024 12:32",8,,,,Beni,"Sucursal Beni","No disponible",Salida,"Sin evento",
"12/03/2024 14:25",8,,,,Beni,"Sucursal Beni","No disponible",Salida,"Sin evento",
"12/03/2024 18:34",8708642,,,,Beni,"Sucursal Beni","No disponible",Salida,"Sin evento",
"12/03/2024 18:48",10,,,,Beni,"Sucursal Beni","No disponible",Salida,"Sin evento",
"12/03/2024 18:49",8,,,,Beni,"Sucursal Beni","No disponible",Salida,"Sin evento",
"13/03/2024 08:25",8708642,,,,Beni,"Sucursal Beni","No disponible",Salida,"Sin evento",
"13/03/2024 08:29",8,,,,Beni,"Sucursal Beni","No disponible",Salida,"Sin evento",
"13/03/2024 08:29",10,,,,Beni,"Sucursal Beni","No disponible","Estado 15","Sin evento",
"13/03/2024 12:31",8,,,,Beni,"Sucursal Beni","No disponible",Salida,"Sin evento",
"13/03/2024 13:36",8,,,,Beni,"Sucursal Beni","No disponible",Salida,"Sin evento",
"13/03/2024 13:59",8,,,,Beni,"Sucursal Beni","No disponible",Salida,"Sin evento",
"13/03/2024 18:39",8708642,,,,Beni,"Sucursal Beni","No disponible",Salida,"Sin evento",
"13/03/2024 19:02",10,,,,Beni,"Sucursal Beni","No disponible","Estado 15","Sin evento",
"13/03/2024 19:03",8,,,,Beni,"Sucursal Beni","No disponible",Salida,"Sin evento",
"14/03/2024 08:22",8708642,,,,Beni,"Sucursal Beni","No disponible",Salida,"Sin evento",
"14/03/2024 08:25",10,,,,Beni,"Sucursal Beni","No disponible","Estado 15","Sin evento",
"14/03/2024 08:35",8,,,,Beni,"Sucursal Beni","No disponible",Salida,"Sin evento",
"14/03/2024 12:30",8,,,,Beni,"Sucursal Beni","No disponible",Salida,"Sin evento",
"14/03/2024 14:12",8,,,,Beni,"Sucursal Beni","No disponible",Salida,"Sin evento",
"14/03/2024 18:33",10,,,,Beni,"Sucursal Beni","No disponible",Salida,"Sin evento",
"14/03/2024 18:34",8708642,,,,Beni,"Sucursal Beni","No disponible",Salida,"Sin evento",
"14/03/2024 18:49",8,,,,Beni,"Sucursal Beni","No disponible",Salida,"Sin evento",
"15/03/2024 08:14",8,,,,Beni,"Sucursal Beni","No disponible",Salida,"Sin evento",
"15/03/2024 08:14",10,,,,Beni,"Sucursal Beni","No disponible",Salida,"Sin evento",
"15/03/2024 08:17",8708642,,,,Beni,"Sucursal Beni","No disponible",Salida,"Sin evento",
"15/03/2024 12:33",8,,,,Beni,"Sucursal Beni","No disponible",Salida,"Sin evento",
"15/03/2024 13:39",8,,,,Beni,"Sucursal Beni","No disponible",Salida,"Sin evento",
"15/03/2024 18:31",8708642,,,,Beni,"Sucursal Beni","No disponible",Salida,"Sin evento",
"15/03/2024 18:44",10,,,,Beni,"Sucursal Beni","No disponible",Salida,"Sin evento",
"15/03/2024 18:45",8,,,,Beni,"Sucursal Beni","No disponible",Salida,"Sin evento",
"18/03/2024 08:19",8708642,,,,Beni,"Sucursal Beni","No disponible",Salida,"Sin evento",
"18/03/2024 08:21",8,,,,Beni,"Sucursal Beni","No disponible",Salida,"Sin evento",
"18/03/2024 08:24",10,,,,Beni,"Sucursal Beni","No disponible",Salida,"Sin evento",
"18/03/2024 12:44",8,,,,Beni,"Sucursal Beni","No disponible",Salida,"Sin evento",
"18/03/2024 18:34",10,,,,Beni,"Sucursal Beni","No disponible",Salida,"Sin evento",
"18/03/2024 18:35",8,,,,Beni,"Sucursal Beni","No disponible",Salida,"Sin evento",
"19/03/2024 08:21",8708642,,,,Beni,"Sucursal Beni","No disponible",Salida,"Sin evento",
"19/03/2024 08:22",8,,,,Beni,"Sucursal Beni","No disponible",Salida,"Sin evento",
"19/03/2024 12:44",8,,,,Beni,"Sucursal Beni","No disponible",Salida,"Sin evento",
"19/03/2024 13:59",8,,,,Beni,"Sucursal Beni","No disponible",Salida,"Sin evento",
"19/03/2024 18:46",8,,,,Beni,"Sucursal Beni","No disponible",Salida,"Sin evento",
"19/03/2024 18:47",10,,,,Beni,"Sucursal Beni","No disponible",Salida,"Sin evento",
"20/03/2024 08:16",10,,,,Beni,"Sucursal Beni","No disponible",Salida,"Sin evento",
"20/03/2024 08:20",8708642,,,,Beni,"Sucursal Beni","No disponible",Salida,"Sin evento",
"20/03/2024 08:25",8,,,,Beni,"Sucursal Beni","No disponible",Salida,"Sin evento",
"20/03/2024 12:51",8,,,,Beni,"Sucursal Beni","No disponible",Salida,"Sin evento",
"20/03/2024 14:04",8,,,,Beni,"Sucursal Beni","No disponible",Salida,"Sin evento",
"20/03/2024 18:32",8708642,,,,Beni,"Sucursal Beni","No disponible",Salida,"Sin evento",
"20/03/2024 18:38",10,,,,Beni,"Sucursal Beni","No disponible","Estado 15","Sin evento",
"20/03/2024 18:45",8,,,,Beni,"Sucursal Beni","No disponible",Salida,"Sin evento",
"21/03/2024 08:04",10,,,,Beni,"Sucursal Beni","No disponible",Salida,"Sin evento",
"21/03/2024 08:19",8708642,,,,Beni,"Sucursal Beni","No disponible",Salida,"Sin evento",
"21/03/2024 08:32",8,,,,Beni,"Sucursal Beni","No disponible",Salida,"Sin evento",
"21/03/2024 12:31",8,,,,Beni,"Sucursal Beni","No disponible",Salida,"Sin evento",
"21/03/2024 13:36",8,,,,Beni,"Sucursal Beni","No disponible",Salida,"Sin evento",
"21/03/2024 18:33",10,,,,Beni,"Sucursal Beni","No disponible",Salida,"Sin evento",
"21/03/2024 18:35",8,,,,Beni,"Sucursal Beni","No disponible",Salida,"Sin evento",
"21/03/2024 18:39",8708642,,,,Beni,"Sucursal Beni","No disponible",Salida,"Sin evento",
"22/03/2024 08:22",8708642,,,,Beni,"Sucursal Beni","No disponible",Salida,"Sin evento",
"22/03/2024 08:30",10,,,,Beni,"Sucursal Beni","No disponible",Salida,"Sin evento",
"22/03/2024 08:31",8,,,,Beni,"Sucursal Beni","No disponible",Salida,"Sin evento",
"22/03/2024 12:43",8,,,,Beni,"Sucursal Beni","No disponible",Salida,"Sin evento",
"22/03/2024 16:35",8,,,,Beni,"Sucursal Beni","No disponible",Salida,"Sin evento",
"22/03/2024 16:35",8708642,,,,Beni,"Sucursal Beni","No disponible",Salida,"Sin evento",
"22/03/2024 16:35",10,,,,Beni,"Sucursal Beni","No disponible",Salida,"Sin evento",
"25/03/2024 08:16",8708642,,,,Beni,"Sucursal Beni","No disponible",Salida,"Sin evento",
"25/03/2024 08:16",10,,,,Beni,"Sucursal Beni","No disponible",Salida,"Sin evento",
"25/03/2024 08:29",8,,,,Beni,"Sucursal Beni","No disponible",Salida,"Sin evento",
"25/03/2024 12:37",8,,,,Beni,"Sucursal Beni","No disponible",Salida,"Sin evento",
"25/03/2024 13:43",8,,,,Beni,"Sucursal Beni","No disponible",Salida,"Sin evento",
"25/03/2024 18:33",8708642,,,,Beni,"Sucursal Beni","No disponible",Salida,"Sin evento",
"25/03/2024 18:36",10,,,,Beni,"Sucursal Beni","No disponible","Estado 15","Sin evento",
"25/03/2024 18:37",8,,,,Beni,"Sucursal Beni","No disponible",Salida,"Sin evento",
"26/03/2024 08:03",8,,,,Beni,"Sucursal Beni","No disponible",Salida,"Sin evento",
"26/03/2024 08:15",10,,,,Beni,"Sucursal Beni","No disponible","Estado 15","Sin evento",
"26/03/2024 08:18",8708642,,,,Beni,"Sucursal Beni","No disponible",Salida,"Sin evento",
"26/03/2024 12:33",8,,,,Beni,"Sucursal Beni","No disponible",Salida,"Sin evento",
"26/03/2024 13:30",8,,,,Beni,"Sucursal Beni","No disponible",Salida,"Sin evento",
"26/03/2024 18:54",8708642,,,,Beni,"Sucursal Beni","No disponible",Salida,"Sin evento",
"26/03/2024 19:21",10,,,,Beni,"Sucursal Beni","No disponible","Estado 15","Sin evento",
"26/03/2024 19:39",8,,,,Beni,"Sucursal Beni","No disponible",Salida,"Sin evento",
"27/03/2024 08:05",8708642,,,,Beni,"Sucursal Beni","No disponible",Salida,"Sin evento",
"27/03/2024 08:20",10,,,,Beni,"Sucursal Beni","No disponible","Estado 15","Sin evento",
"27/03/2024 08:32",8,,,,Beni,"Sucursal Beni","No disponible",Salida,"Sin evento",
"27/03/2024 12:50",8,,,,Beni,"Sucursal Beni","No disponible",Salida,"Sin evento",
"27/03/2024 13:59",8,,,,Beni,"Sucursal Beni","No disponible",Salida,"Sin evento",
"27/03/2024 18:44",8708642,,,,Beni,"Sucursal Beni","No disponible",Salida,"Sin evento",
"27/03/2024 18:44",10,,,,Beni,"Sucursal Beni","No disponible","Estado 15","Sin evento",
"27/03/2024 19:14",8,,,,Beni,"Sucursal Beni","No disponible",Salida,"Sin evento",
"28/03/2024 08:27",8,,,,Beni,"Sucursal Beni","No disponible",Salida,"Sin evento",
"28/03/2024 12:45",8,,,,Beni,"Sucursal Beni","No disponible",Salida,"Sin evento",
"28/03/2024 14:05",8,,,,Beni,"Sucursal Beni","No disponible",Salida,"Sin evento",
"28/03/2024 17:23",8708642,,,,Beni,"Sucursal Beni","No disponible",Salida,"Sin evento",
"28/03/2024 17:25",10,,,,Beni,"Sucursal Beni","No disponible","Estado 15","Sin evento",
"28/03/2024 17:25",8,,,,Beni,"Sucursal Beni","No disponible",Salida,"Sin evento",
"01/04/2024 08:21",8708642,,,,Beni,"Sucursal Beni","No disponible",Salida,"Sin evento",
"01/04/2024 08:31",10,,,,Beni,"Sucursal Beni","No disponible","Estado 15","Sin evento",
"01/04/2024 08:33",8,,,,Beni,"Sucursal Beni","No disponible",Salida,"Sin evento",
"01/04/2024 12:49",8,,,,Beni,"Sucursal Beni","No disponible",Salida,"Sin evento",
"01/04/2024 13:16",8,,,,Beni,"Sucursal Beni","No disponible",Salida,"Sin evento",
"01/04/2024 14:20",8,,,,Beni,"Sucursal Beni","No disponible",Salida,"Sin evento",
"01/04/2024 18:34",8708642,,,,Beni,"Sucursal Beni","No disponible",Salida,"Sin evento",
"01/04/2024 18:42",10,,,,Beni,"Sucursal Beni","No disponible","Estado 15","Sin evento",
"01/04/2024 18:46",8,,,,Beni,"Sucursal Beni","No disponible",Salida,"Sin evento",
"02/04/2024 08:24",8708642,,,,Beni,"Sucursal Beni","No disponible",Salida,"Sin evento",
"02/04/2024 08:25",10,,,,Beni,"Sucursal Beni","No disponible",Salida,"Sin evento",
"02/04/2024 08:37",8,,,,Beni,"Sucursal Beni","No disponible",Salida,"Sin evento",
"02/04/2024 12:39",8,,,,Beni,"Sucursal Beni","No disponible",Salida,"Sin evento",
"02/04/2024 13:53",8,,,,Beni,"Sucursal Beni","No disponible",Salida,"Sin evento",
"02/04/2024 18:41",10,,,,Beni,"Sucursal Beni","No disponible",Salida,"Sin evento",
"02/04/2024 18:44",8708642,,,,Beni,"Sucursal Beni","No disponible",Salida,"Sin evento",
"02/04/2024 19:08",8,,,,Beni,"Sucursal Beni","No disponible",Salida,"Sin evento",
"03/04/2024 08:17",8708642,,,,Beni,"Sucursal Beni","No disponible",Salida,"Sin evento",
"03/04/2024 08:21",10,,,,Beni,"Sucursal Beni","No disponible","Estado 15","Sin evento",
"03/04/2024 08:35",8,,,,Beni,"Sucursal Beni","No disponible",Salida,"Sin evento",
"03/04/2024 12:32",8,,,,Beni,"Sucursal Beni","No disponible",Salida,"Sin evento",
"03/04/2024 13:45",8,,,,Beni,"Sucursal Beni","No disponible",Salida,"Sin evento",
"03/04/2024 18:38",10,,,,Beni,"Sucursal Beni","No disponible",Salida,"Sin evento",
"03/04/2024 18:43",8708642,,,,Beni,"Sucursal Beni","No disponible",Salida,"Sin evento",
"03/04/2024 18:59",8,,,,Beni,"Sucursal Beni","No disponible",Salida,"Sin evento",
"04/04/2024 08:27",10,,,,Beni,"Sucursal Beni","No disponible",Salida,"Sin evento",
"04/04/2024 08:28",8708642,,,,Beni,"Sucursal Beni","No disponible",Salida,"Sin evento",
"04/04/2024 08:30",8,,,,Beni,"Sucursal Beni","No disponible",Salida,"Sin evento",
"04/04/2024 12:38",8,,,,Beni,"Sucursal Beni","No disponible",Salida,"Sin evento",
"04/04/2024 13:58",8,,,,Beni,"Sucursal Beni","No disponible",Salida,"Sin evento",
"04/04/2024 18:50",8708642,,,,Beni,"Sucursal Beni","No disponible",Salida,"Sin evento",
"04/04/2024 19:07",10,,,,Beni,"Sucursal Beni","No disponible",Salida,"Sin evento",
"04/04/2024 20:17",8,,,,Beni,"Sucursal Beni","No disponible",Salida,"Sin evento",
"05/04/2024 08:10",8708642,,,,Beni,"Sucursal Beni","No disponible",Salida,"Sin evento",
"05/04/2024 08:10",10,,,,Beni,"Sucursal Beni","No disponible",Salida,"Sin evento",
"05/04/2024 08:26",8,,,,Beni,"Sucursal Beni","No disponible",Salida,"Sin evento",
"05/04/2024 12:32",8,,,,Beni,"Sucursal Beni","No disponible",Salida,"Sin evento",
"05/04/2024 13:21",8,,,,Beni,"Sucursal Beni","No disponible",Salida,"Sin evento",
"05/04/2024 18:31",10,,,,Beni,"Sucursal Beni","No disponible","Estado 15","Sin evento",
"05/04/2024 18:32",8,,,,Beni,"Sucursal Beni","No disponible",Salida,"Sin evento",
"05/04/2024 18:32",8708642,,,,Beni,"Sucursal Beni","No disponible",Salida,"Sin evento",
"08/04/2024 08:14",10,,,,Beni,"Sucursal Beni","No disponible","Estado 15","Sin evento",
"08/04/2024 08:14",8708642,,,,Beni,"Sucursal Beni","No disponible",Salida,"Sin evento",
"08/04/2024 08:27",8,,,,Beni,"Sucursal Beni","No disponible",Salida,"Sin evento",
"08/04/2024 12:32",8,,,,Beni,"Sucursal Beni","No disponible",Salida,"Sin evento",
"08/04/2024 13:39",8,,,,Beni,"Sucursal Beni","No disponible",Salida,"Sin evento",
"08/04/2024 14:08",8,,,,Beni,"Sucursal Beni","No disponible",Salida,"Sin evento",
"08/04/2024 18:35",8708642,,,,Beni,"Sucursal Beni","No disponible",Salida,"Sin evento",
"08/04/2024 19:00",8,,,,Beni,"Sucursal Beni","No disponible",Salida,"Sin evento",
"08/04/2024 19:03",10,,,,Beni,"Sucursal Beni","No disponible",Salida,"Sin evento",
"09/04/2024 08:17",8708642,,,,Beni,"Sucursal Beni","No disponible",Salida,"Sin evento",
"09/04/2024 08:18",10,,,,Beni,"Sucursal Beni","No disponible",Salida,"Sin evento",
"09/04/2024 08:26",8,,,,Beni,"Sucursal Beni","No disponible",Salida,"Sin evento",
"09/04/2024 12:42",8,,,,Beni,"Sucursal Beni","No disponible",Salida,"Sin evento",
"09/04/2024 14:03",8,,,,Beni,"Sucursal Beni","No disponible",Salida,"Sin evento",
"09/04/2024 18:36",10,,,,Beni,"Sucursal Beni","No disponible",Salida,"Sin evento",
"09/04/2024 18:36",8708642,,,,Beni,"Sucursal Beni","No disponible",Salida,"Sin evento",
"09/04/2024 19:15",8,,,,Beni,"Sucursal Beni","No disponible",Salida,"Sin evento",
"10/04/2024 08:11",8708642,,,,Beni,"Sucursal Beni","No disponible",Salida,"Sin evento",
"10/04/2024 08:16",10,,,,Beni,"Sucursal Beni","No disponible",Salida,"Sin evento",
"10/04/2024 08:24",8,,,,Beni,"Sucursal Beni","No disponible",Salida,"Sin evento",
"10/04/2024 12:44",8,,,,Beni,"Sucursal Beni","No disponible",Salida,"Sin evento",
"10/04/2024 13:57",8,,,,Beni,"Sucursal Beni","No disponible",Salida,"Sin evento",
"10/04/2024 18:31",8708642,,,,Beni,"Sucursal Beni","No disponible",Salida,"Sin evento",
"10/04/2024 18:32",10,,,,Beni,"Sucursal Beni","No disponible",Salida,"Sin evento",
"10/04/2024 19:28",8,,,,Beni,"Sucursal Beni","No disponible",Salida,"Sin evento",
"11/04/2024 07:51",8,,,,Beni,"Sucursal Beni","No disponible",Salida,"Sin evento",
"11/04/2024 08:18",10,,,,Beni,"Sucursal Beni","No disponible",Salida,"Sin evento",
"11/04/2024 08:21",8708642,,,,Beni,"Sucursal Beni","No disponible",Salida,"Sin evento",
"11/04/2024 12:31",8,,,,Beni,"Sucursal Beni","No disponible",Salida,"Sin evento",
"11/04/2024 14:07",8,,,,Beni,"Sucursal Beni","No disponible",Salida,"Sin evento",
"11/04/2024 19:00",10,,,,Beni,"Sucursal Beni","No disponible",Salida,"Sin evento",
"11/04/2024 19:06",8,,,,Beni,"Sucursal Beni","No disponible",Salida,"Sin evento",
"12/04/2024 08:14",10,,,,Beni,"Sucursal Beni","No disponible",Salida,"Sin evento",
"12/04/2024 08:20",8708642,,,,Beni,"Sucursal Beni","No disponible",Salida,"Sin evento",
"12/04/2024 08:39",8,,,,Beni,"Sucursal Beni","No disponible",Salida,"Sin evento",
"12/04/2024 12:49",8,,,,Beni,"Sucursal Beni","No disponible",Salida,"Sin evento",
"12/04/2024 14:04",8,,,,Beni,"Sucursal Beni","No disponible",Salida,"Sin evento",
"12/04/2024 18:32",10,,,,Beni,"Sucursal Beni","No disponible","Estado 15","Sin evento",
"12/04/2024 18:37",10,,,,Beni,"Sucursal Beni","No disponible",Salida,"Sin evento",
"12/04/2024 18:38",8708642,,,,Beni,"Sucursal Beni","No disponible",Salida,"Sin evento",
"12/04/2024 18:38",8,,,,Beni,"Sucursal Beni","No disponible",Salida,"Sin evento",
"15/04/2024 08:26",8708642,,,,Beni,"Sucursal Beni","No disponible",Salida,"Sin evento",
"15/04/2024 08:27",10,,,,Beni,"Sucursal Beni","No disponible","Estado 15","Sin evento",
"15/04/2024 08:31",8,,,,Beni,"Sucursal Beni","No disponible",Salida,"Sin evento",
"15/04/2024 12:50",8,,,,Beni,"Sucursal Beni","No disponible",Salida,"Sin evento",
"15/04/2024 13:22",8,,,,Beni,"Sucursal Beni","No disponible",Salida,"Sin evento",
"15/04/2024 18:41",8708642,,,,Beni,"Sucursal Beni","No disponible",Salida,"Sin evento",
"15/04/2024 18:42",10,,,,Beni,"Sucursal Beni","No disponible","Estado 15","Sin evento",
"15/04/2024 18:43",8,,,,Beni,"Sucursal Beni","No disponible",Salida,"Sin evento",
"16/04/2024 08:29",8708642,,,,Beni,"Sucursal Beni","No disponible",Salida,"Sin evento",
"16/04/2024 08:30",10,,,,Beni,"Sucursal Beni","No disponible","Estado 15","Sin evento",
"16/04/2024 08:34",8,,,,Beni,"Sucursal Beni","No disponible",Salida,"Sin evento",
"16/04/2024 12:49",8,,,,Beni,"Sucursal Beni","No disponible",Salida,"Sin evento",
"16/04/2024 14:05",8,,,,Beni,"Sucursal Beni","No disponible",Salida,"Sin evento",
"16/04/2024 18:35",8708642,,,,Beni,"Sucursal Beni","No disponible",Salida,"Sin evento",
"16/04/2024 18:55",10,,,,Beni,"Sucursal Beni","No disponible",Salida,"Sin evento",
"16/04/2024 19:25",8,,,,Beni,"Sucursal Beni","No disponible",Salida,"Sin evento",
"17/04/2024 08:15",8,,,,Beni,"Sucursal Beni","No disponible",Salida,"Sin evento",
"17/04/2024 08:22",10,,,,Beni,"Sucursal Beni","No disponible",Salida,"Sin evento",
"17/04/2024 08:29",10,,,,Beni,"Sucursal Beni","No disponible",Salida,"Sin evento",
"17/04/2024 08:33",8708642,,,,Beni,"Sucursal Beni","No disponible",Salida,"Sin evento",
"17/04/2024 12:49",8,,,,Beni,"Sucursal Beni","No disponible",Salida,"Sin evento",
"17/04/2024 13:49",8,,,,Beni,"Sucursal Beni","No disponible",Salida,"Sin evento",
"17/04/2024 18:30",8708642,,,,Beni,"Sucursal Beni","No disponible",Salida,"Sin evento",
"17/04/2024 18:32",10,,,,Beni,"Sucursal Beni","No disponible",Salida,"Sin evento",
"17/04/2024 18:34",8,,,,Beni,"Sucursal Beni","No disponible",Salida,"Sin evento",
"18/04/2024 08:15",10,,,,Beni,"Sucursal Beni","No disponible","Estado 15","Sin evento",
"18/04/2024 08:21",8,,,,Beni,"Sucursal Beni","No disponible",Salida,"Sin evento",
"18/04/2024 08:23",8708642,,,,Beni,"Sucursal Beni","No disponible",Salida,"Sin evento",
"18/04/2024 12:45",8,,,,Beni,"Sucursal Beni","No disponible",Salida,"Sin evento",
"18/04/2024 13:27",8,,,,Beni,"Sucursal Beni","No disponible",Salida,"Sin evento",
"18/04/2024 18:30",8,,,,Beni,"Sucursal Beni","No disponible",Salida,"Sin evento",
"18/04/2024 18:30",10,,,,Beni,"Sucursal Beni","No disponible","Estado 15","Sin evento",
"18/04/2024 18:30",8708642,,,,Beni,"Sucursal Beni","No disponible",Salida,"Sin evento",
"23/04/2024 14:09",8,,,,Beni,"Sucursal Beni","No disponible",Salida,"Sin evento",
"23/04/2024 18:37",8708642,,,,Beni,"Sucursal Beni","No disponible",Salida,"Sin evento",
"23/04/2024 18:41",10,,,,Beni,"Sucursal Beni","No disponible",Salida,"Sin evento",
"23/04/2024 18:43",8,,,,Beni,"Sucursal Beni","No disponible",Salida,"Sin evento",
"24/04/2024 08:06",8,,,,Beni,"Sucursal Beni","No disponible",Salida,"Sin evento",
"24/04/2024 08:22",8708642,,,,Beni,"Sucursal Beni","No disponible",Salida,"Sin evento",
"24/04/2024 08:22",10,,,,Beni,"Sucursal Beni","No disponible",Salida,"Sin evento",
"24/04/2024 12:43",8,,,,Beni,"Sucursal Beni","No disponible",Salida,"Sin evento",
"24/04/2024 14:20",8,,,,Beni,"Sucursal Beni","No disponible",Salida,"Sin evento",
"24/04/2024 18:35",8708642,,,,Beni,"Sucursal Beni","No disponible",Salida,"Sin evento",
"24/04/2024 18:44",10,,,,Beni,"Sucursal Beni","No disponible",Salida,"Sin evento",
"24/04/2024 18:46",8,,,,Beni,"Sucursal Beni","No disponible",Salida,"Sin evento",
"25/04/2024 08:15",8,,,,Beni,"Sucursal Beni","No disponible",Salida,"Sin evento",
"25/04/2024 08:22",8708642,,,,Beni,"Sucursal Beni","No disponible",Salida,"Sin evento",
"25/04/2024 08:26",10,,,,Beni,"Sucursal Beni","No disponible",Salida,"Sin evento",
"25/04/2024 12:53",8,,,,Beni,"Sucursal Beni","No disponible",Salida,"Sin evento",
"25/04/2024 13:45",8,,,,Beni,"Sucursal Beni","No disponible",Salida,"Sin evento",
"25/04/2024 14:09",8,,,,Beni,"Sucursal Beni","No disponible",Salida,"Sin evento",
"25/04/2024 18:46",8708642,,,,Beni,"Sucursal Beni","No disponible",Salida,"Sin evento",
"25/04/2024 18:50",8,,,,Beni,"Sucursal Beni","No disponible",Salida,"Sin evento",
"25/04/2024 19:05",10,,,,Beni,"Sucursal Beni","No disponible",Salida,"Sin evento",
"26/04/2024 08:22",10,,,,Beni,"Sucursal Beni","No disponible",Salida,"Sin evento",
"26/04/2024 08:22",8708642,,,,Beni,"Sucursal Beni","No disponible",Salida,"Sin evento",
"26/04/2024 08:26",8,,,,Beni,"Sucursal Beni","No disponible",Salida,"Sin evento",
"26/04/2024 12:36",8,,,,Beni,"Sucursal Beni","No disponible",Salida,"Sin evento",
"26/04/2024 13:46",8,,,,Beni,"Sucursal Beni","No disponible",Salida,"Sin evento",
"26/04/2024 14:26",8,,,,Beni,"Sucursal Beni","No disponible",Salida,"Sin evento",
"26/04/2024 18:55",10,,,,Beni,"Sucursal Beni","No disponible",Salida,"Sin evento",
"26/04/2024 19:01",8,,,,Beni,"Sucursal Beni","No disponible",Salida,"Sin evento",
"26/04/2024 19:03",8708642,,,,Beni,"Sucursal Beni","No disponible",Salida,"Sin evento",
"29/04/2024 08:20",8708642,,,,Beni,"Sucursal Beni","No disponible",Salida,"Sin evento",
"29/04/2024 08:20",10,,,,Beni,"Sucursal Beni","No disponible",Salida,"Sin evento",
"29/04/2024 08:23",8,,,,Beni,"Sucursal Beni","No disponible",Salida,"Sin evento",
"29/04/2024 12:33",8,,,,Beni,"Sucursal Beni","No disponible",Salida,"Sin evento",
"29/04/2024 13:39",8,,,,Beni,"Sucursal Beni","No disponible",Salida,"Sin evento",
"29/04/2024 14:05",8,,,,Beni,"Sucursal Beni","No disponible",Salida,"Sin evento",
"29/04/2024 18:30",10,,,,Beni,"Sucursal Beni","No disponible",Salida,"Sin evento",
"29/04/2024 18:32",8,,,,Beni,"Sucursal Beni","No disponible",Salida,"Sin evento",
"29/04/2024 18:34",8708642,,,,Beni,"Sucursal Beni","No disponible",Salida,"Sin evento",
"30/04/2024 08:09",10,,,,Beni,"Sucursal Beni","No disponible","Estado 15","Sin evento",
"30/04/2024 08:17",8708642,,,,Beni,"Sucursal Beni","No disponible",Salida,"Sin evento",
"30/04/2024 08:23",8,,,,Beni,"Sucursal Beni","No disponible",Salida,"Sin evento",
"30/04/2024 12:38",8,,,,Beni,"Sucursal Beni","No disponible",Salida,"Sin evento",
"30/04/2024 14:00",8,,,,Beni,"Sucursal Beni","No disponible",Salida,"Sin evento",
"30/04/2024 14:11",8,,,,Beni,"Sucursal Beni","No disponible",Salida,"Sin evento",
"30/04/2024 18:36",8708642,,,,Beni,"Sucursal Beni","No disponible",Salida,"Sin evento",
"30/04/2024 18:46",8,,,,Beni,"Sucursal Beni","No disponible",Salida,"Sin evento",
"30/04/2024 19:03",10,,,,Beni,"Sucursal Beni","No disponible",Salida,"Sin evento",
"02/05/2024 08:17",8708642,,,,Beni,"Sucursal Beni","No disponible",Salida,"Sin evento",
"02/05/2024 08:18",10,,,,Beni,"Sucursal Beni","No disponible",Salida,"Sin evento",
"02/05/2024 08:27",8,,,,Beni,"Sucursal Beni","No disponible",Salida,"Sin evento",
"02/05/2024 12:49",8,,,,Beni,"Sucursal Beni","No disponible",Salida,"Sin evento",
"02/05/2024 14:05",8,,,,Beni,"Sucursal Beni","No disponible",Salida,"Sin evento",
"02/05/2024 18:30",8708642,,,,Beni,"Sucursal Beni","No disponible",Salida,"Sin evento",
"02/05/2024 18:44",10,,,,Beni,"Sucursal Beni","No disponible",Salida,"Sin evento",
"02/05/2024 18:46",8,,,,Beni,"Sucursal Beni","No disponible",Salida,"Sin evento",
"03/05/2024 08:06",10,,,,Beni,"Sucursal Beni","No disponible",Salida,"Sin evento",
"03/05/2024 08:17",8708642,,,,Beni,"Sucursal Beni","No disponible",Salida,"Sin evento",
"03/05/2024 08:34",8,,,,Beni,"Sucursal Beni","No disponible",Salida,"Sin evento",
"03/05/2024 12:43",8,,,,Beni,"Sucursal Beni","No disponible",Salida,"Sin evento",
"03/05/2024 13:54",8,,,,Beni,"Sucursal Beni","No disponible",Salida,"Sin evento",
"03/05/2024 18:35",8,,,,Beni,"Sucursal Beni","No disponible",Salida,"Sin evento",
"03/05/2024 18:36",10,,,,Beni,"Sucursal Beni","No disponible",Salida,"Sin evento",
"03/05/2024 18:36",8708642,,,,Beni,"Sucursal Beni","No disponible",Salida,"Sin evento",
"06/05/2024 08:19",8708642,,,,Beni,"Sucursal Beni","No disponible",Salida,"Sin evento",
"06/05/2024 08:25",10,,,,Beni,"Sucursal Beni","No disponible",Salida,"Sin evento",
"06/05/2024 08:36",8,,,,Beni,"Sucursal Beni","No disponible",Salida,"Sin evento",
"06/05/2024 12:45",8,,,,Beni,"Sucursal Beni","No disponible",Salida,"Sin evento",
"06/05/2024 14:20",8,,,,Beni,"Sucursal Beni","No disponible",Salida,"Sin evento",
"06/05/2024 18:35",10,,,,Beni,"Sucursal Beni","No disponible",Salida,"Sin evento",
"06/05/2024 18:37",8708642,,,,Beni,"Sucursal Beni","No disponible",Salida,"Sin evento",
"06/05/2024 19:09",8,,,,Beni,"Sucursal Beni","No disponible",Salida,"Sin evento",
"07/05/2024 08:14",10,,,,Beni,"Sucursal Beni","No disponible","Estado 15","Sin evento",
"07/05/2024 08:21",8708642,,,,Beni,"Sucursal Beni","No disponible",Salida,"Sin evento",
"07/05/2024 08:26",8,,,,Beni,"Sucursal Beni","No disponible",Salida,"Sin evento",
"07/05/2024 12:44",8,,,,Beni,"Sucursal Beni","No disponible",Salida,"Sin evento",
"07/05/2024 14:10",8,,,,Beni,"Sucursal Beni","No disponible",Salida,"Sin evento",
"07/05/2024 19:00",10,,,,Beni,"Sucursal Beni","No disponible",Salida,"Sin evento",
"07/05/2024 19:07",8,,,,Beni,"Sucursal Beni","No disponible",Salida,"Sin evento",
"08/05/2024 07:48",10,,,,Beni,"Sucursal Beni","No disponible","Estado 15","Sin evento",
"08/05/2024 08:19",8708642,,,,Beni,"Sucursal Beni","No disponible",Salida,"Sin evento",
"08/05/2024 08:33",8,,,,Beni,"Sucursal Beni","No disponible",Salida,"Sin evento",
"08/05/2024 12:35",8,,,,Beni,"Sucursal Beni","No disponible",Salida,"Sin evento",
"08/05/2024 13:46",8,,,,Beni,"Sucursal Beni","No disponible",Salida,"Sin evento",
"08/05/2024 18:30",8708642,,,,Beni,"Sucursal Beni","No disponible",Salida,"Sin evento",
"08/05/2024 18:30",10,,,,Beni,"Sucursal Beni","No disponible",Salida,"Sin evento",
"08/05/2024 18:32",8,,,,Beni,"Sucursal Beni","No disponible",Salida,"Sin evento",
"09/05/2024 07:42",10,,,,Beni,"Sucursal Beni","No disponible",Salida,"Sin evento",
"09/05/2024 08:19",8708642,,,,Beni,"Sucursal Beni","No disponible",Salida,"Sin evento",
"09/05/2024 08:35",8,,,,Beni,"Sucursal Beni","No disponible",Salida,"Sin evento",
"09/05/2024 12:59",8,,,,Beni,"Sucursal Beni","No disponible",Salida,"Sin evento",
"09/05/2024 14:15",8,,,,Beni,"Sucursal Beni","No disponible",Salida,"Sin evento",
"09/05/2024 19:21",8708642,,,,Beni,"Sucursal Beni","No disponible",Salida,"Sin evento",
"09/05/2024 19:22",10,,,,Beni,"Sucursal Beni","No disponible",Salida,"Sin evento",
"09/05/2024 19:38",8,,,,Beni,"Sucursal Beni","No disponible",Salida,"Sin evento",
"10/05/2024 08:23",8708642,,,,Beni,"Sucursal Beni","No disponible",Salida,"Sin evento",
"10/05/2024 08:31",8,,,,Beni,"Sucursal Beni","No disponible",Salida,"Sin evento",
"10/05/2024 08:32",10,,,,Beni,"Sucursal Beni","No disponible",Salida,"Sin evento",
"10/05/2024 12:44",8,,,,Beni,"Sucursal Beni","No disponible",Salida,"Sin evento",
"10/05/2024 14:28",8,,,,Beni,"Sucursal Beni","No disponible",Salida,"Sin evento",
"10/05/2024 18:32",8708642,,,,Beni,"Sucursal Beni","No disponible",Salida,"Sin evento",
"10/05/2024 18:46",10,,,,Beni,"Sucursal Beni","No disponible",Salida,"Sin evento",
"10/05/2024 18:46",8,,,,Beni,"Sucursal Beni","No disponible",Salida,"Sin evento",
"13/05/2024 08:27",8708642,,,,Beni,"Sucursal Beni","No disponible",Salida,"Sin evento",
"13/05/2024 08:28",10,,,,Beni,"Sucursal Beni","No disponible",Salida,"Sin evento",
"13/05/2024 14:03",8,,,,Beni,"Sucursal Beni","No disponible",Salida,"Sin evento",
"13/05/2024 18:43",10,,,,Beni,"Sucursal Beni","No disponible",Salida,"Sin evento",
"13/05/2024 19:06",8708642,,,,Beni,"Sucursal Beni","No disponible",Salida,"Sin evento",
"13/05/2024 19:13",8,,,,Beni,"Sucursal Beni","No disponible",Salida,"Sin evento",
"14/05/2024 08:22",10,,,,Beni,"Sucursal Beni","No disponible",Salida,"Sin evento",
"14/05/2024 08:27",8,,,,Beni,"Sucursal Beni","No disponible",Salida,"Sin evento",
"14/05/2024 08:39",8708642,,,,Beni,"Sucursal Beni","No disponible",Salida,"Sin evento",
"14/05/2024 12:40",8,,,,Beni,"Sucursal Beni","No disponible",Salida,"Sin evento",
"14/05/2024 14:11",8,,,,Beni,"Sucursal Beni","No disponible",Salida,"Sin evento",
"14/05/2024 19:33",8708642,,,,Beni,"Sucursal Beni","No disponible",Salida,"Sin evento",
"14/05/2024 19:41",8,,,,Beni,"Sucursal Beni","No disponible",Salida,"Sin evento",
"14/05/2024 19:42",10,,,,Beni,"Sucursal Beni","No disponible",Salida,"Sin evento",
"15/05/2024 08:09",10,,,,Beni,"Sucursal Beni","No disponible",Salida,"Sin evento",
"15/05/2024 08:17",8,,,,Beni,"Sucursal Beni","No disponible",Salida,"Sin evento",
"15/05/2024 08:33",8708642,,,,Beni,"Sucursal Beni","No disponible",Salida,"Sin evento",
"15/05/2024 12:35",8,,,,Beni,"Sucursal Beni","No disponible",Salida,"Sin evento",
"15/05/2024 14:09",8,,,,Beni,"Sucursal Beni","No disponible",Salida,"Sin evento",
"15/05/2024 18:48",8708642,,,,Beni,"Sucursal Beni","No disponible",Salida,"Sin evento",
"15/05/2024 19:06",10,,,,Beni,"Sucursal Beni","No disponible",Salida,"Sin evento",
"15/05/2024 19:08",8,,,,Beni,"Sucursal Beni","No disponible",Salida,"Sin evento",
"16/05/2024 08:20",10,,,,Beni,"Sucursal Beni","No disponible",Salida,"Sin evento",
"16/05/2024 08:20",8708642,,,,Beni,"Sucursal Beni","No disponible",Salida,"Sin evento",
"16/05/2024 08:26",8,,,,Beni,"Sucursal Beni","No disponible",Salida,"Sin evento",
"16/05/2024 13:15",8,,,,Beni,"Sucursal Beni","No disponible",Salida,"Sin evento",
"16/05/2024 14:16",8,,,,Beni,"Sucursal Beni","No disponible",Salida,"Sin evento",
"16/05/2024 18:49",8708642,,,,Beni,"Sucursal Beni","No disponible",Salida,"Sin evento",
"16/05/2024 18:57",8,,,,Beni,"Sucursal Beni","No disponible",Salida,"Sin evento",
"16/05/2024 19:11",10,,,,Beni,"Sucursal Beni","No disponible",Salida,"Sin evento",
"17/05/2024 08:28",10,,,,Beni,"Sucursal Beni","No disponible",Salida,"Sin evento",
"17/05/2024 08:31",8708642,,,,Beni,"Sucursal Beni","No disponible",Salida,"Sin evento",
"17/05/2024 08:35",8,,,,Beni,"Sucursal Beni","No disponible",Salida,"Sin evento",
"17/05/2024 12:30",8,,,,Beni,"Sucursal Beni","No disponible",Salida,"Sin evento",
"17/05/2024 13:53",8,,,,Beni,"Sucursal Beni","No disponible",Salida,"Sin evento",
"17/05/2024 18:37",10,,,,Beni,"Sucursal Beni","No disponible",Salida,"Sin evento",
"17/05/2024 18:49",8708642,,,,Beni,"Sucursal Beni","No disponible",Salida,"Sin evento",
"17/05/2024 18:51",8708642,,,,Beni,"Sucursal Beni","No disponible",Salida,"Sin evento",
"17/05/2024 18:51",8,,,,Beni,"Sucursal Beni","No disponible",Salida,"Sin evento",
"20/05/2024 08:27",10,,,,Beni,"Sucursal Beni","No disponible",Salida,"Sin evento",
"20/05/2024 08:27",8708642,,,,Beni,"Sucursal Beni","No disponible",Salida,"Sin evento",
"20/05/2024 08:39",8,,,,Beni,"Sucursal Beni","No disponible",Salida,"Sin evento",
"20/05/2024 12:35",8,,,,Beni,"Sucursal Beni","No disponible",Salida,"Sin evento",
"20/05/2024 13:59",8,,,,Beni,"Sucursal Beni","No disponible",Salida,"Sin evento",
"20/05/2024 18:32",10,,,,Beni,"Sucursal Beni","No disponible",Salida,"Sin evento",
"20/05/2024 18:34",8708642,,,,Beni,"Sucursal Beni","No disponible",Salida,"Sin evento",
"20/05/2024 18:39",8,,,,Beni,"Sucursal Beni","No disponible",Salida,"Sin evento",
"21/05/2024 08:23",10,,,,Beni,"Sucursal Beni","No disponible",Salida,"Sin evento",
"21/05/2024 08:23",8708642,,,,Beni,"Sucursal Beni","No disponible",Salida,"Sin evento",
"21/05/2024 08:36",8,,,,Beni,"Sucursal Beni","No disponible",Salida,"Sin evento",
"21/05/2024 12:32",8,,,,Beni,"Sucursal Beni","No disponible",Salida,"Sin evento",
"21/05/2024 14:07",8,,,,Beni,"Sucursal Beni","No disponible",Salida,"Sin evento",
"21/05/2024 18:40",10,,,,Beni,"Sucursal Beni","No disponible",Salida,"Sin evento",
"21/05/2024 19:02",8,,,,Beni,"Sucursal Beni","No disponible",Salida,"Sin evento",
"21/05/2024 19:02",8708642,,,,Beni,"Sucursal Beni","No disponible",Salida,"Sin evento",
"22/05/2024 07:39",10,,,,Beni,"Sucursal Beni","No disponible",Salida,"Sin evento",
"22/05/2024 08:38",8,,,,Beni,"Sucursal Beni","No disponible",Salida,"Sin evento",
"22/05/2024 12:33",8,,,,Beni,"Sucursal Beni","No disponible",Salida,"Sin evento",
"22/05/2024 13:46",8,,,,Beni,"Sucursal Beni","No disponible",Salida,"Sin evento",
"22/05/2024 18:40",8708642,,,,Beni,"Sucursal Beni","No disponible",Salida,"Sin evento",
"22/05/2024 19:08",10,,,,Beni,"Sucursal Beni","No disponible",Salida,"Sin evento",
"22/05/2024 19:10",8,,,,Beni,"Sucursal Beni","No disponible",Salida,"Sin evento",
"23/05/2024 07:38",10,,,,Beni,"Sucursal Beni","No disponible",Salida,"Sin evento",
"23/05/2024 08:28",8,,,,Beni,"Sucursal Beni","No disponible",Salida,"Sin evento",
"23/05/2024 12:36",8,,,,Beni,"Sucursal Beni","No disponible",Salida,"Sin evento",
"23/05/2024 13:44",8,,,,Beni,"Sucursal Beni","No disponible",Salida,"Sin evento",
"23/05/2024 18:45",8708642,,,,Beni,"Sucursal Beni","No disponible",Salida,"Sin evento",
"23/05/2024 19:03",10,,,,Beni,"Sucursal Beni","No disponible",Salida,"Sin evento",
"23/05/2024 19:14",8,,,,Beni,"Sucursal Beni","No disponible",Salida,"Sin evento",
"24/05/2024 07:31",10,,,,Beni,"Sucursal Beni","No disponible",Salida,"Sin evento",
"24/05/2024 07:41",8708642,,,,Beni,"Sucursal Beni","No disponible",Salida,"Sin evento",
"24/05/2024 08:34",8,,,,Beni,"Sucursal Beni","No disponible",Salida,"Sin evento",
"24/05/2024 12:31",8,,,,Beni,"Sucursal Beni","No disponible",Salida,"Sin evento",
"24/05/2024 14:29",8,,,,Beni,"Sucursal Beni","No disponible",Salida,"Sin evento",
"24/05/2024 18:52",8,,,,Beni,"Sucursal Beni","No disponible",Salida,"Sin evento",
"24/05/2024 18:52",10,,,,Beni,"Sucursal Beni","No disponible",Salida,"Sin evento",
"24/05/2024 18:55",8708642,,,,Beni,"Sucursal Beni","No disponible",Salida,"Sin evento",
"28/05/2024 08:24",8708642,,,,Beni,"Sucursal Beni","No disponible",Salida,"Sin evento",
"28/05/2024 08:32",8,,,,Beni,"Sucursal Beni","No disponible",Salida,"Sin evento",
"28/05/2024 08:32",10,,,,Beni,"Sucursal Beni","No disponible",Salida,"Sin evento",
"28/05/2024 12:36",8,,,,Beni,"Sucursal Beni","No disponible",Salida,"Sin evento",
"28/05/2024 14:24",8,,,,Beni,"Sucursal Beni","No disponible",Salida,"Sin evento",
"28/05/2024 18:44",8708642,,,,Beni,"Sucursal Beni","No disponible",Salida,"Sin evento",
"28/05/2024 19:19",10,,,,Beni,"Sucursal Beni","No disponible",Salida,"Sin evento",
"28/05/2024 19:19",8,,,,Beni,"Sucursal Beni","No disponible",Salida,"Sin evento",
"29/05/2024 08:17",10,,,,Beni,"Sucursal Beni","No disponible",Salida,"Sin evento",
"29/05/2024 08:33",8,,,,Beni,"Sucursal Beni","No disponible",Salida,"Sin evento",
"29/05/2024 08:42",8708642,,,,Beni,"Sucursal Beni","No disponible",Salida,"Sin evento",
"29/05/2024 12:48",8,,,,Beni,"Sucursal Beni","No disponible",Salida,"Sin evento",
"29/05/2024 14:07",8,,,,Beni,"Sucursal Beni","No disponible",Salida,"Sin evento",
"29/05/2024 18:55",8708642,,,,Beni,"Sucursal Beni","No disponible",Salida,"Sin evento",
"29/05/2024 19:28",8,,,,Beni,"Sucursal Beni","No disponible",Salida,"Sin evento",
"29/05/2024 19:30",10,,,,Beni,"Sucursal Beni","No disponible",Salida,"Sin evento",
"31/05/2024 08:17",10,,,,Beni,"Sucursal Beni","No disponible",Salida,"Sin evento",
"31/05/2024 08:28",8708642,,,,Beni,"Sucursal Beni","No disponible",Salida,"Sin evento",
"31/05/2024 08:31",8,,,,Beni,"Sucursal Beni","No disponible",Salida,"Sin evento",
"31/05/2024 12:43",8,,,,Beni,"Sucursal Beni","No disponible",Salida,"Sin evento",
"31/05/2024 14:18",8,,,,Beni,"Sucursal Beni","No disponible",Salida,"Sin evento",
"31/05/2024 18:45",8708642,,,,Beni,"Sucursal Beni","No disponible",Salida,"Sin evento",
"31/05/2024 18:48",10,,,,Beni,"Sucursal Beni","No disponible",Salida,"Sin evento",
"31/05/2024 18:50",8,,,,Beni,"Sucursal Beni","No disponible",Salida,"Sin evento",
"03/06/2024 07:24",8,,,,Beni,"Sucursal Beni","No disponible",Salida,"Sin evento",
"03/06/2024 07:26",10,,,,Beni,"Sucursal Beni","No disponible",Salida,"Sin evento",
"03/06/2024 07:33",8708642,,,,Beni,"Sucursal Beni","No disponible",Salida,"Sin evento",
"03/06/2024 12:49",8,,,,Beni,"Sucursal Beni","No disponible",Salida,"Sin evento",
"03/06/2024 14:03",8,,,,Beni,"Sucursal Beni","No disponible",Salida,"Sin evento",
"03/06/2024 18:31",10,,,,Beni,"Sucursal Beni","No disponible",Salida,"Sin evento",
"03/06/2024 18:32",8,,,,Beni,"Sucursal Beni","No disponible",Salida,"Sin evento",
"03/06/2024 18:32",8708642,,,,Beni,"Sucursal Beni","No disponible",Salida,"Sin evento",
"04/06/2024 07:28",8,,,,Beni,"Sucursal Beni","No disponible",Salida,"Sin evento",
"04/06/2024 07:29",10,,,,Beni,"Sucursal Beni","No disponible",Salida,"Sin evento",
"04/06/2024 07:35",8708642,,,,Beni,"Sucursal Beni","No disponible",Salida,"Sin evento",
"04/06/2024 12:46",8,,,,Beni,"Sucursal Beni","No disponible",Salida,"Sin evento",
"04/06/2024 13:12",8,,,,Beni,"Sucursal Beni","No disponible",Salida,"Sin evento",
"04/06/2024 18:40",8708642,,,,Beni,"Sucursal Beni","No disponible",Salida,"Sin evento",
"04/06/2024 18:46",10,,,,Beni,"Sucursal Beni","No disponible",Salida,"Sin evento",
"04/06/2024 19:05",8,,,,Beni,"Sucursal Beni","No disponible",Salida,"Sin evento",
"05/06/2024 08:22",10,,,,Beni,"Sucursal Beni","No disponible",Salida,"Sin evento",
"05/06/2024 08:22",8708642,,,,Beni,"Sucursal Beni","No disponible",Salida,"Sin evento",
"05/06/2024 08:23",8,,,,Beni,"Sucursal Beni","No disponible",Salida,"Sin evento",
"05/06/2024 12:48",8,,,,Beni,"Sucursal Beni","No disponible",Salida,"Sin evento",
"05/06/2024 14:08",8,,,,Beni,"Sucursal Beni","No disponible",Salida,"Sin evento",
"05/06/2024 18:34",10,,,,Beni,"Sucursal Beni","No disponible",Salida,"Sin evento",
"05/06/2024 18:42",8,,,,Beni,"Sucursal Beni","No disponible",Salida,"Sin evento",
"06/06/2024 08:17",8708642,,,,Beni,"Sucursal Beni","No disponible",Salida,"Sin evento",
"06/06/2024 08:17",10,,,,Beni,"Sucursal Beni","No disponible",Salida,"Sin evento",
"06/06/2024 08:32",8,,,,Beni,"Sucursal Beni","No disponible",Salida,"Sin evento",
"06/06/2024 12:36",8,,,,Beni,"Sucursal Beni","No disponible",Salida,"Sin evento",
"06/06/2024 13:35",8,,,,Beni,"Sucursal Beni","No disponible",Salida,"Sin evento",
"06/06/2024 14:22",8,,,,Beni,"Sucursal Beni","No disponible",Salida,"Sin evento",
"06/06/2024 19:01",8708642,,,,Beni,"Sucursal Beni","No disponible",Salida,"Sin evento",
"06/06/2024 19:42",10,,,,Beni,"Sucursal Beni","No disponible",Salida,"Sin evento",
"06/06/2024 19:44",8,,,,Beni,"Sucursal Beni","No disponible",Salida,"Sin evento",
"07/06/2024 07:55",10,,,,Beni,"Sucursal Beni","No disponible",Salida,"Sin evento",
"07/06/2024 07:55",8,,,,Beni,"Sucursal Beni","No disponible",Salida,"Sin evento",
"07/06/2024 08:06",8708642,,,,Beni,"Sucursal Beni","No disponible",Salida,"Sin evento",
"07/06/2024 12:39",8,,,,Beni,"Sucursal Beni","No disponible",Salida,"Sin evento",
"07/06/2024 13:58",8,,,,Beni,"Sucursal Beni","No disponible",Salida,"Sin evento",
"07/06/2024 19:01",8708642,,,,Beni,"Sucursal Beni","No disponible",Salida,"Sin evento",
"07/06/2024 19:19",10,,,,Beni,"Sucursal Beni","No disponible",Salida,"Sin evento",
"07/06/2024 19:20",8,,,,Beni,"Sucursal Beni","No disponible",Salida,"Sin evento",
"10/06/2024 07:30",8,,,,Beni,"Sucursal Beni","No disponible",Salida,"Sin evento",
"10/06/2024 08:02",10,,,,Beni,"Sucursal Beni","No disponible",Salida,"Sin evento",
"10/06/2024 08:36",8708642,,,,Beni,"Sucursal Beni","No disponible",Salida,"Sin evento",
"10/06/2024 12:38",8,,,,Beni,"Sucursal Beni","No disponible",Salida,"Sin evento",
"10/06/2024 14:10",8,,,,Beni,"Sucursal Beni","No disponible",Salida,"Sin evento",
"10/06/2024 18:43",8708642,,,,Beni,"Sucursal Beni","No disponible",Salida,"Sin evento",
"10/06/2024 18:45",8,,,,Beni,"Sucursal Beni","No disponible",Salida,"Sin evento",
"10/06/2024 19:10",10,,,,Beni,"Sucursal Beni","No disponible",Salida,"Sin evento",
"11/06/2024 07:43",8,,,,Beni,"Sucursal Beni","No disponible",Salida,"Sin evento",
"11/06/2024 08:00",10,,,,Beni,"Sucursal Beni","No disponible",Salida,"Sin evento",
"11/06/2024 08:10",8708642,,,,Beni,"Sucursal Beni","No disponible",Salida,"Sin evento",
"11/06/2024 12:36",8,,,,Beni,"Sucursal Beni","No disponible",Salida,"Sin evento",
"11/06/2024 14:29",8,,,,Beni,"Sucursal Beni","No disponible",Salida,"Sin evento",
"11/06/2024 18:49",8708642,,,,Beni,"Sucursal Beni","No disponible",Salida,"Sin evento",
"11/06/2024 19:03",8,,,,Beni,"Sucursal Beni","No disponible",Salida,"Sin evento",
"11/06/2024 19:26",10,,,,Beni,"Sucursal Beni","No disponible",Salida,"Sin evento",
"12/06/2024 07:44",8,,,,Beni,"Sucursal Beni","No disponible",Salida,"Sin evento",
"12/06/2024 08:12",8708642,,,,Beni,"Sucursal Beni","No disponible",Salida,"Sin evento",
"12/06/2024 12:54",8,,,,Beni,"Sucursal Beni","No disponible",Salida,"Sin evento",
"12/06/2024 14:01",8,,,,Beni,"Sucursal Beni","No disponible",Salida,"Sin evento",
"12/06/2024 18:46",10,,,,Beni,"Sucursal Beni","No disponible",Salida,"Sin evento",
"12/06/2024 18:47",8708642,,,,Beni,"Sucursal Beni","No disponible",Salida,"Sin evento",
"12/06/2024 18:54",8,,,,Beni,"Sucursal Beni","No disponible",Salida,"Sin evento",
"12/06/2024 18:55",10,,,,Beni,"Sucursal Beni","No disponible",Salida,"Sin evento",
"13/06/2024 07:51",10,,,,Beni,"Sucursal Beni","No disponible",Salida,"Sin evento",
"13/06/2024 07:52",8,,,,Beni,"Sucursal Beni","No disponible",Salida,"Sin evento",
"13/06/2024 08:07",8708642,,,,Beni,"Sucursal Beni","No disponible",Salida,"Sin evento",
"13/06/2024 12:45",8,,,,Beni,"Sucursal Beni","No disponible",Salida,"Sin evento",
"13/06/2024 14:01",8,,,,Beni,"Sucursal Beni","No disponible",Salida,"Sin evento",
"13/06/2024 18:37",8708642,,,,Beni,"Sucursal Beni","No disponible",Salida,"Sin evento",
"13/06/2024 18:42",10,,,,Beni,"Sucursal Beni","No disponible",Salida,"Sin evento",
"13/06/2024 18:43",8,,,,Beni,"Sucursal Beni","No disponible",Salida,"Sin evento",
"14/06/2024 07:46",8,,,,Beni,"Sucursal Beni","No disponible",Salida,"Sin evento",
"14/06/2024 07:57",10,,,,Beni,"Sucursal Beni","No disponible",Salida,"Sin evento",
"14/06/2024 08:01",8708642,,,,Beni,"Sucursal Beni","No disponible",Salida,"Sin evento",
"14/06/2024 12:32",8,,,,Beni,"Sucursal Beni","No disponible",Salida,"Sin evento",
"14/06/2024 14:05",8,,,,Beni,"Sucursal Beni","No disponible",Salida,"Sin evento",
"14/06/2024 18:31",10,,,,Beni,"Sucursal Beni","No disponible",Salida,"Sin evento",
"14/06/2024 18:38",8708642,,,,Beni,"Sucursal Beni","No disponible",Salida,"Sin evento",
"14/06/2024 18:40",8,,,,Beni,"Sucursal Beni","No disponible",Salida,"Sin evento",
"17/06/2024 07:46",8,,,,Beni,"Sucursal Beni","No disponible",Salida,"Sin evento",
"17/06/2024 08:14",10,,,,Beni,"Sucursal Beni","No disponible",Salida,"Sin evento",
"17/06/2024 08:18",8708642,,,,Beni,"Sucursal Beni","No disponible",Salida,"Sin evento",
"17/06/2024 12:35",8,,,,Beni,"Sucursal Beni","No disponible",Salida,"Sin evento",
"17/06/2024 13:41",8,,,,Beni,"Sucursal Beni","No disponible",Salida,"Sin evento",
"17/06/2024 18:35",8708642,,,,Beni,"Sucursal Beni","No disponible",Salida,"Sin evento",
"17/06/2024 18:56",10,,,,Beni,"Sucursal Beni","No disponible","Estado 15","Sin evento",
"17/06/2024 19:10",8,,,,Beni,"Sucursal Beni","No disponible",Salida,"Sin evento",
"18/06/2024 07:50",8,,,,Beni,"Sucursal Beni","No disponible",Salida,"Sin evento",
"18/06/2024 07:53",10,,,,Beni,"Sucursal Beni","No disponible",Salida,"Sin evento",
"18/06/2024 08:00",8708642,,,,Beni,"Sucursal Beni","No disponible",Salida,"Sin evento",
"18/06/2024 12:38",8,,,,Beni,"Sucursal Beni","No disponible",Salida,"Sin evento",
"18/06/2024 14:06",8,,,,Beni,"Sucursal Beni","No disponible",Salida,"Sin evento",
"18/06/2024 18:36",10,,,,Beni,"Sucursal Beni","No disponible",Salida,"Sin evento",
"18/06/2024 18:36",8708642,,,,Beni,"Sucursal Beni","No disponible",Salida,"Sin evento",
"18/06/2024 18:38",8,,,,Beni,"Sucursal Beni","No disponible",Salida,"Sin evento",
"19/06/2024 07:56",8,,,,Beni,"Sucursal Beni","No disponible",Salida,"Sin evento",
"19/06/2024 08:17",8708642,,,,Beni,"Sucursal Beni","No disponible",Salida,"Sin evento",
"19/06/2024 08:35",10,,,,Beni,"Sucursal Beni","No disponible",Salida,"Sin evento",
"19/06/2024 12:46",8,,,,Beni,"Sucursal Beni","No disponible",Salida,"Sin evento",
"19/06/2024 14:02",8,,,,Beni,"Sucursal Beni","No disponible",Salida,"Sin evento",
"19/06/2024 18:41",10,,,,Beni,"Sucursal Beni","No disponible","Estado 15","Sin evento",
"19/06/2024 18:48",8708642,,,,Beni,"Sucursal Beni","No disponible",Salida,"Sin evento",
"19/06/2024 19:02",8,,,,Beni,"Sucursal Beni","No disponible",Salida,"Sin evento",
"20/06/2024 07:48",8,,,,Beni,"Sucursal Beni","No disponible",Salida,"Sin evento",
"20/06/2024 07:49",10,,,,Beni,"Sucursal Beni","No disponible",Salida,"Sin evento",
"20/06/2024 08:05",8708642,,,,Beni,"Sucursal Beni","No disponible",Salida,"Sin evento",
"20/06/2024 12:36",8,,,,Beni,"Sucursal Beni","No disponible",Salida,"Sin evento",
"20/06/2024 13:20",8,,,,Beni,"Sucursal Beni","No disponible",Salida,"Sin evento",
"20/06/2024 14:12",8,,,,Beni,"Sucursal Beni","No disponible",Salida,"Sin evento",
"20/06/2024 18:40",10,,,,Beni,"Sucursal Beni","No disponible",Salida,"Sin evento",
"20/06/2024 18:40",8708642,,,,Beni,"Sucursal Beni","No disponible",Salida,"Sin evento",
"20/06/2024 18:56",8708642,,,,Beni,"Sucursal Beni","No disponible",Salida,"Sin evento",
"20/06/2024 19:13",8,,,,Beni,"Sucursal Beni","No disponible",Salida,"Sin evento",
"24/06/2024 07:44",8,,,,Beni,"Sucursal Beni","No disponible",Salida,"Sin evento",
"24/06/2024 08:19",8708642,,,,Beni,"Sucursal Beni","No disponible",Salida,"Sin evento",
"24/06/2024 08:28",10,,,,Beni,"Sucursal Beni","No disponible",Salida,"Sin evento",
"24/06/2024 14:14",8,,,,Beni,"Sucursal Beni","No disponible",Salida,"Sin evento",
"24/06/2024 18:57",8708642,,,,Beni,"Sucursal Beni","No disponible",Salida,"Sin evento",
"24/06/2024 19:03",8,,,,Beni,"Sucursal Beni","No disponible",Salida,"Sin evento",
"24/06/2024 19:04",10,,,,Beni,"Sucursal Beni","No disponible",Salida,"Sin evento",
"25/06/2024 07:37",8,,,,Beni,"Sucursal Beni","No disponible",Salida,"Sin evento",
"25/06/2024 07:45",10,,,,Beni,"Sucursal Beni","No disponible",Salida,"Sin evento",
"25/06/2024 07:58",8708642,,,,Beni,"Sucursal Beni","No disponible",Salida,"Sin evento",
"25/06/2024 12:44",8,,,,Beni,"Sucursal Beni","No disponible",Salida,"Sin evento",
"25/06/2024 14:04",8,,,,Beni,"Sucursal Beni","No disponible",Salida,"Sin evento",
"25/06/2024 18:41",8708642,,,,Beni,"Sucursal Beni","No disponible",Salida,"Sin evento",
"25/06/2024 19:02",10,,,,Beni,"Sucursal Beni","No disponible",Salida,"Sin evento",
"25/06/2024 19:03",8,,,,Beni,"Sucursal Beni","No disponible",Salida,"Sin evento",
"26/06/2024 07:35",10,,,,Beni,"Sucursal Beni","No disponible",Salida,"Sin evento",
"26/06/2024 07:39",8708642,,,,Beni,"Sucursal Beni","No disponible",Salida,"Sin evento",
"26/06/2024 07:56",8,,,,Beni,"Sucursal Beni","No disponible",Salida,"Sin evento",
"26/06/2024 12:32",8,,,,Beni,"Sucursal Beni","No disponible",Salida,"Sin evento",
"26/06/2024 14:31",8,,,,Beni,"Sucursal Beni","No disponible",Salida,"Sin evento",
"26/06/2024 17:28",8,,,,Beni,"Sucursal Beni","No disponible",Salida,"Sin evento",
"26/06/2024 17:28",8708642,,,,Beni,"Sucursal Beni","No disponible",Salida,"Sin evento",
"26/06/2024 17:29",10,,,,Beni,"Sucursal Beni","No disponible",Salida,"Sin evento",
"27/06/2024 08:04",8,,,,Beni,"Sucursal Beni","No disponible",Salida,"Sin evento",
"27/06/2024 08:04",10,,,,Beni,"Sucursal Beni","No disponible",Salida,"Sin evento",
"27/06/2024 08:04",8708642,,,,Beni,"Sucursal Beni","No disponible",Salida,"Sin evento",
"27/06/2024 12:36",8,,,,Beni,"Sucursal Beni","No disponible",Salida,"Sin evento",
"27/06/2024 14:03",8,,,,Beni,"Sucursal Beni","No disponible",Salida,"Sin evento",
"27/06/2024 18:36",8708642,,,,Beni,"Sucursal Beni","No disponible",Salida,"Sin evento",
"27/06/2024 18:56",10,,,,Beni,"Sucursal Beni","No disponible",Salida,"Sin evento",
"27/06/2024 18:57",8,,,,Beni,"Sucursal Beni","No disponible",Salida,"Sin evento",
"28/06/2024 08:06",8,,,,Beni,"Sucursal Beni","No disponible",Salida,"Sin evento",
"28/06/2024 08:18",10,,,,Beni,"Sucursal Beni","No disponible",Salida,"Sin evento",
"28/06/2024 08:26",8708642,,,,Beni,"Sucursal Beni","No disponible",Salida,"Sin evento",
"28/06/2024 12:25",8,,,,Beni,"Sucursal Beni","No disponible",Salida,"Sin evento",
"28/06/2024 12:33",8,,,,Beni,"Sucursal Beni","No disponible",Salida,"Sin evento",
"28/06/2024 14:19",8,,,,Beni,"Sucursal Beni","No disponible",Salida,"Sin evento",
"28/06/2024 19:11",10,,,,Beni,"Sucursal Beni","No disponible",Salida,"Sin evento",
"28/06/2024 19:11",8,,,,Beni,"Sucursal Beni","No disponible",Salida,"Sin evento",
"28/06/2024 19:46",8708642,,,,Beni,"Sucursal Beni","No disponible",Salida,"Sin evento",
"01/07/2024 08:13",10,,,,Beni,"Sucursal Beni","No disponible","Estado 15","Sin evento",
"01/07/2024 08:13",8708642,,,,Beni,"Sucursal Beni","No disponible",Salida,"Sin evento",
"01/07/2024 18:51",10,,,,Beni,"Sucursal Beni","No disponible",Salida,"Sin evento",
"01/07/2024 18:54",8708642,,,,Beni,"Sucursal Beni","No disponible",Salida,"Sin evento",
"02/07/2024 08:17",10,,,,Beni,"Sucursal Beni","No disponible",Salida,"Sin evento",
"02/07/2024 08:17",8708642,,,,Beni,"Sucursal Beni","No disponible",Salida,"Sin evento",
"02/07/2024 08:30",8,,,,Beni,"Sucursal Beni","No disponible",Salida,"Sin evento",
"02/07/2024 12:46",8,,,,Beni,"Sucursal Beni","No disponible",Salida,"Sin evento",
"02/07/2024 13:43",8,,,,Beni,"Sucursal Beni","No disponible",Salida,"Sin evento",
"02/07/2024 14:17",8,,,,Beni,"Sucursal Beni","No disponible",Salida,"Sin evento",
"02/07/2024 18:46",10,,,,Beni,"Sucursal Beni","No disponible",Salida,"Sin evento",
"02/07/2024 18:47",8708642,,,,Beni,"Sucursal Beni","No disponible",Salida,"Sin evento",
"02/07/2024 19:20",8,,,,Beni,"Sucursal Beni","No disponible",Salida,"Sin evento",
"03/07/2024 08:17",8708642,,,,Beni,"Sucursal Beni","No disponible",Salida,"Sin evento",
"03/07/2024 08:25",10,,,,Beni,"Sucursal Beni","No disponible",Salida,"Sin evento",
"03/07/2024 08:31",8,,,,Beni,"Sucursal Beni","No disponible",Salida,"Sin evento",
"03/07/2024 12:46",8,,,,Beni,"Sucursal Beni","No disponible",Salida,"Sin evento",
"03/07/2024 14:29",8,,,,Beni,"Sucursal Beni","No disponible",Salida,"Sin evento",
"03/07/2024 18:54",8708642,,,,Beni,"Sucursal Beni","No disponible",Salida,"Sin evento",
"03/07/2024 19:02",10,,,,Beni,"Sucursal Beni","No disponible",Salida,"Sin evento",
"03/07/2024 19:06",8,,,,Beni,"Sucursal Beni","No disponible",Salida,"Sin evento",
"04/07/2024 07:56",8708642,,,,Beni,"Sucursal Beni","No disponible",Salida,"Sin evento",
"04/07/2024 08:06",10,,,,Beni,"Sucursal Beni","No disponible",Salida,"Sin evento",
"04/07/2024 08:38",8,,,,Beni,"Sucursal Beni","No disponible",Salida,"Sin evento",
"04/07/2024 12:49",8,,,,Beni,"Sucursal Beni","No disponible",Salida,"Sin evento",
"04/07/2024 13:31",8,,,,Beni,"Sucursal Beni","No disponible",Salida,"Sin evento",
"04/07/2024 13:38",8,,,,Beni,"Sucursal Beni","No disponible",Salida,"Sin evento",
"04/07/2024 14:21",8,,,,Beni,"Sucursal Beni","No disponible",Salida,"Sin evento",
"04/07/2024 18:43",8708642,,,,Beni,"Sucursal Beni","No disponible",Salida,"Sin evento",
"04/07/2024 18:59",8,,,,Beni,"Sucursal Beni","No disponible",Salida,"Sin evento",
"04/07/2024 19:01",10,,,,Beni,"Sucursal Beni","No disponible",Salida,"Sin evento",
"05/07/2024 07:55",10,,,,Beni,"Sucursal Beni","No disponible",Salida,"Sin evento",
"05/07/2024 07:57",8708642,,,,Beni,"Sucursal Beni","No disponible",Salida,"Sin evento",
"05/07/2024 08:29",8,,,,Beni,"Sucursal Beni","No disponible",Salida,"Sin evento",
"05/07/2024 08:40",7,,,,Beni,"Sucursal Beni","No disponible","Retorno de descanso","Sin evento",
"05/07/2024 12:37",8,,,,Beni,"Sucursal Beni","No disponible",Salida,"Sin evento",
"05/07/2024 14:24",8,,,,Beni,"Sucursal Beni","No disponible",Salida,"Sin evento",
"05/07/2024 18:49",10,,,,Beni,"Sucursal Beni","No disponible",Salida,"Sin evento",
"05/07/2024 18:52",8708642,,,,Beni,"Sucursal Beni","No disponible",Salida,"Sin evento",
"05/07/2024 18:57",8,,,,Beni,"Sucursal Beni","No disponible",Salida,"Sin evento",
"08/07/2024 08:22",10,,,,Beni,"Sucursal Beni","No disponible",Salida,"Sin evento",
"08/07/2024 08:31",8,,,,Beni,"Sucursal Beni","No disponible",Salida,"Sin evento",
"08/07/2024 12:49",8,,,,Beni,"Sucursal Beni","No disponible",Salida,"Sin evento",
"08/07/2024 13:14",8,,,,Beni,"Sucursal Beni","No disponible",Salida,"Sin evento",
"08/07/2024 13:47",8,,,,Beni,"Sucursal Beni","No disponible",Salida,"Sin evento",
"08/07/2024 18:54",8,,,,Beni,"Sucursal Beni","No disponible",Salida,"Sin evento",
"08/07/2024 18:55",10,,,,Beni,"Sucursal Beni","No disponible",Salida,"Sin evento",
"08/07/2024 18:56",10,,,,Beni,"Sucursal Beni","No disponible",Salida,"Sin evento",
"09/07/2024 08:07",8,,,,Beni,"Sucursal Beni","No disponible",Salida,"Sin evento",
"09/07/2024 08:08",8708642,,,,Beni,"Sucursal Beni","No disponible",Salida,"Sin evento",
"09/07/2024 08:19",10,,,,Beni,"Sucursal Beni","No disponible","Estado 15","Sin evento",
"09/07/2024 12:58",8,,,,Beni,"Sucursal Beni","No disponible",Salida,"Sin evento",
"09/07/2024 14:12",8,,,,Beni,"Sucursal Beni","No disponible",Salida,"Sin evento",
"09/07/2024 18:35",10,,,,Beni,"Sucursal Beni","No disponible",Salida,"Sin evento",
"09/07/2024 18:40",8708642,,,,Beni,"Sucursal Beni","No disponible",Salida,"Sin evento",
"09/07/2024 18:52",8,,,,Beni,"Sucursal Beni","No disponible",Salida,"Sin evento",
"10/07/2024 08:05",8708642,,,,Beni,"Sucursal Beni","No disponible",Salida,"Sin evento",
"10/07/2024 08:15",10,,,,Beni,"Sucursal Beni","No disponible",Salida,"Sin evento",
"10/07/2024 08:28",8,,,,Beni,"Sucursal Beni","No disponible",Salida,"Sin evento",
"10/07/2024 12:45",8,,,,Beni,"Sucursal Beni","No disponible",Salida,"Sin evento",
"10/07/2024 14:01",8,,,,Beni,"Sucursal Beni","No disponible",Salida,"Sin evento",
"10/07/2024 18:49",8708642,,,,Beni,"Sucursal Beni","No disponible",Salida,"Sin evento",
"10/07/2024 19:30",10,,,,Beni,"Sucursal Beni","No disponible",Salida,"Sin evento",
"11/07/2024 08:01",10,,,,Beni,"Sucursal Beni","No disponible",Salida,"Sin evento",
"11/07/2024 08:01",8708642,,,,Beni,"Sucursal Beni","No disponible",Salida,"Sin evento",
"11/07/2024 08:15",8,,,,Beni,"Sucursal Beni","No disponible",Salida,"Sin evento",
"11/07/2024 18:34",8,,,,Beni,"Sucursal Beni","No disponible",Salida,"Sin evento",
"11/07/2024 19:07",8708642,,,,Beni,"Sucursal Beni","No disponible",Salida,"Sin evento",
"11/07/2024 19:09",10,,,,Beni,"Sucursal Beni","No disponible",Salida,"Sin evento",
"12/07/2024 08:12",10,,,,Beni,"Sucursal Beni","No disponible",Salida,"Sin evento",
"12/07/2024 08:12",8708642,,,,Beni,"Sucursal Beni","No disponible",Salida,"Sin evento",
"12/07/2024 08:31",8,,,,Beni,"Sucursal Beni","No disponible",Salida,"Sin evento",
"12/07/2024 12:50",8,,,,Beni,"Sucursal Beni","No disponible",Salida,"Sin evento",
"12/07/2024 14:24",8,,,,Beni,"Sucursal Beni","No disponible",Salida,"Sin evento",
"12/07/2024 18:43",10,,,,Beni,"Sucursal Beni","No disponible",Salida,"Sin evento",
"12/07/2024 18:43",8708642,,,,Beni,"Sucursal Beni","No disponible",Salida,"Sin evento",
"15/07/2024 08:24",8,,,,Beni,"Sucursal Beni","No disponible",Salida,"Sin evento",
"15/07/2024 08:24",8708642,,,,Beni,"Sucursal Beni","No disponible",Salida,"Sin evento",
"15/07/2024 08:26",10,,,,Beni,"Sucursal Beni","No disponible",Salida,"Sin evento",
"15/07/2024 12:50",8,,,,Beni,"Sucursal Beni","No disponible",Salida,"Sin evento",
"15/07/2024 14:11",8,,,,Beni,"Sucursal Beni","No disponible",Salida,"Sin evento",
"15/07/2024 18:44",8708642,,,,Beni,"Sucursal Beni","No disponible",Salida,"Sin evento",
"15/07/2024 18:47",8,,,,Beni,"Sucursal Beni","No disponible",Salida,"Sin evento",
"15/07/2024 19:08",10,,,,Beni,"Sucursal Beni","No disponible",Salida,"Sin evento",
"16/07/2024 08:24",8,,,,Beni,"Sucursal Beni","No disponible",Salida,"Sin evento",
"16/07/2024 08:24",8708642,,,,Beni,"Sucursal Beni","No disponible",Salida,"Sin evento",
"16/07/2024 08:26",10,,,,Beni,"Sucursal Beni","No disponible",Salida,"Sin evento",
"16/07/2024 12:47",8,,,,Beni,"Sucursal Beni","No disponible",Salida,"Sin evento",
"16/07/2024 14:13",8,,,,Beni,"Sucursal Beni","No disponible",Salida,"Sin evento",
"16/07/2024 18:34",8708642,,,,Beni,"Sucursal Beni","No disponible",Salida,"Sin evento",
"16/07/2024 18:55",8,,,,Beni,"Sucursal Beni","No disponible",Salida,"Sin evento",
"16/07/2024 18:57",10,,,,Beni,"Sucursal Beni","No disponible",Salida,"Sin evento",
"17/07/2024 08:15",8708642,,,,Beni,"Sucursal Beni","No disponible",Salida,"Sin evento",
"17/07/2024 08:22",10,,,,Beni,"Sucursal Beni","No disponible",Salida,"Sin evento",
"17/07/2024 08:33",8,,,,Beni,"Sucursal Beni","No disponible",Salida,"Sin evento",
"17/07/2024 12:36",8,,,,Beni,"Sucursal Beni","No disponible",Salida,"Sin evento",
"17/07/2024 13:48",8,,,,Beni,"Sucursal Beni","No disponible",Salida,"Sin evento",
"17/07/2024 18:32",8708642,,,,Beni,"Sucursal Beni","No disponible",Salida,"Sin evento",
"17/07/2024 19:08",10,,,,Beni,"Sucursal Beni","No disponible",Salida,"Sin evento",
"17/07/2024 19:11",8,,,,Beni,"Sucursal Beni","No disponible",Salida,"Sin evento",
"18/07/2024 07:58",10,,,,Beni,"Sucursal Beni","No disponible",Salida,"Sin evento",
"18/07/2024 08:02",8708642,,,,Beni,"Sucursal Beni","No disponible",Salida,"Sin evento",
"18/07/2024 08:28",8,,,,Beni,"Sucursal Beni","No disponible",Salida,"Sin evento",
"18/07/2024 12:59",8,,,,Beni,"Sucursal Beni","No disponible",Salida,"Sin evento",
"18/07/2024 18:59",8708642,,,,Beni,"Sucursal Beni","No disponible",Salida,"Sin evento",
"18/07/2024 19:23",8,,,,Beni,"Sucursal Beni","No disponible",Salida,"Sin evento",
"18/07/2024 19:26",10,,,,Beni,"Sucursal Beni","No disponible",Salida,"Sin evento",
"18/07/2024 19:28",8,,,,Beni,"Sucursal Beni","No disponible",Salida,"Sin evento",
"19/07/2024 08:04",10,,,,Beni,"Sucursal Beni","No disponible",Salida,"Sin evento",
"19/07/2024 08:04",8708642,,,,Beni,"Sucursal Beni","No disponible",Salida,"Sin evento",
"19/07/2024 08:32",8,,,,Beni,"Sucursal Beni","No disponible",Salida,"Sin evento",
"19/07/2024 12:48",8,,,,Beni,"Sucursal Beni","No disponible",Salida,"Sin evento",
"19/07/2024 14:23",8,,,,Beni,"Sucursal Beni","No disponible",Salida,"Sin evento",
"19/07/2024 18:31",8,,,,Beni,"Sucursal Beni","No disponible",Salida,"Sin evento",
"19/07/2024 18:56",8708642,,,,Beni,"Sucursal Beni","No disponible",Salida,"Sin evento",
"19/07/2024 18:56",10,,,,Beni,"Sucursal Beni","No disponible",Salida,"Sin evento",
"22/07/2024 08:20",10,,,,Beni,"Sucursal Beni","No disponible",Salida,"Sin evento",
"22/07/2024 08:24",8708642,,,,Beni,"Sucursal Beni","No disponible",Salida,"Sin evento",
"22/07/2024 08:35",8,,,,Beni,"Sucursal Beni","No disponible",Salida,"Sin evento",
"22/07/2024 12:37",8,,,,Beni,"Sucursal Beni","No disponible",Salida,"Sin evento",
"22/07/2024 13:48",8,,,,Beni,"Sucursal Beni","No disponible",Salida,"Sin evento",
"22/07/2024 18:34",10,,,,Beni,"Sucursal Beni","No disponible",Salida,"Sin evento",
"22/07/2024 18:45",8,,,,Beni,"Sucursal Beni","No disponible",Salida,"Sin evento",
"22/07/2024 18:46",8708642,,,,Beni,"Sucursal Beni","No disponible",Salida,"Sin evento",
"23/07/2024 08:26",8,,,,Beni,"Sucursal Beni","No disponible",Salida,"Sin evento",
"23/07/2024 08:27",8708642,,,,Beni,"Sucursal Beni","No disponible",Salida,"Sin evento",
"23/07/2024 12:52",8,,,,Beni,"Sucursal Beni","No disponible",Salida,"Sin evento",
"23/07/2024 13:29",8,,,,Beni,"Sucursal Beni","No disponible",Salida,"Sin evento",
"23/07/2024 18:48",8708642,,,,Beni,"Sucursal Beni","No disponible",Salida,"Sin evento",
"23/07/2024 19:02",8,,,,Beni,"Sucursal Beni","No disponible",Salida,"Sin evento",
"23/07/2024 19:21",10,,,,Beni,"Sucursal Beni","No disponible",Salida,"Sin evento",
"24/07/2024 07:58",8708642,,,,Beni,"Sucursal Beni","No disponible",Salida,"Sin evento",
"24/07/2024 08:02",10,,,,Beni,"Sucursal Beni","No disponible",Salida,"Sin evento",
"24/07/2024 08:27",8,,,,Beni,"Sucursal Beni","No disponible",Salida,"Sin evento",
"24/07/2024 12:42",8,,,,Beni,"Sucursal Beni","No disponible",Salida,"Sin evento",
"24/07/2024 14:04",8,,,,Beni,"Sucursal Beni","No disponible",Salida,"Sin evento",
"24/07/2024 19:16",8,,,,Beni,"Sucursal Beni","No disponible",Salida,"Sin evento",
"24/07/2024 19:17",8708642,,,,Beni,"Sucursal Beni","No disponible",Salida,"Sin evento",
"24/07/2024 19:47",10,,,,Beni,"Sucursal Beni","No disponible",Salida,"Sin evento",
"25/07/2024 07:59",10,,,,Beni,"Sucursal Beni","No disponible",Salida,"Sin evento",
"25/07/2024 08:00",8708642,,,,Beni,"Sucursal Beni","No disponible",Salida,"Sin evento",
"25/07/2024 08:26",8,,,,Beni,"Sucursal Beni","No disponible",Salida,"Sin evento",
"25/07/2024 12:47",8,,,,Beni,"Sucursal Beni","No disponible",Salida,"Sin evento",
"25/07/2024 14:02",8,,,,Beni,"Sucursal Beni","No disponible",Salida,"Sin evento",
"25/07/2024 18:36",8708642,,,,Beni,"Sucursal Beni","No disponible",Salida,"Sin evento",
"25/07/2024 18:43",10,,,,Beni,"Sucursal Beni","No disponible",Salida,"Sin evento",
"25/07/2024 18:45",8,,,,Beni,"Sucursal Beni","No disponible",Salida,"Sin evento",
"26/07/2024 07:58",10,,,,Beni,"Sucursal Beni","No disponible",Salida,"Sin evento",
"26/07/2024 07:59",8708642,,,,Beni,"Sucursal Beni","No disponible",Salida,"Sin evento",
"26/07/2024 08:06",8,,,,Beni,"Sucursal Beni","No disponible",Salida,"Sin evento",
"26/07/2024 12:42",8,,,,Beni,"Sucursal Beni","No disponible",Salida,"Sin evento",
"26/07/2024 14:15",8,,,,Beni,"Sucursal Beni","No disponible",Salida,"Sin evento",
"26/07/2024 18:54",8708642,,,,Beni,"Sucursal Beni","No disponible",Salida,"Sin evento",
"26/07/2024 18:54",10,,,,Beni,"Sucursal Beni","No disponible",Salida,"Sin evento",
"26/07/2024 19:00",8,,,,Beni,"Sucursal Beni","No disponible",Salida,"Sin evento",
"29/07/2024 08:19",8,,,,Beni,"Sucursal Beni","No disponible",Salida,"Sin evento",
"29/07/2024 08:19",10,,,,Beni,"Sucursal Beni","No disponible",Salida,"Sin evento",
"29/07/2024 08:21",8708642,,,,Beni,"Sucursal Beni","No disponible",Salida,"Sin evento",
"29/07/2024 12:45",8,,,,Beni,"Sucursal Beni","No disponible",Salida,"Sin evento",
"29/07/2024 14:11",8,,,,Beni,"Sucursal Beni","No disponible",Salida,"Sin evento",
"29/07/2024 18:31",8708642,,,,Beni,"Sucursal Beni","No disponible",Salida,"Sin evento",
"29/07/2024 18:54",8,,,,Beni,"Sucursal Beni","No disponible",Salida,"Sin evento",
"29/07/2024 18:56",10,,,,Beni,"Sucursal Beni","No disponible",Salida,"Sin evento",
"29/07/2024 19:01",10,,,,Beni,"Sucursal Beni","No disponible",Salida,"Sin evento",
"30/07/2024 08:06",8708642,,,,Beni,"Sucursal Beni","No disponible","Estado 15","Sin evento",
"30/07/2024 08:30",8,,,,Beni,"Sucursal Beni","No disponible",Salida,"Sin evento",
"30/07/2024 12:37",8,,,,Beni,"Sucursal Beni","No disponible",Salida,"Sin evento",
"30/07/2024 14:21",8,,,,Beni,"Sucursal Beni","No disponible",Salida,"Sin evento",
"30/07/2024 18:32",8708642,,,,Beni,"Sucursal Beni","No disponible",Salida,"Sin evento",
"30/07/2024 19:41",10,,,,Beni,"Sucursal Beni","No disponible",Salida,"Sin evento",
"30/07/2024 19:42",8,,,,Beni,"Sucursal Beni","No disponible",Salida,"Sin evento",
"31/07/2024 07:55",10,,,,Beni,"Sucursal Beni","No disponible",Salida,"Sin evento",
"31/07/2024 08:28",8,,,,Beni,"Sucursal Beni","No disponible",Salida,"Sin evento",
"31/07/2024 08:32",8708642,,,,Beni,"Sucursal Beni","No disponible",Salida,"Sin evento",
"31/07/2024 13:02",8,,,,Beni,"Sucursal Beni","No disponible",Salida,"Sin evento",
"31/07/2024 14:29",8,,,,Beni,"Sucursal Beni","No disponible",Salida,"Sin evento",
"31/07/2024 19:11",8,,,,Beni,"Sucursal Beni","No disponible",Salida,"Sin evento",
"31/07/2024 19:44",8708642,,,,Beni,"Sucursal Beni","No disponible",Salida,"Sin evento",
"31/07/2024 19:45",10,,,,Beni,"Sucursal Beni","No disponible",Salida,"Sin evento",
"01/08/2024 07:29",8708642,,,,Beni,"Sucursal Beni","No disponible",Salida,"Sin evento",
"01/08/2024 07:33",8,,,,Beni,"Sucursal Beni","No disponible",Salida,"Sin evento",
"01/08/2024 08:04",10,,,,Beni,"Sucursal Beni","No disponible",Salida,"Sin evento",
"01/08/2024 12:52",8,,,,Beni,"Sucursal Beni","No disponible",Salida,"Sin evento",
"01/08/2024 14:26",8,,,,Beni,"Sucursal Beni","No disponible",Salida,"Sin evento",
"01/08/2024 18:41",10,,,,Beni,"Sucursal Beni","No disponible",Salida,"Sin evento",
"01/08/2024 18:44",8708642,,,,Beni,"Sucursal Beni","No disponible",Salida,"Sin evento",
"01/08/2024 18:56",8,,,,Beni,"Sucursal Beni","No disponible",Salida,"Sin evento",
"02/08/2024 08:11",8708642,,,,Beni,"Sucursal Beni","No disponible",Salida,"Sin evento",
"02/08/2024 08:20",10,,,,Beni,"Sucursal Beni","No disponible",Salida,"Sin evento",
"02/08/2024 08:30",8,,,,Beni,"Sucursal Beni","No disponible",Salida,"Sin evento",
"02/08/2024 12:37",8,,,,Beni,"Sucursal Beni","No disponible",Salida,"Sin evento",
"02/08/2024 14:17",8,,,,Beni,"Sucursal Beni","No disponible",Salida,"Sin evento",
"02/08/2024 18:56",8708642,,,,Beni,"Sucursal Beni","No disponible",Salida,"Sin evento",
"02/08/2024 19:02",10,,,,Beni,"Sucursal Beni","No disponible",Salida,"Sin evento",
"02/08/2024 19:06",8,,,,Beni,"Sucursal Beni","No disponible",Salida,"Sin evento",
"05/08/2024 08:20",10,,,,Beni,"Sucursal Beni","No disponible",Salida,"Sin evento",
"05/08/2024 08:21",8708642,,,,Beni,"Sucursal Beni","No disponible",Salida,"Sin evento",
"05/08/2024 08:34",8,,,,Beni,"Sucursal Beni","No disponible",Salida,"Sin evento",
"05/08/2024 13:11",8,,,,Beni,"Sucursal Beni","No disponible",Salida,"Sin evento",
"05/08/2024 14:20",8,,,,Beni,"Sucursal Beni","No disponible",Salida,"Sin evento",
"05/08/2024 18:52",10,,,,Beni,"Sucursal Beni","No disponible",Salida,"Sin evento",
"05/08/2024 19:03",8,,,,Beni,"Sucursal Beni","No disponible",Salida,"Sin evento",
"05/08/2024 19:05",8708642,,,,Beni,"Sucursal Beni","No disponible",Salida,"Sin evento",
"07/08/2024 07:24",8,,,,Beni,"Sucursal Beni","No disponible",Salida,"Sin evento",
"07/08/2024 08:01",10,,,,Beni,"Sucursal Beni","No disponible",Salida,"Sin evento",
"07/08/2024 08:02",8708642,,,,Beni,"Sucursal Beni","No disponible",Salida,"Sin evento",
"07/08/2024 12:59",8,,,,Beni,"Sucursal Beni","No disponible",Salida,"Sin evento",
"07/08/2024 14:27",8,,,,Beni,"Sucursal Beni","No disponible",Salida,"Sin evento",
"07/08/2024 18:50",8,,,,Beni,"Sucursal Beni","No disponible",Salida,"Sin evento",
"07/08/2024 18:50",8708642,,,,Beni,"Sucursal Beni","No disponible",Salida,"Sin evento",
"07/08/2024 18:50",10,,,,Beni,"Sucursal Beni","No disponible",Salida,"Sin evento",
"08/08/2024 07:31",8,,,,Beni,"Sucursal Beni","No disponible",Salida,"Sin evento",
"08/08/2024 08:10",10,,,,Beni,"Sucursal Beni","No disponible",Salida,"Sin evento",
"08/08/2024 08:11",8708642,,,,Beni,"Sucursal Beni","No disponible",Salida,"Sin evento",
"08/08/2024 13:01",8,,,,Beni,"Sucursal Beni","No disponible",Salida,"Sin evento",
"08/08/2024 14:21",8,,,,Beni,"Sucursal Beni","No disponible",Salida,"Sin evento",
"08/08/2024 18:38",10,,,,Beni,"Sucursal Beni","No disponible",Salida,"Sin evento",
"08/08/2024 18:42",8708642,,,,Beni,"Sucursal Beni","No disponible",Salida,"Sin evento",
"08/08/2024 18:52",8,,,,Beni,"Sucursal Beni","No disponible",Salida,"Sin evento",
"09/08/2024 07:51",8,,,,Beni,"Sucursal Beni","No disponible",Salida,"Sin evento",
"09/08/2024 08:00",10,,,,Beni,"Sucursal Beni","No disponible",Salida,"Sin evento",
"09/08/2024 08:01",8708642,,,,Beni,"Sucursal Beni","No disponible",Salida,"Sin evento",
"09/08/2024 12:42",8,,,,Beni,"Sucursal Beni","No disponible",Salida,"Sin evento",
"09/08/2024 14:01",8,,,,Beni,"Sucursal Beni","No disponible",Salida,"Sin evento",
"09/08/2024 18:43",8,,,,Beni,"Sucursal Beni","No disponible",Salida,"Sin evento",
"09/08/2024 18:44",10,,,,Beni,"Sucursal Beni","No disponible",Salida,"Sin evento",
"09/08/2024 18:45",8708642,,,,Beni,"Sucursal Beni","No disponible",Salida,"Sin evento",
"12/08/2024 07:06",10,,,,Beni,"Sucursal Beni","No disponible",Salida,"Sin evento",
"12/08/2024 07:28",8,,,,Beni,"Sucursal Beni","No disponible",Salida,"Sin evento",
"12/08/2024 08:08",8708642,,,,Beni,"Sucursal Beni","No disponible",Salida,"Sin evento",
"12/08/2024 13:07",8,,,,Beni,"Sucursal Beni","No disponible",Salida,"Sin evento",
"12/08/2024 14:30",8,,,,Beni,"Sucursal Beni","No disponible",Salida,"Sin evento",
"12/08/2024 19:07",8708642,,,,Beni,"Sucursal Beni","No disponible",Salida,"Sin evento",
"12/08/2024 19:18",8,,,,Beni,"Sucursal Beni","No disponible",Salida,"Sin evento",
"12/08/2024 19:22",10,,,,Beni,"Sucursal Beni","No disponible",Salida,"Sin evento",
"13/08/2024 08:05",10,,,,Beni,"Sucursal Beni","No disponible",Salida,"Sin evento",
"13/08/2024 08:25",8,,,,Beni,"Sucursal Beni","No disponible",Salida,"Sin evento",
"13/08/2024 08:31",8708642,,,,Beni,"Sucursal Beni","No disponible",Salida,"Sin evento",
"13/08/2024 12:39",8,,,,Beni,"Sucursal Beni","No disponible",Salida,"Sin evento",
"13/08/2024 14:08",8,,,,Beni,"Sucursal Beni","No disponible",Salida,"Sin evento",
"13/08/2024 14:28",8,,,,Beni,"Sucursal Beni","No disponible",Salida,"Sin evento",
"13/08/2024 18:41",8708642,,,,Beni,"Sucursal Beni","No disponible",Salida,"Sin evento",
"13/08/2024 18:51",8,,,,Beni,"Sucursal Beni","No disponible",Salida,"Sin evento",
"13/08/2024 19:16",10,,,,Beni,"Sucursal Beni","No disponible",Salida,"Sin evento",
"14/08/2024 08:31",8,,,,Beni,"Sucursal Beni","No disponible",Salida,"Sin evento",
"14/08/2024 08:31",8708642,,,,Beni,"Sucursal Beni","No disponible",Salida,"Sin evento",
"14/08/2024 08:33",10,,,,Beni,"Sucursal Beni","No disponible",Salida,"Sin evento",
"14/08/2024 13:01",8,,,,Beni,"Sucursal Beni","No disponible",Salida,"Sin evento",
"14/08/2024 14:05",8,,,,Beni,"Sucursal Beni","No disponible",Salida,"Sin evento",
"14/08/2024 18:50",8708642,,,,Beni,"Sucursal Beni","No disponible",Salida,"Sin evento",
"14/08/2024 18:54",8,,,,Beni,"Sucursal Beni","No disponible",Salida,"Sin evento",
"14/08/2024 19:21",10,,,,Beni,"Sucursal Beni","No disponible",Salida,"Sin evento",
"15/08/2024 07:31",8,,,,Beni,"Sucursal Beni","No disponible",Salida,"Sin evento",
"15/08/2024 07:56",10,,,,Beni,"Sucursal Beni","No disponible",Salida,"Sin evento",
"15/08/2024 08:27",8708642,,,,Beni,"Sucursal Beni","No disponible",Salida,"Sin evento",
"15/08/2024 18:47",8,,,,Beni,"Sucursal Beni","No disponible",Salida,"Sin evento",
"15/08/2024 18:52",10,,,,Beni,"Sucursal Beni","No disponible",Salida,"Sin evento",
"15/08/2024 18:53",8708642,,,,Beni,"Sucursal Beni","No disponible",Salida,"Sin evento",
"16/08/2024 08:19",8708642,,,,Beni,"Sucursal Beni","No disponible",Salida,"Sin evento",
"16/08/2024 08:20",10,,,,Beni,"Sucursal Beni","No disponible",Salida,"Sin evento",
"16/08/2024 08:30",8,,,,Beni,"Sucursal Beni","No disponible",Salida,"Sin evento",
"16/08/2024 12:51",8,,,,Beni,"Sucursal Beni","No disponible",Salida,"Sin evento",
"16/08/2024 14:24",8,,,,Beni,"Sucursal Beni","No disponible",Salida,"Sin evento",
"16/08/2024 19:10",10,,,,Beni,"Sucursal Beni","No disponible",Salida,"Sin evento",
"16/08/2024 19:14",8,,,,Beni,"Sucursal Beni","No disponible",Salida,"Sin evento",
"16/08/2024 19:31",8708642,,,,Beni,"Sucursal Beni","No disponible",Salida,"Sin evento",
"19/08/2024 07:31",8,,,,Beni,"Sucursal Beni","No disponible",Salida,"Sin evento",
"19/08/2024 08:27",10,,,,Beni,"Sucursal Beni","No disponible",Salida,"Sin evento",
"19/08/2024 08:28",8708642,,,,Beni,"Sucursal Beni","No disponible",Salida,"Sin evento",
"19/08/2024 13:02",8,,,,Beni,"Sucursal Beni","No disponible",Salida,"Sin evento",
"19/08/2024 14:38",8,,,,Beni,"Sucursal Beni","No disponible",Salida,"Sin evento",
"19/08/2024 18:31",8708642,,,,Beni,"Sucursal Beni","No disponible",Salida,"Sin evento",
"19/08/2024 18:34",10,,,,Beni,"Sucursal Beni","No disponible",Salida,"Sin evento",
"19/08/2024 18:34",8,,,,Beni,"Sucursal Beni","No disponible",Salida,"Sin evento",
"20/08/2024 08:15",8,,,,Beni,"Sucursal Beni","No disponible",Salida,"Sin evento",
"20/08/2024 08:28",8708642,,,,Beni,"Sucursal Beni","No disponible",Salida,"Sin evento",
"20/08/2024 12:33",8,,,,Beni,"Sucursal Beni","No disponible",Salida,"Sin evento",
"20/08/2024 13:33",8,,,,Beni,"Sucursal Beni","No disponible",Salida,"Sin evento",
"20/08/2024 18:32",10,,,,Beni,"Sucursal Beni","No disponible",Salida,"Sin evento",
"20/08/2024 18:35",8708642,,,,Beni,"Sucursal Beni","No disponible",Salida,"Sin evento",
"20/08/2024 18:36",8,,,,Beni,"Sucursal Beni","No disponible",Salida,"Sin evento",
"21/08/2024 07:31",8,,,,Beni,"Sucursal Beni","No disponible",Salida,"Sin evento",
"21/08/2024 08:09",8708642,,,,Beni,"Sucursal Beni","No disponible",Salida,"Sin evento",
"21/08/2024 08:28",10,,,,Beni,"Sucursal Beni","No disponible",Salida,"Sin evento",
"21/08/2024 12:37",8,,,,Beni,"Sucursal Beni","No disponible",Salida,"Sin evento",
"21/08/2024 14:07",8,,,,Beni,"Sucursal Beni","No disponible",Salida,"Sin evento",
"21/08/2024 18:57",8708642,,,,Beni,"Sucursal Beni","No disponible",Salida,"Sin evento",
"21/08/2024 19:26",10,,,,Beni,"Sucursal Beni","No disponible",Salida,"Sin evento",
"22/08/2024 07:34",8,,,,Beni,"Sucursal Beni","No disponible",Salida,"Sin evento",
"22/08/2024 08:08",8708642,,,,Beni,"Sucursal Beni","No disponible",Salida,"Sin evento",
"22/08/2024 08:22",10,,,,Beni,"Sucursal Beni","No disponible",Salida,"Sin evento",
"22/08/2024 12:42",8,,,,Beni,"Sucursal Beni","No disponible",Salida,"Sin evento",
"22/08/2024 14:06",8,,,,Beni,"Sucursal Beni","No disponible",Salida,"Sin evento",
"22/08/2024 18:35",8,,,,Beni,"Sucursal Beni","No disponible",Salida,"Sin evento",
"22/08/2024 18:36",8708642,,,,Beni,"Sucursal Beni","No disponible",Salida,"Sin evento",
"22/08/2024 18:45",10,,,,Beni,"Sucursal Beni","No disponible",Salida,"Sin evento",
"23/08/2024 07:35",8,,,,Beni,"Sucursal Beni","No disponible",Salida,"Sin evento",
"23/08/2024 08:10",8708642,,,,Beni,"Sucursal Beni","No disponible",Salida,"Sin evento",
"23/08/2024 08:10",10,,,,Beni,"Sucursal Beni","No disponible",Salida,"Sin evento",
"23/08/2024 12:52",8,,,,Beni,"Sucursal Beni","No disponible",Salida,"Sin evento",
"23/08/2024 14:25",8,,,,Beni,"Sucursal Beni","No disponible",Salida,"Sin evento",
"23/08/2024 18:39",8708642,,,,Beni,"Sucursal Beni","No disponible",Salida,"Sin evento",
"23/08/2024 18:49",8,,,,Beni,"Sucursal Beni","No disponible",Salida,"Sin evento",
"23/08/2024 19:04",10,,,,Beni,"Sucursal Beni","No disponible",Salida,"Sin evento",
"26/08/2024 08:28",10,,,,Beni,"Sucursal Beni","No disponible",Salida,"Sin evento",
"26/08/2024 08:28",8708642,,,,Beni,"Sucursal Beni","No disponible",Salida,"Sin evento",
"26/08/2024 08:35",8,,,,Beni,"Sucursal Beni","No disponible",Salida,"Sin evento",
"26/08/2024 12:42",8,,,,Beni,"Sucursal Beni","No disponible",Salida,"Sin evento",
"26/08/2024 14:10",8,,,,Beni,"Sucursal Beni","No disponible",Salida,"Sin evento",
"26/08/2024 14:33",8,,,,Beni,"Sucursal Beni","No disponible",Salida,"Sin evento",
"26/08/2024 18:38",8708642,,,,Beni,"Sucursal Beni","No disponible",Salida,"Sin evento",
"26/08/2024 18:55",10,,,,Beni,"Sucursal Beni","No disponible",Salida,"Sin evento",
"26/08/2024 18:57",8,,,,Beni,"Sucursal Beni","No disponible",Salida,"Sin evento",
"27/08/2024 07:38",8,,,,Beni,"Sucursal Beni","No disponible",Salida,"Sin evento",
"27/08/2024 08:08",10,,,,Beni,"Sucursal Beni","No disponible",Salida,"Sin evento",
"27/08/2024 08:10",8708642,,,,Beni,"Sucursal Beni","No disponible",Salida,"Sin evento",
"27/08/2024 12:46",8,,,,Beni,"Sucursal Beni","No disponible",Salida,"Sin evento",
"27/08/2024 13:27",8,,,,Beni,"Sucursal Beni","No disponible",Salida,"Sin evento",
"27/08/2024 18:41",8708642,,,,Beni,"Sucursal Beni","No disponible",Salida,"Sin evento",
"27/08/2024 18:45",8,,,,Beni,"Sucursal Beni","No disponible",Salida,"Sin evento",
"27/08/2024 19:06",10,,,,Beni,"Sucursal Beni","No disponible",Salida,"Sin evento",
"28/08/2024 07:40",8,,,,Beni,"Sucursal Beni","No disponible",Salida,"Sin evento",
"28/08/2024 08:16",8708642,,,,Beni,"Sucursal Beni","No disponible",Salida,"Sin evento",
"28/08/2024 08:18",10,,,,Beni,"Sucursal Beni","No disponible",Salida,"Sin evento",
"28/08/2024 12:49",8,,,,Beni,"Sucursal Beni","No disponible",Salida,"Sin evento",
"28/08/2024 13:32",8,,,,Beni,"Sucursal Beni","No disponible",Salida,"Sin evento",
"28/08/2024 18:39",10,,,,Beni,"Sucursal Beni","No disponible",Salida,"Sin evento",
"28/08/2024 18:42",8708642,,,,Beni,"Sucursal Beni","No disponible",Salida,"Sin evento",
"28/08/2024 19:05",8,,,,Beni,"Sucursal Beni","No disponible",Salida,"Sin evento",
"29/08/2024 07:43",8,,,,Beni,"Sucursal Beni","No disponible",Salida,"Sin evento",
"29/08/2024 08:11",10,,,,Beni,"Sucursal Beni","No disponible",Salida,"Sin evento",
"29/08/2024 08:21",8708642,,,,Beni,"Sucursal Beni","No disponible",Salida,"Sin evento",
"29/08/2024 12:38",8,,,,Beni,"Sucursal Beni","No disponible",Salida,"Sin evento",
"29/08/2024 13:32",8,,,,Beni,"Sucursal Beni","No disponible",Salida,"Sin evento",
"29/08/2024 13:43",8,,,,Beni,"Sucursal Beni","No disponible",Salida,"Sin evento",
"29/08/2024 18:58",10,,,,Beni,"Sucursal Beni","No disponible",Salida,"Sin evento",
"29/08/2024 18:59",8708642,,,,Beni,"Sucursal Beni","No disponible",Salida,"Sin evento",
"29/08/2024 18:59",8,,,,Beni,"Sucursal Beni","No disponible",Salida,"Sin evento",
"30/08/2024 07:36",8,,,,Beni,"Sucursal Beni","No disponible",Salida,"Sin evento",
"30/08/2024 08:23",10,,,,Beni,"Sucursal Beni","No disponible",Salida,"Sin evento",
"30/08/2024 08:25",8708642,,,,Beni,"Sucursal Beni","No disponible",Salida,"Sin evento",
"30/08/2024 12:41",8,,,,Beni,"Sucursal Beni","No disponible",Salida,"Sin evento",
"30/08/2024 14:27",8,,,,Beni,"Sucursal Beni","No disponible",Salida,"Sin evento",
"30/08/2024 18:42",8708642,,,,Beni,"Sucursal Beni","No disponible",Salida,"Sin evento",
"30/08/2024 18:43",10,,,,Beni,"Sucursal Beni","No disponible",Salida,"Sin evento",
"30/08/2024 18:58",8,,,,Beni,"Sucursal Beni","No disponible",Salida,"Sin evento",
"02/09/2024 07:33",8,,,,Beni,"Sucursal Beni","No disponible",Salida,"Sin evento",
"02/09/2024 08:15",10,,,,Beni,"Sucursal Beni","No disponible",Salida,"Sin evento",
"02/09/2024 08:22",8708642,,,,Beni,"Sucursal Beni","No disponible",Salida,"Sin evento",
"02/09/2024 12:38",8,,,,Beni,"Sucursal Beni","No disponible",Salida,"Sin evento",
"02/09/2024 14:27",8,,,,Beni,"Sucursal Beni","No disponible",Salida,"Sin evento",
"02/09/2024 18:36",10,,,,Beni,"Sucursal Beni","No disponible",Salida,"Sin evento",
"02/09/2024 18:38",8708642,,,,Beni,"Sucursal Beni","No disponible",Salida,"Sin evento",
"02/09/2024 18:40",8,,,,Beni,"Sucursal Beni","No disponible",Salida,"Sin evento",
"03/09/2024 07:33",8,,,,Beni,"Sucursal Beni","No disponible",Salida,"Sin evento",
"03/09/2024 08:21",10,,,,Beni,"Sucursal Beni","No disponible",Salida,"Sin evento",
"03/09/2024 08:23",8708642,,,,Beni,"Sucursal Beni","No disponible",Salida,"Sin evento",
"03/09/2024 12:55",8,,,,Beni,"Sucursal Beni","No disponible",Salida,"Sin evento",
"03/09/2024 14:09",8,,,,Beni,"Sucursal Beni","No disponible",Salida,"Sin evento",
"03/09/2024 18:52",8708642,,,,Beni,"Sucursal Beni","No disponible",Salida,"Sin evento",
"03/09/2024 18:56",8,,,,Beni,"Sucursal Beni","No disponible",Salida,"Sin evento",
"03/09/2024 18:56",10,,,,Beni,"Sucursal Beni","No disponible",Salida,"Sin evento",
"04/09/2024 07:49",10,,,,Beni,"Sucursal Beni","No disponible",Salida,"Sin evento",
"04/09/2024 08:29",8708642,,,,Beni,"Sucursal Beni","No disponible",Salida,"Sin evento",
"04/09/2024 08:31",8,,,,Beni,"Sucursal Beni","No disponible",Salida,"Sin evento",
"04/09/2024 12:38",8,,,,Beni,"Sucursal Beni","No disponible",Salida,"Sin evento",
"04/09/2024 12:43",8,,,,Beni,"Sucursal Beni","No disponible",Salida,"Sin evento",
"04/09/2024 14:16",8,,,,Beni,"Sucursal Beni","No disponible",Salida,"Sin evento",
"04/09/2024 18:39",8708642,,,,Beni,"Sucursal Beni","No disponible",Salida,"Sin evento",
"04/09/2024 19:03",8,,,,Beni,"Sucursal Beni","No disponible",Salida,"Sin evento",
"04/09/2024 19:03",10,,,,Beni,"Sucursal Beni","No disponible",Salida,"Sin evento",
"05/09/2024 08:23",8,,,,Beni,"Sucursal Beni","No disponible",Salida,"Sin evento",
"05/09/2024 08:23",8708642,,,,Beni,"Sucursal Beni","No disponible",Salida,"Sin evento",
"05/09/2024 08:24",10,,,,Beni,"Sucursal Beni","No disponible",Salida,"Sin evento",
"05/09/2024 12:58",8,,,,Beni,"Sucursal Beni","No disponible",Salida,"Sin evento",
"05/09/2024 14:09",8,,,,Beni,"Sucursal Beni","No disponible",Salida,"Sin evento",
"05/09/2024 18:49",8708642,,,,Beni,"Sucursal Beni","No disponible",Salida,"Sin evento",
"05/09/2024 18:53",8,,,,Beni,"Sucursal Beni","No disponible",Salida,"Sin evento",
"05/09/2024 19:34",10,,,,Beni,"Sucursal Beni","No disponible",Salida,"Sin evento",
"06/09/2024 08:20",10,,,,Beni,"Sucursal Beni","No disponible",Salida,"Sin evento",
"06/09/2024 08:20",8,,,,Beni,"Sucursal Beni","No disponible",Salida,"Sin evento",
"06/09/2024 08:30",8708642,,,,Beni,"Sucursal Beni","No disponible",Salida,"Sin evento",
"06/09/2024 12:41",8,,,,Beni,"Sucursal Beni","No disponible",Salida,"Sin evento",
"06/09/2024 14:21",8,,,,Beni,"Sucursal Beni","No disponible",Salida,"Sin evento",
"06/09/2024 18:42",10,,,,Beni,"Sucursal Beni","No disponible",Salida,"Sin evento",
"06/09/2024 18:45",8,,,,Beni,"Sucursal Beni","No disponible",Salida,"Sin evento",
"09/09/2024 08:27",10,,,,Beni,"Sucursal Beni","No disponible",Salida,"Sin evento",
"09/09/2024 08:29",8708642,,,,Beni,"Sucursal Beni","No disponible",Salida,"Sin evento",
"09/09/2024 08:33",8,,,,Beni,"Sucursal Beni","No disponible",Salida,"Sin evento",
"09/09/2024 12:40",8,,,,Beni,"Sucursal Beni","No disponible",Salida,"Sin evento",
"09/09/2024 14:10",8,,,,Beni,"Sucursal Beni","No disponible",Salida,"Sin evento",
"09/09/2024 18:59",8708642,,,,Beni,"Sucursal Beni","No disponible",Salida,"Sin evento",
"09/09/2024 19:15",10,,,,Beni,"Sucursal Beni","No disponible",Salida,"Sin evento",
"09/09/2024 19:32",8,,,,Beni,"Sucursal Beni","No disponible",Salida,"Sin evento",
"10/09/2024 07:39",8,,,,Beni,"Sucursal Beni","No disponible",Salida,"Sin evento",
"10/09/2024 08:23",8708642,,,,Beni,"Sucursal Beni","No disponible",Salida,"Sin evento",
"10/09/2024 08:26",10,,,,Beni,"Sucursal Beni","No disponible",Salida,"Sin evento",
"10/09/2024 12:48",8,,,,Beni,"Sucursal Beni","No disponible",Salida,"Sin evento",
"10/09/2024 14:25",8,,,,Beni,"Sucursal Beni","No disponible",Salida,"Sin evento",
"10/09/2024 18:31",8,,,,Beni,"Sucursal Beni","No disponible",Salida,"Sin evento",
"10/09/2024 18:40",8708642,,,,Beni,"Sucursal Beni","No disponible",Salida,"Sin evento",
"10/09/2024 18:42",10,,,,Beni,"Sucursal Beni","No disponible",Salida,"Sin evento",
"11/09/2024 08:21",8,,,,Beni,"Sucursal Beni","No disponible",Salida,"Sin evento",
"11/09/2024 08:24",10,,,,Beni,"Sucursal Beni","No disponible",Salida,"Sin evento",
"11/09/2024 08:27",8708642,,,,Beni,"Sucursal Beni","No disponible",Salida,"Sin evento",
"11/09/2024 12:28",8,,,,Beni,"Sucursal Beni","No disponible",Salida,"Sin evento",
"11/09/2024 12:46",8,,,,Beni,"Sucursal Beni","No disponible",Salida,"Sin evento",
"11/09/2024 14:10",8,,,,Beni,"Sucursal Beni","No disponible",Salida,"Sin evento",
"11/09/2024 18:37",8,,,,Beni,"Sucursal Beni","No disponible",Salida,"Sin evento",
"11/09/2024 18:48",10,,,,Beni,"Sucursal Beni","No disponible",Salida,"Sin evento",
"11/09/2024 18:50",8708642,,,,Beni,"Sucursal Beni","No disponible",Salida,"Sin evento",
"12/09/2024 08:27",8,,,,Beni,"Sucursal Beni","No disponible",Salida,"Sin evento",
"12/09/2024 08:27",8708642,,,,Beni,"Sucursal Beni","No disponible",Salida,"Sin evento",
"12/09/2024 08:29",10,,,,Beni,"Sucursal Beni","No disponible",Salida,"Sin evento",
"12/09/2024 12:55",8,,,,Beni,"Sucursal Beni","No disponible",Salida,"Sin evento",
"12/09/2024 14:20",8,,,,Beni,"Sucursal Beni","No disponible",Salida,"Sin evento",
"12/09/2024 18:33",8708642,,,,Beni,"Sucursal Beni","No disponible",Salida,"Sin evento",
"12/09/2024 18:35",10,,,,Beni,"Sucursal Beni","No disponible",Salida,"Sin evento",
"12/09/2024 18:36",8,,,,Beni,"Sucursal Beni","No disponible",Salida,"Sin evento",
"13/09/2024 08:08",8708642,,,,Beni,"Sucursal Beni","No disponible",Salida,"Sin evento",
"13/09/2024 08:08",10,,,,Beni,"Sucursal Beni","No disponible",Salida,"Sin evento",
"13/09/2024 08:14",8,,,,Beni,"Sucursal Beni","No disponible",Salida,"Sin evento",
"13/09/2024 12:47",8,,,,Beni,"Sucursal Beni","No disponible",Salida,"Sin evento",
"13/09/2024 14:34",8,,,,Beni,"Sucursal Beni","No disponible",Salida,"Sin evento",
"13/09/2024 18:34",8708642,,,,Beni,"Sucursal Beni","No disponible",Salida,"Sin evento",
"13/09/2024 18:35",8,,,,Beni,"Sucursal Beni","No disponible",Salida,"Sin evento",
"13/09/2024 18:36",10,,,,Beni,"Sucursal Beni","No disponible",Salida,"Sin evento",
"16/09/2024 08:27",8,,,,Beni,"Sucursal Beni","No disponible",Salida,"Sin evento",
"16/09/2024 08:27",8708642,,,,Beni,"Sucursal Beni","No disponible",Salida,"Sin evento",
"16/09/2024 08:28",10,,,,Beni,"Sucursal Beni","No disponible",Salida,"Sin evento",
"16/09/2024 12:59",8,,,,Beni,"Sucursal Beni","No disponible",Salida,"Sin evento",
"16/09/2024 14:04",8,,,,Beni,"Sucursal Beni","No disponible",Salida,"Sin evento",
"16/09/2024 18:46",8708642,,,,Beni,"Sucursal Beni","No disponible",Salida,"Sin evento",
"16/09/2024 18:58",8,,,,Beni,"Sucursal Beni","No disponible",Salida,"Sin evento",
"16/09/2024 18:59",10,,,,Beni,"Sucursal Beni","No disponible",Salida,"Sin evento",
"17/09/2024 08:27",10,,,,Beni,"Sucursal Beni","No disponible",Salida,"Sin evento",
"17/09/2024 08:28",8,,,,Beni,"Sucursal Beni","No disponible",Salida,"Sin evento",
"17/09/2024 08:32",8708642,,,,Beni,"Sucursal Beni","No disponible",Salida,"Sin evento",
"17/09/2024 12:53",8,,,,Beni,"Sucursal Beni","No disponible",Salida,"Sin evento",
"17/09/2024 14:18",8,,,,Beni,"Sucursal Beni","No disponible",Salida,"Sin evento",
"17/09/2024 18:43",10,,,,Beni,"Sucursal Beni","No disponible",Salida,"Sin evento",
"17/09/2024 18:45",8708642,,,,Beni,"Sucursal Beni","No disponible",Salida,"Sin evento",
"17/09/2024 18:47",8,,,,Beni,"Sucursal Beni","No disponible",Salida,"Sin evento",
"18/09/2024 08:20",8,,,,Beni,"Sucursal Beni","No disponible",Salida,"Sin evento",
"18/09/2024 08:21",10,,,,Beni,"Sucursal Beni","No disponible",Salida,"Sin evento",
"18/09/2024 08:22",8708642,,,,Beni,"Sucursal Beni","No disponible",Salida,"Sin evento",
"18/09/2024 14:23",8,,,,Beni,"Sucursal Beni","No disponible",Salida,"Sin evento",
"18/09/2024 18:51",8,,,,Beni,"Sucursal Beni","No disponible",Salida,"Sin evento",
"18/09/2024 18:53",8708642,,,,Beni,"Sucursal Beni","No disponible",Salida,"Sin evento",
"18/09/2024 19:11",10,,,,Beni,"Sucursal Beni","No disponible",Salida,"Sin evento",
"19/09/2024 08:27",8708642,,,,Beni,"Sucursal Beni","No disponible",Salida,"Sin evento",
"19/09/2024 08:27",10,,,,Beni,"Sucursal Beni","No disponible",Salida,"Sin evento",
"19/09/2024 08:44",8,,,,Beni,"Sucursal Beni","No disponible",Salida,"Sin evento",
"19/09/2024 12:38",8,,,,Beni,"Sucursal Beni","No disponible",Salida,"Sin evento",
"19/09/2024 13:20",8,,,,Beni,"Sucursal Beni","No disponible",Salida,"Sin evento",
"19/09/2024 18:45",8708642,,,,Beni,"Sucursal Beni","No disponible",Salida,"Sin evento",
"19/09/2024 19:19",10,,,,Beni,"Sucursal Beni","No disponible",Salida,"Sin evento",
"19/09/2024 20:52",8,,,,Beni,"Sucursal Beni","No disponible",Salida,"Sin evento",
"20/09/2024 08:13",8,,,,Beni,"Sucursal Beni","No disponible",Salida,"Sin evento",
"20/09/2024 08:27",10,,,,Beni,"Sucursal Beni","No disponible",Salida,"Sin evento",
"20/09/2024 08:27",8708642,,,,Beni,"Sucursal Beni","No disponible",Salida,"Sin evento",
"20/09/2024 13:04",8,,,,Beni,"Sucursal Beni","No disponible",Salida,"Sin evento",
"20/09/2024 14:00",8,,,,Beni,"Sucursal Beni","No disponible",Salida,"Sin evento",
"20/09/2024 18:33",10,,,,Beni,"Sucursal Beni","No disponible",Salida,"Sin evento",
"20/09/2024 18:35",8708642,,,,Beni,"Sucursal Beni","No disponible",Salida,"Sin evento",
"23/09/2024 08:24",8708642,,,,Beni,"Sucursal Beni","No disponible",Salida,"Sin evento",
"23/09/2024 08:24",8,,,,Beni,"Sucursal Beni","No disponible",Salida,"Sin evento",
"23/09/2024 08:25",10,,,,Beni,"Sucursal Beni","No disponible",Salida,"Sin evento",
"23/09/2024 13:04",8,,,,Beni,"Sucursal Beni","No disponible",Salida,"Sin evento",
"23/09/2024 14:22",8,,,,Beni,"Sucursal Beni","No disponible",Salida,"Sin evento",
"23/09/2024 18:44",8,,,,Beni,"Sucursal Beni","No disponible",Salida,"Sin evento",
"23/09/2024 18:44",8708642,,,,Beni,"Sucursal Beni","No disponible",Salida,"Sin evento",
"23/09/2024 19:04",10,,,,Beni,"Sucursal Beni","No disponible",Salida,"Sin evento",
"24/09/2024 08:12",10,,,,Beni,"Sucursal Beni","No disponible",Salida,"Sin evento",
"24/09/2024 08:30",8708642,,,,Beni,"Sucursal Beni","No disponible",Salida,"Sin evento",
"24/09/2024 08:32",8,,,,Beni,"Sucursal Beni","No disponible",Salida,"Sin evento",
"24/09/2024 12:49",8,,,,Beni,"Sucursal Beni","No disponible",Salida,"Sin evento",
"24/09/2024 13:25",8,,,,Beni,"Sucursal Beni","No disponible",Salida,"Sin evento",
"24/09/2024 14:31",8,,,,Beni,"Sucursal Beni","No disponible",Salida,"Sin evento",
"24/09/2024 18:48",8708642,,,,Beni,"Sucursal Beni","No disponible",Salida,"Sin evento",
"24/09/2024 18:55",10,,,,Beni,"Sucursal Beni","No disponible",Salida,"Sin evento",
"25/09/2024 08:21",8708642,,,,Beni,"Sucursal Beni","No disponible",Salida,"Sin evento",
"25/09/2024 08:26",10,,,,Beni,"Sucursal Beni","No disponible",Salida,"Sin evento",
"25/09/2024 08:32",8,,,,Beni,"Sucursal Beni","No disponible",Salida,"Sin evento",
"25/09/2024 12:48",8,,,,Beni,"Sucursal Beni","No disponible",Salida,"Sin evento",
"25/09/2024 14:16",8,,,,Beni,"Sucursal Beni","No disponible",Salida,"Sin evento",
"25/09/2024 19:00",8708642,,,,Beni,"Sucursal Beni","No disponible",Salida,"Sin evento",
"25/09/2024 19:43",8,,,,Beni,"Sucursal Beni","No disponible",Salida,"Sin evento",
"25/09/2024 19:46",10,,,,Beni,"Sucursal Beni","No disponible",Salida,"Sin evento",
"26/09/2024 08:27",10,,,,Beni,"Sucursal Beni","No disponible",Salida,"Sin evento",
"26/09/2024 08:27",8708642,,,,Beni,"Sucursal Beni","No disponible",Salida,"Sin evento",
"26/09/2024 08:27",8,,,,Beni,"Sucursal Beni","No disponible",Salida,"Sin evento",
"26/09/2024 12:47",8,,,,Beni,"Sucursal Beni","No disponible",Salida,"Sin evento",
"26/09/2024 12:51",8,,,,Beni,"Sucursal Beni","No disponible",Salida,"Sin evento",
"26/09/2024 14:22",8,,,,Beni,"Sucursal Beni","No disponible",Salida,"Sin evento",
"26/09/2024 18:35",8708642,,,,Beni,"Sucursal Beni","No disponible",Salida,"Sin evento",
"26/09/2024 18:48",8,,,,Beni,"Sucursal Beni","No disponible",Salida,"Sin evento",
"26/09/2024 19:00",10,,,,Beni,"Sucursal Beni","No disponible",Salida,"Sin evento",
"27/09/2024 08:28",10,,,,Beni,"Sucursal Beni","No disponible",Salida,"Sin evento",
"27/09/2024 08:29",8708642,,,,Beni,"Sucursal Beni","No disponible",Salida,"Sin evento",
"27/09/2024 08:29",8,,,,Beni,"Sucursal Beni","No disponible",Salida,"Sin evento",
"27/09/2024 12:49",8,,,,Beni,"Sucursal Beni","No disponible",Salida,"Sin evento",
"27/09/2024 13:57",8,,,,Beni,"Sucursal Beni","No disponible",Salida,"Sin evento",
"27/09/2024 18:47",8708642,,,,Beni,"Sucursal Beni","No disponible",Salida,"Sin evento",
"27/09/2024 19:10",8,,,,Beni,"Sucursal Beni","No disponible",Salida,"Sin evento",
"27/09/2024 19:29",10,,,,Beni,"Sucursal Beni","No disponible",Salida,"Sin evento",
"30/09/2024 08:14",8708642,,,,Beni,"Sucursal Beni","No disponible",Salida,"Sin evento",
"30/09/2024 08:26",10,,,,Beni,"Sucursal Beni","No disponible",Salida,"Sin evento",
"30/09/2024 08:27",8,,,,Beni,"Sucursal Beni","No disponible",Salida,"Sin evento",
"30/09/2024 12:47",8,,,,Beni,"Sucursal Beni","No disponible",Salida,"Sin evento",
"30/09/2024 14:32",8,,,,Beni,"Sucursal Beni","No disponible",Salida,"Sin evento",
"30/09/2024 18:48",8708642,,,,Beni,"Sucursal Beni","No disponible",Salida,"Sin evento",
"30/09/2024 19:05",8,,,,Beni,"Sucursal Beni","No disponible",Salida,"Sin evento",
"30/09/2024 19:21",10,,,,Beni,"Sucursal Beni","No disponible",Salida,"Sin evento",
"01/10/2024 08:34",8708642,,,,Beni,"Sucursal Beni","No disponible",Salida,"Sin evento",
"01/10/2024 08:35",10,,,,Beni,"Sucursal Beni","No disponible",Salida,"Sin evento",
"01/10/2024 08:37",8,,,,Beni,"Sucursal Beni","No disponible",Salida,"Sin evento",
"01/10/2024 12:47",8,,,,Beni,"Sucursal Beni","No disponible",Salida,"Sin evento",
"01/10/2024 14:22",8,,,,Beni,"Sucursal Beni","No disponible",Salida,"Sin evento",
"01/10/2024 18:38",8708642,,,,Beni,"Sucursal Beni","No disponible",Salida,"Sin evento",
"01/10/2024 18:40",8,,,,Beni,"Sucursal Beni","No disponible",Salida,"Sin evento",
"01/10/2024 19:12",10,,,,Beni,"Sucursal Beni","No disponible",Salida,"Sin evento",
"02/10/2024 08:29",10,,,,Beni,"Sucursal Beni","No disponible",Salida,"Sin evento",
"02/10/2024 08:29",8708642,,,,Beni,"Sucursal Beni","No disponible",Salida,"Sin evento",
"02/10/2024 08:37",8,,,,Beni,"Sucursal Beni","No disponible",Salida,"Sin evento",
"02/10/2024 13:09",8,,,,Beni,"Sucursal Beni","No disponible",Salida,"Sin evento",
"02/10/2024 13:25",8,,,,Beni,"Sucursal Beni","No disponible",Salida,"Sin evento",
"02/10/2024 14:27",8,,,,Beni,"Sucursal Beni","No disponible",Salida,"Sin evento",
"02/10/2024 18:52",8708642,,,,Beni,"Sucursal Beni","No disponible",Salida,"Sin evento",
"02/10/2024 19:01",8,,,,Beni,"Sucursal Beni","No disponible",Salida,"Sin evento",
"02/10/2024 19:03",10,,,,Beni,"Sucursal Beni","No disponible",Salida,"Sin evento",
"03/10/2024 08:27",8708642,,,,Beni,"Sucursal Beni","No disponible",Salida,"Sin evento",
"03/10/2024 08:27",10,,,,Beni,"Sucursal Beni","No disponible",Salida,"Sin evento",
"03/10/2024 08:34",8,,,,Beni,"Sucursal Beni","No disponible",Salida,"Sin evento",
"03/10/2024 12:55",8,,,,Beni,"Sucursal Beni","No disponible",Salida,"Sin evento",
"03/10/2024 13:37",8,,,,Beni,"Sucursal Beni","No disponible",Salida,"Sin evento",
"03/10/2024 18:49",8708642,,,,Beni,"Sucursal Beni","No disponible",Salida,"Sin evento",
"03/10/2024 18:57",8,,,,Beni,"Sucursal Beni","No disponible",Salida,"Sin evento",
"03/10/2024 19:27",10,,,,Beni,"Sucursal Beni","No disponible",Salida,"Sin evento",
"04/10/2024 08:20",10,,,,Beni,"Sucursal Beni","No disponible",Salida,"Sin evento",
"04/10/2024 08:30",8708642,,,,Beni,"Sucursal Beni","No disponible",Salida,"Sin evento",
"04/10/2024 08:32",8,,,,Beni,"Sucursal Beni","No disponible",Salida,"Sin evento",
"04/10/2024 12:52",8,,,,Beni,"Sucursal Beni","No disponible",Salida,"Sin evento",
"04/10/2024 14:25",8,,,,Beni,"Sucursal Beni","No disponible",Salida,"Sin evento",
"04/10/2024 18:53",8708642,,,,Beni,"Sucursal Beni","No disponible",Salida,"Sin evento",
"04/10/2024 19:09",8,,,,Beni,"Sucursal Beni","No disponible",Salida,"Sin evento",
"04/10/2024 19:17",10,,,,Beni,"Sucursal Beni","No disponible",Salida,"Sin evento",
"07/10/2024 08:20",8,,,,Beni,"Sucursal Beni","No disponible",Salida,"Sin evento",
"07/10/2024 08:20",10,,,,Beni,"Sucursal Beni","No disponible",Salida,"Sin evento",
"07/10/2024 08:23",8708642,,,,Beni,"Sucursal Beni","No disponible",Salida,"Sin evento",
"07/10/2024 12:30",8,,,,Beni,"Sucursal Beni","No disponible",Salida,"Sin evento",
"07/10/2024 13:58",8,,,,Beni,"Sucursal Beni","No disponible",Salida,"Sin evento",
"08/10/2024 08:33",8708642,,,,Beni,"Sucursal Beni","No disponible",Salida,"Sin evento",
"08/10/2024 08:33",10,,,,Beni,"Sucursal Beni","No disponible",Salida,"Sin evento",
"08/10/2024 08:35",8,,,,Beni,"Sucursal Beni","No disponible",Salida,"Sin evento",
"08/10/2024 12:42",8,,,,Beni,"Sucursal Beni","No disponible",Salida,"Sin evento",
"08/10/2024 14:18",8,,,,Beni,"Sucursal Beni","No disponible",Salida,"Sin evento",
"08/10/2024 18:41",8708642,,,,Beni,"Sucursal Beni","No disponible",Salida,"Sin evento",
"08/10/2024 18:41",10,,,,Beni,"Sucursal Beni","No disponible",Salida,"Sin evento",
"08/10/2024 18:42",8,,,,Beni,"Sucursal Beni","No disponible",Salida,"Sin evento",
"09/10/2024 08:07",10,,,,Beni,"Sucursal Beni","No disponible",Salida,"Sin evento",
"09/10/2024 08:19",8708642,,,,Beni,"Sucursal Beni","No disponible",Salida,"Sin evento",
"09/10/2024 08:32",8,,,,Beni,"Sucursal Beni","No disponible",Salida,"Sin evento",
"09/10/2024 12:39",8,,,,Beni,"Sucursal Beni","No disponible",Salida,"Sin evento",
"09/10/2024 13:27",8,,,,Beni,"Sucursal Beni","No disponible",Salida,"Sin evento",
"09/10/2024 14:20",8,,,,Beni,"Sucursal Beni","No disponible",Salida,"Sin evento",
"09/10/2024 18:42",8,,,,Beni,"Sucursal Beni","No disponible",Salida,"Sin evento",
"09/10/2024 18:46",8708642,,,,Beni,"Sucursal Beni","No disponible",Salida,"Sin evento",
"09/10/2024 19:19",10,,,,Beni,"Sucursal Beni","No disponible",Salida,"Sin evento",
"10/10/2024 08:25",8708642,,,,Beni,"Sucursal Beni","No disponible",Salida,"Sin evento",
"10/10/2024 08:26",10,,,,Beni,"Sucursal Beni","No disponible",Salida,"Sin evento",
"10/10/2024 08:35",8,,,,Beni,"Sucursal Beni","No disponible",Salida,"Sin evento",
"10/10/2024 12:53",8,,,,Beni,"Sucursal Beni","No disponible",Salida,"Sin evento",
"10/10/2024 13:30",8,,,,Beni,"Sucursal Beni","No disponible",Salida,"Sin evento",
"10/10/2024 14:29",8,,,,Beni,"Sucursal Beni","No disponible",Salida,"Sin evento",
"10/10/2024 18:36",8708642,,,,Beni,"Sucursal Beni","No disponible",Salida,"Sin evento",
"10/10/2024 18:37",8,,,,Beni,"Sucursal Beni","No disponible",Salida,"Sin evento",
"10/10/2024 18:38",8,,,,Beni,"Sucursal Beni","No disponible",Salida,"Sin evento",
"10/10/2024 18:40",8,,,,Beni,"Sucursal Beni","No disponible",Salida,"Sin evento",
"10/10/2024 19:04",10,,,,Beni,"Sucursal Beni","No disponible",Salida,"Sin evento",
"11/10/2024 08:12",10,,,,Beni,"Sucursal Beni","No disponible",Salida,"Sin evento",
"11/10/2024 08:20",8708642,,,,Beni,"Sucursal Beni","No disponible",Salida,"Sin evento",
"11/10/2024 08:38",8,,,,Beni,"Sucursal Beni","No disponible",Salida,"Sin evento",
"11/10/2024 12:30",8,,,,Beni,"Sucursal Beni","No disponible",Salida,"Sin evento",
"11/10/2024 18:48",8708642,,,,Beni,"Sucursal Beni","No disponible",Salida,"Sin evento",
"11/10/2024 18:48",10,,,,Beni,"Sucursal Beni","No disponible",Salida,"Sin evento",
"14/10/2024 08:17",8,,,,Beni,"Sucursal Beni","No disponible",Salida,"Sin evento",
"14/10/2024 08:18",10,,,,Beni,"Sucursal Beni","No disponible",Salida,"Sin evento",
"14/10/2024 08:21",8708642,,,,Beni,"Sucursal Beni","No disponible",Salida,"Sin evento",
"14/10/2024 12:48",8,,,,Beni,"Sucursal Beni","No disponible",Salida,"Sin evento",
"14/10/2024 14:27",8,,,,Beni,"Sucursal Beni","No disponible",Salida,"Sin evento",
"14/10/2024 19:03",8708642,,,,Beni,"Sucursal Beni","No disponible",Salida,"Sin evento",
"14/10/2024 19:06",8,,,,Beni,"Sucursal Beni","No disponible",Salida,"Sin evento",
"14/10/2024 19:14",10,,,,Beni,"Sucursal Beni","No disponible",Salida,"Sin evento",
"15/10/2024 08:16",10,,,,Beni,"Sucursal Beni","No disponible",Salida,"Sin evento",
"15/10/2024 08:23",8,,,,Beni,"Sucursal Beni","No disponible",Salida,"Sin evento",
"15/10/2024 08:32",8708642,,,,Beni,"Sucursal Beni","No disponible",Salida,"Sin evento",
"15/10/2024 12:42",8,,,,Beni,"Sucursal Beni","No disponible",Salida,"Sin evento",
"15/10/2024 14:21",8,,,,Beni,"Sucursal Beni","No disponible",Salida,"Sin evento",
"15/10/2024 18:56",8,,,,Beni,"Sucursal Beni","No disponible",Salida,"Sin evento",
"15/10/2024 18:57",8708642,,,,Beni,"Sucursal Beni","No disponible",Salida,"Sin evento",
"15/10/2024 19:16",10,,,,Beni,"Sucursal Beni","No disponible",Salida,"Sin evento",
"16/10/2024 08:19",10,,,,Beni,"Sucursal Beni","No disponible",Salida,"Sin evento",
"16/10/2024 08:25",8708642,,,,Beni,"Sucursal Beni","No disponible",Salida,"Sin evento",
"16/10/2024 08:37",8,,,,Beni,"Sucursal Beni","No disponible",Salida,"Sin evento",
"16/10/2024 12:45",8,,,,Beni,"Sucursal Beni","No disponible",Salida,"Sin evento",
"16/10/2024 13:43",8,,,,Beni,"Sucursal Beni","No disponible",Salida,"Sin evento",
"16/10/2024 18:38",8708642,,,,Beni,"Sucursal Beni","No disponible",Salida,"Sin evento",
"16/10/2024 18:39",8,,,,Beni,"Sucursal Beni","No disponible",Salida,"Sin evento",
"16/10/2024 18:49",10,,,,Beni,"Sucursal Beni","No disponible",Salida,"Sin evento",
"17/10/2024 08:21",10,,,,Beni,"Sucursal Beni","No disponible",Salida,"Sin evento",
"17/10/2024 08:28",8708642,,,,Beni,"Sucursal Beni","No disponible",Salida,"Sin evento",
"17/10/2024 08:33",8,,,,Beni,"Sucursal Beni","No disponible",Salida,"Sin evento",
"17/10/2024 08:33",7,,,,Beni,"Sucursal Beni","No disponible","Retorno de descanso","Sin evento",
"17/10/2024 13:03",8,,,,Beni,"Sucursal Beni","No disponible",Salida,"Sin evento",
"17/10/2024 14:19",8,,,,Beni,"Sucursal Beni","No disponible",Salida,"Sin evento",
"17/10/2024 18:39",8708642,,,,Beni,"Sucursal Beni","No disponible",Salida,"Sin evento",
"17/10/2024 18:45",8,,,,Beni,"Sucursal Beni","No disponible",Salida,"Sin evento",
"17/10/2024 18:46",8,,,,Beni,"Sucursal Beni","No disponible",Salida,"Sin evento",
"17/10/2024 19:01",10,,,,Beni,"Sucursal Beni","No disponible",Salida,"Sin evento",
"18/10/2024 08:30",10,,,,Beni,"Sucursal Beni","No disponible",Salida,"Sin evento",
"18/10/2024 08:30",8708642,,,,Beni,"Sucursal Beni","No disponible",Salida,"Sin evento",
"18/10/2024 08:32",8,,,,Beni,"Sucursal Beni","No disponible",Salida,"Sin evento",
"18/10/2024 12:48",8,,,,Beni,"Sucursal Beni","No disponible",Salida,"Sin evento",
"18/10/2024 12:56",8,,,,Beni,"Sucursal Beni","No disponible",Salida,"Sin evento",
"18/10/2024 13:19",8,,,,Beni,"Sucursal Beni","No disponible",Salida,"Sin evento",
"18/10/2024 14:25",8,,,,Beni,"Sucursal Beni","No disponible",Salida,"Sin evento",
"18/10/2024 18:49",10,,,,Beni,"Sucursal Beni","No disponible",Salida,"Sin evento",
"18/10/2024 19:34",8,,,,Beni,"Sucursal Beni","No disponible",Salida,"Sin evento",
"21/10/2024 07:35",8,,,,Beni,"Sucursal Beni","No disponible",Salida,"Sin evento",
"21/10/2024 08:01",8708642,,,,Beni,"Sucursal Beni","No disponible",Salida,"Sin evento",
"21/10/2024 08:14",10,,,,Beni,"Sucursal Beni","No disponible",Salida,"Sin evento",
"21/10/2024 12:37",8,,,,Beni,"Sucursal Beni","No disponible",Salida,"Sin evento",
"21/10/2024 14:29",8,,,,Beni,"Sucursal Beni","No disponible",Salida,"Sin evento",
"21/10/2024 18:36",10,,,,Beni,"Sucursal Beni","No disponible",Salida,"Sin evento",
"21/10/2024 18:41",8708642,,,,Beni,"Sucursal Beni","No disponible",Salida,"Sin evento",
"21/10/2024 18:41",8,,,,Beni,"Sucursal Beni","No disponible",Salida,"Sin evento",
"22/10/2024 07:50",8,,,,Beni,"Sucursal Beni","No disponible",Salida,"Sin evento",
"22/10/2024 07:59",10,,,,Beni,"Sucursal Beni","No disponible",Salida,"Sin evento",
"22/10/2024 08:27",8708642,,,,Beni,"Sucursal Beni","No disponible",Salida,"Sin evento",
"22/10/2024 12:51",8,,,,Beni,"Sucursal Beni","No disponible",Salida,"Sin evento",
"22/10/2024 13:34",8,,,,Beni,"Sucursal Beni","No disponible",Salida,"Sin evento",
"22/10/2024 18:37",10,,,,Beni,"Sucursal Beni","No disponible",Salida,"Sin evento",
"22/10/2024 18:39",8,,,,Beni,"Sucursal Beni","No disponible",Salida,"Sin evento",
"22/10/2024 18:41",8708642,,,,Beni,"Sucursal Beni","No disponible",Salida,"Sin evento",
"23/10/2024 07:33",8,,,,Beni,"Sucursal Beni","No disponible",Salida,"Sin evento",
"23/10/2024 08:07",10,,,,Beni,"Sucursal Beni","No disponible",Salida,"Sin evento",
"23/10/2024 13:06",8,,,,Beni,"Sucursal Beni","No disponible",Salida,"Sin evento",
"23/10/2024 14:16",8,,,,Beni,"Sucursal Beni","No disponible",Salida,"Sin evento",
"23/10/2024 18:47",8,,,,Beni,"Sucursal Beni","No disponible",Salida,"Sin evento",
"23/10/2024 19:15",10,,,,Beni,"Sucursal Beni","No disponible",Salida,"Sin evento",
"23/10/2024 19:15",8708642,,,,Beni,"Sucursal Beni","No disponible",Salida,"Sin evento",
"24/10/2024 07:29",10,,,,Beni,"Sucursal Beni","No disponible",Salida,"Sin evento",
"24/10/2024 07:30",8,,,,Beni,"Sucursal Beni","No disponible",Salida,"Sin evento",
"24/10/2024 07:43",8708642,,,,Beni,"Sucursal Beni","No disponible",Salida,"Sin evento",
"24/10/2024 12:55",8,,,,Beni,"Sucursal Beni","No disponible",Salida,"Sin evento",
"24/10/2024 13:45",8,,,,Beni,"Sucursal Beni","No disponible",Salida,"Sin evento",
"24/10/2024 18:35",8,,,,Beni,"Sucursal Beni","No disponible",Salida,"Sin evento",
"24/10/2024 18:43",10,,,,Beni,"Sucursal Beni","No disponible",Salida,"Sin evento",
"24/10/2024 18:45",8708642,,,,Beni,"Sucursal Beni","No disponible",Salida,"Sin evento",
"24/10/2024 18:45",10,,,,Beni,"Sucursal Beni","No disponible",Salida,"Sin evento",
"25/10/2024 06:55",8708642,,,,Beni,"Sucursal Beni","No disponible",Salida,"Sin evento",
"25/10/2024 07:35",8,,,,Beni,"Sucursal Beni","No disponible",Salida,"Sin evento",
"25/10/2024 13:10",8,,,,Beni,"Sucursal Beni","No disponible",Salida,"Sin evento",
"25/10/2024 13:42",8,,,,Beni,"Sucursal Beni","No disponible",Salida,"Sin evento",
"25/10/2024 18:52",8,,,,Beni,"Sucursal Beni","No disponible",Salida,"Sin evento",
"25/10/2024 18:54",8708642,,,,Beni,"Sucursal Beni","No disponible",Salida,"Sin evento",
"25/10/2024 18:54",10,,,,Beni,"Sucursal Beni","No disponible",Salida,"Sin evento",
"28/10/2024 07:30",8,,,,Beni,"Sucursal Beni","No disponible",Salida,"Sin evento",
"28/10/2024 07:32",10,,,,Beni,"Sucursal Beni","No disponible",Salida,"Sin evento",
"28/10/2024 12:56",8,,,,Beni,"Sucursal Beni","No disponible",Salida,"Sin evento",
"28/10/2024 13:27",8,,,,Beni,"Sucursal Beni","No disponible",Salida,"Sin evento",
"28/10/2024 18:40",10,,,,Beni,"Sucursal Beni","No disponible",Salida,"Sin evento",
"28/10/2024 18:41",8708642,,,,Beni,"Sucursal Beni","No disponible",Salida,"Sin evento",
"28/10/2024 19:18",8,,,,Beni,"Sucursal Beni","No disponible",Salida,"Sin evento",
"29/10/2024 07:57",8,,,,Beni,"Sucursal Beni","No disponible",Salida,"Sin evento",
"29/10/2024 08:11",8708642,,,,Beni,"Sucursal Beni","No disponible",Salida,"Sin evento",
"29/10/2024 08:26",10,,,,Beni,"Sucursal Beni","No disponible",Salida,"Sin evento",
"29/10/2024 12:48",8,,,,Beni,"Sucursal Beni","No disponible",Salida,"Sin evento",
"29/10/2024 13:34",8,,,,Beni,"Sucursal Beni","No disponible",Salida,"Sin evento",
"29/10/2024 18:38",8,,,,Beni,"Sucursal Beni","No disponible",Salida,"Sin evento",
"29/10/2024 18:54",8708642,,,,Beni,"Sucursal Beni","No disponible",Salida,"Sin evento",
"29/10/2024 18:59",10,,,,Beni,"Sucursal Beni","No disponible",Salida,"Sin evento",
"29/10/2024 19:00",10,,,,Beni,"Sucursal Beni","No disponible",Salida,"Sin evento",
"30/10/2024 07:26",8,,,,Beni,"Sucursal Beni","No disponible",Salida,"Sin evento",
"30/10/2024 08:28",8708642,,,,Beni,"Sucursal Beni","No disponible",Salida,"Sin evento",
"30/10/2024 08:28",10,,,,Beni,"Sucursal Beni","No disponible",Salida,"Sin evento",
"30/10/2024 12:34",8,,,,Beni,"Sucursal Beni","No disponible",Salida,"Sin evento",
"30/10/2024 13:57",8,,,,Beni,"Sucursal Beni","No disponible",Salida,"Sin evento",
"30/10/2024 18:31",8,,,,Beni,"Sucursal Beni","No disponible",Salida,"Sin evento",
"30/10/2024 18:33",10,,,,Beni,"Sucursal Beni","No disponible",Salida,"Sin evento",
"30/10/2024 18:33",8708642,,,,Beni,"Sucursal Beni","No disponible",Salida,"Sin evento",
"31/10/2024 07:39",10,,,,Beni,"Sucursal Beni","No disponible",Salida,"Sin evento",
"31/10/2024 07:40",8,,,,Beni,"Sucursal Beni","No disponible",Salida,"Sin evento",
"31/10/2024 08:26",8708642,,,,Beni,"Sucursal Beni","No disponible",Salida,"Sin evento",
"31/10/2024 12:53",8,,,,Beni,"Sucursal Beni","No disponible",Salida,"Sin evento",
"31/10/2024 14:36",8,,,,Beni,"Sucursal Beni","No disponible",Salida,"Sin evento",
"31/10/2024 18:47",10,,,,Beni,"Sucursal Beni","No disponible",Salida,"Sin evento",
"31/10/2024 18:54",8,,,,Beni,"Sucursal Beni","No disponible",Salida,"Sin evento",
"31/10/2024 18:57",8708642,,,,Beni,"Sucursal Beni","No disponible",Salida,"Sin evento",
"01/11/2024 07:51",8,,,,Beni,"Sucursal Beni","No disponible",Salida,"Sin evento",
"01/11/2024 07:53",10,,,,Beni,"Sucursal Beni","No disponible",Salida,"Sin evento",
"01/11/2024 08:30",8708642,,,,Beni,"Sucursal Beni","No disponible",Salida,"Sin evento",
"01/11/2024 12:33",8,,,,Beni,"Sucursal Beni","No disponible",Salida,"Sin evento",
"04/11/2024 08:29",8708642,,,,Beni,"Sucursal Beni","No disponible",Salida,"Sin evento",
"04/11/2024 08:29",10,,,,Beni,"Sucursal Beni","No disponible",Salida,"Sin evento",
"04/11/2024 08:32",8,,,,Beni,"Sucursal Beni","No disponible",Salida,"Sin evento",
"04/11/2024 12:47",8,,,,Beni,"Sucursal Beni","No disponible",Salida,"Sin evento",
"04/11/2024 14:15",8,,,,Beni,"Sucursal Beni","No disponible",Salida,"Sin evento",
"04/11/2024 18:52",8,,,,Beni,"Sucursal Beni","No disponible",Salida,"Sin evento",
"04/11/2024 19:12",8708642,,,,Beni,"Sucursal Beni","No disponible",Salida,"Sin evento",
"04/11/2024 19:19",10,,,,Beni,"Sucursal Beni","No disponible",Salida,"Sin evento",
"05/11/2024 07:32",8708642,,,,Beni,"Sucursal Beni","No disponible",Salida,"Sin evento",
"05/11/2024 08:13",10,,,,Beni,"Sucursal Beni","No disponible",Salida,"Sin evento",
"05/11/2024 08:34",8,,,,Beni,"Sucursal Beni","No disponible",Salida,"Sin evento",
"05/11/2024 12:50",8,,,,Beni,"Sucursal Beni","No disponible",Salida,"Sin evento",
"05/11/2024 14:05",8,,,,Beni,"Sucursal Beni","No disponible",Salida,"Sin evento",
"05/11/2024 18:49",10,,,,Beni,"Sucursal Beni","No disponible",Salida,"Sin evento",
"05/11/2024 18:51",8708642,,,,Beni,"Sucursal Beni","No disponible",Salida,"Sin evento",
"05/11/2024 18:53",8,,,,Beni,"Sucursal Beni","No disponible",Salida,"Sin evento",
"06/11/2024 07:59",8708642,,,,Beni,"Sucursal Beni","No disponible",Salida,"Sin evento",
"06/11/2024 08:16",8,,,,Beni,"Sucursal Beni","No disponible",Salida,"Sin evento",
"06/11/2024 12:36",8,,,,Beni,"Sucursal Beni","No disponible",Salida,"Sin evento",
"06/11/2024 14:17",8,,,,Beni,"Sucursal Beni","No disponible",Salida,"Sin evento",
"06/11/2024 18:44",8,,,,Beni,"Sucursal Beni","No disponible",Salida,"Sin evento",
"06/11/2024 18:47",8708642,,,,Beni,"Sucursal Beni","No disponible",Salida,"Sin evento",
"06/11/2024 19:20",10,,,,Beni,"Sucursal Beni","No disponible",Salida,"Sin evento",
"07/11/2024 06:50",10,,,,Beni,"Sucursal Beni","No disponible",Salida,"Sin evento",
"07/11/2024 07:12",8708642,,,,Beni,"Sucursal Beni","No disponible",Salida,"Sin evento",
"07/11/2024 07:38",8,,,,Beni,"Sucursal Beni","No disponible",Salida,"Sin evento",
"07/11/2024 12:46",8,,,,Beni,"Sucursal Beni","No disponible",Salida,"Sin evento",
"07/11/2024 13:41",8,,,,Beni,"Sucursal Beni","No disponible",Salida,"Sin evento",
"07/11/2024 18:50",8,,,,Beni,"Sucursal Beni","No disponible",Salida,"Sin evento",
"07/11/2024 18:55",10,,,,Beni,"Sucursal Beni","No disponible",Salida,"Sin evento",
"07/11/2024 18:56",10,,,,Beni,"Sucursal Beni","No disponible",Salida,"Sin evento",
"07/11/2024 18:56",8708642,,,,Beni,"Sucursal Beni","No disponible",Salida,"Sin evento",
"08/11/2024 06:55",10,,,,Beni,"Sucursal Beni","No disponible",Salida,"Sin evento",
"08/11/2024 08:24",8708642,,,,Beni,"Sucursal Beni","No disponible",Salida,"Sin evento",
"08/11/2024 18:53",10,,,,Beni,"Sucursal Beni","No disponible",Salida,"Sin evento",
"08/11/2024 19:00",8708642,,,,Beni,"Sucursal Beni","No disponible",Salida,"Sin evento",
"11/11/2024 07:06",10,,,,Beni,"Sucursal Beni","No disponible",Salida,"Sin evento",
"11/11/2024 08:13",8708642,,,,Beni,"Sucursal Beni","No disponible",Salida,"Sin evento",
"11/11/2024 08:16",8708642,,,,Beni,"Sucursal Beni","No disponible",Salida,"Sin evento",
"11/11/2024 08:30",8,,,,Beni,"Sucursal Beni","No disponible",Salida,"Sin evento",
"11/11/2024 13:51",8,,,,Beni,"Sucursal Beni","No disponible",Salida,"Sin evento",
"11/11/2024 18:40",10,,,,Beni,"Sucursal Beni","No disponible",Salida,"Sin evento",
"11/11/2024 18:50",8708642,,,,Beni,"Sucursal Beni","No disponible",Salida,"Sin evento",
"12/11/2024 07:26",8708642,,,,Beni,"Sucursal Beni","No disponible",Salida,"Sin evento",
"12/11/2024 07:43",8,,,,Beni,"Sucursal Beni","No disponible",Salida,"Sin evento",
"12/11/2024 12:39",8,,,,Beni,"Sucursal Beni","No disponible",Salida,"Sin evento",
"12/11/2024 14:14",8,,,,Beni,"Sucursal Beni","No disponible",Salida,"Sin evento",
"12/11/2024 18:34",8,,,,Beni,"Sucursal Beni","No disponible",Salida,"Sin evento",
"12/11/2024 18:35",8708642,,,,Beni,"Sucursal Beni","No disponible",Salida,"Sin evento",
"12/11/2024 19:22",10,,,,Beni,"Sucursal Beni","No disponible",Salida,"Sin evento",
"13/11/2024 06:47",10,,,,Beni,"Sucursal Beni","No disponible",Salida,"Sin evento",
"13/11/2024 08:15",8708642,,,,Beni,"Sucursal Beni","No disponible",Salida,"Sin evento",
"13/11/2024 08:35",8,,,,Beni,"Sucursal Beni","No disponible",Salida,"Sin evento",
"13/11/2024 12:38",8,,,,Beni,"Sucursal Beni","No disponible",Salida,"Sin evento",
"13/11/2024 14:10",8,,,,Beni,"Sucursal Beni","No disponible",Salida,"Sin evento",
"13/11/2024 18:53",8,,,,Beni,"Sucursal Beni","No disponible",Salida,"Sin evento",
"13/11/2024 19:08",10,,,,Beni,"Sucursal Beni","No disponible",Salida,"Sin evento",
"13/11/2024 19:11",8708642,,,,Beni,"Sucursal Beni","No disponible",Salida,"Sin evento",
"13/11/2024 19:15",10,,,,Beni,"Sucursal Beni","No disponible",Salida,"Sin evento",
"14/11/2024 07:29",8,,,,Beni,"Sucursal Beni","No disponible",Salida,"Sin evento",
"14/11/2024 07:29",10,,,,Beni,"Sucursal Beni","No disponible",Salida,"Sin evento",
"14/11/2024 07:51",8,,,,Beni,"Sucursal Beni","No disponible",Salida,"Sin evento",
"14/11/2024 08:23",8708642,,,,Beni,"Sucursal Beni","No disponible",Salida,"Sin evento",
"14/11/2024 12:40",8,,,,Beni,"Sucursal Beni","No disponible",Salida,"Sin evento",
"14/11/2024 14:08",8,,,,Beni,"Sucursal Beni","No disponible",Salida,"Sin evento",
"14/11/2024 18:41",8,,,,Beni,"Sucursal Beni","No disponible",Salida,"Sin evento",
"14/11/2024 18:42",8708642,,,,Beni,"Sucursal Beni","No disponible",Salida,"Sin evento",
"14/11/2024 19:02",10,,,,Beni,"Sucursal Beni","No disponible",Salida,"Sin evento",
"15/11/2024 07:03",8708642,,,,Beni,"Sucursal Beni","No disponible",Salida,"Sin evento",
"15/11/2024 07:03",10,,,,Beni,"Sucursal Beni","No disponible",Salida,"Sin evento",
"15/11/2024 08:16",8,,,,Beni,"Sucursal Beni","No disponible",Salida,"Sin evento",
"15/11/2024 12:41",8,,,,Beni,"Sucursal Beni","No disponible",Salida,"Sin evento",
"15/11/2024 13:39",8,,,,Beni,"Sucursal Beni","No disponible",Salida,"Sin evento",
"15/11/2024 18:58",8708642,,,,Beni,"Sucursal Beni","No disponible",Salida,"Sin evento",
"15/11/2024 19:00",10,,,,Beni,"Sucursal Beni","No disponible",Salida,"Sin evento",
"15/11/2024 19:01",8,,,,Beni,"Sucursal Beni","No disponible",Salida,"Sin evento",
"19/11/2024 07:39",8,,,,Beni,"Sucursal Beni","No disponible",Salida,"Sin evento",
"19/11/2024 07:39",10,,,,Beni,"Sucursal Beni","No disponible",Salida,"Sin evento",
"19/11/2024 07:41",8708642,,,,Beni,"Sucursal Beni","No disponible",Salida,"Sin evento",
"19/11/2024 12:37",8,,,,Beni,"Sucursal Beni","No disponible",Salida,"Sin evento",
"19/11/2024 13:33",8,,,,Beni,"Sucursal Beni","No disponible",Salida,"Sin evento",
"19/11/2024 18:36",8,,,,Beni,"Sucursal Beni","No disponible",Salida,"Sin evento",
"19/11/2024 19:00",10,,,,Beni,"Sucursal Beni","No disponible",Salida,"Sin evento",
"19/11/2024 19:04",8708642,,,,Beni,"Sucursal Beni","No disponible",Salida,"Sin evento",
"20/11/2024 06:44",8708642,,,,Beni,"Sucursal Beni","No disponible",Salida,"Sin evento",
"20/11/2024 06:47",8708642,,,,Beni,"Sucursal Beni","No disponible",Salida,"Sin evento",
"20/11/2024 06:55",10,,,,Beni,"Sucursal Beni","No disponible",Salida,"Sin evento",
"20/11/2024 12:31",8,,,,Beni,"Sucursal Beni","No disponible",Salida,"Sin evento",
"20/11/2024 18:43",8,,,,Beni,"Sucursal Beni","No disponible",Salida,"Sin evento",
"20/11/2024 18:48",8708642,,,,Beni,"Sucursal Beni","No disponible",Salida,"Sin evento",
"20/11/2024 19:26",10,,,,Beni,"Sucursal Beni","No disponible",Salida,"Sin evento",
"21/11/2024 07:34",8,,,,Beni,"Sucursal Beni","No disponible",Salida,"Sin evento",
"21/11/2024 08:07",10,,,,Beni,"Sucursal Beni","No disponible",Salida,"Sin evento",
"21/11/2024 08:11",8708642,,,,Beni,"Sucursal Beni","No disponible",Salida,"Sin evento",
"21/11/2024 12:39",8,,,,Beni,"Sucursal Beni","No disponible",Salida,"Sin evento",
"21/11/2024 14:34",8,,,,Beni,"Sucursal Beni","No disponible",Salida,"Sin evento",
"21/11/2024 19:08",8708642,,,,Beni,"Sucursal Beni","No disponible",Salida,"Sin evento",
"21/11/2024 19:31",8,,,,Beni,"Sucursal Beni","No disponible",Salida,"Sin evento",
"21/11/2024 19:32",10,,,,Beni,"Sucursal Beni","No disponible",Salida,"Sin evento",
"22/11/2024 08:24",8708642,,,,Beni,"Sucursal Beni","No disponible",Salida,"Sin evento",
"22/11/2024 08:25",10,,,,Beni,"Sucursal Beni","No disponible",Salida,"Sin evento",
"22/11/2024 08:29",8,,,,Beni,"Sucursal Beni","No disponible",Salida,"Sin evento",
"22/11/2024 12:35",8,,,,Beni,"Sucursal Beni","No disponible",Salida,"Sin evento",
"22/11/2024 13:48",8,,,,Beni,"Sucursal Beni","No disponible",Salida,"Sin evento",
"22/11/2024 18:37",8,,,,Beni,"Sucursal Beni","No disponible",Salida,"Sin evento",
"22/11/2024 19:01",8708642,,,,Beni,"Sucursal Beni","No disponible",Salida,"Sin evento",
"22/11/2024 19:03",10,,,,Beni,"Sucursal Beni","No disponible",Salida,"Sin evento",
"25/11/2024 08:27",8,,,,Beni,"Sucursal Beni","No disponible",Salida,"Sin evento",
"25/11/2024 08:27",8708642,,,,Beni,"Sucursal Beni","No disponible",Salida,"Sin evento",
"25/11/2024 12:33",8,,,,Beni,"Sucursal Beni","No disponible",Salida,"Sin evento",
"25/11/2024 14:08",8,,,,Beni,"Sucursal Beni","No disponible",Salida,"Sin evento",
"25/11/2024 18:52",8708642,,,,Beni,"Sucursal Beni","No disponible",Salida,"Sin evento",
"25/11/2024 18:52",10,,,,Beni,"Sucursal Beni","No disponible",Salida,"Sin evento",
"25/11/2024 19:28",8,,,,Beni,"Sucursal Beni","No disponible",Salida,"Sin evento",
"26/11/2024 08:06",10,,,,Beni,"Sucursal Beni","No disponible",Salida,"Sin evento",
"26/11/2024 08:21",8708642,,,,Beni,"Sucursal Beni","No disponible",Salida,"Sin evento",
"26/11/2024 08:29",8,,,,Beni,"Sucursal Beni","No disponible",Salida,"Sin evento",
"26/11/2024 08:54",7,,,,Beni,"Sucursal Beni","No disponible","Retorno de descanso","Sin evento",
"26/11/2024 13:07",8,,,,Beni,"Sucursal Beni","No disponible",Salida,"Sin evento",
"26/11/2024 13:47",8,,,,Beni,"Sucursal Beni","No disponible",Salida,"Sin evento",
"26/11/2024 14:07",8,,,,Beni,"Sucursal Beni","No disponible",Salida,"Sin evento",
"26/11/2024 18:57",8708642,,,,Beni,"Sucursal Beni","No disponible",Salida,"Sin evento",
"26/11/2024 19:29",8,,,,Beni,"Sucursal Beni","No disponible",Salida,"Sin evento",
"26/11/2024 19:31",10,,,,Beni,"Sucursal Beni","No disponible",Salida,"Sin evento",
"27/11/2024 08:03",8,,,,Beni,"Sucursal Beni","No disponible",Salida,"Sin evento",
"27/11/2024 08:14",10,,,,Beni,"Sucursal Beni","No disponible",Salida,"Sin evento",
"27/11/2024 08:24",8708642,,,,Beni,"Sucursal Beni","No disponible",Salida,"Sin evento",
"27/11/2024 12:30",8,,,,Beni,"Sucursal Beni","No disponible",Salida,"Sin evento",
"27/11/2024 13:24",8,,,,Beni,"Sucursal Beni","No disponible",Salida,"Sin evento",
"27/11/2024 18:53",8708642,,,,Beni,"Sucursal Beni","No disponible",Salida,"Sin evento",
"27/11/2024 18:56",8,,,,Beni,"Sucursal Beni","No disponible",Salida,"Sin evento",
"27/11/2024 19:38",10,,,,Beni,"Sucursal Beni","No disponible",Salida,"Sin evento",
"28/11/2024 07:36",8,,,,Beni,"Sucursal Beni","No disponible",Salida,"Sin evento",
"28/11/2024 08:12",10,,,,Beni,"Sucursal Beni","No disponible",Salida,"Sin evento",
"28/11/2024 08:24",8708642,,,,Beni,"Sucursal Beni","No disponible",Salida,"Sin evento",
"28/11/2024 12:31",8,,,,Beni,"Sucursal Beni","No disponible",Salida,"Sin evento",
"28/11/2024 13:23",8,,,,Beni,"Sucursal Beni","No disponible",Salida,"Sin evento",
"28/11/2024 19:33",10,,,,Beni,"Sucursal Beni","No disponible",Salida,"Sin evento",
"28/11/2024 19:37",8,,,,Beni,"Sucursal Beni","No disponible",Salida,"Sin evento",
"28/11/2024 20:25",8708642,,,,Beni,"Sucursal Beni","No disponible",Salida,"Sin evento",
"29/11/2024 07:23",10,,,,Beni,"Sucursal Beni","No disponible",Salida,"Sin evento",
"29/11/2024 07:24",8708642,,,,Beni,"Sucursal Beni","No disponible",Salida,"Sin evento",
"29/11/2024 08:25",8,,,,Beni,"Sucursal Beni","No disponible",Salida,"Sin evento",
"29/11/2024 12:43",8,,,,Beni,"Sucursal Beni","No disponible",Salida,"Sin evento",
"29/11/2024 13:28",8,,,,Beni,"Sucursal Beni","No disponible",Salida,"Sin evento",
"29/11/2024 18:44",8,,,,Beni,"Sucursal Beni","No disponible",Salida,"Sin evento",
"29/11/2024 18:46",10,,,,Beni,"Sucursal Beni","No disponible",Salida,"Sin evento",
"29/11/2024 19:28",8708642,,,,Beni,"Sucursal Beni","No disponible",Salida,"Sin evento",
"02/12/2024 08:01",8,,,,Beni,"Sucursal Beni","No disponible",Salida,"Sin evento",
"02/12/2024 08:02",10,,,,Beni,"Sucursal Beni","No disponible",Salida,"Sin evento",
"02/12/2024 08:12",8708642,,,,Beni,"Sucursal Beni","No disponible",Salida,"Sin evento",
"02/12/2024 12:42",8,,,,Beni,"Sucursal Beni","No disponible",Salida,"Sin evento",
"02/12/2024 18:52",8,,,,Beni,"Sucursal Beni","No disponible",Salida,"Sin evento",
"02/12/2024 19:12",10,,,,Beni,"Sucursal Beni","No disponible",Salida,"Sin evento",
"02/12/2024 19:25",8708642,,,,Beni,"Sucursal Beni","No disponible",Salida,"Sin evento",
"03/12/2024 07:30",8,,,,Beni,"Sucursal Beni","No disponible",Salida,"Sin evento",
"03/12/2024 07:30",10,,,,Beni,"Sucursal Beni","No disponible",Salida,"Sin evento",
"03/12/2024 12:34",8,,,,Beni,"Sucursal Beni","No disponible",Salida,"Sin evento",
"03/12/2024 13:26",8,,,,Beni,"Sucursal Beni","No disponible",Salida,"Sin evento",
"03/12/2024 13:40",8,,,,Beni,"Sucursal Beni","No disponible",Salida,"Sin evento",
"03/12/2024 19:21",8708642,,,,Beni,"Sucursal Beni","No disponible",Salida,"Sin evento",
"03/12/2024 19:22",10,,,,Beni,"Sucursal Beni","No disponible",Salida,"Sin evento",
"03/12/2024 19:53",8,,,,Beni,"Sucursal Beni","No disponible",Salida,"Sin evento",
"04/12/2024 07:53",8708642,,,,Beni,"Sucursal Beni","No disponible",Salida,"Sin evento",
"04/12/2024 07:54",10,,,,Beni,"Sucursal Beni","No disponible",Salida,"Sin evento",
"04/12/2024 08:21",8,,,,Beni,"Sucursal Beni","No disponible",Salida,"Sin evento",
"04/12/2024 12:43",8,,,,Beni,"Sucursal Beni","No disponible",Salida,"Sin evento",
"04/12/2024 14:28",8,,,,Beni,"Sucursal Beni","No disponible",Salida,"Sin evento",
"04/12/2024 18:36",10,,,,Beni,"Sucursal Beni","No disponible",Salida,"Sin evento",
"04/12/2024 18:59",8,,,,Beni,"Sucursal Beni","No disponible",Salida,"Sin evento",
"04/12/2024 19:16",8708642,,,,Beni,"Sucursal Beni","No disponible",Salida,"Sin evento",
"05/12/2024 08:31",10,,,,Beni,"Sucursal Beni","No disponible",Salida,"Sin evento",
"05/12/2024 08:31",8708642,,,,Beni,"Sucursal Beni","No disponible",Salida,"Sin evento",
"05/12/2024 08:32",8,,,,Beni,"Sucursal Beni","No disponible",Salida,"Sin evento",
"05/12/2024 12:36",8,,,,Beni,"Sucursal Beni","No disponible",Salida,"Sin evento",
"05/12/2024 14:02",8,,,,Beni,"Sucursal Beni","No disponible",Salida,"Sin evento",
"05/12/2024 19:13",10,,,,Beni,"Sucursal Beni","No disponible",Salida,"Sin evento",
"05/12/2024 19:23",8708642,,,,Beni,"Sucursal Beni","No disponible",Salida,"Sin evento",
"06/12/2024 07:43",8708642,,,,Beni,"Sucursal Beni","No disponible",Salida,"Sin evento",
"06/12/2024 07:48",10,,,,Beni,"Sucursal Beni","No disponible",Salida,"Sin evento",
"06/12/2024 08:04",8,,,,Beni,"Sucursal Beni","No disponible",Salida,"Sin evento",
"06/12/2024 08:31",8,,,,Beni,"Sucursal Beni","No disponible",Salida,"Sin evento",
"06/12/2024 13:06",8,,,,Beni,"Sucursal Beni","No disponible",Salida,"Sin evento",
"06/12/2024 14:31",8,,,,Beni,"Sucursal Beni","No disponible",Salida,"Sin evento",
"06/12/2024 19:11",10,,,,Beni,"Sucursal Beni","No disponible",Salida,"Sin evento",
"06/12/2024 19:12",8,,,,Beni,"Sucursal Beni","No disponible",Salida,"Sin evento",
"06/12/2024 19:36",8708642,,,,Beni,"Sucursal Beni","No disponible",Salida,"Sin evento",
"09/12/2024 07:36",8708642,,,,Beni,"Sucursal Beni","No disponible",Salida,"Sin evento",
"09/12/2024 07:37",10,,,,Beni,"Sucursal Beni","No disponible",Salida,"Sin evento",
"09/12/2024 07:44",8,,,,Beni,"Sucursal Beni","No disponible",Salida,"Sin evento",
"09/12/2024 12:39",8,,,,Beni,"Sucursal Beni","No disponible",Salida,"Sin evento",
"09/12/2024 14:21",8,,,,Beni,"Sucursal Beni","No disponible",Salida,"Sin evento",
"09/12/2024 18:50",8,,,,Beni,"Sucursal Beni","No disponible",Salida,"Sin evento",
"09/12/2024 19:05",8708642,,,,Beni,"Sucursal Beni","No disponible",Salida,"Sin evento",
"09/12/2024 19:15",10,,,,Beni,"Sucursal Beni","No disponible",Salida,"Sin evento",
"10/12/2024 07:40",8,,,,Beni,"Sucursal Beni","No disponible",Salida,"Sin evento",
"10/12/2024 07:42",10,,,,Beni,"Sucursal Beni","No disponible",Salida,"Sin evento",
"10/12/2024 12:55",8,,,,Beni,"Sucursal Beni","No disponible",Salida,"Sin evento",
"10/12/2024 13:49",8,,,,Beni,"Sucursal Beni","No disponible",Salida,"Sin evento",
"10/12/2024 19:01",8708642,,,,Beni,"Sucursal Beni","No disponible",Salida,"Sin evento",
"10/12/2024 19:11",10,,,,Beni,"Sucursal Beni","No disponible",Salida,"Sin evento",
"10/12/2024 19:12",10,,,,Beni,"Sucursal Beni","No disponible",Salida,"Sin evento",
"11/12/2024 08:08",8708642,,,,Beni,"Sucursal Beni","No disponible",Salida,"Sin evento",
"11/12/2024 08:08",10,,,,Beni,"Sucursal Beni","No disponible",Salida,"Sin evento",
"11/12/2024 08:26",8,,,,Beni,"Sucursal Beni","No disponible",Salida,"Sin evento",
"11/12/2024 13:02",8,,,,Beni,"Sucursal Beni","No disponible",Salida,"Sin evento",
"11/12/2024 13:56",8,,,,Beni,"Sucursal Beni","No disponible",Salida,"Sin evento",
"11/12/2024 14:09",8,,,,Beni,"Sucursal Beni","No disponible",Salida,"Sin evento",
"11/12/2024 18:38",8708642,,,,Beni,"Sucursal Beni","No disponible",Salida,"Sin evento",
"11/12/2024 18:38",8,,,,Beni,"Sucursal Beni","No disponible",Salida,"Sin evento",
"11/12/2024 19:04",10,,,,Beni,"Sucursal Beni","No disponible",Salida,"Sin evento",
"12/12/2024 08:26",8708642,,,,Beni,"Sucursal Beni","No disponible",Salida,"Sin evento",
"12/12/2024 08:26",10,,,,Beni,"Sucursal Beni","No disponible",Salida,"Sin evento",
"12/12/2024 08:43",8,,,,Beni,"Sucursal Beni","No disponible",Salida,"Sin evento",
"12/12/2024 12:47",8,,,,Beni,"Sucursal Beni","No disponible",Salida,"Sin evento",
"12/12/2024 14:25",8,,,,Beni,"Sucursal Beni","No disponible",Salida,"Sin evento",
"12/12/2024 19:01",8,,,,Beni,"Sucursal Beni","No disponible",Salida,"Sin evento",
"12/12/2024 19:27",10,,,,Beni,"Sucursal Beni","No disponible",Salida,"Sin evento",
"12/12/2024 19:30",8708642,,,,Beni,"Sucursal Beni","No disponible",Salida,"Sin evento",
"12/12/2024 19:31",10,,,,Beni,"Sucursal Beni","No disponible",Salida,"Sin evento",
"13/12/2024 07:12",10,,,,Beni,"Sucursal Beni","No disponible",Salida,"Sin evento",
"13/12/2024 08:12",8,,,,Beni,"Sucursal Beni","No disponible",Salida,"Sin evento",
"13/12/2024 08:15",8,,,,Beni,"Sucursal Beni","No disponible",Salida,"Sin evento",
"13/12/2024 08:26",8708642,,,,Beni,"Sucursal Beni","No disponible",Salida,"Sin evento",
"13/12/2024 12:50",8,,,,Beni,"Sucursal Beni","No disponible",Salida,"Sin evento",
"13/12/2024 14:29",8,,,,Beni,"Sucursal Beni","No disponible",Salida,"Sin evento",
"13/12/2024 19:24",10,,,,Beni,"Sucursal Beni","No disponible",Salida,"Sin evento",
"13/12/2024 19:25",8708642,,,,Beni,"Sucursal Beni","No disponible",Salida,"Sin evento",
"16/12/2024 07:34",8708642,,,,Beni,"Sucursal Beni","No disponible",Salida,"Sin evento",
"16/12/2024 07:34",10,,,,Beni,"Sucursal Beni","No disponible",Salida,"Sin evento",
"16/12/2024 07:54",8,,,,Beni,"Sucursal Beni","No disponible",Salida,"Sin evento",
"16/12/2024 13:10",8,,,,Beni,"Sucursal Beni","No disponible",Salida,"Sin evento",
"16/12/2024 13:19",8,,,,Beni,"Sucursal Beni","No disponible",Salida,"Sin evento",
"16/12/2024 18:52",8708642,,,,Beni,"Sucursal Beni","No disponible",Salida,"Sin evento",
"16/12/2024 18:52",10,,,,Beni,"Sucursal Beni","No disponible",Salida,"Sin evento",
"16/12/2024 20:47",8,,,,Beni,"Sucursal Beni","No disponible",Salida,"Sin evento",
"17/12/2024 08:32",8,,,,Beni,"Sucursal Beni","No disponible",Salida,"Sin evento",
"17/12/2024 08:36",8708642,,,,Beni,"Sucursal Beni","No disponible",Salida,"Sin evento",
"17/12/2024 08:36",10,,,,Beni,"Sucursal Beni","No disponible",Salida,"Sin evento",
"17/12/2024 13:03",8,,,,Beni,"Sucursal Beni","No disponible",Salida,"Sin evento",
"17/12/2024 14:09",8,,,,Beni,"Sucursal Beni","No disponible",Salida,"Sin evento",
"17/12/2024 19:00",10,,,,Beni,"Sucursal Beni","No disponible",Salida,"Sin evento",
"17/12/2024 19:18",8708642,,,,Beni,"Sucursal Beni","No disponible",Salida,"Sin evento",
"18/12/2024 08:21",10,,,,Beni,"Sucursal Beni","No disponible",Salida,"Sin evento",
"18/12/2024 08:21",8708642,,,,Beni,"Sucursal Beni","No disponible",Salida,"Sin evento",
"18/12/2024 08:32",8,,,,Beni,"Sucursal Beni","No disponible",Salida,"Sin evento",
"18/12/2024 14:29",8,,,,Beni,"Sucursal Beni","No disponible",Salida,"Sin evento",
"18/12/2024 18:48",10,,,,Beni,"Sucursal Beni","No disponible",Salida,"Sin evento",
"18/12/2024 18:54",8708642,,,,Beni,"Sucursal Beni","No disponible",Salida,"Sin evento",
"18/12/2024 18:54",8,,,,Beni,"Sucursal Beni","No disponible",Salida,"Sin evento",
"19/12/2024 07:40",10,,,,Beni,"Sucursal Beni","No disponible",Salida,"Sin evento",
"19/12/2024 07:46",8,,,,Beni,"Sucursal Beni","No disponible",Salida,"Sin evento",
"19/12/2024 12:53",8,,,,Beni,"Sucursal Beni","No disponible",Salida,"Sin evento",
"19/12/2024 14:12",8,,,,Beni,"Sucursal Beni","No disponible",Salida,"Sin evento",
"19/12/2024 18:43",8,,,,Beni,"Sucursal Beni","No disponible",Salida,"Sin evento",
"19/12/2024 18:45",10,,,,Beni,"Sucursal Beni","No disponible",Salida,"Sin evento",
"19/12/2024 18:47",8708642,,,,Beni,"Sucursal Beni","No disponible",Salida,"Sin evento",
"20/12/2024 08:12",8708642,,,,Beni,"Sucursal Beni","No disponible",Salida,"Sin evento",
"20/12/2024 08:12",10,,,,Beni,"Sucursal Beni","No disponible",Salida,"Sin evento",
"20/12/2024 08:35",8,,,,Beni,"Sucursal Beni","No disponible",Salida,"Sin evento",
"20/12/2024 12:31",8,,,,Beni,"Sucursal Beni","No disponible",Salida,"Sin evento",
"20/12/2024 12:32",8,,,,Beni,"Sucursal Beni","No disponible",Salida,"Sin evento",
"20/12/2024 14:09",8,,,,Beni,"Sucursal Beni","No disponible",Salida,"Sin evento",
"20/12/2024 18:40",8,,,,Beni,"Sucursal Beni","No disponible",Salida,"Sin evento",
"20/12/2024 18:52",8708642,,,,Beni,"Sucursal Beni","No disponible",Salida,"Sin evento",
"20/12/2024 18:55",10,,,,Beni,"Sucursal Beni","No disponible",Salida,"Sin evento",
"20/12/2024 18:55",8708642,,,,Beni,"Sucursal Beni","No disponible",Salida,"Sin evento",
"23/12/2024 08:03",8,,,,Beni,"Sucursal Beni","No disponible",Salida,"Sin evento",
"23/12/2024 08:35",8708642,,,,Beni,"Sucursal Beni","No disponible",Salida,"Sin evento",
"23/12/2024 08:39",10,,,,Beni,"Sucursal Beni","No disponible",Salida,"Sin evento",
"23/12/2024 12:44",8,,,,Beni,"Sucursal Beni","No disponible",Salida,"Sin evento",
"23/12/2024 14:20",8,,,,Beni,"Sucursal Beni","No disponible",Salida,"Sin evento",
"23/12/2024 18:43",8,,,,Beni,"Sucursal Beni","No disponible",Salida,"Sin evento",
"23/12/2024 19:04",10,,,,Beni,"Sucursal Beni","No disponible",Salida,"Sin evento",
"23/12/2024 19:06",8708642,,,,Beni,"Sucursal Beni","No disponible",Salida,"Sin evento",
"24/12/2024 08:16",8708642,,,,Beni,"Sucursal Beni","No disponible",Salida,"Sin evento",
"24/12/2024 08:16",10,,,,Beni,"Sucursal Beni","No disponible",Salida,"Sin evento",
"24/12/2024 08:24",8,,,,Beni,"Sucursal Beni","No disponible",Salida,"Sin evento",
"24/12/2024 13:05",8,,,,Beni,"Sucursal Beni","No disponible",Salida,"Sin evento",
"24/12/2024 13:18",8708642,,,,Beni,"Sucursal Beni","No disponible",Salida,"Sin evento",
"24/12/2024 13:22",10,,,,Beni,"Sucursal Beni","No disponible",Salida,"Sin evento",
"26/12/2024 08:05",8708642,,,,Beni,"Sucursal Beni","No disponible",Salida,"Sin evento",
"26/12/2024 08:05",10,,,,Beni,"Sucursal Beni","No disponible",Salida,"Sin evento",
"26/12/2024 08:16",8,,,,Beni,"Sucursal Beni","No disponible",Salida,"Sin evento",
"26/12/2024 12:41",8,,,,Beni,"Sucursal Beni","No disponible",Salida,"Sin evento",
"26/12/2024 13:24",8,,,,Beni,"Sucursal Beni","No disponible",Salida,"Sin evento",
"26/12/2024 18:53",8,,,,Beni,"Sucursal Beni","No disponible",Salida,"Sin evento",
"26/12/2024 19:05",10,,,,Beni,"Sucursal Beni","No disponible",Salida,"Sin evento",
"26/12/2024 19:12",8708642,,,,Beni,"Sucursal Beni","No disponible",Salida,"Sin evento",
"27/12/2024 08:24",8,,,,Beni,"Sucursal Beni","No disponible",Salida,"Sin evento",
"27/12/2024 08:24",10,,,,Beni,"Sucursal Beni","No disponible",Salida,"Sin evento",
"27/12/2024 08:25",8708642,,,,Beni,"Sucursal Beni","No disponible",Salida,"Sin evento",
"27/12/2024 12:33",8,,,,Beni,"Sucursal Beni","No disponible",Salida,"Sin evento",
"27/12/2024 13:37",8,,,,Beni,"Sucursal Beni","No disponible",Salida,"Sin evento",
"27/12/2024 18:37",8,,,,Beni,"Sucursal Beni","No disponible",Salida,"Sin evento",
"27/12/2024 18:43",8708642,,,,Beni,"Sucursal Beni","No disponible",Salida,"Sin evento",
"30/12/2024 08:05",10,,,,Beni,"Sucursal Beni","No disponible",Salida,"Sin evento",
"30/12/2024 08:29",8,,,,Beni,"Sucursal Beni","No disponible",Salida,"Sin evento",
"30/12/2024 12:47",8,,,,Beni,"Sucursal Beni","No disponible",Salida,"Sin evento",
"30/12/2024 13:41",8,,,,Beni,"Sucursal Beni","No disponible",Salida,"Sin evento",
"30/12/2024 18:43",10,,,,Beni,"Sucursal Beni","No disponible",Salida,"Sin evento",
"30/12/2024 18:45",8,,,,Beni,"Sucursal Beni","No disponible",Salida,"Sin evento",
"31/12/2024 08:09",10,,,,Beni,"Sucursal Beni","No disponible",Salida,"Sin evento",
"31/12/2024 08:15",8708642,,,,Beni,"Sucursal Beni","No disponible",Salida,"Sin evento",
"31/12/2024 08:27",8,,,,Beni,"Sucursal Beni","No disponible",Salida,"Sin evento",
"31/12/2024 13:21",8,,,,Beni,"Sucursal Beni","No disponible",Salida,"Sin evento",
"31/12/2024 13:42",10,,,,Beni,"Sucursal Beni","No disponible",Salida,"Sin evento",
"31/12/2024 13:42",8708642,,,,Beni,"Sucursal Beni","No disponible",Salida,"Sin evento",
"02/01/2025 07:37",8708642,,,,Beni,"Sucursal Beni","No disponible",Salida,"Sin evento",
"02/01/2025 07:46",10,,,,Beni,"Sucursal Beni","No disponible",Salida,"Sin evento",
"02/01/2025 08:25",8,,,,Beni,"Sucursal Beni","No disponible",Salida,"Sin evento",
"02/01/2025 12:53",8,,,,Beni,"Sucursal Beni","No disponible",Salida,"Sin evento",
"02/01/2025 13:56",8,,,,Beni,"Sucursal Beni","No disponible",Salida,"Sin evento",
"02/01/2025 18:35",8708642,,,,Beni,"Sucursal Beni","No disponible",Salida,"Sin evento",
"02/01/2025 18:35",10,,,,Beni,"Sucursal Beni","No disponible",Salida,"Sin evento",
"02/01/2025 18:36",8,,,,Beni,"Sucursal Beni","No disponible",Salida,"Sin evento",
"03/01/2025 08:26",10,,,,Beni,"Sucursal Beni","No disponible",Salida,"Sin evento",
"03/01/2025 08:26",8,,,,Beni,"Sucursal Beni","No disponible",Salida,"Sin evento",
"03/01/2025 08:30",8708642,,,,Beni,"Sucursal Beni","No disponible",Salida,"Sin evento",
"03/01/2025 12:52",8,,,,Beni,"Sucursal Beni","No disponible",Salida,"Sin evento",
"03/01/2025 18:46",8,,,,Beni,"Sucursal Beni","No disponible",Salida,"Sin evento",
"03/01/2025 18:46",8708642,,,,Beni,"Sucursal Beni","No disponible",Salida,"Sin evento",
"06/01/2025 08:15",8,,,,Beni,"Sucursal Beni","No disponible",Salida,"Sin evento",
"06/01/2025 08:31",8708642,,,,Beni,"Sucursal Beni","No disponible",Salida,"Sin evento",
"06/01/2025 12:35",8,,,,Beni,"Sucursal Beni","No disponible",Salida,"Sin evento",
"06/01/2025 13:53",8,,,,Beni,"Sucursal Beni","No disponible",Salida,"Sin evento",
"06/01/2025 14:10",8,,,,Beni,"Sucursal Beni","No disponible",Salida,"Sin evento",
"06/01/2025 18:38",8708642,,,,Beni,"Sucursal Beni","No disponible",Salida,"Sin evento",
"06/01/2025 18:39",8,,,,Beni,"Sucursal Beni","No disponible",Salida,"Sin evento",
"07/01/2025 08:23",8,,,,Beni,"Sucursal Beni","No disponible",Salida,"Sin evento",
"07/01/2025 08:28",8708642,,,,Beni,"Sucursal Beni","No disponible",Salida,"Sin evento",
"07/01/2025 12:40",8,,,,Beni,"Sucursal Beni","No disponible",Salida,"Sin evento",
"07/01/2025 13:31",8,,,,Beni,"Sucursal Beni","No disponible",Salida,"Sin evento",
"07/01/2025 14:14",8,,,,Beni,"Sucursal Beni","No disponible",Salida,"Sin evento",
"07/01/2025 18:37",8708642,,,,Beni,"Sucursal Beni","No disponible",Salida,"Sin evento",
"07/01/2025 18:43",8,,,,Beni,"Sucursal Beni","No disponible",Salida,"Sin evento",
"08/01/2025 08:15",8,,,,Beni,"Sucursal Beni","No disponible",Salida,"Sin evento",
"08/01/2025 12:46",8,,,,Beni,"Sucursal Beni","No disponible",Salida,"Sin evento",
"08/01/2025 14:12",8,,,,Beni,"Sucursal Beni","No disponible",Salida,"Sin evento",
"08/01/2025 18:54",8,,,,Beni,"Sucursal Beni","No disponible",Salida,"Sin evento",
"08/01/2025 18:58",8708642,,,,Beni,"Sucursal Beni","No disponible",Salida,"Sin evento",
"09/01/2025 07:40",8708642,,,,Beni,"Sucursal Beni","No disponible",Salida,"Sin evento",
"09/01/2025 07:49",8,,,,Beni,"Sucursal Beni","No disponible",Salida,"Sin evento",
"09/01/2025 14:21",8,,,,Beni,"Sucursal Beni","No disponible",Salida,"Sin evento",
"09/01/2025 18:36",8,,,,Beni,"Sucursal Beni","No disponible",Salida,"Sin evento",
"09/01/2025 18:46",8708642,,,,Beni,"Sucursal Beni","No disponible",Salida,"Sin evento",
"10/01/2025 08:18",8708642,,,,Beni,"Sucursal Beni","No disponible",Salida,"Sin evento",
"10/01/2025 08:32",8,,,,Beni,"Sucursal Beni","No disponible",Salida,"Sin evento",
"10/01/2025 08:32",7,,,,Beni,"Sucursal Beni","No disponible","Retorno de descanso","Sin evento",
"10/01/2025 12:52",8,,,,Beni,"Sucursal Beni","No disponible",Salida,"Sin evento",
"10/01/2025 13:31",8,,,,Beni,"Sucursal Beni","No disponible",Salida,"Sin evento",
"10/01/2025 19:09",8708642,,,,Beni,"Sucursal Beni","No disponible",Salida,"Sin evento",
"10/01/2025 19:11",8,,,,Beni,"Sucursal Beni","No disponible",Salida,"Sin evento",
"13/01/2025 08:29",11,,,,Beni,"Sucursal Beni","No disponible","Estado 15","Sin evento",
"13/01/2025 08:30",8,,,,Beni,"Sucursal Beni","No disponible",Salida,"Sin evento",
"13/01/2025 08:36",8708642,,,,Beni,"Sucursal Beni","No disponible",Salida,"Sin evento",
"13/01/2025 08:41",7,,,,Beni,"Sucursal Beni","No disponible","Retorno de descanso","Sin evento",
"13/01/2025 12:45",8,,,,Beni,"Sucursal Beni","No disponible",Salida,"Sin evento",
"13/01/2025 14:23",8,,,,Beni,"Sucursal Beni","No disponible",Salida,"Sin evento",
"13/01/2025 18:46",8,,,,Beni,"Sucursal Beni","No disponible",Salida,"Sin evento",
"13/01/2025 18:48",8708642,,,,Beni,"Sucursal Beni","No disponible",Salida,"Sin evento",
"13/01/2025 18:48",11,,,,Beni,"Sucursal Beni","No disponible",Salida,"Sin evento",
"14/01/2025 08:33",8708642,,,,Beni,"Sucursal Beni","No disponible",Salida,"Sin evento",
"14/01/2025 08:33",11,,,,Beni,"Sucursal Beni","No disponible",Salida,"Sin evento",
"14/01/2025 08:33",8,,,,Beni,"Sucursal Beni","No disponible",Salida,"Sin evento",
"14/01/2025 12:58",8,,,,Beni,"Sucursal Beni","No disponible",Salida,"Sin evento",
"14/01/2025 14:28",8,,,,Beni,"Sucursal Beni","No disponible",Salida,"Sin evento",
"14/01/2025 18:28",8708642,,,,Beni,"Sucursal Beni","No disponible",Salida,"Sin evento",
"14/01/2025 18:35",8,,,,Beni,"Sucursal Beni","No disponible",Salida,"Sin evento",
"14/01/2025 18:35",11,,,,Beni,"Sucursal Beni","No disponible",Salida,"Sin evento",
"15/01/2025 08:14",8,,,,Beni,"Sucursal Beni","No disponible",Salida,"Sin evento",
"15/01/2025 08:15",8708642,,,,Beni,"Sucursal Beni","No disponible",Salida,"Sin evento",
"15/01/2025 08:15",11,,,,Beni,"Sucursal Beni","No disponible",Salida,"Sin evento",
"15/01/2025 12:45",8,,,,Beni,"Sucursal Beni","No disponible",Salida,"Sin evento",
"15/01/2025 14:27",8,,,,Beni,"Sucursal Beni","No disponible",Salida,"Sin evento",
"15/01/2025 19:21",8708642,,,,Beni,"Sucursal Beni","No disponible",Salida,"Sin evento",
"15/01/2025 19:22",8,,,,Beni,"Sucursal Beni","No disponible",Salida,"Sin evento",
"15/01/2025 19:26",11,,,,Beni,"Sucursal Beni","No disponible",Salida,"Sin evento",
"16/01/2025 08:30",8,,,,Beni,"Sucursal Beni","No disponible",Salida,"Sin evento",
"16/01/2025 08:30",8708642,,,,Beni,"Sucursal Beni","No disponible",Salida,"Sin evento",
"16/01/2025 08:30",11,,,,Beni,"Sucursal Beni","No disponible",Salida,"Sin evento",
"16/01/2025 12:56",8,,,,Beni,"Sucursal Beni","No disponible",Salida,"Sin evento",
"16/01/2025 13:59",8,,,,Beni,"Sucursal Beni","No disponible",Salida,"Sin evento",
"16/01/2025 18:31",8,,,,Beni,"Sucursal Beni","No disponible",Salida,"Sin evento",
"16/01/2025 18:58",11,,,,Beni,"Sucursal Beni","No disponible",Salida,"Sin evento",
"16/01/2025 19:02",8708642,,,,Beni,"Sucursal Beni","No disponible",Salida,"Sin evento",
"17/01/2025 07:35",11,,,,Beni,"Sucursal Beni","No disponible",Salida,"Sin evento",
"17/01/2025 07:36",8708642,,,,Beni,"Sucursal Beni","No disponible",Salida,"Sin evento",
"17/01/2025 07:39",8,,,,Beni,"Sucursal Beni","No disponible",Salida,"Sin evento",
"17/01/2025 12:33",8,,,,Beni,"Sucursal Beni","No disponible",Salida,"Sin evento",
"17/01/2025 14:00",8,,,,Beni,"Sucursal Beni","No disponible",Salida,"Sin evento",
"17/01/2025 18:32",8,,,,Beni,"Sucursal Beni","No disponible",Salida,"Sin evento",
"17/01/2025 18:37",11,,,,Beni,"Sucursal Beni","No disponible",Salida,"Sin evento",
"17/01/2025 18:59",8708642,,,,Beni,"Sucursal Beni","No disponible",Salida,"Sin evento",
"20/01/2025 07:48",11,,,,Beni,"Sucursal Beni","No disponible",Salida,"Sin evento",
"20/01/2025 08:12",8,,,,Beni,"Sucursal Beni","No disponible",Salida,"Sin evento",
"20/01/2025 08:19",8708642,,,,Beni,"Sucursal Beni","No disponible",Salida,"Sin evento",
"20/01/2025 12:52",8,,,,Beni,"Sucursal Beni","No disponible",Salida,"Sin evento",
"20/01/2025 13:34",8,,,,Beni,"Sucursal Beni","No disponible",Salida,"Sin evento",
"20/01/2025 18:41",8,,,,Beni,"Sucursal Beni","No disponible",Salida,"Sin evento",
"20/01/2025 18:51",11,,,,Beni,"Sucursal Beni","No disponible",Salida,"Sin evento",
"20/01/2025 19:01",8708642,,,,Beni,"Sucursal Beni","No disponible",Salida,"Sin evento",
"21/01/2025 08:24",8708642,,,,Beni,"Sucursal Beni","No disponible",Salida,"Sin evento",
"21/01/2025 08:29",8,,,,Beni,"Sucursal Beni","No disponible",Salida,"Sin evento",
"21/01/2025 08:32",11,,,,Beni,"Sucursal Beni","No disponible",Salida,"Sin evento",
"21/01/2025 13:38",8,,,,Beni,"Sucursal Beni","No disponible",Salida,"Sin evento",
"21/01/2025 14:21",8,,,,Beni,"Sucursal Beni","No disponible",Salida,"Sin evento",
"21/01/2025 18:37",8708642,,,,Beni,"Sucursal Beni","No disponible",Salida,"Sin evento",
"21/01/2025 18:39",8,,,,Beni,"Sucursal Beni","No disponible",Salida,"Sin evento",
"21/01/2025 18:42",11,,,,Beni,"Sucursal Beni","No disponible",Salida,"Sin evento",
"23/01/2025 07:31",8708642,,,,Beni,"Sucursal Beni","No disponible",Salida,"Sin evento",
"23/01/2025 07:33",11,,,,Beni,"Sucursal Beni","No disponible",Salida,"Sin evento",
"23/01/2025 07:56",8,,,,Beni,"Sucursal Beni","No disponible",Salida,"Sin evento",
"23/01/2025 08:01",11,,,,Beni,"Sucursal Beni","No disponible","Estado 15","Sin evento",
"23/01/2025 12:41",8,,,,Beni,"Sucursal Beni","No disponible",Salida,"Sin evento",
"23/01/2025 13:56",8,,,,Beni,"Sucursal Beni","No disponible",Salida,"Sin evento",
"23/01/2025 18:39",8,,,,Beni,"Sucursal Beni","No disponible",Salida,"Sin evento",
"23/01/2025 19:02",11,,,,Beni,"Sucursal Beni","No disponible",Salida,"Sin evento",
"23/01/2025 19:05",8708642,,,,Beni,"Sucursal Beni","No disponible",Salida,"Sin evento",
"24/01/2025 07:58",8708642,,,,Beni,"Sucursal Beni","No disponible",Salida,"Sin evento",
"24/01/2025 08:23",11,,,,Beni,"Sucursal Beni","No disponible",Salida,"Sin evento",
"24/01/2025 08:28",8,,,,Beni,"Sucursal Beni","No disponible",Salida,"Sin evento",
"24/01/2025 12:42",8,,,,Beni,"Sucursal Beni","No disponible",Salida,"Sin evento",
"24/01/2025 14:12",8,,,,Beni,"Sucursal Beni","No disponible",Salida,"Sin evento",
"24/01/2025 18:52",8,,,,Beni,"Sucursal Beni","No disponible",Salida,"Sin evento",
"24/01/2025 18:53",11,,,,Beni,"Sucursal Beni","No disponible",Salida,"Sin evento",
"24/01/2025 18:58",8708642,,,,Beni,"Sucursal Beni","No disponible",Salida,"Sin evento",
"27/01/2025 08:30",11,,,,Beni,"Sucursal Beni","No disponible",Salida,"Sin evento",
"27/01/2025 08:31",8708642,,,,Beni,"Sucursal Beni","No disponible",Salida,"Sin evento",
"27/01/2025 08:33",8,,,,Beni,"Sucursal Beni","No disponible",Salida,"Sin evento",
"27/01/2025 14:12",8,,,,Beni,"Sucursal Beni","No disponible",Salida,"Sin evento",
"27/01/2025 18:35",8,,,,Beni,"Sucursal Beni","No disponible",Salida,"Sin evento",
"27/01/2025 18:46",11,,,,Beni,"Sucursal Beni","No disponible",Salida,"Sin evento",
"27/01/2025 18:51",8708642,,,,Beni,"Sucursal Beni","No disponible",Salida,"Sin evento",
"28/01/2025 08:17",8708642,,,,Beni,"Sucursal Beni","No disponible",Salida,"Sin evento",
"28/01/2025 08:17",11,,,,Beni,"Sucursal Beni","No disponible",Salida,"Sin evento",
"28/01/2025 08:17",8,,,,Beni,"Sucursal Beni","No disponible",Salida,"Sin evento",
"28/01/2025 12:51",8,,,,Beni,"Sucursal Beni","No disponible",Salida,"Sin evento",
"28/01/2025 13:29",8,,,,Beni,"Sucursal Beni","No disponible",Salida,"Sin evento",
"28/01/2025 19:00",8708642,,,,Beni,"Sucursal Beni","No disponible",Salida,"Sin evento",
"28/01/2025 19:03",8,,,,Beni,"Sucursal Beni","No disponible",Salida,"Sin evento",
"28/01/2025 19:06",11,,,,Beni,"Sucursal Beni","No disponible",Salida,"Sin evento",
"29/01/2025 08:27",8708642,,,,Beni,"Sucursal Beni","No disponible",Salida,"Sin evento",
"29/01/2025 08:28",11,,,,Beni,"Sucursal Beni","No disponible",Salida,"Sin evento",
"29/01/2025 08:28",8,,,,Beni,"Sucursal Beni","No disponible",Salida,"Sin evento",
"29/01/2025 12:45",8,,,,Beni,"Sucursal Beni","No disponible",Salida,"Sin evento",
"29/01/2025 14:06",8,,,,Beni,"Sucursal Beni","No disponible",Salida,"Sin evento",
"29/01/2025 18:51",8,,,,Beni,"Sucursal Beni","No disponible",Salida,"Sin evento",
"29/01/2025 18:55",11,,,,Beni,"Sucursal Beni","No disponible",Salida,"Sin evento",
"29/01/2025 19:00",8708642,,,,Beni,"Sucursal Beni","No disponible",Salida,"Sin evento",
"30/01/2025 08:12",11,,,,Beni,"Sucursal Beni","No disponible",Salida,"Sin evento",
"30/01/2025 08:23",8,,,,Beni,"Sucursal Beni","No disponible",Salida,"Sin evento",
"30/01/2025 12:51",8,,,,Beni,"Sucursal Beni","No disponible",Salida,"Sin evento",
"30/01/2025 13:45",8,,,,Beni,"Sucursal Beni","No disponible",Salida,"Sin evento",
"30/01/2025 18:42",8708642,,,,Beni,"Sucursal Beni","No disponible",Salida,"Sin evento",
"30/01/2025 18:43",11,,,,Beni,"Sucursal Beni","No disponible",Salida,"Sin evento",
"30/01/2025 18:45",8,,,,Beni,"Sucursal Beni","No disponible",Salida,"Sin evento",
"31/01/2025 08:33",11,,,,Beni,"Sucursal Beni","No disponible",Salida,"Sin evento",
"31/01/2025 08:33",8708642,,,,Beni,"Sucursal Beni","No disponible",Salida,"Sin evento",
"31/01/2025 08:33",8,,,,Beni,"Sucursal Beni","No disponible",Salida,"Sin evento",
"31/01/2025 12:36",8,,,,Beni,"Sucursal Beni","No disponible",Salida,"Sin evento",
"31/01/2025 13:37",8,,,,Beni,"Sucursal Beni","No disponible",Salida,"Sin evento",
"31/01/2025 14:02",8,,,,Beni,"Sucursal Beni","No disponible",Salida,"Sin evento",
"31/01/2025 14:12",8,,,,Beni,"Sucursal Beni","No disponible",Salida,"Sin evento",
"31/01/2025 18:43",8708642,,,,Beni,"Sucursal Beni","No disponible",Salida,"Sin evento",
"31/01/2025 18:44",11,,,,Beni,"Sucursal Beni","No disponible",Salida,"Sin evento",
"31/01/2025 18:51",8,,,,Beni,"Sucursal Beni","No disponible",Salida,"Sin evento",
"03/02/2025 08:29",8708642,,,,Beni,"Sucursal Beni","No disponible",Salida,"Sin evento",
"03/02/2025 08:29",8,,,,Beni,"Sucursal Beni","No disponible",Salida,"Sin evento",
"03/02/2025 08:29",11,,,,Beni,"Sucursal Beni","No disponible",Salida,"Sin evento",
"03/02/2025 12:53",8,,,,Beni,"Sucursal Beni","No disponible",Salida,"Sin evento",
"03/02/2025 13:31",8,,,,Beni,"Sucursal Beni","No disponible",Salida,"Sin evento",
"03/02/2025 18:36",8,,,,Beni,"Sucursal Beni","No disponible",Salida,"Sin evento",
"03/02/2025 18:49",11,,,,Beni,"Sucursal Beni","No disponible",Salida,"Sin evento",
"03/02/2025 19:13",8708642,,,,Beni,"Sucursal Beni","No disponible",Salida,"Sin evento",
"04/02/2025 08:24",8708642,,,,Beni,"Sucursal Beni","No disponible",Salida,"Sin evento",
"04/02/2025 08:25",8,,,,Beni,"Sucursal Beni","No disponible",Salida,"Sin evento",
"04/02/2025 08:27",11,,,,Beni,"Sucursal Beni","No disponible",Salida,"Sin evento",
"04/02/2025 12:40",8,,,,Beni,"Sucursal Beni","No disponible",Salida,"Sin evento",
"04/02/2025 13:49",8,,,,Beni,"Sucursal Beni","No disponible",Salida,"Sin evento",
"04/02/2025 13:58",8,,,,Beni,"Sucursal Beni","No disponible",Salida,"Sin evento",
"04/02/2025 19:01",8,,,,Beni,"Sucursal Beni","No disponible",Salida,"Sin evento",
"04/02/2025 19:06",11,,,,Beni,"Sucursal Beni","No disponible",Salida,"Sin evento",
"04/02/2025 19:08",8708642,,,,Beni,"Sucursal Beni","No disponible",Salida,"Sin evento",
"05/02/2025 07:36",8708642,,,,Beni,"Sucursal Beni","No disponible",Salida,"Sin evento",
"05/02/2025 07:36",8,,,,Beni,"Sucursal Beni","No disponible",Salida,"Sin evento",
"05/02/2025 07:37",11,,,,Beni,"Sucursal Beni","No disponible",Salida,"Sin evento",
"05/02/2025 12:45",8,,,,Beni,"Sucursal Beni","No disponible",Salida,"Sin evento",
"05/02/2025 13:39",8,,,,Beni,"Sucursal Beni","No disponible",Salida,"Sin evento",
"05/02/2025 18:51",8,,,,Beni,"Sucursal Beni","No disponible",Salida,"Sin evento",
"05/02/2025 19:10",11,,,,Beni,"Sucursal Beni","No disponible",Salida,"Sin evento",
"05/02/2025 19:12",8708642,,,,Beni,"Sucursal Beni","No disponible",Salida,"Sin evento",
"06/02/2025 08:20",8708642,,,,Beni,"Sucursal Beni","No disponible",Salida,"Sin evento",
"06/02/2025 08:23",11,,,,Beni,"Sucursal Beni","No disponible",Salida,"Sin evento",
"06/02/2025 08:28",8,,,,Beni,"Sucursal Beni","No disponible",Salida,"Sin evento",
"06/02/2025 12:52",8,,,,Beni,"Sucursal Beni","No disponible",Salida,"Sin evento",
"06/02/2025 13:33",8,,,,Beni,"Sucursal Beni","No disponible",Salida,"Sin evento",
"06/02/2025 18:52",8,,,,Beni,"Sucursal Beni","No disponible",Salida,"Sin evento",
"06/02/2025 18:54",11,,,,Beni,"Sucursal Beni","No disponible",Salida,"Sin evento",
"06/02/2025 18:55",8708642,,,,Beni,"Sucursal Beni","No disponible",Salida,"Sin evento",
"07/02/2025 07:39",8,,,,Beni,"Sucursal Beni","No disponible",Salida,"Sin evento",
"07/02/2025 08:24",8708642,,,,Beni,"Sucursal Beni","No disponible",Salida,"Sin evento",
"07/02/2025 08:24",11,,,,Beni,"Sucursal Beni","No disponible",Salida,"Sin evento",
"07/02/2025 12:44",8,,,,Beni,"Sucursal Beni","No disponible",Salida,"Sin evento",
"07/02/2025 14:21",8,,,,Beni,"Sucursal Beni","No disponible",Salida,"Sin evento",
"07/02/2025 18:39",11,,,,Beni,"Sucursal Beni","No disponible",Salida,"Sin evento",
"07/02/2025 18:39",8,,,,Beni,"Sucursal Beni","No disponible",Salida,"Sin evento",
"07/02/2025 18:40",8708642,,,,Beni,"Sucursal Beni","No disponible",Salida,"Sin evento",
"08/02/2025 13:05",8708642,,,,Beni,"Sucursal Beni","No disponible",Salida,"Sin evento",
"10/02/2025 07:35",8,,,,Beni,"Sucursal Beni","No disponible",Salida,"Sin evento",
"10/02/2025 08:25",11,,,,Beni,"Sucursal Beni","No disponible",Salida,"Sin evento",
"10/02/2025 08:29",8708642,,,,Beni,"Sucursal Beni","No disponible",Salida,"Sin evento",
"10/02/2025 14:08",8,,,,Beni,"Sucursal Beni","No disponible",Salida,"Sin evento",
"10/02/2025 18:44",8,,,,Beni,"Sucursal Beni","No disponible",Salida,"Sin evento",
"10/02/2025 18:44",8708642,,,,Beni,"Sucursal Beni","No disponible",Salida,"Sin evento",
"10/02/2025 18:44",11,,,,Beni,"Sucursal Beni","No disponible",Salida,"Sin evento",
"11/02/2025 07:38",11,,,,Beni,"Sucursal Beni","No disponible",Salida,"Sin evento",
"11/02/2025 07:38",8,,,,Beni,"Sucursal Beni","No disponible",Salida,"Sin evento",
"11/02/2025 08:30",8708642,,,,Beni,"Sucursal Beni","No disponible",Salida,"Sin evento",
"11/02/2025 13:02",8,,,,Beni,"Sucursal Beni","No disponible",Salida,"Sin evento",
"11/02/2025 14:14",8,,,,Beni,"Sucursal Beni","No disponible",Salida,"Sin evento",
"11/02/2025 18:31",8708642,,,,Beni,"Sucursal Beni","No disponible",Salida,"Sin evento",
"11/02/2025 18:39",8,,,,Beni,"Sucursal Beni","No disponible",Salida,"Sin evento",
"11/02/2025 19:01",11,,,,Beni,"Sucursal Beni","No disponible",Salida,"Sin evento",
"12/02/2025 08:03",8,,,,Beni,"Sucursal Beni","No disponible",Salida,"Sin evento",
"12/02/2025 08:12",11,,,,Beni,"Sucursal Beni","No disponible",Salida,"Sin evento",
"12/02/2025 08:36",8708642,,,,Beni,"Sucursal Beni","No disponible",Salida,"Sin evento",
"12/02/2025 12:42",8,,,,Beni,"Sucursal Beni","No disponible",Salida,"Sin evento",
"12/02/2025 13:53",8,,,,Beni,"Sucursal Beni","No disponible",Salida,"Sin evento",
"12/02/2025 14:23",8,,,,Beni,"Sucursal Beni","No disponible",Salida,"Sin evento",
"12/02/2025 18:50",8,,,,Beni,"Sucursal Beni","No disponible",Salida,"Sin evento",
"12/02/2025 18:51",8708642,,,,Beni,"Sucursal Beni","No disponible",Salida,"Sin evento",
"12/02/2025 18:56",11,,,,Beni,"Sucursal Beni","No disponible",Salida,"Sin evento",
"13/02/2025 08:07",8,,,,Beni,"Sucursal Beni","No disponible",Salida,"Sin evento",
"13/02/2025 08:08",8708642,,,,Beni,"Sucursal Beni","No disponible",Salida,"Sin evento",
"13/02/2025 08:23",11,,,,Beni,"Sucursal Beni","No disponible",Salida,"Sin evento",
"13/02/2025 12:36",8,,,,Beni,"Sucursal Beni","No disponible",Salida,"Sin evento",
"13/02/2025 14:05",8,,,,Beni,"Sucursal Beni","No disponible",Salida,"Sin evento",
"13/02/2025 18:41",8708642,,,,Beni,"Sucursal Beni","No disponible",Salida,"Sin evento",
"13/02/2025 19:11",11,,,,Beni,"Sucursal Beni","No disponible",Salida,"Sin evento",
"13/02/2025 19:12",8,,,,Beni,"Sucursal Beni","No disponible",Salida,"Sin evento",
"14/02/2025 08:34",11,,,,Beni,"Sucursal Beni","No disponible",Salida,"Sin evento",
"14/02/2025 08:34",8708642,,,,Beni,"Sucursal Beni","No disponible",Salida,"Sin evento",
"14/02/2025 08:34",8,,,,Beni,"Sucursal Beni","No disponible",Salida,"Sin evento",
"14/02/2025 12:46",8,,,,Beni,"Sucursal Beni","No disponible",Salida,"Sin evento",
"14/02/2025 14:31",8,,,,Beni,"Sucursal Beni","No disponible",Salida,"Sin evento",
"14/02/2025 18:40",8,,,,Beni,"Sucursal Beni","No disponible",Salida,"Sin evento",
"14/02/2025 18:45",11,,,,Beni,"Sucursal Beni","No disponible",Salida,"Sin evento",
"14/02/2025 18:48",8708642,,,,Beni,"Sucursal Beni","No disponible",Salida,"Sin evento",
"17/02/2025 08:21",8,,,,Beni,"Sucursal Beni","No disponible",Salida,"Sin evento",
"17/02/2025 08:21",8708642,,,,Beni,"Sucursal Beni","No disponible",Salida,"Sin evento",
"17/02/2025 08:23",11,,,,Beni,"Sucursal Beni","No disponible",Salida,"Sin evento",
"17/02/2025 12:55",8,,,,Beni,"Sucursal Beni","No disponible",Salida,"Sin evento",
"17/02/2025 14:16",8,,,,Beni,"Sucursal Beni","No disponible",Salida,"Sin evento",
"17/02/2025 18:38",8,,,,Beni,"Sucursal Beni","No disponible",Salida,"Sin evento",
"17/02/2025 18:39",11,,,,Beni,"Sucursal Beni","No disponible",Salida,"Sin evento",
"17/02/2025 18:40",8708642,,,,Beni,"Sucursal Beni","No disponible",Salida,"Sin evento",
"18/02/2025 07:52",8708642,,,,Beni,"Sucursal Beni","No disponible",Salida,"Sin evento",
"18/02/2025 08:24",11,,,,Beni,"Sucursal Beni","No disponible",Salida,"Sin evento",
"18/02/2025 12:53",8,,,,Beni,"Sucursal Beni","No disponible",Salida,"Sin evento",
"18/02/2025 14:10",8,,,,Beni,"Sucursal Beni","No disponible",Salida,"Sin evento",
"18/02/2025 18:44",8708642,,,,Beni,"Sucursal Beni","No disponible",Salida,"Sin evento",
"18/02/2025 18:50",8,,,,Beni,"Sucursal Beni","No disponible",Salida,"Sin evento",
"18/02/2025 18:50",11,,,,Beni,"Sucursal Beni","No disponible",Salida,"Sin evento",
"19/02/2025 07:50",8,,,,Beni,"Sucursal Beni","No disponible",Salida,"Sin evento",
"19/02/2025 08:24",11,,,,Beni,"Sucursal Beni","No disponible",Salida,"Sin evento",
"19/02/2025 08:24",8708642,,,,Beni,"Sucursal Beni","No disponible",Salida,"Sin evento",
"19/02/2025 12:33",8,,,,Beni,"Sucursal Beni","No disponible",Salida,"Sin evento",
"19/02/2025 14:10",8,,,,Beni,"Sucursal Beni","No disponible",Salida,"Sin evento",
"19/02/2025 18:45",8708642,,,,Beni,"Sucursal Beni","No disponible",Salida,"Sin evento",
"19/02/2025 19:11",11,,,,Beni,"Sucursal Beni","No disponible",Salida,"Sin evento",
"19/02/2025 19:12",8,,,,Beni,"Sucursal Beni","No disponible",Salida,"Sin evento",
"20/02/2025 08:05",8,,,,Beni,"Sucursal Beni","No disponible",Salida,"Sin evento",
"20/02/2025 08:06",8708642,,,,Beni,"Sucursal Beni","No disponible",Salida,"Sin evento",
"20/02/2025 08:23",11,,,,Beni,"Sucursal Beni","No disponible",Salida,"Sin evento",
"20/02/2025 12:44",8,,,,Beni,"Sucursal Beni","No disponible",Salida,"Sin evento",
"20/02/2025 13:32",8,,,,Beni,"Sucursal Beni","No disponible",Salida,"Sin evento",
"20/02/2025 18:38",8708642,,,,Beni,"Sucursal Beni","No disponible",Salida,"Sin evento",
"20/02/2025 18:50",11,,,,Beni,"Sucursal Beni","No disponible",Salida,"Sin evento",
"20/02/2025 18:50",8,,,,Beni,"Sucursal Beni","No disponible",Salida,"Sin evento",
"21/02/2025 08:13",8,,,,Beni,"Sucursal Beni","No disponible",Salida,"Sin evento",
"21/02/2025 08:23",11,,,,Beni,"Sucursal Beni","No disponible",Salida,"Sin evento",
"21/02/2025 08:23",8708642,,,,Beni,"Sucursal Beni","No disponible",Salida,"Sin evento",
"21/02/2025 12:34",8,,,,Beni,"Sucursal Beni","No disponible",Salida,"Sin evento",
"21/02/2025 12:41",8,,,,Beni,"Sucursal Beni","No disponible",Salida,"Sin evento",
"21/02/2025 13:37",8,,,,Beni,"Sucursal Beni","No disponible",Salida,"Sin evento",
"21/02/2025 14:27",8,,,,Beni,"Sucursal Beni","No disponible",Salida,"Sin evento",
"21/02/2025 18:32",8708642,,,,Beni,"Sucursal Beni","No disponible",Salida,"Sin evento",
"21/02/2025 18:48",8,,,,Beni,"Sucursal Beni","No disponible",Salida,"Sin evento",
"21/02/2025 18:56",11,,,,Beni,"Sucursal Beni","No disponible",Salida,"Sin evento",
"24/02/2025 08:29",11,,,,Beni,"Sucursal Beni","No disponible",Salida,"Sin evento",
"24/02/2025 08:29",8708642,,,,Beni,"Sucursal Beni","No disponible",Salida,"Sin evento",
"24/02/2025 08:32",8,,,,Beni,"Sucursal Beni","No disponible",Salida,"Sin evento",
"24/02/2025 12:46",8,,,,Beni,"Sucursal Beni","No disponible",Salida,"Sin evento",
"24/02/2025 13:53",8,,,,Beni,"Sucursal Beni","No disponible",Salida,"Sin evento",
"24/02/2025 18:45",8,,,,Beni,"Sucursal Beni","No disponible",Salida,"Sin evento",
"24/02/2025 18:45",11,,,,Beni,"Sucursal Beni","No disponible",Salida,"Sin evento",
"24/02/2025 18:50",8708642,,,,Beni,"Sucursal Beni","No disponible",Salida,"Sin evento",
"25/02/2025 07:31",11,,,,Beni,"Sucursal Beni","No disponible",Salida,"Sin evento",
"25/02/2025 08:14",8708642,,,,Beni,"Sucursal Beni","No disponible",Salida,"Sin evento",
"25/02/2025 08:14",8,,,,Beni,"Sucursal Beni","No disponible",Salida,"Sin evento",
"25/02/2025 12:43",8,,,,Beni,"Sucursal Beni","No disponible",Salida,"Sin evento",
"25/02/2025 13:22",8,,,,Beni,"Sucursal Beni","No disponible",Salida,"Sin evento",
"25/02/2025 18:36",8708642,,,,Beni,"Sucursal Beni","No disponible",Salida,"Sin evento",
"25/02/2025 18:37",11,,,,Beni,"Sucursal Beni","No disponible",Salida,"Sin evento",
"25/02/2025 18:39",8,,,,Beni,"Sucursal Beni","No disponible",Salida,"Sin evento",
"26/02/2025 07:32",11,,,,Beni,"Sucursal Beni","No disponible",Salida,"Sin evento",
"26/02/2025 07:34",8,,,,Beni,"Sucursal Beni","No disponible",Salida,"Sin evento",
"26/02/2025 07:35",8708642,,,,Beni,"Sucursal Beni","No disponible",Salida,"Sin evento",
"26/02/2025 12:41",8,,,,Beni,"Sucursal Beni","No disponible",Salida,"Sin evento",
"26/02/2025 14:12",8,,,,Beni,"Sucursal Beni","No disponible",Salida,"Sin evento",
"26/02/2025 18:31",8708642,,,,Beni,"Sucursal Beni","No disponible",Salida,"Sin evento",
"26/02/2025 18:49",8,,,,Beni,"Sucursal Beni","No disponible",Salida,"Sin evento",
"26/02/2025 19:04",11,,,,Beni,"Sucursal Beni","No disponible",Salida,"Sin evento",
"27/02/2025 07:43",8,,,,Beni,"Sucursal Beni","No disponible",Salida,"Sin evento",
"27/02/2025 07:47",8708642,,,,Beni,"Sucursal Beni","No disponible",Salida,"Sin evento",
"27/02/2025 07:47",11,,,,Beni,"Sucursal Beni","No disponible",Salida,"Sin evento",
"27/02/2025 12:34",8,,,,Beni,"Sucursal Beni","No disponible",Salida,"Sin evento",
"27/02/2025 14:17",8,,,,Beni,"Sucursal Beni","No disponible",Salida,"Sin evento",
"27/02/2025 18:45",11,,,,Beni,"Sucursal Beni","No disponible",Salida,"Sin evento",
"27/02/2025 18:45",8708642,,,,Beni,"Sucursal Beni","No disponible",Salida,"Sin evento",
"28/02/2025 08:13",8,,,,Beni,"Sucursal Beni","No disponible",Salida,"Sin evento",
"28/02/2025 08:24",8708642,,,,Beni,"Sucursal Beni","No disponible",Salida,"Sin evento",
"28/02/2025 08:25",11,,,,Beni,"Sucursal Beni","No disponible",Salida,"Sin evento",
"28/02/2025 12:35",8,,,,Beni,"Sucursal Beni","No disponible",Salida,"Sin evento",
"28/02/2025 13:35",8,,,,Beni,"Sucursal Beni","No disponible",Salida,"Sin evento",
"28/02/2025 18:59",8,,,,Beni,"Sucursal Beni","No disponible",Salida,"Sin evento",
"28/02/2025 19:03",11,,,,Beni,"Sucursal Beni","No disponible",Salida,"Sin evento",
"28/02/2025 19:21",8708642,,,,Beni,"Sucursal Beni","No disponible",Salida,"Sin evento",
"05/03/2025 07:34",8708642,,,,Beni,"Sucursal Beni","No disponible",Salida,"Sin evento",
"05/03/2025 07:39",8,,,,Beni,"Sucursal Beni","No disponible",Salida,"Sin evento",
"05/03/2025 08:23",11,,,,Beni,"Sucursal Beni","No disponible",Salida,"Sin evento",
"05/03/2025 12:49",8,,,,Beni,"Sucursal Beni","No disponible",Salida,"Sin evento",
"05/03/2025 13:30",8,,,,Beni,"Sucursal Beni","No disponible",Salida,"Sin evento",
"05/03/2025 18:36",8708642,,,,Beni,"Sucursal Beni","No disponible",Salida,"Sin evento",
"05/03/2025 18:37",8,,,,Beni,"Sucursal Beni","No disponible",Salida,"Sin evento",
"05/03/2025 18:41",11,,,,Beni,"Sucursal Beni","No disponible",Salida,"Sin evento",
"06/03/2025 07:38",8,,,,Beni,"Sucursal Beni","No disponible",Salida,"Sin evento",
"06/03/2025 08:05",11,,,,Beni,"Sucursal Beni","No disponible",Salida,"Sin evento",
"06/03/2025 08:34",8708642,,,,Beni,"Sucursal Beni","No disponible",Salida,"Sin evento",
"06/03/2025 12:42",8,,,,Beni,"Sucursal Beni","No disponible",Salida,"Sin evento",
"06/03/2025 14:18",8,,,,Beni,"Sucursal Beni","No disponible",Salida,"Sin evento",
"06/03/2025 18:38",8708642,,,,Beni,"Sucursal Beni","No disponible",Salida,"Sin evento",
"06/03/2025 18:42",11,,,,Beni,"Sucursal Beni","No disponible",Salida,"Sin evento",
"06/03/2025 18:45",8,,,,Beni,"Sucursal Beni","No disponible",Salida,"Sin evento",
"07/03/2025 07:31",8,,,,Beni,"Sucursal Beni","No disponible",Salida,"Sin evento",
"07/03/2025 07:49",11,,,,Beni,"Sucursal Beni","No disponible",Salida,"Sin evento",
"07/03/2025 12:30",8,,,,Beni,"Sucursal Beni","No disponible",Salida,"Sin evento",
"07/03/2025 14:18",8,,,,Beni,"Sucursal Beni","No disponible",Salida,"Sin evento",
"07/03/2025 18:30",8708642,,,,Beni,"Sucursal Beni","No disponible",Salida,"Sin evento",
"07/03/2025 18:40",11,,,,Beni,"Sucursal Beni","No disponible",Salida,"Sin evento",
"07/03/2025 18:45",8,,,,Beni,"Sucursal Beni","No disponible",Salida,"Sin evento",
"10/03/2025 07:39",8,,,,Beni,"Sucursal Beni","No disponible",Salida,"Sin evento",
"10/03/2025 08:03",11,,,,Beni,"Sucursal Beni","No disponible",Salida,"Sin evento",
"10/03/2025 08:30",8708642,,,,Beni,"Sucursal Beni","No disponible",Salida,"Sin evento",
"10/03/2025 12:46",8,,,,Beni,"Sucursal Beni","No disponible",Salida,"Sin evento",
"10/03/2025 14:10",8,,,,Beni,"Sucursal Beni","No disponible",Salida,"Sin evento",
"10/03/2025 18:31",11,,,,Beni,"Sucursal Beni","No disponible",Salida,"Sin evento",
"10/03/2025 18:32",8,,,,Beni,"Sucursal Beni","No disponible",Salida,"Sin evento",
"10/03/2025 18:32",8708642,,,,Beni,"Sucursal Beni","No disponible",Salida,"Sin evento",
"11/03/2025 08:31",11,,,,Beni,"Sucursal Beni","No disponible",Salida,"Sin evento",
"11/03/2025 08:31",8708642,,,,Beni,"Sucursal Beni","No disponible",Salida,"Sin evento",
"11/03/2025 08:32",8,,,,Beni,"Sucursal Beni","No disponible",Salida,"Sin evento",
"11/03/2025 12:36",8,,,,Beni,"Sucursal Beni","No disponible",Salida,"Sin evento",
"11/03/2025 14:20",8,,,,Beni,"Sucursal Beni","No disponible",Salida,"Sin evento",
"11/03/2025 18:34",8708642,,,,Beni,"Sucursal Beni","No disponible",Salida,"Sin evento",
"11/03/2025 18:47",8,,,,Beni,"Sucursal Beni","No disponible",Salida,"Sin evento",
"11/03/2025 18:55",11,,,,Beni,"Sucursal Beni","No disponible",Salida,"Sin evento",
"12/03/2025 07:34",11,,,,Beni,"Sucursal Beni","No disponible",Salida,"Sin evento",
"12/03/2025 07:36",8,,,,Beni,"Sucursal Beni","No disponible",Salida,"Sin evento",
"12/03/2025 07:42",8708642,,,,Beni,"Sucursal Beni","No disponible",Salida,"Sin evento",
"12/03/2025 12:40",8,,,,Beni,"Sucursal Beni","No disponible",Salida,"Sin evento",
"12/03/2025 13:48",8,,,,Beni,"Sucursal Beni","No disponible",Salida,"Sin evento",
"12/03/2025 18:30",8708642,,,,Beni,"Sucursal Beni","No disponible",Salida,"Sin evento",
"12/03/2025 18:38",8,,,,Beni,"Sucursal Beni","No disponible",Salida,"Sin evento",
"12/03/2025 18:48",11,,,,Beni,"Sucursal Beni","No disponible",Salida,"Sin evento",
"13/03/2025 07:32",11,,,,Beni,"Sucursal Beni","No disponible",Salida,"Sin evento",
"13/03/2025 07:49",8,,,,Beni,"Sucursal Beni","No disponible",Salida,"Sin evento",
"13/03/2025 08:04",8708642,,,,Beni,"Sucursal Beni","No disponible",Salida,"Sin evento",
"13/03/2025 12:44",8,,,,Beni,"Sucursal Beni","No disponible",Salida,"Sin evento",
"13/03/2025 13:23",8,,,,Beni,"Sucursal Beni","No disponible",Salida,"Sin evento",
"13/03/2025 13:26",8,,,,Beni,"Sucursal Beni","No disponible",Salida,"Sin evento",
"13/03/2025 18:29",8,,,,Beni,"Sucursal Beni","No disponible",Salida,"Sin evento",
"13/03/2025 18:30",8,,,,Beni,"Sucursal Beni","No disponible",Salida,"Sin evento",
"13/03/2025 18:46",11,,,,Beni,"Sucursal Beni","No disponible",Salida,"Sin evento",
"13/03/2025 18:47",8708642,,,,Beni,"Sucursal Beni","No disponible",Salida,"Sin evento",
"14/03/2025 08:08",8,,,,Beni,"Sucursal Beni","No disponible",Salida,"Sin evento",
"14/03/2025 08:12",11,,,,Beni,"Sucursal Beni","No disponible",Salida,"Sin evento",
"14/03/2025 08:29",8708642,,,,Beni,"Sucursal Beni","No disponible",Salida,"Sin evento",
"14/03/2025 08:31",8708642,,,,Beni,"Sucursal Beni","No disponible",Salida,"Sin evento",
"14/03/2025 18:43",11,,,,Beni,"Sucursal Beni","No disponible",Salida,"Sin evento",
"14/03/2025 18:47",8708642,,,,Beni,"Sucursal Beni","No disponible",Salida,"Sin evento",
"14/03/2025 18:52",8,,,,Beni,"Sucursal Beni","No disponible",Salida,"Sin evento",
"17/03/2025 08:14",8,,,,Beni,"Sucursal Beni","No disponible",Salida,"Sin evento",
"17/03/2025 08:15",11,,,,Beni,"Sucursal Beni","No disponible",Salida,"Sin evento",
"17/03/2025 08:29",8708642,,,,Beni,"Sucursal Beni","No disponible",Salida,"Sin evento",
"17/03/2025 18:38",11,,,,Beni,"Sucursal Beni","No disponible",Salida,"Sin evento",
"17/03/2025 18:38",8708642,,,,Beni,"Sucursal Beni","No disponible",Salida,"Sin evento",
"17/03/2025 18:38",8,,,,Beni,"Sucursal Beni","No disponible",Salida,"Sin evento",
"18/03/2025 08:04",8,,,,Beni,"Sucursal Beni","No disponible",Salida,"Sin evento",
"18/03/2025 08:04",11,,,,Beni,"Sucursal Beni","No disponible",Salida,"Sin evento",
"18/03/2025 08:15",8708642,,,,Beni,"Sucursal Beni","No disponible",Salida,"Sin evento",
"18/03/2025 18:36",8,,,,Beni,"Sucursal Beni","No disponible",Salida,"Sin evento",
"18/03/2025 18:36",11,,,,Beni,"Sucursal Beni","No disponible",Salida,"Sin evento",
"18/03/2025 18:37",8708642,,,,Beni,"Sucursal Beni","No disponible",Salida,"Sin evento",
"19/03/2025 07:59",8708642,,,,Beni,"Sucursal Beni","No disponible",Salida,"Sin evento",
"19/03/2025 08:01",8,,,,Beni,"Sucursal Beni","No disponible",Salida,"Sin evento",
"19/03/2025 13:19",11,,,,Beni,"Sucursal Beni","No disponible",Salida,"Sin evento",
"19/03/2025 18:39",8,,,,Beni,"Sucursal Beni","No disponible",Salida,"Sin evento",
"19/03/2025 18:39",11,,,,Beni,"Sucursal Beni","No disponible",Salida,"Sin evento",
"20/03/2025 08:30",11,,,,Beni,"Sucursal Beni","No disponible",Salida,"Sin evento",
"20/03/2025 08:30",8,,,,Beni,"Sucursal Beni","No disponible",Salida,"Sin evento",
"20/03/2025 18:34",8708642,,,,Beni,"Sucursal Beni","No disponible",Salida,"Sin evento",
"20/03/2025 19:01",11,,,,Beni,"Sucursal Beni","No disponible",Salida,"Sin evento",
"20/03/2025 19:02",8,,,,Beni,"Sucursal Beni","No disponible",Salida,"Sin evento",
"21/03/2025 07:43",11,,,,Beni,"Sucursal Beni","No disponible",Salida,"Sin evento",
"21/03/2025 08:00",8708642,,,,Beni,"Sucursal Beni","No disponible",Salida,"Sin evento",
"21/03/2025 08:30",8,,,,Beni,"Sucursal Beni","No disponible",Salida,"Sin evento",
"21/03/2025 18:38",8708642,,,,Beni,"Sucursal Beni","No disponible",Salida,"Sin evento",
"21/03/2025 18:39",8,,,,Beni,"Sucursal Beni","No disponible",Salida,"Sin evento",
"21/03/2025 18:39",11,,,,Beni,"Sucursal Beni","No disponible",Salida,"Sin evento",
"24/03/2025 07:45",8708642,,,,Beni,"Sucursal Beni","No disponible",Salida,"Sin evento",
"24/03/2025 07:46",8,,,,Beni,"Sucursal Beni","No disponible",Salida,"Sin evento",
"24/03/2025 08:22",11,,,,Beni,"Sucursal Beni","No disponible",Salida,"Sin evento",
"24/03/2025 18:31",8708642,,,,Beni,"Sucursal Beni","No disponible",Salida,"Sin evento",
"24/03/2025 18:33",8,,,,Beni,"Sucursal Beni","No disponible",Salida,"Sin evento",
"24/03/2025 18:33",11,,,,Beni,"Sucursal Beni","No disponible",Salida,"Sin evento",
"25/03/2025 08:29",8,,,,Beni,"Sucursal Beni","No disponible",Salida,"Sin evento",
"25/03/2025 08:29",11,,,,Beni,"Sucursal Beni","No disponible",Salida,"Sin evento",
"25/03/2025 08:29",8708642,,,,Beni,"Sucursal Beni","No disponible",Salida,"Sin evento",
"25/03/2025 18:38",8708642,,,,Beni,"Sucursal Beni","No disponible",Salida,"Sin evento",
"25/03/2025 18:39",11,,,,Beni,"Sucursal Beni","No disponible",Salida,"Sin evento",
"25/03/2025 18:40",8,,,,Beni,"Sucursal Beni","No disponible",Salida,"Sin evento",
"26/03/2025 07:38",8,,,,Beni,"Sucursal Beni","No disponible",Salida,"Sin evento",
"26/03/2025 07:38",8708642,,,,Beni,"Sucursal Beni","No disponible",Salida,"Sin evento",
"26/03/2025 07:39",11,,,,Beni,"Sucursal Beni","No disponible",Salida,"Sin evento",
"26/03/2025 18:30",8708642,,,,Beni,"Sucursal Beni","No disponible",Salida,"Sin evento",
"26/03/2025 18:32",11,,,,Beni,"Sucursal Beni","No disponible",Salida,"Sin evento",
"26/03/2025 18:32",8,,,,Beni,"Sucursal Beni","No disponible",Salida,"Sin evento",
"27/03/2025 07:57",11,,,,Beni,"Sucursal Beni","No disponible","Estado 15","Sin evento",
"27/03/2025 08:32",8,,,,Beni,"Sucursal Beni","No disponible",Salida,"Sin evento",
"27/03/2025 18:31",8708642,,,,Beni,"Sucursal Beni","No disponible",Salida,"Sin evento",
"27/03/2025 18:43",11,,,,Beni,"Sucursal Beni","No disponible",Salida,"Sin evento",
"27/03/2025 18:46",8,,,,Beni,"Sucursal Beni","No disponible",Salida,"Sin evento",
"28/03/2025 07:57",11,,,,Beni,"Sucursal Beni","No disponible",Salida,"Sin evento",
"28/03/2025 08:24",8,,,,Beni,"Sucursal Beni","No disponible",Salida,"Sin evento",
"28/03/2025 08:27",8708642,,,,Beni,"Sucursal Beni","No disponible",Salida,"Sin evento",
"28/03/2025 18:30",8708642,,,,Beni,"Sucursal Beni","No disponible",Salida,"Sin evento",
"28/03/2025 18:49",11,,,,Beni,"Sucursal Beni","No disponible",Salida,"Sin evento",
"28/03/2025 19:01",8,,,,Beni,"Sucursal Beni","No disponible",Salida,"Sin evento",
"31/03/2025 07:37",8,,,,Beni,"Sucursal Beni","No disponible",Salida,"Sin evento",
"31/03/2025 08:34",11,,,,Beni,"Sucursal Beni","No disponible",Salida,"Sin evento",
"31/03/2025 08:34",8708642,,,,Beni,"Sucursal Beni","No disponible",Salida,"Sin evento",
"31/03/2025 18:38",8708642,,,,Beni,"Sucursal Beni","No disponible",Salida,"Sin evento",
"31/03/2025 18:39",11,,,,Beni,"Sucursal Beni","No disponible",Salida,"Sin evento",
"31/03/2025 18:39",8,,,,Beni,"Sucursal Beni","No disponible",Salida,"Sin evento",
"01/04/2025 07:32",8,,,,Beni,"Sucursal Beni","No disponible",Salida,"Sin evento",
"01/04/2025 07:32",11,,,,Beni,"Sucursal Beni","No disponible",Salida,"Sin evento",
"01/04/2025 08:09",8708642,,,,Beni,"Sucursal Beni","No disponible",Salida,"Sin evento",
"01/04/2025 18:30",8708642,,,,Beni,"Sucursal Beni","No disponible",Salida,"Sin evento",
"01/04/2025 18:31",8,,,,Beni,"Sucursal Beni","No disponible",Salida,"Sin evento",
"01/04/2025 18:32",11,,,,Beni,"Sucursal Beni","No disponible",Salida,"Sin evento",
"02/04/2025 07:28",11,,,,Beni,"Sucursal Beni","No disponible",Salida,"Sin evento",
"02/04/2025 07:30",8,,,,Beni,"Sucursal Beni","No disponible",Salida,"Sin evento",
"02/04/2025 08:26",8708642,,,,Beni,"Sucursal Beni","No disponible",Salida,"Sin evento",
"02/04/2025 18:30",8708642,,,,Beni,"Sucursal Beni","No disponible",Salida,"Sin evento",
"02/04/2025 18:30",11,,,,Beni,"Sucursal Beni","No disponible",Salida,"Sin evento",
"02/04/2025 18:31",8,,,,Beni,"Sucursal Beni","No disponible",Salida,"Sin evento",
"03/04/2025 07:56",8,,,,Beni,"Sucursal Beni","No disponible",Salida,"Sin evento",
"03/04/2025 07:56",11,,,,Beni,"Sucursal Beni","No disponible",Salida,"Sin evento",
"03/04/2025 08:16",8708642,,,,Beni,"Sucursal Beni","No disponible",Salida,"Sin evento",
"03/04/2025 18:37",11,,,,Beni,"Sucursal Beni","No disponible",Salida,"Sin evento",
"03/04/2025 18:37",8,,,,Beni,"Sucursal Beni","No disponible",Salida,"Sin evento",
"03/04/2025 18:38",8708642,,,,Beni,"Sucursal Beni","No disponible",Salida,"Sin evento",
"04/04/2025 08:16",8,,,,Beni,"Sucursal Beni","No disponible",Salida,"Sin evento",
"04/04/2025 08:23",8708642,,,,Beni,"Sucursal Beni","No disponible",Salida,"Sin evento",
"04/04/2025 08:23",11,,,,Beni,"Sucursal Beni","No disponible",Salida,"Sin evento",
"04/04/2025 18:31",8,,,,Beni,"Sucursal Beni","No disponible",Salida,"Sin evento",
"04/04/2025 18:31",11,,,,Beni,"Sucursal Beni","No disponible",Salida,"Sin evento",
"04/04/2025 18:31",8708642,,,,Beni,"Sucursal Beni","No disponible",Salida,"Sin evento",
"07/04/2025 08:28",11,,,,Beni,"Sucursal Beni","No disponible",Salida,"Sin evento",
"07/04/2025 08:28",8,,,,Beni,"Sucursal Beni","No disponible",Salida,"Sin evento",
"07/04/2025 08:28",8708642,,,,Beni,"Sucursal Beni","No disponible",Salida,"Sin evento",
"07/04/2025 18:30",8708642,,,,Beni,"Sucursal Beni","No disponible",Salida,"Sin evento",
"07/04/2025 18:45",8,,,,Beni,"Sucursal Beni","No disponible",Salida,"Sin evento",
"07/04/2025 18:48",11,,,,Beni,"Sucursal Beni","No disponible",Salida,"Sin evento",
"08/04/2025 07:32",8,,,,Beni,"Sucursal Beni","No disponible",Salida,"Sin evento",
"08/04/2025 07:37",11,,,,Beni,"Sucursal Beni","No disponible",Salida,"Sin evento",
"08/04/2025 07:52",8708642,,,,Beni,"Sucursal Beni","No disponible",Salida,"Sin evento",
"08/04/2025 18:33",8708642,,,,Beni,"Sucursal Beni","No disponible",Salida,"Sin evento",
"08/04/2025 18:33",11,,,,Beni,"Sucursal Beni","No disponible",Salida,"Sin evento",
"08/04/2025 18:35",8,,,,Beni,"Sucursal Beni","No disponible",Salida,"Sin evento",
"09/04/2025 08:04",8,,,,Beni,"Sucursal Beni","No disponible",Salida,"Sin evento",
"09/04/2025 08:06",11,,,,Beni,"Sucursal Beni","No disponible",Salida,"Sin evento",
"09/04/2025 08:20",8708642,,,,Beni,"Sucursal Beni","No disponible",Salida,"Sin evento",
"09/04/2025 18:35",8,,,,Beni,"Sucursal Beni","No disponible",Salida,"Sin evento",
"09/04/2025 18:37",11,,,,Beni,"Sucursal Beni","No disponible",Salida,"Sin evento",
"09/04/2025 18:38",8708642,,,,Beni,"Sucursal Beni","No disponible",Salida,"Sin evento",
"10/04/2025 07:38",11,,,,Beni,"Sucursal Beni","No disponible",Salida,"Sin evento",
"10/04/2025 07:50",8708642,,,,Beni,"Sucursal Beni","No disponible",Salida,"Sin evento",
"10/04/2025 07:51",8,,,,Beni,"Sucursal Beni","No disponible",Salida,"Sin evento",
"10/04/2025 18:38",8708642,,,,Beni,"Sucursal Beni","No disponible",Salida,"Sin evento",
"10/04/2025 18:39",11,,,,Beni,"Sucursal Beni","No disponible",Salida,"Sin evento",
"10/04/2025 18:41",8,,,,Beni,"Sucursal Beni","No disponible",Salida,"Sin evento",
"11/04/2025 08:29",8,,,,Beni,"Sucursal Beni","No disponible",Salida,"Sin evento",
"11/04/2025 08:29",8708642,,,,Beni,"Sucursal Beni","No disponible",Salida,"Sin evento",
"11/04/2025 08:29",11,,,,Beni,"Sucursal Beni","No disponible","Estado 15","Sin evento",
"11/04/2025 18:33",8708642,,,,Beni,"Sucursal Beni","No disponible",Salida,"Sin evento",
"11/04/2025 18:33",11,,,,Beni,"Sucursal Beni","No disponible",Salida,"Sin evento",
"11/04/2025 18:34",8,,,,Beni,"Sucursal Beni","No disponible",Salida,"Sin evento",
"14/04/2025 07:58",8,,,,Beni,"Sucursal Beni","No disponible",Salida,"Sin evento",
"14/04/2025 07:58",11,,,,Beni,"Sucursal Beni","No disponible",Salida,"Sin evento",
"14/04/2025 18:30",8,,,,Beni,"Sucursal Beni","No disponible",Salida,"Sin evento",
"14/04/2025 18:30",11,,,,Beni,"Sucursal Beni","No disponible",Salida,"Sin evento",
"14/04/2025 18:30",8708642,,,,Beni,"Sucursal Beni","No disponible",Salida,"Sin evento",
"15/04/2025 08:30",8,,,,Beni,"Sucursal Beni","No disponible",Salida,"Sin evento",
"15/04/2025 08:30",8708642,,,,Beni,"Sucursal Beni","No disponible",Salida,"Sin evento",
"15/04/2025 08:31",11,,,,Beni,"Sucursal Beni","No disponible",Salida,"Sin evento",
"15/04/2025 18:34",11,,,,Beni,"Sucursal Beni","No disponible",Salida,"Sin evento",
"15/04/2025 18:36",8708642,,,,Beni,"Sucursal Beni","No disponible",Salida,"Sin evento",
"15/04/2025 18:37",8,,,,Beni,"Sucursal Beni","No disponible",Salida,"Sin evento",
"16/04/2025 08:28",8708642,,,,Beni,"Sucursal Beni","No disponible",Salida,"Sin evento",
"16/04/2025 08:28",8,,,,Beni,"Sucursal Beni","No disponible",Salida,"Sin evento",
"16/04/2025 08:29",11,,,,Beni,"Sucursal Beni","No disponible",Salida,"Sin evento",
"16/04/2025 18:24",8708642,,,,Beni,"Sucursal Beni","No disponible",Salida,"Sin evento",
"16/04/2025 19:12",11,,,,Beni,"Sucursal Beni","No disponible",Salida,"Sin evento",
"16/04/2025 19:13",8,,,,Beni,"Sucursal Beni","No disponible",Salida,"Sin evento",
"17/04/2025 07:57",11,,,,Beni,"Sucursal Beni","No disponible",Salida,"Sin evento",
"17/04/2025 08:24",8708642,,,,Beni,"Sucursal Beni","No disponible",Salida,"Sin evento",
"17/04/2025 08:32",8,,,,Beni,"Sucursal Beni","No disponible",Salida,"Sin evento",
"17/04/2025 18:19",8708642,,,,Beni,"Sucursal Beni","No disponible",Salida,"Sin evento",
"17/04/2025 18:28",8,,,,Beni,"Sucursal Beni","No disponible",Salida,"Sin evento",
"17/04/2025 19:01",11,,,,Beni,"Sucursal Beni","No disponible",Salida,"Sin evento",
"21/04/2025 08:12",11,,,,Beni,"Sucursal Beni","No disponible",Salida,"Sin evento",
"21/04/2025 08:28",8,,,,Beni,"Sucursal Beni","No disponible",Salida,"Sin evento",
"21/04/2025 08:29",8708642,,,,Beni,"Sucursal Beni","No disponible",Salida,"Sin evento",
"21/04/2025 18:32",8708642,,,,Beni,"Sucursal Beni","No disponible",Salida,"Sin evento",
"21/04/2025 18:32",11,,,,Beni,"Sucursal Beni","No disponible",Salida,"Sin evento",
"21/04/2025 18:32",8,,,,Beni,"Sucursal Beni","No disponible",Salida,"Sin evento",
"23/04/2025 07:36",8,,,,Beni,"Sucursal Beni","No disponible",Salida,"Sin evento",
"23/04/2025 08:14",11,,,,Beni,"Sucursal Beni","No disponible",Salida,"Sin evento",
"23/04/2025 08:24",8708642,,,,Beni,"Sucursal Beni","No disponible",Salida,"Sin evento",
"23/04/2025 18:32",8708642,,,,Beni,"Sucursal Beni","No disponible",Salida,"Sin evento",
"23/04/2025 18:36",8,,,,Beni,"Sucursal Beni","No disponible",Salida,"Sin evento",
"23/04/2025 18:39",11,,,,Beni,"Sucursal Beni","No disponible",Salida,"Sin evento",
"24/04/2025 07:38",8,,,,Beni,"Sucursal Beni","No disponible",Salida,"Sin evento",
"24/04/2025 08:20",11,,,,Beni,"Sucursal Beni","No disponible",Salida,"Sin evento",
"24/04/2025 08:28",8708642,,,,Beni,"Sucursal Beni","No disponible",Salida,"Sin evento",
"24/04/2025 18:32",8708642,,,,Beni,"Sucursal Beni","No disponible",Salida,"Sin evento",
"24/04/2025 18:44",11,,,,Beni,"Sucursal Beni","No disponible",Salida,"Sin evento",
"24/04/2025 18:45",8,,,,Beni,"Sucursal Beni","No disponible",Salida,"Sin evento",
"25/04/2025 07:39",8,,,,Beni,"Sucursal Beni","No disponible",Salida,"Sin evento",
"25/04/2025 08:08",11,,,,Beni,"Sucursal Beni","No disponible",Salida,"Sin evento",
"25/04/2025 08:27",8708642,,,,Beni,"Sucursal Beni","No disponible",Salida,"Sin evento",
"25/04/2025 18:37",8708642,,,,Beni,"Sucursal Beni","No disponible",Salida,"Sin evento",
"25/04/2025 18:39",11,,,,Beni,"Sucursal Beni","No disponible",Salida,"Sin evento",
"25/04/2025 18:40",8,,,,Beni,"Sucursal Beni","No disponible",Salida,"Sin evento",
"28/04/2025 08:33",8,,,,Beni,"Sucursal Beni","No disponible",Salida,"Sin evento",
"28/04/2025 08:34",11,,,,Beni,"Sucursal Beni","No disponible",Salida,"Sin evento",
"28/04/2025 08:34",8708642,,,,Beni,"Sucursal Beni","No disponible",Salida,"Sin evento",
"28/04/2025 18:30",8708642,,,,Beni,"Sucursal Beni","No disponible",Salida,"Sin evento",
"28/04/2025 18:31",11,,,,Beni,"Sucursal Beni","No disponible","Estado 15","Sin evento",
"28/04/2025 18:34",8,,,,Beni,"Sucursal Beni","No disponible",Salida,"Sin evento",
"29/04/2025 18:38",11,,,,Beni,"Sucursal Beni","No disponible",Salida,"Sin evento",
"29/04/2025 18:39",8,,,,Beni,"Sucursal Beni","No disponible",Salida,"Sin evento",
"29/04/2025 18:39",8708642,,,,Beni,"Sucursal Beni","No disponible",Salida,"Sin evento",
"30/04/2025 07:31",8,,,,Beni,"Sucursal Beni","No disponible",Salida,"Sin evento",
"30/04/2025 07:59",11,,,,Beni,"Sucursal Beni","No disponible","Estado 15","Sin evento",
"30/04/2025 08:25",8708642,,,,Beni,"Sucursal Beni","No disponible",Salida,"Sin evento",
"30/04/2025 18:37",8708642,,,,Beni,"Sucursal Beni","No disponible",Salida,"Sin evento",
"30/04/2025 18:37",8,,,,Beni,"Sucursal Beni","No disponible",Salida,"Sin evento",
"30/04/2025 18:39",11,,,,Beni,"Sucursal Beni","No disponible",Salida,"Sin evento",
"02/05/2025 08:02",8,,,,Beni,"Sucursal Beni","No disponible",Salida,"Sin evento",
"02/05/2025 08:15",11,,,,Beni,"Sucursal Beni","No disponible",Salida,"Sin evento",
"02/05/2025 08:26",8708642,,,,Beni,"Sucursal Beni","No disponible",Salida,"Sin evento",
"02/05/2025 18:41",8708642,,,,Beni,"Sucursal Beni","No disponible",Salida,"Sin evento",
"02/05/2025 18:44",8,,,,Beni,"Sucursal Beni","No disponible",Salida,"Sin evento",
"02/05/2025 18:47",11,,,,Beni,"Sucursal Beni","No disponible",Salida,"Sin evento",
"05/05/2025 08:04",11,,,,Beni,"Sucursal Beni","No disponible",Salida,"Sin evento",
"05/05/2025 08:04",8,,,,Beni,"Sucursal Beni","No disponible",Salida,"Sin evento",
"05/05/2025 08:26",8708642,,,,Beni,"Sucursal Beni","No disponible",Salida,"Sin evento",
"05/05/2025 18:31",8708642,,,,Beni,"Sucursal Beni","No disponible",Salida,"Sin evento",
"05/05/2025 18:33",8,,,,Beni,"Sucursal Beni","No disponible",Salida,"Sin evento",
"05/05/2025 18:35",11,,,,Beni,"Sucursal Beni","No disponible",Salida,"Sin evento",
"06/05/2025 08:14",11,,,,Beni,"Sucursal Beni","No disponible",Salida,"Sin evento",
"06/05/2025 08:32",8,,,,Beni,"Sucursal Beni","No disponible",Salida,"Sin evento",
"06/05/2025 08:32",8708642,,,,Beni,"Sucursal Beni","No disponible",Salida,"Sin evento",
"06/05/2025 18:32",8708642,,,,Beni,"Sucursal Beni","No disponible",Salida,"Sin evento",
"06/05/2025 18:33",8,,,,Beni,"Sucursal Beni","No disponible",Salida,"Sin evento",
"06/05/2025 18:33",11,,,,Beni,"Sucursal Beni","No disponible",Salida,"Sin evento",
"07/05/2025 08:25",11,,,,Beni,"Sucursal Beni","No disponible",Salida,"Sin evento",
"07/05/2025 08:25",8,,,,Beni,"Sucursal Beni","No disponible",Salida,"Sin evento",
"07/05/2025 08:31",8708642,,,,Beni,"Sucursal Beni","No disponible",Salida,"Sin evento",
"07/05/2025 18:35",8708642,,,,Beni,"Sucursal Beni","No disponible",Salida,"Sin evento",
"07/05/2025 18:50",8,,,,Beni,"Sucursal Beni","No disponible",Salida,"Sin evento",
"07/05/2025 18:57",11,,,,Beni,"Sucursal Beni","No disponible",Salida,"Sin evento",
"08/05/2025 08:02",8,,,,Beni,"Sucursal Beni","No disponible",Salida,"Sin evento",
"08/05/2025 08:04",11,,,,Beni,"Sucursal Beni","No disponible",Salida,"Sin evento",
"08/05/2025 08:25",8708642,,,,Beni,"Sucursal Beni","No disponible",Salida,"Sin evento",
"08/05/2025 18:34",8,,,,Beni,"Sucursal Beni","No disponible",Salida,"Sin evento",
"08/05/2025 18:35",8708642,,,,Beni,"Sucursal Beni","No disponible",Salida,"Sin evento",
"08/05/2025 19:09",11,,,,Beni,"Sucursal Beni","No disponible",Salida,"Sin evento",
"09/05/2025 08:10",8,,,,Beni,"Sucursal Beni","No disponible",Salida,"Sin evento",
"09/05/2025 08:15",11,,,,Beni,"Sucursal Beni","No disponible",Salida,"Sin evento",
"09/05/2025 08:29",8708642,,,,Beni,"Sucursal Beni","No disponible",Salida,"Sin evento",
"09/05/2025 18:49",11,,,,Beni,"Sucursal Beni","No disponible",Salida,"Sin evento",
"09/05/2025 18:49",8,,,,Beni,"Sucursal Beni","No disponible",Salida,"Sin evento",
"12/05/2025 07:47",8,,,,Beni,"Sucursal Beni","No disponible",Salida,"Sin evento",
"12/05/2025 07:52",11,,,,Beni,"Sucursal Beni","No disponible",Salida,"Sin evento",
"12/05/2025 08:25",8708642,,,,Beni,"Sucursal Beni","No disponible",Salida,"Sin evento",
"12/05/2025 18:31",11,,,,Beni,"Sucursal Beni","No disponible",Salida,"Sin evento",
"12/05/2025 18:32",8708642,,,,Beni,"Sucursal Beni","No disponible",Salida,"Sin evento",
"12/05/2025 18:32",8,,,,Beni,"Sucursal Beni","No disponible",Salida,"Sin evento",
"13/05/2025 08:29",11,,,,Beni,"Sucursal Beni","No disponible",Salida,"Sin evento",
"13/05/2025 08:29",8,,,,Beni,"Sucursal Beni","No disponible",Salida,"Sin evento",
"13/05/2025 08:29",8708642,,,,Beni,"Sucursal Beni","No disponible",Salida,"Sin evento",
"13/05/2025 08:29",8,,,,Beni,"Sucursal Beni","No disponible",Salida,"Sin evento",
"13/05/2025 08:30",8708642,,,,Beni,"Sucursal Beni","No disponible",Salida,"Sin evento",
"13/05/2025 13:19",8,,,,Beni,"Sucursal Beni","No disponible",Salida,"Sin evento",
"13/05/2025 18:44",8708642,,,,Beni,"Sucursal Beni","No disponible",Salida,"Sin evento",
"13/05/2025 19:11",11,,,,Beni,"Sucursal Beni","No disponible",Salida,"Sin evento",
"14/05/2025 07:56",11,,,,Beni,"Sucursal Beni","No disponible",Salida,"Sin evento",
"14/05/2025 08:01",8,,,,Beni,"Sucursal Beni","No disponible",Salida,"Sin evento",
"14/05/2025 08:31",8708642,,,,Beni,"Sucursal Beni","No disponible",Salida,"Sin evento",
"14/05/2025 18:15",8708642,,,,Beni,"Sucursal Beni","No disponible",Salida,"Sin evento",
"14/05/2025 18:54",11,,,,Beni,"Sucursal Beni","No disponible",Salida,"Sin evento",
"14/05/2025 18:54",8,,,,Beni,"Sucursal Beni","No disponible",Salida,"Sin evento",
"15/05/2025 08:12",8,,,,Beni,"Sucursal Beni","No disponible",Salida,"Sin evento",
"15/05/2025 08:14",11,,,,Beni,"Sucursal Beni","No disponible",Salida,"Sin evento",
"15/05/2025 08:20",8708642,,,,Beni,"Sucursal Beni","No disponible",Salida,"Sin evento",
"15/05/2025 18:36",8708642,,,,Beni,"Sucursal Beni","No disponible",Salida,"Sin evento",
"15/05/2025 18:47",11,,,,Beni,"Sucursal Beni","No disponible",Salida,"Sin evento",
"15/05/2025 18:47",8,,,,Beni,"Sucursal Beni","No disponible",Salida,"Sin evento",
"16/05/2025 07:38",8,,,,Beni,"Sucursal Beni","No disponible",Salida,"Sin evento",
"16/05/2025 08:06",11,,,,Beni,"Sucursal Beni","No disponible",Salida,"Sin evento",
"16/05/2025 08:29",8708642,,,,Beni,"Sucursal Beni","No disponible",Salida,"Sin evento",
"16/05/2025 18:32",8,,,,Beni,"Sucursal Beni","No disponible",Salida,"Sin evento",
"16/05/2025 18:33",11,,,,Beni,"Sucursal Beni","No disponible",Salida,"Sin evento",
"16/05/2025 18:34",8708642,,,,Beni,"Sucursal Beni","No disponible",Salida,"Sin evento",
"19/05/2025 08:06",11,,,,Beni,"Sucursal Beni","No disponible",Salida,"Sin evento",
"19/05/2025 08:33",8,,,,Beni,"Sucursal Beni","No disponible",Salida,"Sin evento",
"19/05/2025 08:34",8708642,,,,Beni,"Sucursal Beni","No disponible",Salida,"Sin evento",
"19/05/2025 18:31",8708642,,,,Beni,"Sucursal Beni","No disponible",Salida,"Sin evento",
"19/05/2025 18:31",8,,,,Beni,"Sucursal Beni","No disponible",Salida,"Sin evento",
"19/05/2025 18:32",11,,,,Beni,"Sucursal Beni","No disponible",Salida,"Sin evento",
"20/05/2025 08:28",11,,,,Beni,"Sucursal Beni","No disponible",Salida,"Sin evento",
"20/05/2025 08:30",8,,,,Beni,"Sucursal Beni","No disponible",Salida,"Sin evento",
"20/05/2025 08:32",8708642,,,,Beni,"Sucursal Beni","No disponible",Salida,"Sin evento",
"20/05/2025 18:33",8708642,,,,Beni,"Sucursal Beni","No disponible",Salida,"Sin evento",
"20/05/2025 18:41",8,,,,Beni,"Sucursal Beni","No disponible",Salida,"Sin evento",
"20/05/2025 18:41",11,,,,Beni,"Sucursal Beni","No disponible",Salida,"Sin evento",
"21/05/2025 08:03",11,,,,Beni,"Sucursal Beni","No disponible",Salida,"Sin evento",
"21/05/2025 08:04",8,,,,Beni,"Sucursal Beni","No disponible",Salida,"Sin evento",
"21/05/2025 08:22",8708642,,,,Beni,"Sucursal Beni","No disponible",Salida,"Sin evento",
"21/05/2025 18:35",8708642,,,,Beni,"Sucursal Beni","No disponible",Salida,"Sin evento",
"21/05/2025 18:51",11,,,,Beni,"Sucursal Beni","No disponible",Salida,"Sin evento",
"21/05/2025 18:57",8,,,,Beni,"Sucursal Beni","No disponible",Salida,"Sin evento",
"22/05/2025 07:46",8,,,,Beni,"Sucursal Beni","No disponible",Salida,"Sin evento",
"22/05/2025 08:26",11,,,,Beni,"Sucursal Beni","No disponible","Estado 15","Sin evento",
"22/05/2025 08:32",8708642,,,,Beni,"Sucursal Beni","No disponible",Salida,"Sin evento",
"22/05/2025 18:33",8708642,,,,Beni,"Sucursal Beni","No disponible",Salida,"Sin evento",
"22/05/2025 18:51",11,,,,Beni,"Sucursal Beni","No disponible",Salida,"Sin evento",
"22/05/2025 18:52",8,,,,Beni,"Sucursal Beni","No disponible",Salida,"Sin evento",
"23/05/2025 08:14",8,,,,Beni,"Sucursal Beni","No disponible",Salida,"Sin evento",
"23/05/2025 08:24",11,,,,Beni,"Sucursal Beni","No disponible",Salida,"Sin evento",
"23/05/2025 08:27",8708642,,,,Beni,"Sucursal Beni","No disponible",Salida,"Sin evento",
"23/05/2025 18:38",8,,,,Beni,"Sucursal Beni","No disponible",Salida,"Sin evento",
"23/05/2025 18:38",11,,,,Beni,"Sucursal Beni","No disponible",Salida,"Sin evento",
"23/05/2025 18:39",8708642,,,,Beni,"Sucursal Beni","No disponible",Salida,"Sin evento",
"26/05/2025 08:00",11,,,,Beni,"Sucursal Beni","No disponible",Salida,"Sin evento",
"26/05/2025 08:31",8708642,,,,Beni,"Sucursal Beni","No disponible",Salida,"Sin evento",
"26/05/2025 08:35",8,,,,Beni,"Sucursal Beni","No disponible",Salida,"Sin evento",
"26/05/2025 18:31",8,,,,Beni,"Sucursal Beni","No disponible",Salida,"Sin evento",
"26/05/2025 18:39",11,,,,Beni,"Sucursal Beni","No disponible",Salida,"Sin evento",
"26/05/2025 18:50",8708642,,,,Beni,"Sucursal Beni","No disponible",Salida,"Sin evento",
"27/05/2025 08:19",11,,,,Beni,"Sucursal Beni","No disponible",Salida,"Sin evento",
"27/05/2025 08:33",8708642,,,,Beni,"Sucursal Beni","No disponible",Salida,"Sin evento",
"27/05/2025 08:33",8,,,,Beni,"Sucursal Beni","No disponible",Salida,"Sin evento",
"27/05/2025 13:05",8,,,,Beni,"Sucursal Beni","No disponible",Salida,"Sin evento",
"27/05/2025 18:31",8708642,,,,Beni,"Sucursal Beni","No disponible",Salida,"Sin evento",
"27/05/2025 18:55",11,,,,Beni,"Sucursal Beni","No disponible",Salida,"Sin evento",
"28/05/2025 07:51",8,,,,Beni,"Sucursal Beni","No disponible",Salida,"Sin evento",
"28/05/2025 07:53",11,,,,Beni,"Sucursal Beni","No disponible",Salida,"Sin evento",
"28/05/2025 08:35",8708642,,,,Beni,"Sucursal Beni","No disponible",Salida,"Sin evento",
"28/05/2025 18:34",8708642,,,,Beni,"Sucursal Beni","No disponible",Salida,"Sin evento",
"28/05/2025 18:39",11,,,,Beni,"Sucursal Beni","No disponible",Salida,"Sin evento",
"28/05/2025 18:40",8708642,,,,Beni,"Sucursal Beni","No disponible",Salida,"Sin evento",
"28/05/2025 18:41",8,,,,Beni,"Sucursal Beni","No disponible",Salida,"Sin evento",
"29/05/2025 08:14",8,,,,Beni,"Sucursal Beni","No disponible",Salida,"Sin evento",
"29/05/2025 08:25",11,,,,Beni,"Sucursal Beni","No disponible",Salida,"Sin evento",
"29/05/2025 08:31",8708642,,,,Beni,"Sucursal Beni","No disponible",Salida,"Sin evento",
"29/05/2025 18:36",8708642,,,,Beni,"Sucursal Beni","No disponible",Salida,"Sin evento",
"29/05/2025 18:37",8,,,,Beni,"Sucursal Beni","No disponible",Salida,"Sin evento",
"30/05/2025 07:54",11,,,,Beni,"Sucursal Beni","No disponible",Salida,"Sin evento",
"30/05/2025 08:09",8,,,,Beni,"Sucursal Beni","No disponible",Salida,"Sin evento",
"30/05/2025 08:32",8708642,,,,Beni,"Sucursal Beni","No disponible",Salida,"Sin evento",
"30/05/2025 18:42",8708642,,,,Beni,"Sucursal Beni","No disponible",Salida,"Sin evento",
"30/05/2025 18:43",8,,,,Beni,"Sucursal Beni","No disponible",Salida,"Sin evento",
"30/05/2025 18:49",11,,,,Beni,"Sucursal Beni","No disponible",Salida,"Sin evento",
"02/06/2025 08:02",8,,,,Beni,"Sucursal Beni","No disponible",Salida,"Sin evento",
"02/06/2025 08:05",11,,,,Beni,"Sucursal Beni","No disponible","Estado 15","Sin evento",
"02/06/2025 08:26",8708642,,,,Beni,"Sucursal Beni","No disponible",Salida,"Sin evento",
"02/06/2025 18:50",8708642,,,,Beni,"Sucursal Beni","No disponible",Salida,"Sin evento",
"02/06/2025 19:00",11,,,,Beni,"Sucursal Beni","No disponible",Salida,"Sin evento",
"02/06/2025 19:02",8,,,,Beni,"Sucursal Beni","No disponible",Salida,"Sin evento",
"03/06/2025 07:32",11,,,,Beni,"Sucursal Beni","No disponible",Salida,"Sin evento",
"03/06/2025 08:04",8,,,,Beni,"Sucursal Beni","No disponible",Salida,"Sin evento",
"03/06/2025 08:31",8708642,,,,Beni,"Sucursal Beni","No disponible",Salida,"Sin evento",
"03/06/2025 18:42",8708642,,,,Beni,"Sucursal Beni","No disponible",Salida,"Sin evento",
"03/06/2025 18:50",8,,,,Beni,"Sucursal Beni","No disponible",Salida,"Sin evento",
"03/06/2025 18:50",11,,,,Beni,"Sucursal Beni","No disponible",Salida,"Sin evento",
"04/06/2025 07:58",11,,,,Beni,"Sucursal Beni","No disponible",Salida,"Sin evento",
"04/06/2025 08:12",8,,,,Beni,"Sucursal Beni","No disponible",Salida,"Sin evento",
"04/06/2025 08:30",8708642,,,,Beni,"Sucursal Beni","No disponible",Salida,"Sin evento",
"04/06/2025 18:42",8708642,,,,Beni,"Sucursal Beni","No disponible",Salida,"Sin evento",
"04/06/2025 18:56",11,,,,Beni,"Sucursal Beni","No disponible",Salida,"Sin evento",
"04/06/2025 18:58",8,,,,Beni,"Sucursal Beni","No disponible",Salida,"Sin evento",
"05/06/2025 08:13",8,,,,Beni,"Sucursal Beni","No disponible",Salida,"Sin evento",
"05/06/2025 08:13",11,,,,Beni,"Sucursal Beni","No disponible",Salida,"Sin evento",
"05/06/2025 08:31",8708642,,,,Beni,"Sucursal Beni","No disponible",Salida,"Sin evento",
"05/06/2025 18:32",8,,,,Beni,"Sucursal Beni","No disponible",Salida,"Sin evento",
"05/06/2025 18:35",8708642,,,,Beni,"Sucursal Beni","No disponible",Salida,"Sin evento",
"05/06/2025 19:09",11,,,,Beni,"Sucursal Beni","No disponible",Salida,"Sin evento",
"06/06/2025 08:13",11,,,,Beni,"Sucursal Beni","No disponible",Salida,"Sin evento",
"06/06/2025 08:27",8708642,,,,Beni,"Sucursal Beni","No disponible",Salida,"Sin evento",
"06/06/2025 08:35",8,,,,Beni,"Sucursal Beni","No disponible",Salida,"Sin evento",
"06/06/2025 18:58",8708642,,,,Beni,"Sucursal Beni","No disponible",Salida,"Sin evento",
"06/06/2025 19:00",8,,,,Beni,"Sucursal Beni","No disponible",Salida,"Sin evento",
"06/06/2025 19:00",11,,,,Beni,"Sucursal Beni","No disponible",Salida,"Sin evento",
"09/06/2025 07:58",11,,,,Beni,"Sucursal Beni","No disponible",Salida,"Sin evento",
"09/06/2025 08:23",8,,,,Beni,"Sucursal Beni","No disponible",Salida,"Sin evento",
"09/06/2025 08:28",8708642,,,,Beni,"Sucursal Beni","No disponible",Salida,"Sin evento",
"09/06/2025 18:40",11,,,,Beni,"Sucursal Beni","No disponible",Salida,"Sin evento",
"09/06/2025 18:41",8708642,,,,Beni,"Sucursal Beni","No disponible",Salida,"Sin evento",
"09/06/2025 18:42",8,,,,Beni,"Sucursal Beni","No disponible",Salida,"Sin evento",
"10/06/2025 07:15",11,,,,Beni,"Sucursal Beni","No disponible",Salida,"Sin evento",
"10/06/2025 08:00",8,,,,Beni,"Sucursal Beni","No disponible",Salida,"Sin evento",
"10/06/2025 08:27",8708642,,,,Beni,"Sucursal Beni","No disponible",Salida,"Sin evento",
"10/06/2025 18:32",8708642,,,,Beni,"Sucursal Beni","No disponible",Salida,"Sin evento",
"10/06/2025 18:49",8,,,,Beni,"Sucursal Beni","No disponible",Salida,"Sin evento",
"10/06/2025 18:50",11,,,,Beni,"Sucursal Beni","No disponible",Salida,"Sin evento",
"11/06/2025 08:16",8,,,,Beni,"Sucursal Beni","No disponible",Salida,"Sin evento",
"11/06/2025 08:16",11,,,,Beni,"Sucursal Beni","No disponible",Salida,"Sin evento",
"11/06/2025 08:25",8708642,,,,Beni,"Sucursal Beni","No disponible",Salida,"Sin evento",
"11/06/2025 18:35",8708642,,,,Beni,"Sucursal Beni","No disponible",Salida,"Sin evento",
"11/06/2025 18:47",8,,,,Beni,"Sucursal Beni","No disponible",Salida,"Sin evento",
"11/06/2025 18:58",11,,,,Beni,"Sucursal Beni","No disponible",Salida,"Sin evento",
"12/06/2025 08:11",8,,,,Beni,"Sucursal Beni","No disponible",Salida,"Sin evento",
"12/06/2025 08:11",11,,,,Beni,"Sucursal Beni","No disponible",Salida,"Sin evento",
"12/06/2025 08:28",8708642,,,,Beni,"Sucursal Beni","No disponible",Salida,"Sin evento",
"12/06/2025 18:35",11,,,,Beni,"Sucursal Beni","No disponible",Salida,"Sin evento",
"12/06/2025 18:36",8708642,,,,Beni,"Sucursal Beni","No disponible",Salida,"Sin evento",
"12/06/2025 18:37",8,,,,Beni,"Sucursal Beni","No disponible",Salida,"Sin evento",
"13/06/2025 08:11",11,,,,Beni,"Sucursal Beni","No disponible",Salida,"Sin evento",
"13/06/2025 08:31",8,,,,Beni,"Sucursal Beni","No disponible",Salida,"Sin evento",
"13/06/2025 08:34",8708642,,,,Beni,"Sucursal Beni","No disponible",Salida,"Sin evento",
"13/06/2025 18:34",11,,,,Beni,"Sucursal Beni","No disponible",Salida,"Sin evento",
"13/06/2025 18:44",8,,,,Beni,"Sucursal Beni","No disponible",Salida,"Sin evento",
"13/06/2025 18:44",8708642,,,,Beni,"Sucursal Beni","No disponible",Salida,"Sin evento",
"16/06/2025 08:24",8,,,,Beni,"Sucursal Beni","No disponible",Salida,"Sin evento",
"16/06/2025 08:24",11,,,,Beni,"Sucursal Beni","No disponible",Salida,"Sin evento",
"16/06/2025 08:34",8708642,,,,Beni,"Sucursal Beni","No disponible",Salida,"Sin evento",
"16/06/2025 13:22",8,,,,Beni,"Sucursal Beni","No disponible",Salida,"Sin evento",
"16/06/2025 13:45",11,,,,Beni,"Sucursal Beni","No disponible",Salida,"Sin evento",
"17/06/2025 08:12",11,,,,Beni,"Sucursal Beni","No disponible",Salida,"Sin evento",
"17/06/2025 08:12",8,,,,Beni,"Sucursal Beni","No disponible",Salida,"Sin evento",
"17/06/2025 08:25",8708642,,,,Beni,"Sucursal Beni","No disponible",Salida,"Sin evento",
"17/06/2025 18:33",8,,,,Beni,"Sucursal Beni","No disponible",Salida,"Sin evento",
"17/06/2025 18:41",8708642,,,,Beni,"Sucursal Beni","No disponible",Salida,"Sin evento",
"18/06/2025 07:59",11,,,,Beni,"Sucursal Beni","No disponible",Salida,"Sin evento",
"18/06/2025 08:28",8708642,,,,Beni,"Sucursal Beni","No disponible",Salida,"Sin evento",
"18/06/2025 18:33",8708642,,,,Beni,"Sucursal Beni","No disponible",Salida,"Sin evento",
"18/06/2025 18:42",11,,,,Beni,"Sucursal Beni","No disponible",Salida,"Sin evento",
"18/06/2025 18:43",8,,,,Beni,"Sucursal Beni","No disponible",Salida,"Sin evento",
"20/06/2025 08:27",11,,,,Beni,"Sucursal Beni","No disponible",Salida,"Sin evento",
"20/06/2025 08:31",8708642,,,,Beni,"Sucursal Beni","No disponible",Salida,"Sin evento",
"20/06/2025 18:44",8,,,,Beni,"Sucursal Beni","No disponible",Salida,"Sin evento",
"20/06/2025 18:45",8708642,,,,Beni,"Sucursal Beni","No disponible",Salida,"Sin evento",
"20/06/2025 19:31",11,,,,Beni,"Sucursal Beni","No disponible",Salida,"Sin evento",
"23/06/2025 08:02",8,,,,Beni,"Sucursal Beni","No disponible",Salida,"Sin evento",
"23/06/2025 08:02",11,,,,Beni,"Sucursal Beni","No disponible",Salida,"Sin evento",
"23/06/2025 08:21",8708642,,,,Beni,"Sucursal Beni","No disponible",Salida,"Sin evento",
"23/06/2025 18:34",8708642,,,,Beni,"Sucursal Beni","No disponible",Salida,"Sin evento",
"23/06/2025 18:38",11,,,,Beni,"Sucursal Beni","No disponible",Salida,"Sin evento",
"23/06/2025 18:42",8,,,,Beni,"Sucursal Beni","No disponible",Salida,"Sin evento",
"24/06/2025 08:13",11,,,,Beni,"Sucursal Beni","No disponible",Salida,"Sin evento",
"24/06/2025 08:14",8,,,,Beni,"Sucursal Beni","No disponible",Salida,"Sin evento",
"24/06/2025 08:51",8708642,,,,Beni,"Sucursal Beni","No disponible",Salida,"Sin evento",
"24/06/2025 18:37",8708642,,,,Beni,"Sucursal Beni","No disponible",Salida,"Sin evento",
"24/06/2025 18:41",8,,,,Beni,"Sucursal Beni","No disponible",Salida,"Sin evento",
"24/06/2025 18:47",8,,,,Beni,"Sucursal Beni","No disponible",Salida,"Sin evento",
"24/06/2025 18:58",11,,,,Beni,"Sucursal Beni","No disponible",Salida,"Sin evento",
"25/06/2025 08:15",11,,,,Beni,"Sucursal Beni","No disponible",Salida,"Sin evento",
"25/06/2025 08:16",8,,,,Beni,"Sucursal Beni","No disponible",Salida,"Sin evento",
"25/06/2025 08:34",8708642,,,,Beni,"Sucursal Beni","No disponible",Salida,"Sin evento",
"25/06/2025 18:30",8708642,,,,Beni,"Sucursal Beni","No disponible",Salida,"Sin evento",
"25/06/2025 18:54",8,,,,Beni,"Sucursal Beni","No disponible",Salida,"Sin evento",
"25/06/2025 18:58",11,,,,Beni,"Sucursal Beni","No disponible",Salida,"Sin evento",
"26/06/2025 08:05",8,,,,Beni,"Sucursal Beni","No disponible",Salida,"Sin evento",
"26/06/2025 08:07",11,,,,Beni,"Sucursal Beni","No disponible",Salida,"Sin evento",
"26/06/2025 08:28",8708642,,,,Beni,"Sucursal Beni","No disponible",Salida,"Sin evento",
"26/06/2025 18:36",8708642,,,,Beni,"Sucursal Beni","No disponible",Salida,"Sin evento",
"26/06/2025 18:38",8,,,,Beni,"Sucursal Beni","No disponible",Salida,"Sin evento",
"26/06/2025 18:55",11,,,,Beni,"Sucursal Beni","No disponible",Salida,"Sin evento",
"27/06/2025 08:15",11,,,,Beni,"Sucursal Beni","No disponible",Salida,"Sin evento",
"27/06/2025 08:16",8,,,,Beni,"Sucursal Beni","No disponible",Salida,"Sin evento",
"27/06/2025 08:32",8708642,,,,Beni,"Sucursal Beni","No disponible",Salida,"Sin evento",
"27/06/2025 18:00",8,,,,Beni,"Sucursal Beni","No disponible",Salida,"Sin evento",
"27/06/2025 18:35",11,,,,Beni,"Sucursal Beni","No disponible",Salida,"Sin evento",
"27/06/2025 18:35",8708642,,,,Beni,"Sucursal Beni","No disponible",Salida,"Sin evento",
"30/06/2025 08:16",11,,,,Beni,"Sucursal Beni","No disponible","Estado 15","Sin evento",
"30/06/2025 08:17",8,,,,Beni,"Sucursal Beni","No disponible",Salida,"Sin evento",
"30/06/2025 18:28",8708642,,,,Beni,"Sucursal Beni","No disponible",Salida,"Sin evento",
"30/06/2025 18:46",8,,,,Beni,"Sucursal Beni","No disponible",Salida,"Sin evento",
"30/06/2025 18:47",11,,,,Beni,"Sucursal Beni","No disponible",Salida,"Sin evento",
"01/07/2025 08:23",11,,,,Beni,"Sucursal Beni","No disponible",Salida,"Sin evento",
"01/07/2025 08:28",8708642,,,,Beni,"Sucursal Beni","No disponible",Salida,"Sin evento",
"01/07/2025 15:29",11,,,,Beni,"Sucursal Beni","No disponible","Estado 15","Sin evento",
"01/07/2025 18:40",8708642,,,,Beni,"Sucursal Beni","No disponible",Salida,"Sin evento",
"01/07/2025 18:41",11,,,,Beni,"Sucursal Beni","No disponible",Salida,"Sin evento",
"02/07/2025 08:23",11,,,,Beni,"Sucursal Beni","No disponible",Salida,"Sin evento",
"02/07/2025 08:23",8,,,,Beni,"Sucursal Beni","No disponible",Salida,"Sin evento",
"02/07/2025 08:30",8708642,,,,Beni,"Sucursal Beni","No disponible",Salida,"Sin evento",
"02/07/2025 18:46",8708642,,,,Beni,"Sucursal Beni","No disponible",Salida,"Sin evento",
"02/07/2025 19:01",8,,,,Beni,"Sucursal Beni","No disponible",Salida,"Sin evento",
"02/07/2025 19:07",11,,,,Beni,"Sucursal Beni","No disponible",Salida,"Sin evento",
"03/07/2025 08:09",11,,,,Beni,"Sucursal Beni","No disponible",Salida,"Sin evento",
"03/07/2025 08:15",8,,,,Beni,"Sucursal Beni","No disponible",Salida,"Sin evento",
"03/07/2025 08:36",8708642,,,,Beni,"Sucursal Beni","No disponible","Estado 15","Sin evento",
"03/07/2025 18:42",8708642,,,,Beni,"Sucursal Beni","No disponible",Salida,"Sin evento",
"03/07/2025 19:04",8,,,,Beni,"Sucursal Beni","No disponible",Salida,"Sin evento",
"03/07/2025 19:07",11,,,,Beni,"Sucursal Beni","No disponible",Salida,"Sin evento",
"04/07/2025 08:11",8,,,,Beni,"Sucursal Beni","No disponible",Salida,"Sin evento",
"04/07/2025 08:11",11,,,,Beni,"Sucursal Beni","No disponible",Salida,"Sin evento",
"04/07/2025 08:37",8708642,,,,Beni,"Sucursal Beni","No disponible","Estado 15","Sin evento",
"04/07/2025 18:40",8,,,,Beni,"Sucursal Beni","No disponible",Salida,"Sin evento",
"04/07/2025 18:40",11,,,,Beni,"Sucursal Beni","No disponible",Salida,"Sin evento",
"04/07/2025 18:40",8708642,,,,Beni,"Sucursal Beni","No disponible",Salida,"Sin evento",
"07/07/2025 08:31",8,,,,Beni,"Sucursal Beni","No disponible",Salida,"Sin evento",
"07/07/2025 08:31",11,,,,Beni,"Sucursal Beni","No disponible","Estado 15","Sin evento",
"07/07/2025 08:56",8708642,,,,Beni,"Sucursal Beni","No disponible",Salida,"Sin evento",
"07/07/2025 18:45",11,,,,Beni,"Sucursal Beni","No disponible",Salida,"Sin evento",
"07/07/2025 18:46",8,,,,Beni,"Sucursal Beni","No disponible",Salida,"Sin evento",
"07/07/2025 18:46",8708642,,,,Beni,"Sucursal Beni","No disponible",Salida,"Sin evento",
"08/07/2025 08:08",11,,,,Beni,"Sucursal Beni","No disponible",Salida,"Sin evento",
"08/07/2025 08:15",8708642,,,,Beni,"Sucursal Beni","No disponible",Salida,"Sin evento",
"08/07/2025 08:34",8,,,,Beni,"Sucursal Beni","No disponible",Salida,"Sin evento",
"08/07/2025 18:41",8708642,,,,Beni,"Sucursal Beni","No disponible",Salida,"Sin evento",
"08/07/2025 18:42",11,,,,Beni,"Sucursal Beni","No disponible",Salida,"Sin evento",
"08/07/2025 18:44",8,,,,Beni,"Sucursal Beni","No disponible",Salida,"Sin evento",
"09/07/2025 08:34",8,,,,Beni,"Sucursal Beni","No disponible",Salida,"Sin evento",
"09/07/2025 08:34",8708642,,,,Beni,"Sucursal Beni","No disponible",Salida,"Sin evento",
"09/07/2025 08:34",11,,,,Beni,"Sucursal Beni","No disponible",Salida,"Sin evento",
"09/07/2025 18:39",8708642,,,,Beni,"Sucursal Beni","No disponible",Salida,"Sin evento",
"09/07/2025 18:49",11,,,,Beni,"Sucursal Beni","No disponible",Salida,"Sin evento",
"09/07/2025 18:52",8,,,,Beni,"Sucursal Beni","No disponible",Salida,"Sin evento",
"10/07/2025 08:05",8708642,,,,Beni,"Sucursal Beni","No disponible",Salida,"Sin evento",
"10/07/2025 08:05",11,,,,Beni,"Sucursal Beni","No disponible",Salida,"Sin evento",
"10/07/2025 08:34",8,,,,Beni,"Sucursal Beni","No disponible",Salida,"Sin evento",
"10/07/2025 18:32",8708642,,,,Beni,"Sucursal Beni","No disponible",Salida,"Sin evento",
"10/07/2025 18:34",8708642,,,,Beni,"Sucursal Beni","No disponible",Salida,"Sin evento",
"10/07/2025 18:34",11,,,,Beni,"Sucursal Beni","No disponible",Salida,"Sin evento",
"10/07/2025 18:35",8,,,,Beni,"Sucursal Beni","No disponible",Salida,"Sin evento",
"11/07/2025 07:58",11,,,,Beni,"Sucursal Beni","No disponible",Salida,"Sin evento",
"11/07/2025 08:19",8708642,,,,Beni,"Sucursal Beni","No disponible",Salida,"Sin evento",
"11/07/2025 08:36",8,,,,Beni,"Sucursal Beni","No disponible",Salida,"Sin evento",
"11/07/2025 18:43",11,,,,Beni,"Sucursal Beni","No disponible",Salida,"Sin evento",
"11/07/2025 18:44",8708642,,,,Beni,"Sucursal Beni","No disponible",Salida,"Sin evento",
"11/07/2025 18:45",8,,,,Beni,"Sucursal Beni","No disponible",Salida,"Sin evento",
"14/07/2025 08:36",8,,,,Beni,"Sucursal Beni","No disponible",Salida,"Sin evento",
"14/07/2025 08:36",11,,,,Beni,"Sucursal Beni","No disponible",Salida,"Sin evento",
"14/07/2025 08:36",8708642,,,,Beni,"Sucursal Beni","No disponible",Salida,"Sin evento",
"14/07/2025 18:34",8708642,,,,Beni,"Sucursal Beni","No disponible",Salida,"Sin evento",
"14/07/2025 18:46",11,,,,Beni,"Sucursal Beni","No disponible",Salida,"Sin evento",
"14/07/2025 18:47",8,,,,Beni,"Sucursal Beni","No disponible",Salida,"Sin evento",
"15/07/2025 08:03",11,,,,Beni,"Sucursal Beni","No disponible","Estado 15","Sin evento",
"15/07/2025 08:32",8,,,,Beni,"Sucursal Beni","No disponible",Salida,"Sin evento",
"15/07/2025 08:36",8708642,,,,Beni,"Sucursal Beni","No disponible","Estado 15","Sin evento",
"15/07/2025 18:39",8708642,,,,Beni,"Sucursal Beni","No disponible",Salida,"Sin evento",
"15/07/2025 18:40",8,,,,Beni,"Sucursal Beni","No disponible",Salida,"Sin evento",
"15/07/2025 18:43",11,,,,Beni,"Sucursal Beni","No disponible",Salida,"Sin evento",
"16/07/2025 08:10",11,,,,Beni,"Sucursal Beni","No disponible",Salida,"Sin evento",
"16/07/2025 08:27",8,,,,Beni,"Sucursal Beni","No disponible",Salida,"Sin evento",
"16/07/2025 08:34",8708642,,,,Beni,"Sucursal Beni","No disponible",Salida,"Sin evento",
"16/07/2025 18:24",8,,,,Beni,"Sucursal Beni","No disponible",Salida,"Sin evento",
"16/07/2025 18:52",11,,,,Beni,"Sucursal Beni","No disponible",Salida,"Sin evento",
"16/07/2025 18:55",8708642,,,,Beni,"Sucursal Beni","No disponible",Salida,"Sin evento",
"17/07/2025 08:20",11,,,,Beni,"Sucursal Beni","No disponible",Salida,"Sin evento",
"17/07/2025 08:27",8708642,,,,Beni,"Sucursal Beni","No disponible",Salida,"Sin evento",
"17/07/2025 18:42",8708642,,,,Beni,"Sucursal Beni","No disponible",Salida,"Sin evento",
"17/07/2025 18:44",8,,,,Beni,"Sucursal Beni","No disponible",Salida,"Sin evento",
"17/07/2025 19:00",11,,,,Beni,"Sucursal Beni","No disponible",Salida,"Sin evento",
"18/07/2025 08:21",11,,,,Beni,"Sucursal Beni","No disponible",Salida,"Sin evento",
"18/07/2025 08:30",8708642,,,,Beni,"Sucursal Beni","No disponible",Salida,"Sin evento",
"18/07/2025 08:39",8,,,,Beni,"Sucursal Beni","No disponible",Salida,"Sin evento",
"18/07/2025 18:34",11,,,,Beni,"Sucursal Beni","No disponible",Salida,"Sin evento",
"18/07/2025 18:34",8708642,,,,Beni,"Sucursal Beni","No disponible",Salida,"Sin evento",
"18/07/2025 18:35",8,,,,Beni,"Sucursal Beni","No disponible",Salida,"Sin evento",
"21/07/2025 08:25",11,,,,Beni,"Sucursal Beni","No disponible",Salida,"Sin evento",
"21/07/2025 08:25",8,,,,Beni,"Sucursal Beni","No disponible",Salida,"Sin evento",
"21/07/2025 08:33",8708642,,,,Beni,"Sucursal Beni","No disponible",Salida,"Sin evento",
"21/07/2025 18:38",8708642,,,,Beni,"Sucursal Beni","No disponible",Salida,"Sin evento",
"21/07/2025 18:40",8708642,,,,Beni,"Sucursal Beni","No disponible",Salida,"Sin evento",
"21/07/2025 18:48",8,,,,Beni,"Sucursal Beni","No disponible",Salida,"Sin evento",
"21/07/2025 18:51",11,,,,Beni,"Sucursal Beni","No disponible",Salida,"Sin evento",
"22/07/2025 08:08",11,,,,Beni,"Sucursal Beni","No disponible",Salida,"Sin evento",
"22/07/2025 08:32",8,,,,Beni,"Sucursal Beni","No disponible",Salida,"Sin evento",
"22/07/2025 08:33",8708642,,,,Beni,"Sucursal Beni","No disponible",Salida,"Sin evento",
"22/07/2025 18:21",8708642,,,,Beni,"Sucursal Beni","No disponible",Salida,"Sin evento",
"22/07/2025 18:43",11,,,,Beni,"Sucursal Beni","No disponible",Salida,"Sin evento",
"23/07/2025 08:14",11,,,,Beni,"Sucursal Beni","No disponible",Salida,"Sin evento",
"23/07/2025 08:32",8708642,,,,Beni,"Sucursal Beni","No disponible",Salida,"Sin evento",
"23/07/2025 08:35",8,,,,Beni,"Sucursal Beni","No disponible",Salida,"Sin evento",
"23/07/2025 18:37",8,,,,Beni,"Sucursal Beni","No disponible",Salida,"Sin evento",
"23/07/2025 18:38",8708642,,,,Beni,"Sucursal Beni","No disponible",Salida,"Sin evento",
"23/07/2025 19:06",11,,,,Beni,"Sucursal Beni","No disponible",Salida,"Sin evento",
"24/07/2025 08:04",11,,,,Beni,"Sucursal Beni","No disponible",Salida,"Sin evento",
"24/07/2025 08:29",8,,,,Beni,"Sucursal Beni","No disponible",Salida,"Sin evento",
"24/07/2025 08:33",8708642,,,,Beni,"Sucursal Beni","No disponible",Salida,"Sin evento",
"24/07/2025 18:48",8,,,,Beni,"Sucursal Beni","No disponible",Salida,"Sin evento",
"24/07/2025 18:49",11,,,,Beni,"Sucursal Beni","No disponible",Salida,"Sin evento",
"24/07/2025 18:51",8708642,,,,Beni,"Sucursal Beni","No disponible",Salida,"Sin evento",
"24/07/2025 18:55",11,,,,Beni,"Sucursal Beni","No disponible",Salida,"Sin evento",
"25/07/2025 08:03",11,,,,Beni,"Sucursal Beni","No disponible",Salida,"Sin evento",
"25/07/2025 08:21",8,,,,Beni,"Sucursal Beni","No disponible",Salida,"Sin evento",
"25/07/2025 08:33",8708642,,,,Beni,"Sucursal Beni","No disponible",Salida,"Sin evento",
"25/07/2025 18:39",8708642,,,,Beni,"Sucursal Beni","No disponible",Salida,"Sin evento",
"25/07/2025 18:48",11,,,,Beni,"Sucursal Beni","No disponible",Salida,"Sin evento",
"25/07/2025 18:49",8,,,,Beni,"Sucursal Beni","No disponible",Salida,"Sin evento",
"28/07/2025 08:09",8,,,,Beni,"Sucursal Beni","No disponible",Salida,"Sin evento",
"28/07/2025 08:09",11,,,,Beni,"Sucursal Beni","No disponible",Salida,"Sin evento",
"28/07/2025 08:23",8708642,,,,Beni,"Sucursal Beni","No disponible",Salida,"Sin evento",
"28/07/2025 18:38",11,,,,Beni,"Sucursal Beni","No disponible",Salida,"Sin evento",
"28/07/2025 18:39",8,,,,Beni,"Sucursal Beni","No disponible",Salida,"Sin evento",
"28/07/2025 18:40",8708642,,,,Beni,"Sucursal Beni","No disponible",Salida,"Sin evento",
"29/07/2025 07:48",8,,,,Beni,"Sucursal Beni","No disponible",Salida,"Sin evento",
"29/07/2025 08:19",11,,,,Beni,"Sucursal Beni","No disponible",Salida,"Sin evento",
"29/07/2025 18:24",8,,,,Beni,"Sucursal Beni","No disponible",Salida,"Sin evento",
"29/07/2025 18:34",8708642,,,,Beni,"Sucursal Beni","No disponible",Salida,"Sin evento",
"29/07/2025 18:37",8,,,,Beni,"Sucursal Beni","No disponible",Salida,"Sin evento",
"29/07/2025 18:47",11,,,,Beni,"Sucursal Beni","No disponible",Salida,"Sin evento",
"30/07/2025 08:10",8,,,,Beni,"Sucursal Beni","No disponible",Salida,"Sin evento",
"30/07/2025 08:12",11,,,,Beni,"Sucursal Beni","No disponible",Salida,"Sin evento",
"30/07/2025 08:34",8708642,,,,Beni,"Sucursal Beni","No disponible",Salida,"Sin evento",
"30/07/2025 18:10",8,,,,Beni,"Sucursal Beni","No disponible",Salida,"Sin evento",
"30/07/2025 18:49",8708642,,,,Beni,"Sucursal Beni","No disponible",Salida,"Sin evento",
"30/07/2025 18:56",11,,,,Beni,"Sucursal Beni","No disponible",Salida,"Sin evento",
"01/08/2025 07:59",8,,,,Beni,"Sucursal Beni","No disponible",Salida,"Sin evento",
"01/08/2025 07:59",11,,,,Beni,"Sucursal Beni","No disponible",Salida,"Sin evento",
"01/08/2025 18:41",11,,,,Beni,"Sucursal Beni","No disponible",Salida,"Sin evento",
"01/08/2025 18:42",8,,,,Beni,"Sucursal Beni","No disponible",Salida,"Sin evento",
"04/08/2025 08:06",8,,,,Beni,"Sucursal Beni","No disponible",Salida,"Sin evento",
"04/08/2025 08:10",11,,,,Beni,"Sucursal Beni","No disponible",Salida,"Sin evento",
"04/08/2025 08:28",8708642,,,,Beni,"Sucursal Beni","No disponible",Salida,"Sin evento",
"04/08/2025 18:33",8708642,,,,Beni,"Sucursal Beni","No disponible",Salida,"Sin evento",
"04/08/2025 18:45",8,,,,Beni,"Sucursal Beni","No disponible",Salida,"Sin evento",
"04/08/2025 18:49",11,,,,Beni,"Sucursal Beni","No disponible",Salida,"Sin evento",
"05/08/2025 08:18",11,,,,Beni,"Sucursal Beni","No disponible",Salida,"Sin evento",
"05/08/2025 08:29",8708642,,,,Beni,"Sucursal Beni","No disponible",Salida,"Sin evento",
"05/08/2025 08:33",8,,,,Beni,"Sucursal Beni","No disponible",Salida,"Sin evento",
"05/08/2025 18:43",8708642,,,,Beni,"Sucursal Beni","No disponible",Salida,"Sin evento",
"05/08/2025 18:55",8,,,,Beni,"Sucursal Beni","No disponible",Salida,"Sin evento",
"05/08/2025 19:00",11,,,,Beni,"Sucursal Beni","No disponible",Salida,"Sin evento",
"08/08/2025 08:02",11,,,,Beni,"Sucursal Beni","No disponible",Salida,"Sin evento",
"08/08/2025 08:02",8,,,,Beni,"Sucursal Beni","No disponible",Salida,"Sin evento",
"08/08/2025 08:28",8708642,,,,Beni,"Sucursal Beni","No disponible",Salida,"Sin evento",
"08/08/2025 18:37",8708642,,,,Beni,"Sucursal Beni","No disponible",Salida,"Sin evento",
"08/08/2025 18:39",11,,,,Beni,"Sucursal Beni","No disponible",Salida,"Sin evento",
"08/08/2025 18:49",8,,,,Beni,"Sucursal Beni","No disponible",Salida,"Sin evento",
"11/08/2025 07:50",8,,,,Beni,"Sucursal Beni","No disponible",Salida,"Sin evento",
"11/08/2025 08:11",11,,,,Beni,"Sucursal Beni","No disponible",Salida,"Sin evento",
"11/08/2025 08:35",8708642,,,,Beni,"Sucursal Beni","No disponible",Salida,"Sin evento",
"11/08/2025 18:33",8708642,,,,Beni,"Sucursal Beni","No disponible",Salida,"Sin evento",
"11/08/2025 18:41",11,,,,Beni,"Sucursal Beni","No disponible",Salida,"Sin evento",
"11/08/2025 18:46",8,,,,Beni,"Sucursal Beni","No disponible",Salida,"Sin evento",
"12/08/2025 08:05",8,,,,Beni,"Sucursal Beni","No disponible",Salida,"Sin evento",
"12/08/2025 08:05",11,,,,Beni,"Sucursal Beni","No disponible",Salida,"Sin evento",
"12/08/2025 08:32",8708642,,,,Beni,"Sucursal Beni","No disponible",Salida,"Sin evento",
"12/08/2025 18:30",8708642,,,,Beni,"Sucursal Beni","No disponible",Salida,"Sin evento",
"12/08/2025 18:37",8,,,,Beni,"Sucursal Beni","No disponible",Salida,"Sin evento",
"12/08/2025 18:43",11,,,,Beni,"Sucursal Beni","No disponible",Salida,"Sin evento",
"13/08/2025 07:54",11,,,,Beni,"Sucursal Beni","No disponible",Salida,"Sin evento",
"13/08/2025 08:28",8,,,,Beni,"Sucursal Beni","No disponible",Salida,"Sin evento",
"13/08/2025 08:31",8708642,,,,Beni,"Sucursal Beni","No disponible",Salida,"Sin evento",
"13/08/2025 18:32",8708642,,,,Beni,"Sucursal Beni","No disponible",Salida,"Sin evento",
"13/08/2025 18:57",11,,,,Beni,"Sucursal Beni","No disponible",Salida,"Sin evento",
"13/08/2025 19:01",8,,,,Beni,"Sucursal Beni","No disponible",Salida,"Sin evento",
"14/08/2025 08:00",8,,,,Beni,"Sucursal Beni","No disponible",Salida,"Sin evento",
"14/08/2025 08:21",11,,,,Beni,"Sucursal Beni","No disponible",Salida,"Sin evento",
"14/08/2025 08:26",8708642,,,,Beni,"Sucursal Beni","No disponible",Salida,"Sin evento",
"14/08/2025 18:18",8708642,,,,Beni,"Sucursal Beni","No disponible",Salida,"Sin evento",
"14/08/2025 18:47",11,,,,Beni,"Sucursal Beni","No disponible",Salida,"Sin evento",
"14/08/2025 18:47",8,,,,Beni,"Sucursal Beni","No disponible",Salida,"Sin evento",
"15/08/2025 07:31",8,,,,Beni,"Sucursal Beni","No disponible",Salida,"Sin evento",
"15/08/2025 08:27",8708642,,,,Beni,"Sucursal Beni","No disponible",Salida,"Sin evento",
"15/08/2025 18:37",8708642,,,,Beni,"Sucursal Beni","No disponible",Salida,"Sin evento",
"15/08/2025 18:48",8,,,,Beni,"Sucursal Beni","No disponible",Salida,"Sin evento",
"18/08/2025 07:42",8,,,,Beni,"Sucursal Beni","No disponible",Salida,"Sin evento",
"18/08/2025 08:28",8708642,,,,Beni,"Sucursal Beni","No disponible",Salida,"Sin evento",
"18/08/2025 18:29",8708642,,,,Beni,"Sucursal Beni","No disponible",Salida,"Sin evento",
"18/08/2025 18:53",8,,,,Beni,"Sucursal Beni","No disponible",Salida,"Sin evento",
"19/08/2025 08:11",8,,,,Beni,"Sucursal Beni","No disponible",Salida,"Sin evento",
"19/08/2025 08:26",8708642,,,,Beni,"Sucursal Beni","No disponible",Salida,"Sin evento",
"19/08/2025 18:40",8,,,,Beni,"Sucursal Beni","No disponible",Salida,"Sin evento",
"19/08/2025 18:41",8708642,,,,Beni,"Sucursal Beni","No disponible",Salida,"Sin evento",
"20/08/2025 08:19",8,,,,Beni,"Sucursal Beni","No disponible",Salida,"Sin evento",
"20/08/2025 08:19",11,,,,Beni,"Sucursal Beni","No disponible",Salida,"Sin evento",
"20/08/2025 08:30",8708642,,,,Beni,"Sucursal Beni","No disponible",Salida,"Sin evento",
"20/08/2025 18:41",8708642,,,,Beni,"Sucursal Beni","No disponible",Salida,"Sin evento",
"20/08/2025 18:45",11,,,,Beni,"Sucursal Beni","No disponible",Salida,"Sin evento",
"20/08/2025 18:47",8,,,,Beni,"Sucursal Beni","No disponible",Salida,"Sin evento",
"21/08/2025 07:33",11,,,,Beni,"Sucursal Beni","No disponible",Salida,"Sin evento",
"21/08/2025 07:52",8,,,,Beni,"Sucursal Beni","No disponible",Salida,"Sin evento",
"21/08/2025 08:17",8708642,,,,Beni,"Sucursal Beni","No disponible","Estado 15","Sin evento",
"21/08/2025 18:41",8708642,,,,Beni,"Sucursal Beni","No disponible",Salida,"Sin evento",
"21/08/2025 18:55",8,,,,Beni,"Sucursal Beni","No disponible",Salida,"Sin evento",
"21/08/2025 19:11",11,,,,Beni,"Sucursal Beni","No disponible",Salida,"Sin evento",
"22/08/2025 08:06",8708642,,,,Beni,"Sucursal Beni","No disponible",Salida,"Sin evento",
"22/08/2025 08:07",8,,,,Beni,"Sucursal Beni","No disponible",Salida,"Sin evento",
"22/08/2025 08:25",11,,,,Beni,"Sucursal Beni","No disponible",Salida,"Sin evento",
"22/08/2025 18:37",8708642,,,,Beni,"Sucursal Beni","No disponible",Salida,"Sin evento",
"22/08/2025 18:38",8708642,,,,Beni,"Sucursal Beni","No disponible",Salida,"Sin evento",
"22/08/2025 18:41",11,,,,Beni,"Sucursal Beni","No disponible",Salida,"Sin evento",
"22/08/2025 18:45",8,,,,Beni,"Sucursal Beni","No disponible",Salida,"Sin evento",
"25/08/2025 08:32",8,,,,Beni,"Sucursal Beni","No disponible",Salida,"Sin evento",
"25/08/2025 08:32",11,,,,Beni,"Sucursal Beni","No disponible","Estado 15","Sin evento",
"25/08/2025 08:33",8708642,,,,Beni,"Sucursal Beni","No disponible",Salida,"Sin evento",
"25/08/2025 18:28",8708642,,,,Beni,"Sucursal Beni","No disponible",Salida,"Sin evento",
"25/08/2025 18:52",8,,,,Beni,"Sucursal Beni","No disponible",Salida,"Sin evento",
"25/08/2025 19:06",11,,,,Beni,"Sucursal Beni","No disponible",Salida,"Sin evento",
"26/08/2025 08:05",11,,,,Beni,"Sucursal Beni","No disponible",Salida,"Sin evento",
"26/08/2025 08:30",8708642,,,,Beni,"Sucursal Beni","No disponible",Salida,"Sin evento",
"26/08/2025 08:31",8,,,,Beni,"Sucursal Beni","No disponible",Salida,"Sin evento",
"26/08/2025 18:33",8708642,,,,Beni,"Sucursal Beni","No disponible",Salida,"Sin evento",
"26/08/2025 18:47",8,,,,Beni,"Sucursal Beni","No disponible",Salida,"Sin evento",
"26/08/2025 18:55",11,,,,Beni,"Sucursal Beni","No disponible",Salida,"Sin evento",
"27/08/2025 07:57",11,,,,Beni,"Sucursal Beni","No disponible",Salida,"Sin evento",
"27/08/2025 08:33",8708642,,,,Beni,"Sucursal Beni","No disponible",Salida,"Sin evento",
"27/08/2025 08:36",8,,,,Beni,"Sucursal Beni","No disponible",Salida,"Sin evento",
"27/08/2025 18:36",8708642,,,,Beni,"Sucursal Beni","No disponible",Salida,"Sin evento",
"27/08/2025 18:51",11,,,,Beni,"Sucursal Beni","No disponible",Salida,"Sin evento",
"27/08/2025 18:51",8,,,,Beni,"Sucursal Beni","No disponible",Salida,"Sin evento",
"28/08/2025 07:54",8,,,,Beni,"Sucursal Beni","No disponible",Salida,"Sin evento",
"28/08/2025 07:54",11,,,,Beni,"Sucursal Beni","No disponible",Salida,"Sin evento",
"28/08/2025 08:31",8708642,,,,Beni,"Sucursal Beni","No disponible",Salida,"Sin evento",
"28/08/2025 18:30",8708642,,,,Beni,"Sucursal Beni","No disponible",Salida,"Sin evento",
"28/08/2025 18:44",8,,,,Beni,"Sucursal Beni","No disponible",Salida,"Sin evento",
"28/08/2025 18:49",11,,,,Beni,"Sucursal Beni","No disponible",Salida,"Sin evento",
"28/08/2025 18:54",11,,,,Beni,"Sucursal Beni","No disponible",Salida,"Sin evento",
"29/08/2025 08:15",11,,,,Beni,"Sucursal Beni","No disponible",Salida,"Sin evento",
"29/08/2025 08:26",8,,,,Beni,"Sucursal Beni","No disponible",Salida,"Sin evento",
"29/08/2025 08:26",8708642,,,,Beni,"Sucursal Beni","No disponible",Salida,"Sin evento",
"29/08/2025 18:36",8708642,,,,Beni,"Sucursal Beni","No disponible",Salida,"Sin evento",
"29/08/2025 18:39",11,,,,Beni,"Sucursal Beni","No disponible",Salida,"Sin evento",
"29/08/2025 18:40",8,,,,Beni,"Sucursal Beni","No disponible",Salida,"Sin evento",
"01/09/2025 08:19",11,,,,Beni,"Sucursal Beni","No disponible",Salida,"Sin evento",
"01/09/2025 08:26",8708642,,,,Beni,"Sucursal Beni","No disponible",Salida,"Sin evento",
"01/09/2025 08:32",8,,,,Beni,"Sucursal Beni","No disponible",Salida,"Sin evento",
"01/09/2025 18:29",8708642,,,,Beni,"Sucursal Beni","No disponible",Salida,"Sin evento",
"01/09/2025 18:50",11,,,,Beni,"Sucursal Beni","No disponible",Salida,"Sin evento",
"01/09/2025 19:07",8,,,,Beni,"Sucursal Beni","No disponible",Salida,"Sin evento",
"02/09/2025 07:42",8,,,,Beni,"Sucursal Beni","No disponible",Salida,"Sin evento",
"02/09/2025 08:18",11,,,,Beni,"Sucursal Beni","No disponible","Estado 15","Sin evento",
"02/09/2025 08:28",8708642,,,,Beni,"Sucursal Beni","No disponible",Salida,"Sin evento",
"02/09/2025 18:33",8708642,,,,Beni,"Sucursal Beni","No disponible",Salida,"Sin evento",
"02/09/2025 18:47",8,,,,Beni,"Sucursal Beni","No disponible",Salida,"Sin evento",
"02/09/2025 18:52",11,,,,Beni,"Sucursal Beni","No disponible",Salida,"Sin evento",
"03/09/2025 07:58",8,,,,Beni,"Sucursal Beni","No disponible",Salida,"Sin evento",
"03/09/2025 08:01",11,,,,Beni,"Sucursal Beni","No disponible",Salida,"Sin evento",
"03/09/2025 08:31",8708642,,,,Beni,"Sucursal Beni","No disponible",Salida,"Sin evento",
"03/09/2025 19:10",8708642,,,,Beni,"Sucursal Beni","No disponible",Salida,"Sin evento",
"03/09/2025 19:21",11,,,,Beni,"Sucursal Beni","No disponible",Salida,"Sin evento",
"03/09/2025 19:22",8,,,,Beni,"Sucursal Beni","No disponible",Salida,"Sin evento",
"04/09/2025 08:16",11,,,,Beni,"Sucursal Beni","No disponible","Estado 15","Sin evento",
"04/09/2025 08:17",8,,,,Beni,"Sucursal Beni","No disponible",Salida,"Sin evento",
"04/09/2025 08:28",8708642,,,,Beni,"Sucursal Beni","No disponible",Salida,"Sin evento",
"04/09/2025 18:39",8708642,,,,Beni,"Sucursal Beni","No disponible",Salida,"Sin evento",
"04/09/2025 19:02",8,,,,Beni,"Sucursal Beni","No disponible",Salida,"Sin evento",
"04/09/2025 19:03",11,,,,Beni,"Sucursal Beni","No disponible",Salida,"Sin evento",
"05/09/2025 07:58",11,,,,Beni,"Sucursal Beni","No disponible","Estado 15","Sin evento",
"05/09/2025 08:20",8,,,,Beni,"Sucursal Beni","No disponible",Salida,"Sin evento",
"05/09/2025 08:38",8708642,,,,Beni,"Sucursal Beni","No disponible",Salida,"Sin evento",
"05/09/2025 18:50",11,,,,Beni,"Sucursal Beni","No disponible",Salida,"Sin evento",
"05/09/2025 18:58",8708642,,,,Beni,"Sucursal Beni","No disponible",Salida,"Sin evento",
"05/09/2025 19:00",8,,,,Beni,"Sucursal Beni","No disponible",Salida,"Sin evento",
"08/09/2025 07:54",11,,,,Beni,"Sucursal Beni","No disponible",Salida,"Sin evento",
"08/09/2025 08:28",8,,,,Beni,"Sucursal Beni","No disponible",Salida,"Sin evento",
"08/09/2025 08:39",8708642,,,,Beni,"Sucursal Beni","No disponible",Salida,"Sin evento",
"08/09/2025 18:47",8708642,,,,Beni,"Sucursal Beni","No disponible",Salida,"Sin evento",
"08/09/2025 18:49",11,,,,Beni,"Sucursal Beni","No disponible",Salida,"Sin evento",
"09/09/2025 07:32",8,,,,Beni,"Sucursal Beni","No disponible",Salida,"Sin evento",
"09/09/2025 07:49",11,,,,Beni,"Sucursal Beni","No disponible",Salida,"Sin evento",
"09/09/2025 08:28",8708642,,,,Beni,"Sucursal Beni","No disponible",Salida,"Sin evento",
"09/09/2025 18:38",8708642,,,,Beni,"Sucursal Beni","No disponible",Salida,"Sin evento",
"09/09/2025 18:56",11,,,,Beni,"Sucursal Beni","No disponible",Salida,"Sin evento",
"09/09/2025 18:58",8,,,,Beni,"Sucursal Beni","No disponible",Salida,"Sin evento",
"10/09/2025 08:07",11,,,,Beni,"Sucursal Beni","No disponible",Salida,"Sin evento",
"10/09/2025 08:27",8708642,,,,Beni,"Sucursal Beni","No disponible",Salida,"Sin evento",
"10/09/2025 08:33",8,,,,Beni,"Sucursal Beni","No disponible",Salida,"Sin evento",
"10/09/2025 18:32",8708642,,,,Beni,"Sucursal Beni","No disponible",Salida,"Sin evento",
"10/09/2025 18:49",11,,,,Beni,"Sucursal Beni","No disponible",Salida,"Sin evento",
"10/09/2025 18:51",8,,,,Beni,"Sucursal Beni","No disponible",Salida,"Sin evento",
"11/09/2025 07:43",11,,,,Beni,"Sucursal Beni","No disponible",Salida,"Sin evento",
"11/09/2025 08:14",8,,,,Beni,"Sucursal Beni","No disponible",Salida,"Sin evento",
"11/09/2025 08:29",8708642,,,,Beni,"Sucursal Beni","No disponible",Salida,"Sin evento",
"11/09/2025 18:29",8708642,,,,Beni,"Sucursal Beni","No disponible",Salida,"Sin evento",
"11/09/2025 18:54",8,,,,Beni,"Sucursal Beni","No disponible",Salida,"Sin evento",
"11/09/2025 18:57",11,,,,Beni,"Sucursal Beni","No disponible",Salida,"Sin evento",
"12/09/2025 07:53",11,,,,Beni,"Sucursal Beni","No disponible",Salida,"Sin evento",
"12/09/2025 08:33",8,,,,Beni,"Sucursal Beni","No disponible",Salida,"Sin evento",
"12/09/2025 18:30",8708642,,,,Beni,"Sucursal Beni","No disponible",Salida,"Sin evento",
"12/09/2025 18:33",8,,,,Beni,"Sucursal Beni","No disponible",Salida,"Sin evento",
"12/09/2025 18:39",11,,,,Beni,"Sucursal Beni","No disponible",Salida,"Sin evento",
"15/09/2025 08:00",11,,,,Beni,"Sucursal Beni","No disponible",Salida,"Sin evento",
"15/09/2025 08:29",8708642,,,,Beni,"Sucursal Beni","No disponible",Salida,"Sin evento",
"15/09/2025 08:32",8,,,,Beni,"Sucursal Beni","No disponible",Salida,"Sin evento",
"15/09/2025 18:29",8708642,,,,Beni,"Sucursal Beni","No disponible",Salida,"Sin evento",
"15/09/2025 18:40",11,,,,Beni,"Sucursal Beni","No disponible",Salida,"Sin evento",
"15/09/2025 18:41",8,,,,Beni,"Sucursal Beni","No disponible",Salida,"Sin evento",
"16/09/2025 07:54",8,,,,Beni,"Sucursal Beni","No disponible",Salida,"Sin evento",
"16/09/2025 07:56",11,,,,Beni,"Sucursal Beni","No disponible",Salida,"Sin evento",
"16/09/2025 18:31",8708642,,,,Beni,"Sucursal Beni","No disponible",Salida,"Sin evento",
"16/09/2025 18:39",11,,,,Beni,"Sucursal Beni","No disponible",Salida,"Sin evento",
"16/09/2025 18:43",8,,,,Beni,"Sucursal Beni","No disponible",Salida,"Sin evento",
"17/09/2025 08:05",11,,,,Beni,"Sucursal Beni","No disponible",Salida,"Sin evento",
"17/09/2025 08:25",8,,,,Beni,"Sucursal Beni","No disponible",Salida,"Sin evento",
"17/09/2025 08:31",8708642,,,,Beni,"Sucursal Beni","No disponible",Salida,"Sin evento",
"17/09/2025 18:24",8708642,,,,Beni,"Sucursal Beni","No disponible",Salida,"Sin evento",
"17/09/2025 18:35",11,,,,Beni,"Sucursal Beni","No disponible",Salida,"Sin evento",
"17/09/2025 18:35",8,,,,Beni,"Sucursal Beni","No disponible",Salida,"Sin evento",
"18/09/2025 07:58",11,,,,Beni,"Sucursal Beni","No disponible",Salida,"Sin evento",
"18/09/2025 08:31",8708642,,,,Beni,"Sucursal Beni","No disponible",Salida,"Sin evento",
"18/09/2025 08:34",8,,,,Beni,"Sucursal Beni","No disponible",Salida,"Sin evento",
"18/09/2025 18:32",8708642,,,,Beni,"Sucursal Beni","No disponible",Salida,"Sin evento",
"18/09/2025 18:39",11,,,,Beni,"Sucursal Beni","No disponible",Salida,"Sin evento",
"18/09/2025 18:39",8,,,,Beni,"Sucursal Beni","No disponible",Salida,"Sin evento",
"19/09/2025 08:09",11,,,,Beni,"Sucursal Beni","No disponible",Salida,"Sin evento",
"19/09/2025 08:30",8,,,,Beni,"Sucursal Beni","No disponible",Salida,"Sin evento",
"19/09/2025 08:30",8708642,,,,Beni,"Sucursal Beni","No disponible",Salida,"Sin evento",
"19/09/2025 18:24",8,,,,Beni,"Sucursal Beni","No disponible",Salida,"Sin evento",
"19/09/2025 18:32",11,,,,Beni,"Sucursal Beni","No disponible",Salida,"Sin evento",
"19/09/2025 18:32",8708642,,,,Beni,"Sucursal Beni","No disponible",Salida,"Sin evento",
"22/09/2025 07:47",8,,,,Beni,"Sucursal Beni","No disponible",Salida,"Sin evento",
"22/09/2025 07:55",11,,,,Beni,"Sucursal Beni","No disponible",Salida,"Sin evento",
"22/09/2025 08:35",8708642,,,,Beni,"Sucursal Beni","No disponible",Salida,"Sin evento",
"22/09/2025 18:38",11,,,,Beni,"Sucursal Beni","No disponible",Salida,"Sin evento",
"22/09/2025 18:38",8,,,,Beni,"Sucursal Beni","No disponible",Salida,"Sin evento",
"22/09/2025 18:39",8708642,,,,Beni,"Sucursal Beni","No disponible",Salida,"Sin evento",
"23/09/2025 08:07",11,,,,Beni,"Sucursal Beni","No disponible",Salida,"Sin evento",
"23/09/2025 08:31",8708642,,,,Beni,"Sucursal Beni","No disponible",Salida,"Sin evento",
"23/09/2025 08:33",8,,,,Beni,"Sucursal Beni","No disponible",Salida,"Sin evento",
"23/09/2025 18:36",8708642,,,,Beni,"Sucursal Beni","No disponible",Salida,"Sin evento",
"23/09/2025 18:44",8,,,,Beni,"Sucursal Beni","No disponible",Salida,"Sin evento",
"23/09/2025 18:52",11,,,,Beni,"Sucursal Beni","No disponible",Salida,"Sin evento",
"24/09/2025 08:26",8,,,,Beni,"Sucursal Beni","No disponible",Salida,"Sin evento",
"24/09/2025 08:26",11,,,,Beni,"Sucursal Beni","No disponible",Salida,"Sin evento",
"24/09/2025 08:26",8708642,,,,Beni,"Sucursal Beni","No disponible",Salida,"Sin evento",
"24/09/2025 18:31",8708642,,,,Beni,"Sucursal Beni","No disponible",Salida,"Sin evento",
"24/09/2025 18:35",8,,,,Beni,"Sucursal Beni","No disponible",Salida,"Sin evento",
"24/09/2025 18:37",11,,,,Beni,"Sucursal Beni","No disponible",Salida,"Sin evento",
"24/09/2025 18:41",11,,,,Beni,"Sucursal Beni","No disponible",Salida,"Sin evento",
"25/09/2025 07:57",11,,,,Beni,"Sucursal Beni","No disponible",Salida,"Sin evento",
"25/09/2025 08:33",8708642,,,,Beni,"Sucursal Beni","No disponible",Salida,"Sin evento",
"25/09/2025 08:37",8,,,,Beni,"Sucursal Beni","No disponible",Salida,"Sin evento",
"25/09/2025 18:35",8708642,,,,Beni,"Sucursal Beni","No disponible",Salida,"Sin evento",
"25/09/2025 18:39",11,,,,Beni,"Sucursal Beni","No disponible",Salida,"Sin evento",
"25/09/2025 18:41",8,,,,Beni,"Sucursal Beni","No disponible",Salida,"Sin evento",
"26/09/2025 08:17",11,,,,Beni,"Sucursal Beni","No disponible",Salida,"Sin evento",
"26/09/2025 08:30",8708642,,,,Beni,"Sucursal Beni","No disponible",Salida,"Sin evento",
"26/09/2025 08:36",8,,,,Beni,"Sucursal Beni","No disponible",Salida,"Sin evento",
"26/09/2025 18:31",11,,,,Beni,"Sucursal Beni","No disponible",Salida,"Sin evento",
"26/09/2025 18:31",8708642,,,,Beni,"Sucursal Beni","No disponible",Salida,"Sin evento",
"26/09/2025 18:32",8,,,,Beni,"Sucursal Beni","No disponible",Salida,"Sin evento",
"29/09/2025 07:39",8,,,,Beni,"Sucursal Beni","No disponible",Salida,"Sin evento",
"29/09/2025 07:56",11,,,,Beni,"Sucursal Beni","No disponible",Salida,"Sin evento",
"29/09/2025 08:30",8708642,,,,Beni,"Sucursal Beni","No disponible",Salida,"Sin evento",
"29/09/2025 18:30",8708642,,,,Beni,"Sucursal Beni","No disponible",Salida,"Sin evento",
"29/09/2025 18:34",8,,,,Beni,"Sucursal Beni","No disponible",Salida,"Sin evento",
"29/09/2025 18:50",11,,,,Beni,"Sucursal Beni","No disponible",Salida,"Sin evento",
"30/09/2025 07:45",8,,,,Beni,"Sucursal Beni","No disponible",Salida,"Sin evento",
"30/09/2025 07:54",11,,,,Beni,"Sucursal Beni","No disponible",Salida,"Sin evento",
"30/09/2025 08:34",8708642,,,,Beni,"Sucursal Beni","No disponible",Salida,"Sin evento",
"30/09/2025 18:39",8708642,,,,Beni,"Sucursal Beni","No disponible",Salida,"Sin evento",
"30/09/2025 18:39",11,,,,Beni,"Sucursal Beni","No disponible",Salida,"Sin evento",
"30/09/2025 18:41",8,,,,Beni,"Sucursal Beni","No disponible",Salida,"Sin evento",
"01/10/2025 07:58",11,,,,Beni,"Sucursal Beni","No disponible",Salida,"Sin evento",
"01/10/2025 08:32",8708642,,,,Beni,"Sucursal Beni","No disponible",Salida,"Sin evento",
"01/10/2025 08:35",8,,,,Beni,"Sucursal Beni","No disponible",Salida,"Sin evento",
"01/10/2025 18:32",8708642,,,,Beni,"Sucursal Beni","No disponible",Salida,"Sin evento",
"01/10/2025 18:51",8,,,,Beni,"Sucursal Beni","No disponible",Salida,"Sin evento",
"01/10/2025 18:55",11,,,,Beni,"Sucursal Beni","No disponible",Salida,"Sin evento",
"02/10/2025 07:52",8,,,,Beni,"Sucursal Beni","No disponible",Salida,"Sin evento",
"02/10/2025 07:52",11,,,,Beni,"Sucursal Beni","No disponible",Salida,"Sin evento",
"02/10/2025 08:31",8708642,,,,Beni,"Sucursal Beni","No disponible",Salida,"Sin evento",
"02/10/2025 18:24",8708642,,,,Beni,"Sucursal Beni","No disponible",Salida,"Sin evento",
"02/10/2025 18:52",8,,,,Beni,"Sucursal Beni","No disponible",Salida,"Sin evento",
"02/10/2025 18:57",11,,,,Beni,"Sucursal Beni","No disponible",Salida,"Sin evento",
"03/10/2025 07:36",8,,,,Beni,"Sucursal Beni","No disponible",Salida,"Sin evento",
"03/10/2025 07:58",11,,,,Beni,"Sucursal Beni","No disponible","Estado 15","Sin evento",
"03/10/2025 08:30",8708642,,,,Beni,"Sucursal Beni","No disponible",Salida,"Sin evento",
"03/10/2025 18:50",11,,,,Beni,"Sucursal Beni","No disponible",Salida,"Sin evento",
"03/10/2025 18:54",8708642,,,,Beni,"Sucursal Beni","No disponible",Salida,"Sin evento",
"03/10/2025 18:54",8,,,,Beni,"Sucursal Beni","No disponible",Salida,"Sin evento",
"06/10/2025 07:57",11,,,,Beni,"Sucursal Beni","No disponible",Salida,"Sin evento",
"06/10/2025 08:22",8708642,,,,Beni,"Sucursal Beni","No disponible",Salida,"Sin evento",
"06/10/2025 08:31",8,,,,Beni,"Sucursal Beni","No disponible",Salida,"Sin evento",
"06/10/2025 18:32",8708642,,,,Beni,"Sucursal Beni","No disponible",Salida,"Sin evento",
"06/10/2025 18:32",11,,,,Beni,"Sucursal Beni","No disponible",Salida,"Sin evento",
"06/10/2025 18:34",8,,,,Beni,"Sucursal Beni","No disponible",Salida,"Sin evento",
"07/10/2025 08:23",11,,,,Beni,"Sucursal Beni","No disponible",Salida,"Sin evento",
"07/10/2025 08:32",8,,,,Beni,"Sucursal Beni","No disponible",Salida,"Sin evento",
"07/10/2025 18:15",8708642,,,,Beni,"Sucursal Beni","No disponible",Salida,"Sin evento",
"07/10/2025 18:16",11,,,,Beni,"Sucursal Beni","No disponible",Salida,"Sin evento",
"07/10/2025 18:19",8,,,,Beni,"Sucursal Beni","No disponible",Salida,"Sin evento",
"08/10/2025 07:58",11,,,,Beni,"Sucursal Beni","No disponible","Estado 15","Sin evento",
"08/10/2025 08:25",8708642,,,,Beni,"Sucursal Beni","No disponible",Salida,"Sin evento",
"08/10/2025 08:32",8,,,,Beni,"Sucursal Beni","No disponible",Salida,"Sin evento",
"08/10/2025 18:55",8708642,,,,Beni,"Sucursal Beni","No disponible",Salida,"Sin evento",
"08/10/2025 19:03",11,,,,Beni,"Sucursal Beni","No disponible",Salida,"Sin evento",
"08/10/2025 19:04",8,,,,Beni,"Sucursal Beni","No disponible",Salida,"Sin evento",
"09/10/2025 07:32",11,,,,Beni,"Sucursal Beni","No disponible",Salida,"Sin evento",
"09/10/2025 07:42",8708642,,,,Beni,"Sucursal Beni","No disponible",Salida,"Sin evento",
"09/10/2025 08:06",8,,,,Beni,"Sucursal Beni","No disponible",Salida,"Sin evento",
"09/10/2025 18:38",8,,,,Beni,"Sucursal Beni","No disponible",Salida,"Evento 5",
"09/10/2025 18:39",11,,,,Beni,"Sucursal Beni","No disponible",Salida,"Evento 5",
"09/10/2025 18:39",8708642,,,,Beni,"Sucursal Beni","No disponible",Salida,"Evento 5",
"10/10/2025 08:01",11,,,,Beni,"Sucursal Beni","No disponible",Salida,"Evento 5",
"10/10/2025 08:28",8708642,,,,Beni,"Sucursal Beni","No disponible",Salida,"Evento 5",
"10/10/2025 08:31",8,,,,Beni,"Sucursal Beni","No disponible",Salida,"Evento 5",
"10/10/2025 18:29",8708642,,,,Beni,"Sucursal Beni","No disponible",Salida,"Evento 5",
"10/10/2025 18:32",8,,,,Beni,"Sucursal Beni","No disponible",Salida,"Evento 5",
"10/10/2025 18:57",11,,,,Beni,"Sucursal Beni","No disponible",Salida,"Evento 5",
"13/10/2025 08:26",11,,,,Beni,"Sucursal Beni","No disponible",Salida,"Evento 5",
"13/10/2025 08:31",8708642,,,,Beni,"Sucursal Beni","No disponible",Salida,"Evento 5",
"13/10/2025 08:33",8,,,,Beni,"Sucursal Beni","No disponible",Salida,"Evento 5",
"13/10/2025 18:31",11,,,,Beni,"Sucursal Beni","No disponible",Salida,"Evento 5",
"13/10/2025 18:31",8,,,,Beni,"Sucursal Beni","No disponible",Salida,"Evento 5",
"13/10/2025 18:31",8708642,,,,Beni,"Sucursal Beni","No disponible",Salida,"Evento 5",
"14/10/2025 07:59",11,,,,Beni,"Sucursal Beni","No disponible",Salida,"Evento 5",
"14/10/2025 08:31",8,,,,Beni,"Sucursal Beni","No disponible",Salida,"Evento 5",
"14/10/2025 08:33",8708642,,,,Beni,"Sucursal Beni","No disponible",Salida,"Evento 5",
"14/10/2025 18:37",8708642,,,,Beni,"Sucursal Beni","No disponible",Salida,"Evento 5",
"14/10/2025 19:11",11,,,,Beni,"Sucursal Beni","No disponible","Estado 15","Evento 5",
"15/10/2025 07:51",11,,,,Beni,"Sucursal Beni","No disponible",Salida,"Evento 5",
"15/10/2025 08:25",8708642,,,,Beni,"Sucursal Beni","No disponible",Salida,"Evento 5",
"15/10/2025 08:29",8,,,,Beni,"Sucursal Beni","No disponible",Salida,"Evento 5",
"15/10/2025 08:34",7,,,,Beni,"Sucursal Beni","No disponible","Retorno de descanso","Evento 5",
"15/10/2025 18:14",8,,,,Beni,"Sucursal Beni","No disponible",Salida,"Evento 5",
"15/10/2025 18:33",8708642,,,,Beni,"Sucursal Beni","No disponible",Salida,"Evento 5",
"15/10/2025 19:07",11,,,,Beni,"Sucursal Beni","No disponible",Salida,"Evento 5",
"16/10/2025 07:48",11,,,,Beni,"Sucursal Beni","No disponible","Estado 15","Evento 5",
"16/10/2025 08:25",8708642,,,,Beni,"Sucursal Beni","No disponible",Salida,"Evento 5",
"16/10/2025 08:32",8,,,,Beni,"Sucursal Beni","No disponible",Salida,"Evento 5",
"16/10/2025 18:03",11,,,,Beni,"Sucursal Beni","No disponible","Estado 15","Evento 5",
"16/10/2025 18:38",8,,,,Beni,"Sucursal Beni","No disponible",Salida,"Evento 5",
"16/10/2025 18:40",8708642,,,,Beni,"Sucursal Beni","No disponible",Salida,"Evento 5",
"17/10/2025 07:57",11,,,,Beni,"Sucursal Beni","No disponible",Salida,"Evento 5",
"17/10/2025 08:27",8,,,,Beni,"Sucursal Beni","No disponible",Salida,"Evento 5",
"17/10/2025 08:32",8708642,,,,Beni,"Sucursal Beni","No disponible",Salida,"Evento 5",
"17/10/2025 18:41",8708642,,,,Beni,"Sucursal Beni","No disponible",Salida,"Evento 5",
"17/10/2025 18:49",8,,,,Beni,"Sucursal Beni","No disponible",Salida,"Evento 5",
"17/10/2025 18:53",11,,,,Beni,"Sucursal Beni","No disponible",Salida,"Evento 5",
"20/10/2025 07:21",8,,,,Beni,"Sucursal Beni","No disponible",Salida,"Evento 5",
"20/10/2025 08:05",11,,,,Beni,"Sucursal Beni","No disponible",Salida,"Evento 5",
"20/10/2025 08:08",8708642,,,,Beni,"Sucursal Beni","No disponible",Salida,"Evento 5",
"20/10/2025 18:32",11,,,,Beni,"Sucursal Beni","No disponible",Salida,"Evento 5",
"20/10/2025 18:32",8708642,,,,Beni,"Sucursal Beni","No disponible",Salida,"Evento 5",
"20/10/2025 18:33",8,,,,Beni,"Sucursal Beni","No disponible",Salida,"Evento 5",
"21/10/2025 07:43",11,,,,Beni,"Sucursal Beni","No disponible",Salida,"Evento 5",
"21/10/2025 08:30",8708642,,,,Beni,"Sucursal Beni","No disponible",Salida,"Evento 5",
"21/10/2025 18:36",11,,,,Beni,"Sucursal Beni","No disponible",Salida,"Evento 5",
"21/10/2025 18:36",8708642,,,,Beni,"Sucursal Beni","No disponible",Salida,"Evento 5",
"21/10/2025 18:38",8,,,,Beni,"Sucursal Beni","No disponible",Salida,"Evento 5",
"22/10/2025 07:52",8,,,,Beni,"Sucursal Beni","No disponible",Salida,"Evento 5",
"22/10/2025 07:52",11,,,,Beni,"Sucursal Beni","No disponible",Salida,"Evento 5",
"22/10/2025 08:19",8708642,,,,Beni,"Sucursal Beni","No disponible",Salida,"Evento 5",
"22/10/2025 18:38",8708642,,,,Beni,"Sucursal Beni","No disponible",Salida,"Evento 5",
"22/10/2025 18:39",8,,,,Beni,"Sucursal Beni","No disponible",Salida,"Evento 5",
"22/10/2025 18:41",11,,,,Beni,"Sucursal Beni","No disponible",Salida,"Evento 5",
"23/10/2025 07:55",11,,,,Beni,"Sucursal Beni","No disponible","Estado 15","Evento 5",
"23/10/2025 08:20",8708642,,,,Beni,"Sucursal Beni","No disponible",Salida,"Evento 5",
"23/10/2025 08:31",8,,,,Beni,"Sucursal Beni","No disponible",Salida,"Evento 5",
"23/10/2025 18:39",8708642,,,,Beni,"Sucursal Beni","No disponible",Salida,"Evento 5",
"23/10/2025 18:41",11,,,,Beni,"Sucursal Beni","No disponible",Salida,"Evento 5",
"23/10/2025 18:41",8,,,,Beni,"Sucursal Beni","No disponible",Salida,"Evento 5",
"24/10/2025 07:53",11,,,,Beni,"Sucursal Beni","No disponible",Salida,"Evento 5",
"24/10/2025 08:23",8,,,,Beni,"Sucursal Beni","No disponible",Salida,"Evento 5",
"24/10/2025 08:28",8708642,,,,Beni,"Sucursal Beni","No disponible",Salida,"Evento 5",
"24/10/2025 18:31",8,,,,Beni,"Sucursal Beni","No disponible",Salida,"Evento 5",
"24/10/2025 18:34",11,,,,Beni,"Sucursal Beni","No disponible",Salida,"Evento 5",
"24/10/2025 18:45",11,,,,Beni,"Sucursal Beni","No disponible",Salida,"Evento 5",
"24/10/2025 18:53",8708642,,,,Beni,"Sucursal Beni","No disponible",Salida,"Evento 5",
"27/10/2025 08:24",8,,,,Beni,"Sucursal Beni","No disponible",Salida,"Evento 5",
"27/10/2025 08:24",11,,,,Beni,"Sucursal Beni","No disponible",Salida,"Evento 5",
"27/10/2025 18:52",11,,,,Beni,"Sucursal Beni","No disponible","Estado 15","Evento 5",
"27/10/2025 18:52",8,,,,Beni,"Sucursal Beni","No disponible",Salida,"Evento 5",
"27/10/2025 18:56",8708642,,,,Beni,"Sucursal Beni","No disponible",Salida,"Evento 5",
"28/10/2025 07:54",11,,,,Beni,"Sucursal Beni","No disponible",Salida,"Evento 5",
"28/10/2025 08:29",8708642,,,,Beni,"Sucursal Beni","No disponible",Salida,"Evento 5",
"28/10/2025 08:32",8,,,,Beni,"Sucursal Beni","No disponible",Salida,"Evento 5",
"28/10/2025 18:36",8708642,,,,Beni,"Sucursal Beni","No disponible",Salida,"Evento 5",
"28/10/2025 18:51",8,,,,Beni,"Sucursal Beni","No disponible",Salida,"Evento 5",
"28/10/2025 18:54",11,,,,Beni,"Sucursal Beni","No disponible",Salida,"Evento 5",
"29/10/2025 08:06",11,,,,Beni,"Sucursal Beni","No disponible",Salida,"Evento 5",
"29/10/2025 08:29",8708642,,,,Beni,"Sucursal Beni","No disponible",Salida,"Evento 5",
"29/10/2025 08:34",8,,,,Beni,"Sucursal Beni","No disponible",Salida,"Evento 5",
"29/10/2025 18:52",8708642,,,,Beni,"Sucursal Beni","No disponible",Salida,"Evento 5",
"29/10/2025 19:04",11,,,,Beni,"Sucursal Beni","No disponible",Salida,"Evento 5",
"29/10/2025 19:05",8,,,,Beni,"Sucursal Beni","No disponible",Salida,"Evento 5",
"30/10/2025 08:01",11,,,,Beni,"Sucursal Beni","No disponible","Estado 15","Evento 5",
"30/10/2025 08:32",8708642,,,,Beni,"Sucursal Beni","No disponible",Salida,"Evento 5",
"30/10/2025 08:35",8,,,,Beni,"Sucursal Beni","No disponible",Salida,"Evento 5",
"30/10/2025 18:24",8708642,,,,Beni,"Sucursal Beni","No disponible",Salida,"Evento 5",
"30/10/2025 18:55",11,,,,Beni,"Sucursal Beni","No disponible",Salida,"Evento 5",
"30/10/2025 18:57",8,,,,Beni,"Sucursal Beni","No disponible",Salida,"Evento 5",
"31/10/2025 07:58",11,,,,Beni,"Sucursal Beni","No disponible",Salida,"Evento 5",
"31/10/2025 08:25",8708642,,,,Beni,"Sucursal Beni","No disponible",Salida,"Evento 5",
"31/10/2025 14:26",11,,,,Beni,"Sucursal Beni","No disponible",Salida,"Evento 5",
"31/10/2025 18:43",8708642,,,,Beni,"Sucursal Beni","No disponible",Salida,"Evento 5",
"31/10/2025 18:43",8,,,,Beni,"Sucursal Beni","No disponible",Salida,"Evento 5",
"04/11/2025 07:50",11,,,,Beni,"Sucursal Beni","No disponible",Salida,"Evento 5",
"04/11/2025 08:31",8708642,,,,Beni,"Sucursal Beni","No disponible",Salida,"Evento 5",
"04/11/2025 08:32",8,,,,Beni,"Sucursal Beni","No disponible",Salida,"Evento 5",
"04/11/2025 18:44",8708642,,,,Beni,"Sucursal Beni","No disponible",Salida,"Evento 5",
"04/11/2025 18:49",11,,,,Beni,"Sucursal Beni","No disponible",Salida,"Evento 5",
"04/11/2025 18:58",8,,,,Beni,"Sucursal Beni","No disponible",Salida,"Evento 5",
"05/11/2025 07:58",11,,,,Beni,"Sucursal Beni","No disponible","Estado 15","Evento 5",
"05/11/2025 08:29",8708642,,,,Beni,"Sucursal Beni","No disponible",Salida,"Evento 5",
"05/11/2025 08:37",8,,,,Beni,"Sucursal Beni","No disponible",Salida,"Evento 5",
"05/11/2025 18:48",8708642,,,,Beni,"Sucursal Beni","No disponible",Salida,"Evento 5",
"05/11/2025 18:49",11,,,,Beni,"Sucursal Beni","No disponible",Salida,"Evento 5",
"05/11/2025 19:08",8,,,,Beni,"Sucursal Beni","No disponible",Salida,"Evento 5",
"06/11/2025 08:05",11,,,,Beni,"Sucursal Beni","No disponible",Salida,"Evento 5",
"06/11/2025 08:31",8,,,,Beni,"Sucursal Beni","No disponible",Salida,"Evento 5",
"06/11/2025 18:39",11,,,,Beni,"Sucursal Beni","No disponible",Salida,"Evento 5",
"06/11/2025 18:44",8,,,,Beni,"Sucursal Beni","No disponible",Salida,"Evento 5",
"07/11/2025 08:01",11,,,,Beni,"Sucursal Beni","No disponible",Salida,"Evento 5",
"07/11/2025 08:34",8708642,,,,Beni,"Sucursal Beni","No disponible",Salida,"Evento 5",
"07/11/2025 08:34",8,,,,Beni,"Sucursal Beni","No disponible",Salida,"Evento 5",
"07/11/2025 18:36",8708642,,,,Beni,"Sucursal Beni","No disponible",Salida,"Evento 5",
"07/11/2025 18:42",11,,,,Beni,"Sucursal Beni","No disponible",Salida,"Evento 5",
"07/11/2025 18:43",8,,,,Beni,"Sucursal Beni","No disponible",Salida,"Evento 5",
"10/11/2025 08:18",11,,,,Beni,"Sucursal Beni","No disponible","Estado 15","Evento 5",
"10/11/2025 08:31",8708642,,,,Beni,"Sucursal Beni","No disponible",Salida,"Evento 5",
"10/11/2025 08:32",8,,,,Beni,"Sucursal Beni","No disponible",Salida,"Evento 5",
"10/11/2025 18:01",8708642,,,,Beni,"Sucursal Beni","No disponible",Salida,"Evento 5",
"10/11/2025 18:07",11,,,,Beni,"Sucursal Beni","No disponible","Estado 15","Evento 5",
"10/11/2025 18:19",8,,,,Beni,"Sucursal Beni","No disponible",Salida,"Evento 5",
"11/11/2025 07:33",8,,,,Beni,"Sucursal Beni","No disponible",Salida,"Evento 5",
"11/11/2025 07:57",11,,,,Beni,"Sucursal Beni","No disponible",Salida,"Evento 5",
"11/11/2025 08:32",8708642,,,,Beni,"Sucursal Beni","No disponible",Salida,"Evento 5",
"11/11/2025 18:39",8708642,,,,Beni,"Sucursal Beni","No disponible",Salida,"Evento 5",
"11/11/2025 19:10",11,,,,Beni,"Sucursal Beni","No disponible",Salida,"Evento 5",
"11/11/2025 19:11",8,,,,Beni,"Sucursal Beni","No disponible",Salida,"Evento 5",
"12/11/2025 08:20",11,,,,Beni,"Sucursal Beni","No disponible","Estado 15","Evento 5",
"12/11/2025 08:38",8,,,,Beni,"Sucursal Beni","No disponible",Salida,"Evento 5",
"12/11/2025 08:39",8708642,,,,Beni,"Sucursal Beni","No disponible",Salida,"Evento 5",
"12/11/2025 18:35",8708642,,,,Beni,"Sucursal Beni","No disponible",Salida,"Evento 5",
"12/11/2025 18:37",11,,,,Beni,"Sucursal Beni","No disponible",Salida,"Evento 5",
"12/11/2025 18:39",8,,,,Beni,"Sucursal Beni","No disponible",Salida,"Evento 5",
"13/11/2025 07:16",11,,,,Beni,"Sucursal Beni","No disponible",Salida,"Evento 5",
"13/11/2025 08:35",8708642,,,,Beni,"Sucursal Beni","No disponible",Salida,"Evento 5",
"13/11/2025 18:44",8708642,,,,Beni,"Sucursal Beni","No disponible",Salida,"Evento 5",
"13/11/2025 18:46",11,,,,Beni,"Sucursal Beni","No disponible",Salida,"Evento 5",
"13/11/2025 18:47",11,,,,Beni,"Sucursal Beni","No disponible",Salida,"Evento 5",
"13/11/2025 18:48",8,,,,Beni,"Sucursal Beni","No disponible",Salida,"Evento 5",
"14/11/2025 07:59",11,,,,Beni,"Sucursal Beni","No disponible","Estado 15","Evento 5",
"14/11/2025 08:28",8,,,,Beni,"Sucursal Beni","No disponible",Salida,"Evento 5",
"14/11/2025 08:31",8708642,,,,Beni,"Sucursal Beni","No disponible",Salida,"Evento 5",
"14/11/2025 16:59",11,,,,Beni,"Sucursal Beni","No disponible",Salida,"Evento 5",
"14/11/2025 16:59",8,,,,Beni,"Sucursal Beni","No disponible",Salida,"Evento 5",
"14/11/2025 16:59",8708642,,,,Beni,"Sucursal Beni","No disponible",Salida,"Evento 5",
"17/11/2025 08:32",8,,,,Beni,"Sucursal Beni","No disponible",Salida,"Sin evento",
"17/11/2025 08:45",8708642,,,,Beni,"Sucursal Beni","No disponible",Salida,"Sin evento",
"17/11/2025 18:33",8708642,,,,Beni,"Sucursal Beni","No disponible",Salida,"Sin evento",
"17/11/2025 18:33",11,,,,Beni,"Sucursal Beni","No disponible","Estado 15","Sin evento",
"17/11/2025 18:34",8,,,,Beni,"Sucursal Beni","No disponible",Salida,"Sin evento",
"19/11/2025 08:26",8,,,,Beni,"Sucursal Beni","No disponible",Salida,"Sin evento",
"19/11/2025 08:27",11,,,,Beni,"Sucursal Beni","No disponible",Salida,"Sin evento",
"19/11/2025 08:29",8708642,,,,Beni,"Sucursal Beni","No disponible",Salida,"Sin evento",
"19/11/2025 18:48",8708642,,,,Beni,"Sucursal Beni","No disponible",Salida,"Sin evento",
"19/11/2025 19:18",8,,,,Beni,"Sucursal Beni","No disponible",Salida,"Sin evento",
"19/11/2025 19:24",11,,,,Beni,"Sucursal Beni","No disponible",Salida,"Sin evento",
"20/11/2025 08:03",11,,,,Beni,"Sucursal Beni","No disponible",Salida,"Sin evento",
"20/11/2025 08:28",8,,,,Beni,"Sucursal Beni","No disponible",Salida,"Sin evento",
"20/11/2025 08:43",8708642,,,,Beni,"Sucursal Beni","No disponible",Salida,"Sin evento",
"20/11/2025 18:51",8708642,,,,Beni,"Sucursal Beni","No disponible",Salida,"Sin evento",
"20/11/2025 18:52",8708642,,,,Beni,"Sucursal Beni","No disponible",Salida,"Sin evento",
"20/11/2025 19:14",8,,,,Beni,"Sucursal Beni","No disponible",Salida,"Sin evento",
"20/11/2025 19:14",11,,,,Beni,"Sucursal Beni","No disponible",Salida,"Sin evento",
"21/11/2025 08:01",11,,,,Beni,"Sucursal Beni","No disponible",Salida,"Sin evento",
"21/11/2025 08:01",8,,,,Beni,"Sucursal Beni","No disponible",Salida,"Sin evento",
"21/11/2025 08:17",8708642,,,,Beni,"Sucursal Beni","No disponible",Salida,"Sin evento",
"21/11/2025 18:32",11,,,,Beni,"Sucursal Beni","No disponible",Salida,"Sin evento",
"21/11/2025 18:36",8,,,,Beni,"Sucursal Beni","No disponible",Salida,"Sin evento",
"21/11/2025 18:36",8708642,,,,Beni,"Sucursal Beni","No disponible",Salida,"Sin evento",
"24/11/2025 07:59",11,,,,Beni,"Sucursal Beni","No disponible",Salida,"Sin evento",
"24/11/2025 08:28",8708642,,,,Beni,"Sucursal Beni","No disponible",Salida,"Sin evento",
"24/11/2025 08:32",8,,,,Beni,"Sucursal Beni","No disponible",Salida,"Sin evento",
"24/11/2025 18:44",8708642,,,,Beni,"Sucursal Beni","No disponible",Salida,"Sin evento",
"24/11/2025 18:57",8,,,,Beni,"Sucursal Beni","No disponible",Salida,"Sin evento",
"24/11/2025 18:59",11,,,,Beni,"Sucursal Beni","No disponible",Salida,"Sin evento",
"25/11/2025 07:33",8,,,,Beni,"Sucursal Beni","No disponible",Salida,"Sin evento",
"25/11/2025 08:00",11,,,,Beni,"Sucursal Beni","No disponible",Salida,"Sin evento",
"25/11/2025 08:24",8708642,,,,Beni,"Sucursal Beni","No disponible",Salida,"Sin evento",
"25/11/2025 18:36",11,,,,Beni,"Sucursal Beni","No disponible",Salida,"Sin evento",
"25/11/2025 18:38",8,,,,Beni,"Sucursal Beni","No disponible",Salida,"Sin evento",
"26/11/2025 08:00",8,,,,Beni,"Sucursal Beni","No disponible",Salida,"Sin evento",
"26/11/2025 08:00",11,,,,Beni,"Sucursal Beni","No disponible",Salida,"Sin evento",
"26/11/2025 08:31",8708642,,,,Beni,"Sucursal Beni","No disponible",Salida,"Sin evento",
"26/11/2025 18:51",8708642,,,,Beni,"Sucursal Beni","No disponible",Salida,"Sin evento",
"26/11/2025 19:05",11,,,,Beni,"Sucursal Beni","No disponible",Salida,"Sin evento",
"26/11/2025 19:06",8,,,,Beni,"Sucursal Beni","No disponible",Salida,"Sin evento",
"27/11/2025 07:59",11,,,,Beni,"Sucursal Beni","No disponible",Salida,"Sin evento",
"27/11/2025 08:00",8,,,,Beni,"Sucursal Beni","No disponible",Salida,"Sin evento",
"27/11/2025 08:28",8708642,,,,Beni,"Sucursal Beni","No disponible",Salida,"Sin evento",
"27/11/2025 18:35",8708642,,,,Beni,"Sucursal Beni","No disponible",Salida,"Sin evento",
"27/11/2025 18:42",11,,,,Beni,"Sucursal Beni","No disponible",Salida,"Sin evento",
"27/11/2025 18:43",8,,,,Beni,"Sucursal Beni","No disponible",Salida,"Sin evento",
"28/11/2025 08:10",11,,,,Beni,"Sucursal Beni","No disponible",Salida,"Sin evento",
"28/11/2025 08:13",8,,,,Beni,"Sucursal Beni","No disponible",Salida,"Sin evento",
"28/11/2025 08:19",8708642,,,,Beni,"Sucursal Beni","No disponible",Salida,"Sin evento",
"28/11/2025 18:28",8708642,,,,Beni,"Sucursal Beni","No disponible",Salida,"Sin evento",
"28/11/2025 18:28",11,,,,Beni,"Sucursal Beni","No disponible",Salida,"Sin evento",
"28/11/2025 18:29",8,,,,Beni,"Sucursal Beni","No disponible",Salida,"Sin evento",
"01/12/2025 08:08",11,,,,Beni,"Sucursal Beni","No disponible",Salida,"Sin evento",
"01/12/2025 08:08",8,,,,Beni,"Sucursal Beni","No disponible",Salida,"Sin evento",
"01/12/2025 08:28",8708642,,,,Beni,"Sucursal Beni","No disponible",Salida,"Sin evento",
"01/12/2025 18:48",11,,,,Beni,"Sucursal Beni","No disponible",Salida,"Sin evento",
"01/12/2025 18:57",8,,,,Beni,"Sucursal Beni","No disponible",Salida,"Sin evento",
"02/12/2025 07:54",11,,,,Beni,"Sucursal Beni","No disponible",Salida,"Sin evento",
"02/12/2025 07:54",8,,,,Beni,"Sucursal Beni","No disponible",Salida,"Sin evento",
"02/12/2025 08:08",8,,,,Beni,"Sucursal Beni","No disponible",Salida,"Sin evento",
"02/12/2025 08:56",8708642,,,,Beni,"Sucursal Beni","No disponible",Salida,"Sin evento",
"02/12/2025 18:44",8708642,,,,Beni,"Sucursal Beni","No disponible",Salida,"Sin evento",
"02/12/2025 18:44",11,,,,Beni,"Sucursal Beni","No disponible",Salida,"Sin evento",
"02/12/2025 18:45",8,,,,Beni,"Sucursal Beni","No disponible",Salida,"Sin evento",
"03/12/2025 08:18",11,,,,Beni,"Sucursal Beni","No disponible",Salida,"Sin evento",
"03/12/2025 08:33",8,,,,Beni,"Sucursal Beni","No disponible",Salida,"Sin evento",
"03/12/2025 08:34",8708642,,,,Beni,"Sucursal Beni","No disponible",Salida,"Sin evento",
"03/12/2025 18:45",8708642,,,,Beni,"Sucursal Beni","No disponible",Salida,"Sin evento",
"03/12/2025 18:48",8,,,,Beni,"Sucursal Beni","No disponible",Salida,"Sin evento",
"03/12/2025 19:01",11,,,,Beni,"Sucursal Beni","No disponible",Salida,"Sin evento",
"04/12/2025 08:07",11,,,,Beni,"Sucursal Beni","No disponible",Salida,"Sin evento",
"04/12/2025 08:10",8,,,,Beni,"Sucursal Beni","No disponible",Salida,"Sin evento",
"04/12/2025 08:15",8708642,,,,Beni,"Sucursal Beni","No disponible",Salida,"Sin evento",
"04/12/2025 18:38",8708642,,,,Beni,"Sucursal Beni","No disponible",Salida,"Sin evento",
"04/12/2025 19:04",8,,,,Beni,"Sucursal Beni","No disponible",Salida,"Sin evento",
"04/12/2025 19:10",11,,,,Beni,"Sucursal Beni","No disponible",Salida,"Sin evento",
"05/12/2025 08:08",11,,,,Beni,"Sucursal Beni","No disponible","Estado 15","Sin evento",
"05/12/2025 08:33",8,,,,Beni,"Sucursal Beni","No disponible",Salida,"Sin evento",
"05/12/2025 08:34",8708642,,,,Beni,"Sucursal Beni","No disponible",Salida,"Sin evento",
"05/12/2025 18:55",8708642,,,,Beni,"Sucursal Beni","No disponible",Salida,"Sin evento",
"05/12/2025 18:56",11,,,,Beni,"Sucursal Beni","No disponible",Salida,"Sin evento",
"05/12/2025 18:57",8,,,,Beni,"Sucursal Beni","No disponible",Salida,"Sin evento",
"08/12/2025 08:25",11,,,,Beni,"Sucursal Beni","No disponible",Salida,"Sin evento",
"08/12/2025 08:27",8708642,,,,Beni,"Sucursal Beni","No disponible",Salida,"Sin evento",
"08/12/2025 08:29",8,,,,Beni,"Sucursal Beni","No disponible",Salida,"Sin evento",
"08/12/2025 18:46",8708642,,,,Beni,"Sucursal Beni","No disponible",Salida,"Sin evento",
"08/12/2025 18:46",11,,,,Beni,"Sucursal Beni","No disponible",Salida,"Sin evento",
"08/12/2025 18:47",8,,,,Beni,"Sucursal Beni","No disponible",Salida,"Sin evento",
"09/12/2025 06:47",11,,,,Beni,"Sucursal Beni","No disponible",Salida,"Sin evento",
"09/12/2025 08:38",8708642,,,,Beni,"Sucursal Beni","No disponible",Salida,"Sin evento",
"09/12/2025 18:39",8708642,,,,Beni,"Sucursal Beni","No disponible",Salida,"Sin evento",
"09/12/2025 18:43",8,,,,Beni,"Sucursal Beni","No disponible",Salida,"Sin evento",
"09/12/2025 18:43",11,,,,Beni,"Sucursal Beni","No disponible",Salida,"Sin evento",
"10/12/2025 07:56",11,,,,Beni,"Sucursal Beni","No disponible",Salida,"Sin evento",
"10/12/2025 08:34",8708642,,,,Beni,"Sucursal Beni","No disponible",Salida,"Sin evento",
"10/12/2025 08:35",8,,,,Beni,"Sucursal Beni","No disponible",Salida,"Sin evento",
"10/12/2025 19:04",8708642,,,,Beni,"Sucursal Beni","No disponible",Salida,"Sin evento",
"10/12/2025 19:10",11,,,,Beni,"Sucursal Beni","No disponible",Salida,"Sin evento",
"10/12/2025 19:17",8,,,,Beni,"Sucursal Beni","No disponible",Salida,"Sin evento",
"11/12/2025 07:52",11,,,,Beni,"Sucursal Beni","No disponible",Salida,"Sin evento",
"11/12/2025 08:05",8708642,,,,Beni,"Sucursal Beni","No disponible",Salida,"Sin evento",
"11/12/2025 08:31",8,,,,Beni,"Sucursal Beni","No disponible",Salida,"Sin evento",
"11/12/2025 18:41",8,,,,Beni,"Sucursal Beni","No disponible",Salida,"Sin evento",
"11/12/2025 18:41",8708642,,,,Beni,"Sucursal Beni","No disponible",Salida,"Sin evento",
"11/12/2025 18:50",11,,,,Beni,"Sucursal Beni","No disponible",Salida,"Sin evento",
"12/12/2025 08:02",11,,,,Beni,"Sucursal Beni","No disponible",Salida,"Sin evento",
"12/12/2025 08:14",8708642,,,,Beni,"Sucursal Beni","No disponible",Salida,"Sin evento",
"12/12/2025 08:34",8,,,,Beni,"Sucursal Beni","No disponible",Salida,"Sin evento",
"12/12/2025 18:41",11,,,,Beni,"Sucursal Beni","No disponible",Salida,"Sin evento",
"12/12/2025 18:45",8708642,,,,Beni,"Sucursal Beni","No disponible",Salida,"Sin evento",
"15/12/2025 08:06",11,,,,Beni,"Sucursal Beni","No disponible","Estado 15","Sin evento",
"15/12/2025 08:23",8,,,,Beni,"Sucursal Beni","No disponible",Salida,"Sin evento",
"15/12/2025 08:24",8708642,,,,Beni,"Sucursal Beni","No disponible",Salida,"Sin evento",
"15/12/2025 18:02",8,,,,Beni,"Sucursal Beni","No disponible",Salida,"Sin evento",
"15/12/2025 18:28",8708642,,,,Beni,"Sucursal Beni","No disponible",Salida,"Sin evento",
"15/12/2025 18:28",11,,,,Beni,"Sucursal Beni","No disponible",Salida,"Sin evento",
"16/12/2025 08:01",11,,,,Beni,"Sucursal Beni","No disponible",Salida,"Sin evento",
"16/12/2025 08:22",8708642,,,,Beni,"Sucursal Beni","No disponible",Salida,"Sin evento",
"16/12/2025 18:26",8,,,,Beni,"Sucursal Beni","No disponible",Salida,"Sin evento",
"16/12/2025 18:26",11,,,,Beni,"Sucursal Beni","No disponible",Salida,"Sin evento",
"16/12/2025 18:26",8708642,,,,Beni,"Sucursal Beni","No disponible",Salida,"Sin evento",
"17/12/2025 07:52",11,,,,Beni,"Sucursal Beni","No disponible",Salida,"Sin evento",
"17/12/2025 08:30",8,,,,Beni,"Sucursal Beni","No disponible",Salida,"Sin evento",
"17/12/2025 18:30",11,,,,Beni,"Sucursal Beni","No disponible",Salida,"Sin evento",
"17/12/2025 18:32",8,,,,Beni,"Sucursal Beni","No disponible",Salida,"Sin evento",
"17/12/2025 18:32",8708642,,,,Beni,"Sucursal Beni","No disponible",Salida,"Sin evento",
"18/12/2025 07:45",11,,,,Beni,"Sucursal Beni","No disponible",Salida,"Sin evento",
"18/12/2025 07:48",11,,,,Beni,"Sucursal Beni","No disponible",Salida,"Sin evento",
"18/12/2025 08:31",8708642,,,,Beni,"Sucursal Beni","No disponible",Salida,"Sin evento",
"18/12/2025 08:35",8,,,,Beni,"Sucursal Beni","No disponible",Salida,"Sin evento",
"18/12/2025 18:18",8708642,,,,Beni,"Sucursal Beni","No disponible",Salida,"Sin evento",
"18/12/2025 18:18",11,,,,Beni,"Sucursal Beni","No disponible",Salida,"Sin evento",
"18/12/2025 18:18",8,,,,Beni,"Sucursal Beni","No disponible",Salida,"Sin evento",
"19/12/2025 07:58",11,,,,Beni,"Sucursal Beni","No disponible",Salida,"Sin evento",
"19/12/2025 08:16",8,,,,Beni,"Sucursal Beni","No disponible",Salida,"Sin evento",
"19/12/2025 08:26",8708642,,,,Beni,"Sucursal Beni","No disponible",Salida,"Sin evento",
"19/12/2025 18:11",8,,,,Beni,"Sucursal Beni","No disponible",Salida,"Sin evento",
"19/12/2025 18:37",11,,,,Beni,"Sucursal Beni","No disponible",Salida,"Sin evento",
"22/12/2025 08:04",11,,,,Beni,"Sucursal Beni","No disponible",Salida,"Sin evento",
"22/12/2025 08:25",8,,,,Beni,"Sucursal Beni","No disponible",Salida,"Sin evento",
"22/12/2025 08:33",8708642,,,,Beni,"Sucursal Beni","No disponible",Salida,"Sin evento",
"22/12/2025 18:36",8,,,,Beni,"Sucursal Beni","No disponible",Salida,"Sin evento",
"22/12/2025 18:42",11,,,,Beni,"Sucursal Beni","No disponible",Salida,"Sin evento",
"22/12/2025 18:45",8708642,,,,Beni,"Sucursal Beni","No disponible",Salida,"Sin evento",
"23/12/2025 07:59",11,,,,Beni,"Sucursal Beni","No disponible",Salida,"Sin evento",
"23/12/2025 08:27",8,,,,Beni,"Sucursal Beni","No disponible",Salida,"Sin evento",
"23/12/2025 18:30",8,,,,Beni,"Sucursal Beni","No disponible",Salida,"Sin evento",
"23/12/2025 18:30",11,,,,Beni,"Sucursal Beni","No disponible",Salida,"Sin evento",
"24/12/2025 07:56",11,,,,Beni,"Sucursal Beni","No disponible",Salida,"Sin evento",
"24/12/2025 08:30",8,,,,Beni,"Sucursal Beni","No disponible",Salida,"Sin evento",
"24/12/2025 13:43",8,,,,Beni,"Sucursal Beni","No disponible",Salida,"Sin evento",
"24/12/2025 13:45",11,,,,Beni,"Sucursal Beni","No disponible",Salida,"Sin evento",
"24/12/2025 13:48",8708642,,,,Beni,"Sucursal Beni","No disponible",Salida,"Sin evento",
"29/12/2025 08:07",11,,,,Beni,"Sucursal Beni","No disponible",Salida,"Sin evento",
"29/12/2025 08:18",8708642,,,,Beni,"Sucursal Beni","No disponible",Salida,"Sin evento",
"29/12/2025 08:26",8,,,,Beni,"Sucursal Beni","No disponible",Salida,"Sin evento",
"29/12/2025 18:34",11,,,,Beni,"Sucursal Beni","No disponible",Salida,"Sin evento",
"29/12/2025 18:34",8,,,,Beni,"Sucursal Beni","No disponible",Salida,"Sin evento",
"30/12/2025 08:07",11,,,,Beni,"Sucursal Beni","No disponible",Salida,"Sin evento",
"30/12/2025 08:21",8708642,,,,Beni,"Sucursal Beni","No disponible",Salida,"Sin evento",
"30/12/2025 08:34",8,,,,Beni,"Sucursal Beni","No disponible",Salida,"Sin evento",
"30/12/2025 18:04",8,,,,Beni,"Sucursal Beni","No disponible",Salida,"Sin evento",
"30/12/2025 18:04",11,,,,Beni,"Sucursal Beni","No disponible",Salida,"Sin evento",
"31/12/2025 07:31",11,,,,Beni,"Sucursal Beni","No disponible","Estado 15","Sin evento",
"31/12/2025 07:40",8,,,,Beni,"Sucursal Beni","No disponible",Salida,"Sin evento",
"31/12/2025 07:59",8708642,,,,Beni,"Sucursal Beni","No disponible",Salida,"Sin evento",
"31/12/2025 14:30",8708642,,,,Beni,"Sucursal Beni","No disponible",Salida,"Sin evento",
"31/12/2025 14:35",11,,,,Beni,"Sucursal Beni","No disponible",Salida,"Sin evento",
"31/12/2025 14:36",8,,,,Beni,"Sucursal Beni","No disponible",Salida,"Sin evento",
"05/01/2026 08:07",11,,,,Beni,"Sucursal Beni","No disponible",Salida,"Sin evento",
"05/01/2026 08:24",8,,,,Beni,"Sucursal Beni","No disponible",Salida,"Sin evento",
"05/01/2026 08:30",8708642,,,,Beni,"Sucursal Beni","No disponible",Salida,"Sin evento",
"05/01/2026 18:38",8708642,,,,Beni,"Sucursal Beni","No disponible",Salida,"Sin evento",
"05/01/2026 18:41",11,,,,Beni,"Sucursal Beni","No disponible",Salida,"Sin evento",
"05/01/2026 18:41",8,,,,Beni,"Sucursal Beni","No disponible",Salida,"Sin evento",
"06/01/2026 08:00",11,,,,Beni,"Sucursal Beni","No disponible",Salida,"Sin evento",
"06/01/2026 08:27",8708642,,,,Beni,"Sucursal Beni","No disponible",Salida,"Sin evento",
"06/01/2026 08:31",8,,,,Beni,"Sucursal Beni","No disponible",Salida,"Sin evento",
"06/01/2026 18:30",8,,,,Beni,"Sucursal Beni","No disponible",Salida,"Sin evento",
"06/01/2026 18:30",8708642,,,,Beni,"Sucursal Beni","No disponible",Salida,"Sin evento",
"06/01/2026 18:30",11,,,,Beni,"Sucursal Beni","No disponible",Salida,"Sin evento",
"07/01/2026 08:08",11,,,,Beni,"Sucursal Beni","No disponible",Salida,"Sin evento",
"07/01/2026 08:25",8708642,,,,Beni,"Sucursal Beni","No disponible",Salida,"Sin evento",
"07/01/2026 08:31",8,,,,Beni,"Sucursal Beni","No disponible",Salida,"Sin evento",
"07/01/2026 18:26",8708642,,,,Beni,"Sucursal Beni","No disponible",Salida,"Sin evento",
"07/01/2026 18:30",11,,,,Beni,"Sucursal Beni","No disponible",Salida,"Sin evento",
"07/01/2026 18:30",8,,,,Beni,"Sucursal Beni","No disponible",Salida,"Sin evento",
"08/01/2026 08:11",11,,,,Beni,"Sucursal Beni","No disponible",Salida,"Sin evento",
"08/01/2026 08:18",8708642,,,,Beni,"Sucursal Beni","No disponible",Salida,"Sin evento",
"08/01/2026 08:30",8,,,,Beni,"Sucursal Beni","No disponible",Salida,"Sin evento",
"08/01/2026 18:33",11,,,,Beni,"Sucursal Beni","No disponible",Salida,"Sin evento",
"08/01/2026 18:34",8,,,,Beni,"Sucursal Beni","No disponible",Salida,"Sin evento",
"08/01/2026 18:34",8708642,,,,Beni,"Sucursal Beni","No disponible",Salida,"Sin evento",
"09/01/2026 07:59",11,,,,Beni,"Sucursal Beni","No disponible",Salida,"Sin evento",
"09/01/2026 08:29",8708642,,,,Beni,"Sucursal Beni","No disponible",Salida,"Sin evento",
"09/01/2026 08:30",8,,,,Beni,"Sucursal Beni","No disponible",Salida,"Sin evento",
"09/01/2026 18:21",8708642,,,,Beni,"Sucursal Beni","No disponible",Salida,"Sin evento",
"09/01/2026 18:30",8,,,,Beni,"Sucursal Beni","No disponible",Salida,"Sin evento",
"09/01/2026 18:30",11,,,,Beni,"Sucursal Beni","No disponible",Salida,"Sin evento",
"12/01/2026 08:10",11,,,,Beni,"Sucursal Beni","No disponible",Salida,"Sin evento",
"12/01/2026 08:31",8,,,,Beni,"Sucursal Beni","No disponible",Salida,"Sin evento",
"12/01/2026 08:40",8708642,,,,Beni,"Sucursal Beni","No disponible",Salida,"Sin evento",
"12/01/2026 18:34",11,,,,Beni,"Sucursal Beni","No disponible",Salida,"Sin evento",
"12/01/2026 18:35",8,,,,Beni,"Sucursal Beni","No disponible",Salida,"Sin evento",
"12/01/2026 18:35",8708642,,,,Beni,"Sucursal Beni","No disponible",Salida,"Sin evento",
"13/01/2026 08:18",11,,,,Beni,"Sucursal Beni","No disponible","Estado 15","Sin evento",
"13/01/2026 08:27",8708642,,,,Beni,"Sucursal Beni","No disponible",Salida,"Sin evento",
"13/01/2026 08:35",8,,,,Beni,"Sucursal Beni","No disponible",Salida,"Sin evento",
"13/01/2026 18:42",8,,,,Beni,"Sucursal Beni","No disponible",Salida,"Sin evento",
"13/01/2026 18:42",11,,,,Beni,"Sucursal Beni","No disponible",Salida,"Sin evento",
"13/01/2026 18:43",8708642,,,,Beni,"Sucursal Beni","No disponible",Salida,"Sin evento",
"14/01/2026 08:11",11,,,,Beni,"Sucursal Beni","No disponible",Salida,"Sin evento",
"14/01/2026 08:31",8708642,,,,Beni,"Sucursal Beni","No disponible",Salida,"Sin evento",
"14/01/2026 08:35",8,,,,Beni,"Sucursal Beni","No disponible",Salida,"Sin evento",
"14/01/2026 18:44",11,,,,Beni,"Sucursal Beni","No disponible",Salida,"Sin evento",
"14/01/2026 18:44",8708642,,,,Beni,"Sucursal Beni","No disponible",Salida,"Sin evento",
"14/01/2026 19:05",8,,,,Beni,"Sucursal Beni","No disponible",Salida,"Sin evento",
"15/01/2026 08:07",11,,,,Beni,"Sucursal Beni","No disponible",Salida,"Sin evento",
"15/01/2026 08:31",8708642,,,,Beni,"Sucursal Beni","No disponible",Salida,"Sin evento",
"15/01/2026 08:31",8,,,,Beni,"Sucursal Beni","No disponible",Salida,"Sin evento",
"15/01/2026 18:38",8,,,,Beni,"Sucursal Beni","No disponible",Salida,"Sin evento",
"15/01/2026 18:39",11,,,,Beni,"Sucursal Beni","No disponible",Salida,"Sin evento",
"15/01/2026 18:40",8708642,,,,Beni,"Sucursal Beni","No disponible",Salida,"Sin evento",
"16/01/2026 08:14",11,,,,Beni,"Sucursal Beni","No disponible",Salida,"Sin evento",
"16/01/2026 08:23",8708642,,,,Beni,"Sucursal Beni","No disponible",Salida,"Sin evento",
"16/01/2026 08:39",8,,,,Beni,"Sucursal Beni","No disponible",Salida,"Sin evento",
"16/01/2026 18:40",8708642,,,,Beni,"Sucursal Beni","No disponible",Salida,"Sin evento",
"16/01/2026 18:41",11,,,,Beni,"Sucursal Beni","No disponible",Salida,"Sin evento",
"16/01/2026 18:46",8,,,,Beni,"Sucursal Beni","No disponible",Salida,"Sin evento",
"19/01/2026 20:30",8,,,,Beni,"Sucursal Beni","No disponible",Salida,"Sin evento",
"19/01/2026 20:31",11,,,,Beni,"Sucursal Beni","No disponible",Salida,"Sin evento",
"19/01/2026 20:39",8708642,,,,Beni,"Sucursal Beni","No disponible",Salida,"Sin evento",
"20/01/2026 06:31",8,,,,Beni,"Sucursal Beni","No disponible",Salida,"Sin evento",
"20/01/2026 06:31",11,,,,Beni,"Sucursal Beni","No disponible",Salida,"Sin evento",
"20/01/2026 06:32",8708642,,,,Beni,"Sucursal Beni","No disponible",Salida,"Sin evento",
"20/01/2026 20:14",11,,,,Beni,"Sucursal Beni","No disponible",Salida,"Sin evento",
"20/01/2026 20:31",8708642,,,,Beni,"Sucursal Beni","No disponible",Salida,"Sin evento",
"20/01/2026 20:34",8,,,,Beni,"Sucursal Beni","No disponible",Salida,"Sin evento",
"21/01/2026 06:25",8708642,,,,Beni,"Sucursal Beni","No disponible",Salida,"Sin evento",
"21/01/2026 06:27",8,,,,Beni,"Sucursal Beni","No disponible",Salida,"Sin evento",
"21/01/2026 06:28",11,,,,Beni,"Sucursal Beni","No disponible",Salida,"Sin evento",
"21/01/2026 20:14",11,,,,Beni,"Sucursal Beni","No disponible",Salida,"Sin evento",
"21/01/2026 20:31",8,,,,Beni,"Sucursal Beni","No disponible",Salida,"Sin evento",
"21/01/2026 20:34",8708642,,,,Beni,"Sucursal Beni","No disponible",Salida,"Sin evento",
"22/01/2026 06:39",11,,,,Beni,"Sucursal Beni","No disponible",Salida,"Sin evento",
"22/01/2026 06:39",8,,,,Beni,"Sucursal Beni","No disponible",Salida,"Sin evento",
"22/01/2026 06:39",8708642,,,,Beni,"Sucursal Beni","No disponible",Salida,"Sin evento",
"22/01/2026 06:40",8708642,,,,Beni,"Sucursal Beni","No disponible",Salida,"Sin evento",
"22/01/2026 18:27",8708642,,,,Beni,"Sucursal Beni","No disponible",Salida,"Sin evento",
"22/01/2026 18:30",8,,,,Beni,"Sucursal Beni","No disponible",Salida,"Sin evento",
"22/01/2026 18:30",11,,,,Beni,"Sucursal Beni","No disponible",Salida,"Sin evento",
"22/01/2026 20:09",11,,,,Beni,"Sucursal Beni","No disponible",Salida,"Sin evento",
"22/01/2026 20:27",8,,,,Beni,"Sucursal Beni","No disponible",Salida,"Sin evento",
"22/01/2026 20:34",8708642,,,,Beni,"Sucursal Beni","No disponible",Salida,"Sin evento",
"26/01/2026 08:14",11,,,,Beni,"Sucursal Beni","No disponible",Salida,"Sin evento",
"26/01/2026 08:33",8708642,,,,Beni,"Sucursal Beni","No disponible",Salida,"Sin evento",
"26/01/2026 08:37",8,,,,Beni,"Sucursal Beni","No disponible",Salida,"Sin evento",
"26/01/2026 18:31",8708642,,,,Beni,"Sucursal Beni","No disponible",Salida,"Sin evento",
"26/01/2026 18:32",11,,,,Beni,"Sucursal Beni","No disponible",Salida,"Sin evento",
"26/01/2026 18:34",8,,,,Beni,"Sucursal Beni","No disponible",Salida,"Sin evento",
"27/01/2026 08:12",11,,,,Beni,"Sucursal Beni","No disponible","Estado 15","Sin evento",
"27/01/2026 08:30",8,,,,Beni,"Sucursal Beni","No disponible",Salida,"Sin evento",
"27/01/2026 08:31",8708642,,,,Beni,"Sucursal Beni","No disponible",Salida,"Sin evento",
"27/01/2026 18:41",8708642,,,,Beni,"Sucursal Beni","No disponible",Salida,"Sin evento",
"27/01/2026 18:41",11,,,,Beni,"Sucursal Beni","No disponible",Salida,"Sin evento",
"27/01/2026 18:43",8,,,,Beni,"Sucursal Beni","No disponible",Salida,"Sin evento",
"28/01/2026 08:16",11,,,,Beni,"Sucursal Beni","No disponible",Salida,"Sin evento",
"28/01/2026 08:30",8,,,,Beni,"Sucursal Beni","No disponible",Salida,"Sin evento",
"28/01/2026 08:31",8708642,,,,Beni,"Sucursal Beni","No disponible",Salida,"Sin evento",
"28/01/2026 18:35",8708642,,,,Beni,"Sucursal Beni","No disponible",Salida,"Sin evento",
"28/01/2026 18:36",11,,,,Beni,"Sucursal Beni","No disponible",Salida,"Sin evento",
"28/01/2026 18:36",8,,,,Beni,"Sucursal Beni","No disponible",Salida,"Sin evento",
"29/01/2026 08:21",11,,,,Beni,"Sucursal Beni","No disponible","Estado 15","Sin evento",
"29/01/2026 08:33",8,,,,Beni,"Sucursal Beni","No disponible",Salida,"Sin evento",
"29/01/2026 18:30",8708642,,,,Beni,"Sucursal Beni","No disponible",Salida,"Sin evento",
"29/01/2026 18:35",11,,,,Beni,"Sucursal Beni","No disponible",Salida,"Sin evento",
"29/01/2026 18:37",8,,,,Beni,"Sucursal Beni","No disponible",Salida,"Sin evento",
"30/01/2026 08:09",11,,,,Beni,"Sucursal Beni","No disponible",Salida,"Sin evento",
"30/01/2026 08:31",8,,,,Beni,"Sucursal Beni","No disponible",Salida,"Sin evento",
"30/01/2026 08:34",8708642,,,,Beni,"Sucursal Beni","No disponible",Salida,"Sin evento",
"30/01/2026 18:33",8708642,,,,Beni,"Sucursal Beni","No disponible",Salida,"Sin evento",
"30/01/2026 18:33",8,,,,Beni,"Sucursal Beni","No disponible",Salida,"Sin evento",
"30/01/2026 18:33",11,,,,Beni,"Sucursal Beni","No disponible",Salida,"Sin evento",
"02/02/2026 08:14",8,,,,Beni,"Sucursal Beni","No disponible",Salida,"Sin evento",
"02/02/2026 08:14",11,,,,Beni,"Sucursal Beni","No disponible",Salida,"Sin evento",
"02/02/2026 08:19",11,,,,Beni,"Sucursal Beni","No disponible",Salida,"Sin evento",
"02/02/2026 08:28",8708642,,,,Beni,"Sucursal Beni","No disponible",Salida,"Sin evento",
"02/02/2026 18:38",8,,,,Beni,"Sucursal Beni","No disponible",Salida,"Sin evento",
"02/02/2026 18:38",11,,,,Beni,"Sucursal Beni","No disponible",Salida,"Sin evento",
"02/02/2026 18:39",8708642,,,,Beni,"Sucursal Beni","No disponible",Salida,"Sin evento",
"03/02/2026 08:14",11,,,,Beni,"Sucursal Beni","No disponible",Salida,"Sin evento",
"03/02/2026 08:25",8,,,,Beni,"Sucursal Beni","No disponible",Salida,"Sin evento",
"03/02/2026 08:34",8708642,,,,Beni,"Sucursal Beni","No disponible",Salida,"Sin evento",
"03/02/2026 18:29",8,,,,Beni,"Sucursal Beni","No disponible",Salida,"Sin evento",
"03/02/2026 18:30",11,,,,Beni,"Sucursal Beni","No disponible",Salida,"Sin evento",
"03/02/2026 18:31",8708642,,,,Beni,"Sucursal Beni","No disponible",Salida,"Sin evento",
"04/02/2026 07:43",11,,,,Beni,"Sucursal Beni","No disponible",Salida,"Sin evento",
"04/02/2026 08:17",8708642,,,,Beni,"Sucursal Beni","No disponible",Salida,"Sin evento",
"04/02/2026 08:18",8,,,,Beni,"Sucursal Beni","No disponible",Salida,"Sin evento",
"04/02/2026 18:53",8708642,,,,Beni,"Sucursal Beni","No disponible",Salida,"Sin evento",
"04/02/2026 19:24",8,,,,Beni,"Sucursal Beni","No disponible",Salida,"Sin evento",
"04/02/2026 19:26",11,,,,Beni,"Sucursal Beni","No disponible",Salida,"Sin evento",
"05/02/2026 07:51",11,,,,Beni,"Sucursal Beni","No disponible","Estado 15","Sin evento",
"05/02/2026 08:09",8,,,,Beni,"Sucursal Beni","No disponible",Salida,"Sin evento",
"05/02/2026 08:12",8708642,,,,Beni,"Sucursal Beni","No disponible",Salida,"Sin evento",
"05/02/2026 08:19",8708642,,,,Beni,"Sucursal Beni","No disponible","Estado 15","Sin evento",
"05/02/2026 18:36",8,,,,Beni,"Sucursal Beni","No disponible",Salida,"Sin evento",
"05/02/2026 18:57",8708642,,,,Beni,"Sucursal Beni","No disponible",Salida,"Sin evento",
"05/02/2026 18:57",11,,,,Beni,"Sucursal Beni","No disponible",Salida,"Sin evento",
"06/02/2026 07:46",11,,,,Beni,"Sucursal Beni","No disponible",Salida,"Sin evento",
"06/02/2026 08:22",8708642,,,,Beni,"Sucursal Beni","No disponible",Salida,"Sin evento",
"06/02/2026 08:25",8,,,,Beni,"Sucursal Beni","No disponible",Salida,"Sin evento",
"06/02/2026 18:36",8,,,,Beni,"Sucursal Beni","No disponible",Salida,"Sin evento",
"06/02/2026 18:37",8708642,,,,Beni,"Sucursal Beni","No disponible",Salida,"Sin evento",
"06/02/2026 18:37",11,,,,Beni,"Sucursal Beni","No disponible",Salida,"Sin evento",
"09/02/2026 08:19",11,,,,Beni,"Sucursal Beni","No disponible",Salida,"Sin evento",
"09/02/2026 08:19",8,,,,Beni,"Sucursal Beni","No disponible",Salida,"Sin evento",
"09/02/2026 08:29",8708642,,,,Beni,"Sucursal Beni","No disponible",Salida,"Sin evento",
"09/02/2026 18:39",8708642,,,,Beni,"Sucursal Beni","No disponible",Salida,"Sin evento",
"09/02/2026 18:50",11,,,,Beni,"Sucursal Beni","No disponible",Salida,"Sin evento",
"09/02/2026 18:51",8,,,,Beni,"Sucursal Beni","No disponible",Salida,"Sin evento",
"10/02/2026 08:10",11,,,,Beni,"Sucursal Beni","No disponible",Salida,"Sin evento",
"10/02/2026 08:19",8,,,,Beni,"Sucursal Beni","No disponible",Salida,"Sin evento",
"10/02/2026 08:27",8708642,,,,Beni,"Sucursal Beni","No disponible",Salida,"Sin evento",
"10/02/2026 18:39",8708642,,,,Beni,"Sucursal Beni","No disponible",Salida,"Sin evento",
"10/02/2026 18:59",8,,,,Beni,"Sucursal Beni","No disponible",Salida,"Sin evento",
"10/02/2026 19:02",11,,,,Beni,"Sucursal Beni","No disponible",Salida,"Sin evento",
"11/02/2026 07:04",8,,,,Beni,"Sucursal Beni","No disponible",Salida,"Sin evento",
"11/02/2026 07:41",11,,,,Beni,"Sucursal Beni","No disponible",Salida,"Sin evento",
"11/02/2026 08:07",8708642,,,,Beni,"Sucursal Beni","No disponible",Salida,"Sin evento",
"11/02/2026 18:27",8708642,,,,Beni,"Sucursal Beni","No disponible",Salida,"Sin evento",
"11/02/2026 18:30",8,,,,Beni,"Sucursal Beni","No disponible",Salida,"Sin evento",
"11/02/2026 18:34",11,,,,Beni,"Sucursal Beni","No disponible",Salida,"Sin evento",
"12/02/2026 08:04",11,,,,Beni,"Sucursal Beni","No disponible","Estado 15","Sin evento",
"12/02/2026 08:27",8,,,,Beni,"Sucursal Beni","No disponible",Salida,"Sin evento",
"12/02/2026 08:29",8708642,,,,Beni,"Sucursal Beni","No disponible",Salida,"Sin evento",
"12/02/2026 18:32",8708642,,,,Beni,"Sucursal Beni","No disponible",Salida,"Sin evento",
"12/02/2026 18:45",8,,,,Beni,"Sucursal Beni","No disponible",Salida,"Sin evento",
"12/02/2026 18:47",11,,,,Beni,"Sucursal Beni","No disponible",Salida,"Sin evento",
"13/02/2026 07:44",11,,,,Beni,"Sucursal Beni","No disponible",Salida,"Sin evento",
"13/02/2026 08:00",8,,,,Beni,"Sucursal Beni","No disponible",Salida,"Sin evento",
"13/02/2026 08:05",8708642,,,,Beni,"Sucursal Beni","No disponible",Salida,"Sin evento",
"13/02/2026 15:01",8,,,,Beni,"Sucursal Beni","No disponible",Salida,"Sin evento",
"13/02/2026 15:05",8708642,,,,Beni,"Sucursal Beni","No disponible",Salida,"Sin evento",
"13/02/2026 15:07",11,,,,Beni,"Sucursal Beni","No disponible",Salida,"Sin evento",
"18/02/2026 07:36",11,,,,Beni,"Sucursal Beni","No disponible",Salida,"Sin evento",
"18/02/2026 08:22",8,,,,Beni,"Sucursal Beni","No disponible",Salida,"Sin evento",
"18/02/2026 08:31",8708642,,,,Beni,"Sucursal Beni","No disponible",Salida,"Sin evento",
"18/02/2026 18:35",8,,,,Beni,"Sucursal Beni","No disponible",Salida,"Sin evento",
"18/02/2026 18:35",8708642,,,,Beni,"Sucursal Beni","No disponible",Salida,"Sin evento",
"18/02/2026 18:36",11,,,,Beni,"Sucursal Beni","No disponible",Salida,"Sin evento",
"19/02/2026 08:05",11,,,,Beni,"Sucursal Beni","No disponible",Salida,"Sin evento",
"19/02/2026 08:34",8,,,,Beni,"Sucursal Beni","No disponible",Salida,"Sin evento",
"19/02/2026 08:36",8708642,,,,Beni,"Sucursal Beni","No disponible",Salida,"Sin evento",
"19/02/2026 18:39",8,,,,Beni,"Sucursal Beni","No disponible",Salida,"Sin evento",
"19/02/2026 18:40",11,,,,Beni,"Sucursal Beni","No disponible",Salida,"Sin evento",
"19/02/2026 18:40",8708642,,,,Beni,"Sucursal Beni","No disponible",Salida,"Sin evento",
"20/02/2026 07:53",8708642,,,,Beni,"Sucursal Beni","No disponible",Salida,"Sin evento",
"20/02/2026 07:53",8,,,,Beni,"Sucursal Beni","No disponible",Salida,"Sin evento",
"20/02/2026 07:54",11,,,,Beni,"Sucursal Beni","No disponible",Salida,"Sin evento",
"20/02/2026 18:31",8708642,,,,Beni,"Sucursal Beni","No disponible",Salida,"Sin evento",
"20/02/2026 18:34",11,,,,Beni,"Sucursal Beni","No disponible",Salida,"Sin evento",
"20/02/2026 18:35",8,,,,Beni,"Sucursal Beni","No disponible",Salida,"Sin evento",
"23/02/2026 08:04",11,,,,Beni,"Sucursal Beni","No disponible",Salida,"Sin evento",
"23/02/2026 08:28",8708642,,,,Beni,"Sucursal Beni","No disponible",Salida,"Sin evento",
"23/02/2026 08:36",8,,,,Beni,"Sucursal Beni","No disponible",Salida,"Sin evento",
"23/02/2026 18:32",8708642,,,,Beni,"Sucursal Beni","No disponible",Salida,"Sin evento",
"23/02/2026 18:54",8,,,,Beni,"Sucursal Beni","No disponible",Salida,"Sin evento",
"23/02/2026 18:57",11,,,,Beni,"Sucursal Beni","No disponible",Salida,"Sin evento",
"24/02/2026 08:08",11,,,,Beni,"Sucursal Beni","No disponible",Salida,"Sin evento",
"24/02/2026 08:26",8708642,,,,Beni,"Sucursal Beni","No disponible",Salida,"Sin evento",
"24/02/2026 08:38",8,,,,Beni,"Sucursal Beni","No disponible",Salida,"Sin evento",
"24/02/2026 18:27",8708642,,,,Beni,"Sucursal Beni","No disponible",Salida,"Sin evento",
"24/02/2026 18:59",11,,,,Beni,"Sucursal Beni","No disponible",Salida,"Sin evento",
"24/02/2026 18:59",8,,,,Beni,"Sucursal Beni","No disponible",Salida,"Sin evento",
"25/02/2026 07:28",11,,,,Beni,"Sucursal Beni","No disponible",Salida,"Sin evento",
"25/02/2026 08:33",8,,,,Beni,"Sucursal Beni","No disponible",Salida,"Sin evento",
"25/02/2026 09:12",8708642,,,,Beni,"Sucursal Beni","No disponible",Salida,"Sin evento",
"25/02/2026 18:31",8708642,,,,Beni,"Sucursal Beni","No disponible",Salida,"Sin evento",
"25/02/2026 18:33",11,,,,Beni,"Sucursal Beni","No disponible",Salida,"Sin evento",
"25/02/2026 18:35",8,,,,Beni,"Sucursal Beni","No disponible",Salida,"Sin evento",
"26/02/2026 07:49",11,,,,Beni,"Sucursal Beni","No disponible",Salida,"Sin evento",
"26/02/2026 08:19",8708642,,,,Beni,"Sucursal Beni","No disponible",Salida,"Sin evento",
"26/02/2026 08:34",8,,,,Beni,"Sucursal Beni","No disponible",Salida,"Sin evento",
"26/02/2026 18:32",8708642,,,,Beni,"Sucursal Beni","No disponible",Salida,"Sin evento",
"26/02/2026 18:44",11,,,,Beni,"Sucursal Beni","No disponible",Salida,"Sin evento",
"26/02/2026 18:45",8,,,,Beni,"Sucursal Beni","No disponible",Salida,"Sin evento",
"27/02/2026 07:42",11,,,,Beni,"Sucursal Beni","No disponible",Salida,"Sin evento",
"27/02/2026 07:47",11,,,,Beni,"Sucursal Beni","No disponible",Salida,"Sin evento",
"27/02/2026 08:05",8708642,,,,Beni,"Sucursal Beni","No disponible",Salida,"Sin evento",
"27/02/2026 08:35",8,,,,Beni,"Sucursal Beni","No disponible",Salida,"Sin evento",
"27/02/2026 18:47",8,,,,Beni,"Sucursal Beni","No disponible",Salida,"Sin evento",
"27/02/2026 18:47",11,,,,Beni,"Sucursal Beni","No disponible",Salida,"Sin evento",
"02/03/2026 08:07",11,,,,Beni,"Sucursal Beni","No disponible","Estado 15","Sin evento",
"02/03/2026 08:13",8708642,,,,Beni,"Sucursal Beni","No disponible",Salida,"Sin evento",
"02/03/2026 08:36",8,,,,Beni,"Sucursal Beni","No disponible",Salida,"Sin evento",
"02/03/2026 18:08",8708642,,,,Beni,"Sucursal Beni","No disponible",Salida,"Sin evento",
"02/03/2026 18:52",8,,,,Beni,"Sucursal Beni","No disponible",Salida,"Sin evento",
"02/03/2026 18:53",11,,,,Beni,"Sucursal Beni","No disponible",Salida,"Sin evento",
"03/03/2026 07:37",11,,,,Beni,"Sucursal Beni","No disponible",Salida,"Sin evento",
"03/03/2026 08:24",8,,,,Beni,"Sucursal Beni","No disponible",Salida,"Sin evento",
"03/03/2026 08:25",8708642,,,,Beni,"Sucursal Beni","No disponible",Salida,"Sin evento",
"03/03/2026 18:38",11,,,,Beni,"Sucursal Beni","No disponible",Salida,"Sin evento",
"03/03/2026 18:42",8708642,,,,Beni,"Sucursal Beni","No disponible",Salida,"Sin evento",
"03/03/2026 18:42",8,,,,Beni,"Sucursal Beni","No disponible",Salida,"Sin evento",
"04/03/2026 07:39",11,,,,Beni,"Sucursal Beni","No disponible","Estado 15","Sin evento",
"04/03/2026 08:35",8,,,,Beni,"Sucursal Beni","No disponible",Salida,"Sin evento",
"04/03/2026 08:44",8708642,,,,Beni,"Sucursal Beni","No disponible",Salida,"Sin evento",
"04/03/2026 18:31",8708642,,,,Beni,"Sucursal Beni","No disponible",Salida,"Sin evento",
"04/03/2026 18:31",11,,,,Beni,"Sucursal Beni","No disponible",Salida,"Sin evento",
"04/03/2026 18:39",8,,,,Beni,"Sucursal Beni","No disponible",Salida,"Sin evento",
"05/03/2026 07:20",11,,,,Beni,"Sucursal Beni","No disponible","Estado 15","Sin evento",
"05/03/2026 08:26",8708642,,,,Beni,"Sucursal Beni","No disponible",Salida,"Sin evento",
"05/03/2026 08:33",8,,,,Beni,"Sucursal Beni","No disponible",Salida,"Sin evento",
"05/03/2026 18:30",8,,,,Beni,"Sucursal Beni","No disponible",Salida,"Sin evento",
"05/03/2026 18:38",8,,,,Beni,"Sucursal Beni","No disponible",Salida,"Sin evento",
"05/03/2026 18:38",11,,,,Beni,"Sucursal Beni","No disponible",Salida,"Sin evento",
"06/03/2026 08:01",11,,,,Beni,"Sucursal Beni","No disponible","Estado 15","Sin evento",
"06/03/2026 08:16",8708642,,,,Beni,"Sucursal Beni","No disponible",Salida,"Sin evento",
"06/03/2026 08:32",8,,,,Beni,"Sucursal Beni","No disponible",Salida,"Sin evento",
"06/03/2026 18:23",8,,,,Beni,"Sucursal Beni","No disponible",Salida,"Sin evento",
"06/03/2026 18:28",11,,,,Beni,"Sucursal Beni","No disponible",Salida,"Sin evento",
"06/03/2026 18:28",8708642,,,,Beni,"Sucursal Beni","No disponible",Salida,"Sin evento",
"09/03/2026 08:13",11,,,,Beni,"Sucursal Beni","No disponible",Salida,"Sin evento",
"09/03/2026 08:14",8708642,,,,Beni,"Sucursal Beni","No disponible",Salida,"Sin evento",
"09/03/2026 08:31",8,,,,Beni,"Sucursal Beni","No disponible",Salida,"Sin evento",
"09/03/2026 18:26",8708642,,,,Beni,"Sucursal Beni","No disponible",Salida,"Sin evento",
"09/03/2026 18:37",8,,,,Beni,"Sucursal Beni","No disponible",Salida,"Sin evento",
"09/03/2026 18:37",11,,,,Beni,"Sucursal Beni","No disponible",Salida,"Sin evento",
"10/03/2026 08:08",11,,,,Beni,"Sucursal Beni","No disponible",Salida,"Sin evento",
"10/03/2026 08:28",8,,,,Beni,"Sucursal Beni","No disponible",Salida,"Sin evento",
"10/03/2026 08:37",8708642,,,,Beni,"Sucursal Beni","No disponible",Salida,"Sin evento",
"10/03/2026 18:35",8708642,,,,Beni,"Sucursal Beni","No disponible",Salida,"Sin evento",
"10/03/2026 18:43",8,,,,Beni,"Sucursal Beni","No disponible",Salida,"Sin evento",
"10/03/2026 18:55",11,,,,Beni,"Sucursal Beni","No disponible",Salida,"Sin evento",
"11/03/2026 08:08",11,,,,Beni,"Sucursal Beni","No disponible",Salida,"Sin evento",
"11/03/2026 08:12",8708642,,,,Beni,"Sucursal Beni","No disponible",Salida,"Sin evento",
"11/03/2026 08:33",8,,,,Beni,"Sucursal Beni","No disponible",Salida,"Sin evento",
"11/03/2026 18:12",8,,,,Beni,"Sucursal Beni","No disponible",Salida,"Sin evento",
"11/03/2026 18:41",8708642,,,,Beni,"Sucursal Beni","No disponible",Salida,"Sin evento",
"11/03/2026 18:49",11,,,,Beni,"Sucursal Beni","No disponible",Salida,"Sin evento",
"12/03/2026 08:05",11,,,,Beni,"Sucursal Beni","No disponible",Salida,"Sin evento",
"12/03/2026 08:21",8708642,,,,Beni,"Sucursal Beni","No disponible",Salida,"Sin evento",
"12/03/2026 08:34",8,,,,Beni,"Sucursal Beni","No disponible",Salida,"Sin evento",
"12/03/2026 18:08",8708642,,,,Beni,"Sucursal Beni","No disponible",Salida,"Sin evento",
"12/03/2026 18:34",8,,,,Beni,"Sucursal Beni","No disponible",Salida,"Sin evento",
"12/03/2026 18:45",11,,,,Beni,"Sucursal Beni","No disponible",Salida,"Sin evento",
"13/03/2026 07:43",11,,,,Beni,"Sucursal Beni","No disponible",Salida,"Sin evento",
"13/03/2026 07:58",8,,,,Beni,"Sucursal Beni","No disponible",Salida,"Sin evento",
"13/03/2026 08:40",8708642,,,,Beni,"Sucursal Beni","No disponible",Salida,"Sin evento",
"13/03/2026 18:16",8708642,,,,Beni,"Sucursal Beni","No disponible",Salida,"Sin evento",
"13/03/2026 18:17",8,,,,Beni,"Sucursal Beni","No disponible",Salida,"Sin evento",
"13/03/2026 18:33",11,,,,Beni,"Sucursal Beni","No disponible",Salida,"Sin evento",
"16/03/2026 07:35",11,,,,Beni,"Sucursal Beni","No disponible",Salida,"Sin evento",
"16/03/2026 08:32",8,,,,Beni,"Sucursal Beni","No disponible",Salida,"Sin evento",
"16/03/2026 08:36",8708642,,,,Beni,"Sucursal Beni","No disponible",Salida,"Sin evento",
"16/03/2026 18:41",8,,,,Beni,"Sucursal Beni","No disponible",Salida,"Sin evento",
"16/03/2026 18:48",11,,,,Beni,"Sucursal Beni","No disponible",Salida,"Sin evento",
"16/03/2026 18:49",8708642,,,,Beni,"Sucursal Beni","No disponible",Salida,"Sin evento",
"17/03/2026 08:04",11,,,,Beni,"Sucursal Beni","No disponible",Salida,"Sin evento",
"17/03/2026 08:23",8708642,,,,Beni,"Sucursal Beni","No disponible",Salida,"Sin evento",
"17/03/2026 08:33",8,,,,Beni,"Sucursal Beni","No disponible",Salida,"Sin evento",
"17/03/2026 18:16",8,,,,Beni,"Sucursal Beni","No disponible",Salida,"Sin evento",
"17/03/2026 18:34",8708642,,,,Beni,"Sucursal Beni","No disponible",Salida,"Sin evento",
"18/03/2026 07:33",11,,,,Beni,"Sucursal Beni","No disponible",Salida,"Sin evento",
"18/03/2026 08:35",8,,,,Beni,"Sucursal Beni","No disponible",Salida,"Sin evento",
"18/03/2026 08:44",8708642,,,,Beni,"Sucursal Beni","No disponible",Salida,"Sin evento",
"18/03/2026 18:20",8,,,,Beni,"Sucursal Beni","No disponible",Salida,"Sin evento",
"18/03/2026 18:24",8708642,,,,Beni,"Sucursal Beni","No disponible",Salida,"Sin evento",
"18/03/2026 18:25",11,,,,Beni,"Sucursal Beni","No disponible",Salida,"Sin evento",
"19/03/2026 08:31",8,,,,Beni,"Sucursal Beni","No disponible",Salida,"Sin evento",
"19/03/2026 13:13",11,,,,Beni,"Sucursal Beni","No disponible",Salida,"Sin evento",
"19/03/2026 13:24",8708642,,,,Beni,"Sucursal Beni","No disponible",Salida,"Sin evento",
"19/03/2026 18:27",8,,,,Beni,"Sucursal Beni","No disponible",Salida,"Sin evento",
"19/03/2026 18:33",11,,,,Beni,"Sucursal Beni","No disponible",Salida,"Sin evento",
"20/03/2026 08:04",11,,,,Beni,"Sucursal Beni","No disponible",Salida,"Sin evento",
"20/03/2026 08:30",8,,,,Beni,"Sucursal Beni","No disponible",Salida,"Sin evento",
"20/03/2026 08:38",8708642,,,,Beni,"Sucursal Beni","No disponible",Salida,"Sin evento",
"20/03/2026 18:31",8,,,,Beni,"Sucursal Beni","No disponible",Salida,"Sin evento",
"20/03/2026 18:32",11,,,,Beni,"Sucursal Beni","No disponible",Salida,"Sin evento",
"20/03/2026 18:34",8708642,,,,Beni,"Sucursal Beni","No disponible",Salida,"Sin evento",
"23/03/2026 08:11",11,,,,Beni,"Sucursal Beni","No disponible",Salida,"Sin evento",
"23/03/2026 08:18",8708642,,,,Beni,"Sucursal Beni","No disponible",Salida,"Sin evento",
"23/03/2026 08:35",8,,,,Beni,"Sucursal Beni","No disponible",Salida,"Sin evento",
"23/03/2026 18:22",8708642,,,,Beni,"Sucursal Beni","No disponible",Salida,"Sin evento",
"23/03/2026 18:24",8,,,,Beni,"Sucursal Beni","No disponible",Salida,"Sin evento",
"23/03/2026 18:25",11,,,,Beni,"Sucursal Beni","No disponible",Salida,"Sin evento",
"24/03/2026 07:12",11,,,,Beni,"Sucursal Beni","No disponible",Salida,"Sin evento",
"24/03/2026 08:30",8708642,,,,Beni,"Sucursal Beni","No disponible",Salida,"Sin evento",
"24/03/2026 08:31",8,,,,Beni,"Sucursal Beni","No disponible",Salida,"Sin evento",
"24/03/2026 18:19",8708642,,,,Beni,"Sucursal Beni","No disponible",Salida,"Sin evento",
"24/03/2026 18:28",8,,,,Beni,"Sucursal Beni","No disponible",Salida,"Sin evento",
"24/03/2026 18:33",11,,,,Beni,"Sucursal Beni","No disponible",Salida,"Sin evento",
"25/03/2026 07:35",11,,,,Beni,"Sucursal Beni","No disponible",Salida,"Sin evento",
"25/03/2026 08:37",8,,,,Beni,"Sucursal Beni","No disponible",Salida,"Sin evento",
"25/03/2026 08:43",8708642,,,,Beni,"Sucursal Beni","No disponible",Salida,"Sin evento",
"25/03/2026 18:26",8,,,,Beni,"Sucursal Beni","No disponible",Salida,"Sin evento",
"25/03/2026 18:28",8,,,,Beni,"Sucursal Beni","No disponible",Salida,"Sin evento",
"25/03/2026 18:45",8708642,,,,Beni,"Sucursal Beni","No disponible",Salida,"Sin evento",
"25/03/2026 18:50",11,,,,Beni,"Sucursal Beni","No disponible",Salida,"Sin evento",
"26/03/2026 07:27",11,,,,Beni,"Sucursal Beni","No disponible",Salida,"Sin evento",
"26/03/2026 08:26",8708642,,,,Beni,"Sucursal Beni","No disponible",Salida,"Sin evento",
"26/03/2026 08:35",8,,,,Beni,"Sucursal Beni","No disponible",Salida,"Sin evento",
"26/03/2026 17:49",8708642,,,,Beni,"Sucursal Beni","No disponible",Salida,"Sin evento",
"26/03/2026 18:01",11,,,,Beni,"Sucursal Beni","No disponible",Salida,"Sin evento",
"26/03/2026 18:02",8,,,,Beni,"Sucursal Beni","No disponible",Salida,"Sin evento",
"26/03/2026 18:02",11,,,,Beni,"Sucursal Beni","No disponible",Salida,"Sin evento",
"27/03/2026 07:43",11,,,,Beni,"Sucursal Beni","No disponible","Estado 15","Sin evento",
"27/03/2026 08:30",8,,,,Beni,"Sucursal Beni","No disponible",Salida,"Sin evento",
"27/03/2026 18:30",8,,,,Beni,"Sucursal Beni","No disponible",Salida,"Sin evento",
"27/03/2026 18:30",11,,,,Beni,"Sucursal Beni","No disponible",Salida,"Sin evento",
"27/03/2026 18:31",8708642,,,,Beni,"Sucursal Beni","No disponible",Salida,"Sin evento",
"30/03/2026 08:36",8708642,,,,Beni,"Sucursal Beni","No disponible",Salida,"Sin evento",
"30/03/2026 08:36",11,,,,Beni,"Sucursal Beni","No disponible",Salida,"Sin evento",
"30/03/2026 18:19",8708642,,,,Beni,"Sucursal Beni","No disponible",Salida,"Sin evento",
"30/03/2026 18:48",11,,,,Beni,"Sucursal Beni","No disponible",Salida,"Sin evento",
"30/03/2026 18:48",8,,,,Beni,"Sucursal Beni","No disponible",Salida,"Sin evento",
"31/03/2026 07:38",11,,,,Beni,"Sucursal Beni","No disponible",Salida,"Sin evento",
"31/03/2026 08:33",8708642,,,,Beni,"Sucursal Beni","No disponible",Salida,"Sin evento",
"31/03/2026 08:37",8,,,,Beni,"Sucursal Beni","No disponible",Salida,"Sin evento",
"31/03/2026 18:15",8,,,,Beni,"Sucursal Beni","No disponible",Salida,"Sin evento",
"31/03/2026 18:17",8708642,,,,Beni,"Sucursal Beni","No disponible",Salida,"Sin evento",
"31/03/2026 18:21",11,,,,Beni,"Sucursal Beni","No disponible",Salida,"Sin evento",
"01/04/2026 07:37",11,,,,Beni,"Sucursal Beni","No disponible",Salida,"Sin evento",
"01/04/2026 08:38",8,,,,Beni,"Sucursal Beni","No disponible",Salida,"Sin evento",
"01/04/2026 19:42",8,,,,Beni,"Sucursal Beni","No disponible",Salida,"Sin evento",
"01/04/2026 19:46",11,,,,Beni,"Sucursal Beni","No disponible",Salida,"Sin evento",
"02/04/2026 07:06",11,,,,Beni,"Sucursal Beni","No disponible",Salida,"Sin evento",
"02/04/2026 08:02",8,,,,Beni,"Sucursal Beni","No disponible",Salida,"Sin evento",
"02/04/2026 08:21",8708642,,,,Beni,"Sucursal Beni","No disponible",Salida,"Sin evento",
"02/04/2026 12:51",8708642,,,,Beni,"Sucursal Beni","No disponible",Salida,"Sin evento",
"02/04/2026 13:17",8,,,,Beni,"Sucursal Beni","No disponible",Salida,"Sin evento",
"02/04/2026 13:47",8,,,,Beni,"Sucursal Beni","No disponible",Salida,"Sin evento",
"02/04/2026 13:53",11,,,,Beni,"Sucursal Beni","No disponible",Salida,"Sin evento",
"06/04/2026 08:21",11,,,,Beni,"Sucursal Beni","No disponible",Salida,"Sin evento",
"06/04/2026 08:27",8708642,,,,Beni,"Sucursal Beni","No disponible","Estado 15","Sin evento",
"06/04/2026 08:30",8,,,,Beni,"Sucursal Beni","No disponible",Salida,"Sin evento",
"07/04/2026 08:11",11,,,,Beni,"Sucursal Beni","No disponible",Salida,"Sin evento",
"07/04/2026 08:20",8708642,,,,Beni,"Sucursal Beni","No disponible","Estado 15","Sin evento",
"07/04/2026 08:27",8,,,,Beni,"Sucursal Beni","No disponible",Salida,"Sin evento",
"07/04/2026 18:23",8708642,,,,Beni,"Sucursal Beni","No disponible",Salida,"Sin evento",
"07/04/2026 18:29",8,,,,Beni,"Sucursal Beni","No disponible",Salida,"Sin evento",
"07/04/2026 18:30",11,,,,Beni,"Sucursal Beni","No disponible",Salida,"Sin evento",
"08/04/2026 07:19",8,,,,Beni,"Sucursal Beni","No disponible",Salida,"Sin evento",
"08/04/2026 07:29",11,,,,Beni,"Sucursal Beni","No disponible",Salida,"Sin evento",
"08/04/2026 08:30",8708642,,,,Beni,"Sucursal Beni","No disponible",Salida,"Sin evento",
"08/04/2026 18:32",8708642,,,,Beni,"Sucursal Beni","No disponible",Salida,"Sin evento",
"08/04/2026 18:34",11,,,,Beni,"Sucursal Beni","No disponible",Salida,"Sin evento",
"08/04/2026 18:34",8,,,,Beni,"Sucursal Beni","No disponible",Salida,"Sin evento",
"09/04/2026 07:33",11,,,,Beni,"Sucursal Beni","No disponible",Salida,"Sin evento",
"09/04/2026 08:14",8708642,,,,Beni,"Sucursal Beni","No disponible",Salida,"Sin evento",
"09/04/2026 08:33",8,,,,Beni,"Sucursal Beni","No disponible",Salida,"Sin evento",
"09/04/2026 18:04",8,,,,Beni,"Sucursal Beni","No disponible",Salida,"Sin evento",
"09/04/2026 18:37",8708642,,,,Beni,"Sucursal Beni","No disponible",Salida,"Sin evento",
"09/04/2026 18:37",11,,,,Beni,"Sucursal Beni","No disponible",Salida,"Sin evento",
"10/04/2026 08:00",11,,,,Beni,"Sucursal Beni","No disponible",Salida,"Sin evento",
"10/04/2026 08:18",8708642,,,,Beni,"Sucursal Beni","No disponible",Salida,"Sin evento",
"10/04/2026 18:19",8708642,,,,Beni,"Sucursal Beni","No disponible",Salida,"Sin evento",
"10/04/2026 18:20",8,,,,Beni,"Sucursal Beni","No disponible",Salida,"Sin evento",
"10/04/2026 18:30",11,,,,Beni,"Sucursal Beni","No disponible",Salida,"Sin evento",
"13/04/2026 07:33",11,,,,Beni,"Sucursal Beni","No disponible",Salida,"Sin evento",
"13/04/2026 07:36",8708642,,,,Beni,"Sucursal Beni","No disponible",Salida,"Sin evento",
"13/04/2026 08:33",8,,,,Beni,"Sucursal Beni","No disponible",Salida,"Sin evento",
"13/04/2026 18:35",8,,,,Beni,"Sucursal Beni","No disponible",Salida,"Sin evento",
"13/04/2026 18:36",8708642,,,,Beni,"Sucursal Beni","No disponible",Salida,"Sin evento",
"13/04/2026 19:18",11,,,,Beni,"Sucursal Beni","No disponible",Salida,"Sin evento",
"14/04/2026 07:38",11,,,,Beni,"Sucursal Beni","No disponible",Salida,"Sin evento",
"14/04/2026 08:26",8708642,,,,Beni,"Sucursal Beni","No disponible",Salida,"Sin evento",
"14/04/2026 08:36",8,,,,Beni,"Sucursal Beni","No disponible",Salida,"Sin evento",
"14/04/2026 18:16",8708642,,,,Beni,"Sucursal Beni","No disponible",Salida,"Sin evento",
"14/04/2026 18:33",11,,,,Beni,"Sucursal Beni","No disponible",Salida,"Sin evento",
"14/04/2026 18:42",8,,,,Beni,"Sucursal Beni","No disponible",Salida,"Sin evento",
"15/04/2026 07:10",8,,,,Beni,"Sucursal Beni","No disponible",Salida,"Sin evento",
"15/04/2026 07:37",11,,,,Beni,"Sucursal Beni","No disponible","Estado 15","Sin evento",
"15/04/2026 08:15",8708642,,,,Beni,"Sucursal Beni","No disponible",Salida,"Sin evento",
"15/04/2026 18:19",8708642,,,,Beni,"Sucursal Beni","No disponible",Salida,"Sin evento",
"15/04/2026 18:29",8,,,,Beni,"Sucursal Beni","No disponible",Salida,"Sin evento",
"15/04/2026 18:34",11,,,,Beni,"Sucursal Beni","No disponible",Salida,"Sin evento",
"15/04/2026 18:39",11,,,,Beni,"Sucursal Beni","No disponible",Salida,"Sin evento",
"16/04/2026 08:03",11,,,,Beni,"Sucursal Beni","No disponible",Salida,"Sin evento",
"16/04/2026 08:29",8,,,,Beni,"Sucursal Beni","No disponible",Salida,"Sin evento",
"16/04/2026 08:35",8708642,,,,Beni,"Sucursal Beni","No disponible",Salida,"Sin evento",
"16/04/2026 18:17",8,,,,Beni,"Sucursal Beni","No disponible",Salida,"Sin evento",
"16/04/2026 18:27",8,,,,Beni,"Sucursal Beni","No disponible",Salida,"Sin evento",
"16/04/2026 18:36",11,,,,Beni,"Sucursal Beni","No disponible",Salida,"Sin evento",
"16/04/2026 18:39",8708642,,,,Beni,"Sucursal Beni","No disponible",Salida,"Sin evento",
"17/04/2026 07:36",11,,,,Beni,"Sucursal Beni","No disponible","Estado 15","Sin evento",
"17/04/2026 08:26",8,,,,Beni,"Sucursal Beni","No disponible",Salida,"Sin evento",
"17/04/2026 18:29",8,,,,Beni,"Sucursal Beni","No disponible",Salida,"Sin evento",
"17/04/2026 18:33",11,,,,Beni,"Sucursal Beni","No disponible",Salida,"Sin evento",
"17/04/2026 18:35",8708642,,,,Beni,"Sucursal Beni","No disponible",Salida,"Sin evento",
"18/04/2026 12:01",11,,,,Beni,"Sucursal Beni","No disponible","Estado 15","Sin evento",
"20/04/2026 07:33",11,,,,Beni,"Sucursal Beni","No disponible",Salida,"Sin evento",
"20/04/2026 08:03",8,,,,Beni,"Sucursal Beni","No disponible",Salida,"Sin evento",
"20/04/2026 08:27",8708642,,,,Beni,"Sucursal Beni","No disponible",Salida,"Sin evento",
"20/04/2026 18:17",8708642,,,,Beni,"Sucursal Beni","No disponible",Salida,"Sin evento",
"20/04/2026 18:32",11,,,,Beni,"Sucursal Beni","No disponible",Salida,"Sin evento",
"20/04/2026 18:34",8,,,,Beni,"Sucursal Beni","No disponible",Salida,"Sin evento",
"21/04/2026 07:36",11,,,,Beni,"Sucursal Beni","No disponible",Salida,"Sin evento",
"21/04/2026 08:02",8,,,,Beni,"Sucursal Beni","No disponible",Salida,"Sin evento",
"21/04/2026 08:12",8708642,,,,Beni,"Sucursal Beni","No disponible",Salida,"Sin evento",
"21/04/2026 18:15",8708642,,,,Beni,"Sucursal Beni","No disponible",Salida,"Sin evento",
"21/04/2026 18:38",8,,,,Beni,"Sucursal Beni","No disponible",Salida,"Sin evento",
"21/04/2026 18:39",11,,,,Beni,"Sucursal Beni","No disponible",Salida,"Sin evento",
"22/04/2026 07:35",11,,,,Beni,"Sucursal Beni","No disponible",Salida,"Sin evento",
"22/04/2026 08:01",8,,,,Beni,"Sucursal Beni","No disponible",Salida,"Sin evento",
"22/04/2026 08:38",8708642,,,,Beni,"Sucursal Beni","No disponible",Salida,"Sin evento",
"22/04/2026 18:20",8708642,,,,Beni,"Sucursal Beni","No disponible",Salida,"Sin evento",
"22/04/2026 18:58",8,,,,Beni,"Sucursal Beni","No disponible",Salida,"Sin evento",
"22/04/2026 18:59",11,,,,Beni,"Sucursal Beni","No disponible","Estado 15","Sin evento",
"23/04/2026 07:36",11,,,,Beni,"Sucursal Beni","No disponible",Salida,"Sin evento",
"23/04/2026 08:28",8708642,,,,Beni,"Sucursal Beni","No disponible",Salida,"Sin evento",
"23/04/2026 08:30",8,,,,Beni,"Sucursal Beni","No disponible",Salida,"Sin evento",
"23/04/2026 18:26",8708642,,,,Beni,"Sucursal Beni","No disponible",Salida,"Sin evento",
"23/04/2026 18:34",8,,,,Beni,"Sucursal Beni","No disponible",Salida,"Sin evento",
"23/04/2026 18:35",11,,,,Beni,"Sucursal Beni","No disponible",Salida,"Sin evento",
"24/04/2026 07:33",11,,,,Beni,"Sucursal Beni","No disponible","Estado 15","Sin evento",
"24/04/2026 08:33",8708642,,,,Beni,"Sucursal Beni","No disponible",Salida,"Sin evento",
"24/04/2026 08:34",8,,,,Beni,"Sucursal Beni","No disponible",Salida,"Sin evento",
"24/04/2026 18:24",8,,,,Beni,"Sucursal Beni","No disponible",Salida,"Sin evento",
"24/04/2026 18:24",8708642,,,,Beni,"Sucursal Beni","No disponible",Salida,"Sin evento",
"24/04/2026 18:32",11,,,,Beni,"Sucursal Beni","No disponible",Salida,"Sin evento",
"24/04/2026 18:33",11,,,,Beni,"Sucursal Beni","No disponible",Salida,"Sin evento",
"27/04/2026 07:33",11,,,,Beni,"Sucursal Beni","No disponible",Salida,"Sin evento",
"27/04/2026 08:03",8708642,,,,Beni,"Sucursal Beni","No disponible",Salida,"Sin evento",
"27/04/2026 08:31",8,,,,Beni,"Sucursal Beni","No disponible",Salida,"Sin evento",
"27/04/2026 18:15",8708642,,,,Beni,"Sucursal Beni","No disponible",Salida,"Sin evento",
"27/04/2026 18:33",8,,,,Beni,"Sucursal Beni","No disponible",Salida,"Sin evento",
"27/04/2026 18:39",11,,,,Beni,"Sucursal Beni","No disponible",Salida,"Sin evento",
"28/04/2026 07:28",11,,,,Beni,"Sucursal Beni","No disponible",Salida,"Sin evento",
"28/04/2026 08:14",8,,,,Beni,"Sucursal Beni","No disponible",Salida,"Sin evento",
"28/04/2026 08:23",8708642,,,,Beni,"Sucursal Beni","No disponible",Salida,"Sin evento",
"28/04/2026 18:26",8708642,,,,Beni,"Sucursal Beni","No disponible",Salida,"Sin evento",
"28/04/2026 18:42",8,,,,Beni,"Sucursal Beni","No disponible",Salida,"Sin evento",
"28/04/2026 18:46",11,,,,Beni,"Sucursal Beni","No disponible",Salida,"Sin evento",
"29/04/2026 07:28",11,,,,Beni,"Sucursal Beni","No disponible",Salida,"Sin evento",
"29/04/2026 08:18",8708642,,,,Beni,"Sucursal Beni","No disponible",Salida,"Sin evento",
"29/04/2026 08:39",8,,,,Beni,"Sucursal Beni","No disponible",Salida,"Sin evento",
"29/04/2026 18:41",8708642,,,,Beni,"Sucursal Beni","No disponible",Salida,"Sin evento",
"29/04/2026 18:45",8,,,,Beni,"Sucursal Beni","No disponible",Salida,"Sin evento",
"29/04/2026 19:04",11,,,,Beni,"Sucursal Beni","No disponible",Salida,"Sin evento",
"30/04/2026 07:43",11,,,,Beni,"Sucursal Beni","No disponible","Estado 15","Sin evento",
"30/04/2026 08:17",8708642,,,,Beni,"Sucursal Beni","No disponible",Salida,"Sin evento",
"30/04/2026 08:25",8,,,,Beni,"Sucursal Beni","No disponible",Salida,"Sin evento",
"30/04/2026 18:42",8,,,,Beni,"Sucursal Beni","No disponible",Salida,"Sin evento",
"30/04/2026 18:43",8708642,,,,Beni,"Sucursal Beni","No disponible",Salida,"Sin evento",
"30/04/2026 18:51",11,,,,Beni,"Sucursal Beni","No disponible",Salida,"Sin evento",
"30/04/2026 18:56",11,,,,Beni,"Sucursal Beni","No disponible",Salida,"Sin evento",
"04/05/2026 08:11",11,,,,Beni,"Sucursal Beni","No disponible",Salida,"Sin evento",
"04/05/2026 08:22",8708642,,,,Beni,"Sucursal Beni","No disponible",Salida,"Sin evento",
"04/05/2026 08:27",8,,,,Beni,"Sucursal Beni","No disponible",Salida,"Sin evento",
"04/05/2026 18:37",8708642,,,,Beni,"Sucursal Beni","No disponible",Salida,"Sin evento",
"04/05/2026 18:39",11,,,,Beni,"Sucursal Beni","No disponible",Salida,"Sin evento",
"04/05/2026 18:39",8,,,,Beni,"Sucursal Beni","No disponible",Salida,"Sin evento",
"05/05/2026 07:25",11,,,,Beni,"Sucursal Beni","No disponible",Salida,"Sin evento",
"05/05/2026 08:37",8,,,,Beni,"Sucursal Beni","No disponible",Salida,"Sin evento",
"05/05/2026 18:29",8708642,,,,Beni,"Sucursal Beni","No disponible",Salida,"Sin evento",
"05/05/2026 18:34",11,,,,Beni,"Sucursal Beni","No disponible",Salida,"Sin evento",
"05/05/2026 18:34",8,,,,Beni,"Sucursal Beni","No disponible",Salida,"Sin evento",
"06/05/2026 07:37",11,,,,Beni,"Sucursal Beni","No disponible","Estado 15","Sin evento",
"06/05/2026 08:28",8,,,,Beni,"Sucursal Beni","No disponible",Salida,"Sin evento",
"06/05/2026 17:29",8708642,,,,Beni,"Sucursal Beni","No disponible",Salida,"Sin evento",
"06/05/2026 18:37",8708642,,,,Beni,"Sucursal Beni","No disponible",Salida,"Sin evento",
"06/05/2026 18:38",8,,,,Beni,"Sucursal Beni","No disponible",Salida,"Sin evento",
"06/05/2026 18:39",11,,,,Beni,"Sucursal Beni","No disponible",Salida,"Sin evento",
"07/05/2026 07:26",11,,,,Beni,"Sucursal Beni","No disponible",Salida,"Sin evento",
"07/05/2026 08:14",8708642,,,,Beni,"Sucursal Beni","No disponible",Salida,"Sin evento",
"07/05/2026 08:35",8,,,,Beni,"Sucursal Beni","No disponible",Salida,"Sin evento",
"07/05/2026 18:30",8,,,,Beni,"Sucursal Beni","No disponible",Salida,"Sin evento",
"07/05/2026 18:34",8708642,,,,Beni,"Sucursal Beni","No disponible",Salida,"Sin evento",
"07/05/2026 18:41",11,,,,Beni,"Sucursal Beni","No disponible",Salida,"Sin evento",
"08/05/2026 07:55",11,,,,Beni,"Sucursal Beni","No disponible",Salida,"Sin evento",
"08/05/2026 08:16",8708642,,,,Beni,"Sucursal Beni","No disponible",Salida,"Sin evento",
"08/05/2026 18:32",8,,,,Beni,"Sucursal Beni","No disponible",Salida,"Sin evento",
"08/05/2026 18:47",11,,,,Beni,"Sucursal Beni","No disponible",Salida,"Sin evento",
"08/05/2026 18:49",8708642,,,,Beni,"Sucursal Beni","No disponible",Salida,"Sin evento",
"11/05/2026 07:56",11,,,,Beni,"Sucursal Beni","No disponible",Salida,"Sin evento",
"11/05/2026 08:22",8,,,,Beni,"Sucursal Beni","No disponible",Salida,"Sin evento",
"11/05/2026 08:39",8708642,,,,Beni,"Sucursal Beni","No disponible",Salida,"Sin evento",
"11/05/2026 18:32",8708642,,,,Beni,"Sucursal Beni","No disponible",Salida,"Sin evento",
"11/05/2026 18:33",8,,,,Beni,"Sucursal Beni","No disponible",Salida,"Sin evento",
"11/05/2026 18:33",11,,,,Beni,"Sucursal Beni","No disponible",Salida,"Sin evento",
"12/05/2026 08:08",11,,,,Beni,"Sucursal Beni","No disponible",Salida,"Sin evento",
"12/05/2026 08:29",8708642,,,,Beni,"Sucursal Beni","No disponible",Salida,"Sin evento",
"12/05/2026 08:30",8,,,,Beni,"Sucursal Beni","No disponible",Salida,"Sin evento",
"12/05/2026 18:16",8,,,,Beni,"Sucursal Beni","No disponible",Salida,"Sin evento",
"12/05/2026 18:41",8708642,,,,Beni,"Sucursal Beni","No disponible",Salida,"Sin evento",
"12/05/2026 18:42",11,,,,Beni,"Sucursal Beni","No disponible",Salida,"Sin evento",
"13/05/2026 07:57",11,,,,Beni,"Sucursal Beni","No disponible",Salida,"Sin evento",
"13/05/2026 08:21",8708642,,,,Beni,"Sucursal Beni","No disponible",Salida,"Sin evento",
"13/05/2026 08:33",8,,,,Beni,"Sucursal Beni","No disponible",Salida,"Sin evento",
"13/05/2026 13:37",8,,,,Beni,"Sucursal Beni","No disponible",Salida,"Sin evento",
"13/05/2026 18:19",8708642,,,,Beni,"Sucursal Beni","No disponible",Salida,"Sin evento",
"14/05/2026 08:10",11,,,,Beni,"Sucursal Beni","No disponible",Salida,"Sin evento",
"14/05/2026 08:41",8708642,,,,Beni,"Sucursal Beni","No disponible",Salida,"Sin evento",
"14/05/2026 18:24",8708642,,,,Beni,"Sucursal Beni","No disponible",Salida,"Sin evento",
"14/05/2026 18:33",11,,,,Beni,"Sucursal Beni","No disponible",Salida,"Sin evento",
"15/05/2026 07:47",11,,,,Beni,"Sucursal Beni","No disponible",Salida,"Sin evento",
"15/05/2026 07:52",11,,,,Beni,"Sucursal Beni","No disponible",Salida,"Sin evento",
"15/05/2026 08:21",8,,,,Beni,"Sucursal Beni","No disponible",Salida,"Sin evento",
"15/05/2026 18:25",8,,,,Beni,"Sucursal Beni","No disponible",Salida,"Sin evento",
"15/05/2026 18:34",11,,,,Beni,"Sucursal Beni","No disponible",Salida,"Sin evento",
"18/05/2026 08:22",11,,,,Beni,"Sucursal Beni","No disponible",Salida,"Sin evento",
"18/05/2026 08:27",8,,,,Beni,"Sucursal Beni","No disponible",Salida,"Sin evento",
"18/05/2026 09:10",8708642,,,,Beni,"Sucursal Beni","No disponible",Salida,"Sin evento",
"18/05/2026 18:52",8,,,,Beni,"Sucursal Beni","No disponible",Salida,"Sin evento",
"18/05/2026 18:53",8708642,,,,Beni,"Sucursal Beni","No disponible",Salida,"Sin evento",
"18/05/2026 18:58",11,,,,Beni,"Sucursal Beni","No disponible",Salida,"Sin evento",
"19/05/2026 07:58",11,,,,Beni,"Sucursal Beni","No disponible",Salida,"Sin evento",
"19/05/2026 08:21",8,,,,Beni,"Sucursal Beni","No disponible",Salida,"Sin evento",
"19/05/2026 08:34",8708642,,,,Beni,"Sucursal Beni","No disponible",Salida,"Sin evento",
"19/05/2026 18:07",8,,,,Beni,"Sucursal Beni","No disponible",Salida,"Sin evento",
"19/05/2026 18:29",8708642,,,,Beni,"Sucursal Beni","No disponible",Salida,"Sin evento",
"19/05/2026 19:11",11,,,,Beni,"Sucursal Beni","No disponible",Salida,"Sin evento",
"20/05/2026 07:54",11,,,,Beni,"Sucursal Beni","No disponible",Salida,"Sin evento",
"20/05/2026 08:32",8,,,,Beni,"Sucursal Beni","No disponible",Salida,"Sin evento",
"20/05/2026 08:32",7,,,,Beni,"Sucursal Beni","No disponible","Retorno de descanso","Sin evento",
"20/05/2026 08:40",8708642,,,,Beni,"Sucursal Beni","No disponible",Salida,"Sin evento",
"20/05/2026 18:21",8708642,,,,Beni,"Sucursal Beni","No disponible",Salida,"Sin evento",
"20/05/2026 19:18",11,,,,Beni,"Sucursal Beni","No disponible",Salida,"Sin evento",
"21/05/2026 08:04",11,,,,Beni,"Sucursal Beni","No disponible",Salida,"Sin evento",
"21/05/2026 08:09",8,,,,Beni,"Sucursal Beni","No disponible",Salida,"Sin evento",
"21/05/2026 08:44",8708642,,,,Beni,"Sucursal Beni","No disponible",Salida,"Sin evento",
"21/05/2026 18:26",8,,,,Beni,"Sucursal Beni","No disponible",Salida,"Sin evento",
"21/05/2026 18:29",8708642,,,,Beni,"Sucursal Beni","No disponible",Salida,"Sin evento",
"21/05/2026 18:43",11,,,,Beni,"Sucursal Beni","No disponible",Salida,"Sin evento",
"21/05/2026 18:51",8,,,,Beni,"Sucursal Beni","No disponible",Salida,"Sin evento",
"22/05/2026 07:52",11,,,,Beni,"Sucursal Beni","No disponible",Salida,"Sin evento",
"22/05/2026 07:57",11,,,,Beni,"Sucursal Beni","No disponible",Salida,"Sin evento",
"22/05/2026 08:34",8708642,,,,Beni,"Sucursal Beni","No disponible",Salida,"Sin evento",
"22/05/2026 08:36",8,,,,Beni,"Sucursal Beni","No disponible",Salida,"Sin evento",
"22/05/2026 18:29",8708642,,,,Beni,"Sucursal Beni","No disponible",Salida,"Sin evento",
"22/05/2026 18:34",8708642,,,,Beni,"Sucursal Beni","No disponible",Salida,"Sin evento",
"22/05/2026 18:40",11,,,,Beni,"Sucursal Beni","No disponible",Salida,"Sin evento",
"22/05/2026 18:42",11,,,,Beni,"Sucursal Beni","No disponible",Salida,"Sin evento",
"22/05/2026 18:50",8,,,,Beni,"Sucursal Beni","No disponible",Salida,"Sin evento",
"25/05/2026 07:46",11,,,,Beni,"Sucursal Beni","No disponible",Salida,"Sin evento",
"25/05/2026 08:08",8,,,,Beni,"Sucursal Beni","No disponible",Salida,"Sin evento",
"25/05/2026 08:33",8,,,,Beni,"Sucursal Beni","No disponible",Salida,"Sin evento",
"25/05/2026 08:34",8708642,,,,Beni,"Sucursal Beni","No disponible",Salida,"Sin evento",
"25/05/2026 18:22",8708642,,,,Beni,"Sucursal Beni","No disponible",Salida,"Sin evento",
"25/05/2026 18:22",8,,,,Beni,"Sucursal Beni","No disponible",Salida,"Sin evento",
"25/05/2026 18:25",11,,,,Beni,"Sucursal Beni","No disponible",Salida,"Sin evento",
"26/05/2026 07:36",11,,,,Beni,"Sucursal Beni","No disponible",Salida,"Sin evento",
"26/05/2026 08:09",8,,,,Beni,"Sucursal Beni","No disponible",Salida,"Sin evento",
"26/05/2026 08:29",8708642,,,,Beni,"Sucursal Beni","No disponible",Salida,"Sin evento",
"26/05/2026 17:23",8708642,,,,Beni,"Sucursal Beni","No disponible",Salida,"Sin evento",
"26/05/2026 18:35",8,,,,Beni,"Sucursal Beni","No disponible",Salida,"Sin evento",
"26/05/2026 18:36",11,,,,Beni,"Sucursal Beni","No disponible",Salida,"Sin evento",
"27/05/2026 07:50",11,,,,Beni,"Sucursal Beni","No disponible",Salida,"Sin evento",
"27/05/2026 08:33",8,,,,Beni,"Sucursal Beni","No disponible",Salida,"Sin evento",
"27/05/2026 08:34",8708642,,,,Beni,"Sucursal Beni","No disponible",Salida,"Sin evento",
"27/05/2026 13:54",8,,,,Beni,"Sucursal Beni","No disponible",Salida,"Sin evento",
"27/05/2026 18:26",8708642,,,,Beni,"Sucursal Beni","No disponible",Salida,"Sin evento",
"27/05/2026 18:29",11,,,,Beni,"Sucursal Beni","No disponible",Salida,"Sin evento",
"28/05/2026 07:35",8,,,,Beni,"Sucursal Beni","No disponible",Salida,"Sin evento",
"28/05/2026 07:35",11,,,,Beni,"Sucursal Beni","No disponible",Salida,"Sin evento",
"28/05/2026 08:38",8708642,,,,Beni,"Sucursal Beni","No disponible",Salida,"Sin evento",
"28/05/2026 18:21",8,,,,Beni,"Sucursal Beni","No disponible",Salida,"Sin evento",
"28/05/2026 18:49",11,,,,Beni,"Sucursal Beni","No disponible",Salida,"Sin evento",
"29/05/2026 06:52",11,,,,Beni,"Sucursal Beni","No disponible",Salida,"Sin evento",
"29/05/2026 08:01",8,,,,Beni,"Sucursal Beni","No disponible",Salida,"Sin evento",
"29/05/2026 08:21",8708642,,,,Beni,"Sucursal Beni","No disponible",Salida,"Sin evento",
"29/05/2026 17:30",8,,,,Beni,"Sucursal Beni","No disponible",Salida,"Sin evento",
"29/05/2026 17:34",11,,,,Beni,"Sucursal Beni","No disponible",Salida,"Sin evento",
"29/05/2026 17:38",8708642,,,,Beni,"Sucursal Beni","No disponible",Salida,"Sin evento",
"30/05/2026 09:09",11,,,,Beni,"Sucursal Beni","No disponible","Estado 15","Sin evento",
"02/06/2026 07:59",11,,,,Beni,"Sucursal Beni","No disponible",Salida,"Sin evento",
"02/06/2026 08:29",8708642,,,,Beni,"Sucursal Beni","No disponible",Salida,"Sin evento",
"02/06/2026 08:33",8,,,,Beni,"Sucursal Beni","No disponible",Salida,"Sin evento",
"02/06/2026 18:31",8708642,,,,Beni,"Sucursal Beni","No disponible",Salida,"Sin evento",
"02/06/2026 18:34",8708642,,,,Beni,"Sucursal Beni","No disponible",Salida,"Sin evento",
"02/06/2026 18:34",11,,,,Beni,"Sucursal Beni","No disponible",Salida,"Sin evento",
"02/06/2026 18:35",8,,,,Beni,"Sucursal Beni","No disponible",Salida,"Sin evento",
"02/06/2026 18:35",11,,,,Beni,"Sucursal Beni","No disponible",Salida,"Sin evento",
"03/06/2026 07:55",11,,,,Beni,"Sucursal Beni","No disponible",Salida,"Sin evento",
"03/06/2026 08:15",8,,,,Beni,"Sucursal Beni","No disponible",Salida,"Sin evento",
"03/06/2026 08:21",8708642,,,,Beni,"Sucursal Beni","No disponible",Salida,"Sin evento",
"03/06/2026 18:32",8,,,,Beni,"Sucursal Beni","No disponible",Salida,"Sin evento",
"03/06/2026 18:40",8708642,,,,Beni,"Sucursal Beni","No disponible",Salida,"Sin evento",
"03/06/2026 18:40",11,,,,Beni,"Sucursal Beni","No disponible",Salida,"Sin evento",
"08/06/2026 07:58",11,,,,Beni,"Sucursal Beni","No disponible",Salida,"Sin evento",
"08/06/2026 08:25",8708642,,,,Beni,"Sucursal Beni","No disponible",Salida,"Sin evento",
"08/06/2026 08:30",8,,,,Beni,"Sucursal Beni","No disponible",Salida,"Sin evento",
"08/06/2026 18:36",8,,,,Beni,"Sucursal Beni","No disponible",Salida,"Sin evento",
"08/06/2026 18:37",11,,,,Beni,"Sucursal Beni","No disponible",Salida,"Sin evento",
"08/06/2026 18:38",8708642,,,,Beni,"Sucursal Beni","No disponible",Salida,"Sin evento",
"09/06/2026 07:57",11,,,,Beni,"Sucursal Beni","No disponible",Salida,"Sin evento",
"09/06/2026 08:27",8,,,,Beni,"Sucursal Beni","No disponible",Salida,"Sin evento",
"09/06/2026 08:37",8708642,,,,Beni,"Sucursal Beni","No disponible",Salida,"Sin evento",
"09/06/2026 18:18",8,,,,Beni,"Sucursal Beni","No disponible",Salida,"Sin evento",
"09/06/2026 18:24",8708642,,,,Beni,"Sucursal Beni","No disponible",Salida,"Sin evento",
"09/06/2026 21:24",11,,,,Beni,"Sucursal Beni","No disponible",Salida,"Sin evento",
"10/06/2026 07:39",11,,,,Beni,"Sucursal Beni","No disponible",Salida,"Sin evento",
"10/06/2026 08:26",8708642,,,,Beni,"Sucursal Beni","No disponible",Salida,"Sin evento",
"10/06/2026 08:31",8,,,,Beni,"Sucursal Beni","No disponible",Salida,"Sin evento",
"10/06/2026 18:12",8708642,,,,Beni,"Sucursal Beni","No disponible",Salida,"Sin evento",
"10/06/2026 18:22",8,,,,Beni,"Sucursal Beni","No disponible",Salida,"Sin evento",
"10/06/2026 18:22",11,,,,Beni,"Sucursal Beni","No disponible",Salida,"Sin evento",
"11/06/2026 08:04",11,,,,Beni,"Sucursal Beni","No disponible","Estado 15","Sin evento",
"11/06/2026 08:29",8,,,,Beni,"Sucursal Beni","No disponible",Salida,"Sin evento",
"11/06/2026 08:35",8708642,,,,Beni,"Sucursal Beni","No disponible",Salida,"Sin evento",
"11/06/2026 18:15",8,,,,Beni,"Sucursal Beni","No disponible",Salida,"Sin evento",
"11/06/2026 18:35",8708642,,,,Beni,"Sucursal Beni","No disponible",Salida,"Sin evento",
"11/06/2026 18:35",11,,,,Beni,"Sucursal Beni","No disponible",Salida,"Sin evento",
"12/06/2026 08:04",11,,,,Beni,"Sucursal Beni","No disponible",Salida,"Sin evento",
"12/06/2026 08:28",8708642,,,,Beni,"Sucursal Beni","No disponible",Salida,"Sin evento",
"12/06/2026 08:35",8,,,,Beni,"Sucursal Beni","No disponible",Salida,"Sin evento",
"12/06/2026 18:20",8,,,,Beni,"Sucursal Beni","No disponible",Salida,"Sin evento",
"15/06/2026 07:54",11,,,,Beni,"Sucursal Beni","No disponible",Salida,"Sin evento",
"15/06/2026 08:13",8708642,,,,Beni,"Sucursal Beni","No disponible",Salida,"Sin evento",
"15/06/2026 08:33",8,,,,Beni,"Sucursal Beni","No disponible",Salida,"Sin evento",
"15/06/2026 18:25",8708642,,,,Beni,"Sucursal Beni","No disponible",Salida,"Sin evento",
"15/06/2026 18:33",8,,,,Beni,"Sucursal Beni","No disponible",Salida,"Sin evento",
"15/06/2026 18:38",11,,,,Beni,"Sucursal Beni","No disponible",Salida,"Sin evento",
"16/06/2026 08:03",11,,,,Beni,"Sucursal Beni","No disponible",Salida,"Sin evento",
"16/06/2026 08:30",8708642,,,,Beni,"Sucursal Beni","No disponible",Salida,"Sin evento",
"16/06/2026 08:31",8,,,,Beni,"Sucursal Beni","No disponible",Salida,"Sin evento",
"16/06/2026 18:17",8,,,,Beni,"Sucursal Beni","No disponible",Salida,"Sin evento",
"16/06/2026 18:21",8708642,,,,Beni,"Sucursal Beni","No disponible",Salida,"Sin evento",
"16/06/2026 18:21",11,,,,Beni,"Sucursal Beni","No disponible",Salida,"Sin evento",
"17/06/2026 07:54",11,,,,Beni,"Sucursal Beni","No disponible","Estado 15","Sin evento",
"17/06/2026 08:28",8708642,,,,Beni,"Sucursal Beni","No disponible",Salida,"Sin evento",
"17/06/2026 08:34",8,,,,Beni,"Sucursal Beni","No disponible",Salida,"Sin evento",
"17/06/2026 18:14",8,,,,Beni,"Sucursal Beni","No disponible",Salida,"Sin evento",
"17/06/2026 18:20",8708642,,,,Beni,"Sucursal Beni","No disponible",Salida,"Sin evento",
"17/06/2026 18:20",11,,,,Beni,"Sucursal Beni","No disponible",Salida,"Sin evento",
"18/06/2026 07:39",11,,,,Beni,"Sucursal Beni","No disponible","Estado 15","Sin evento",
"18/06/2026 07:45",8,,,,Beni,"Sucursal Beni","No disponible",Salida,"Sin evento",
"18/06/2026 08:37",8708642,,,,Beni,"Sucursal Beni","No disponible",Salida,"Sin evento",
"18/06/2026 18:34",11,,,,Beni,"Sucursal Beni","No disponible",Salida,"Sin evento",
"18/06/2026 18:34",8708642,,,,Beni,"Sucursal Beni","No disponible",Salida,"Sin evento",
"18/06/2026 18:34",8,,,,Beni,"Sucursal Beni","No disponible",Salida,"Sin evento",
"19/06/2026 07:57",11,,,,Beni,"Sucursal Beni","No disponible",Salida,"Sin evento",
"19/06/2026 08:32",8,,,,Beni,"Sucursal Beni","No disponible",Salida,"Sin evento",
"19/06/2026 08:32",8708642,,,,Beni,"Sucursal Beni","No disponible",Salida,"Sin evento",
"19/06/2026 18:13",8708642,,,,Beni,"Sucursal Beni","No disponible",Salida,"Sin evento",
"19/06/2026 18:16",8,,,,Beni,"Sucursal Beni","No disponible",Salida,"Sin evento",
"19/06/2026 18:21",11,,,,Beni,"Sucursal Beni","No disponible",Salida,"Sin evento",
"19/06/2026 18:22",11,,,,Beni,"Sucursal Beni","No disponible",Salida,"Sin evento",
"23/06/2026 07:59",11,,,,Beni,"Sucursal Beni","No disponible",Salida,"Sin evento",
"23/06/2026 08:28",8,,,,Beni,"Sucursal Beni","No disponible",Salida,"Sin evento",
"23/06/2026 08:32",8708642,,,,Beni,"Sucursal Beni","No disponible",Salida,"Sin evento",
"23/06/2026 18:42",8708642,,,,Beni,"Sucursal Beni","No disponible",Salida,"Sin evento",
"23/06/2026 18:43",8,,,,Beni,"Sucursal Beni","No disponible",Salida,"Sin evento",
"23/06/2026 18:49",11,,,,Beni,"Sucursal Beni","No disponible",Salida,"Sin evento",
"24/06/2026 08:12",11,,,,Beni,"Sucursal Beni","No disponible",Salida,"Sin evento",
"24/06/2026 08:32",8,,,,Beni,"Sucursal Beni","No disponible",Salida,"Sin evento",
"24/06/2026 09:01",8708642,,,,Beni,"Sucursal Beni","No disponible",Salida,"Sin evento",
"24/06/2026 18:38",8708642,,,,Beni,"Sucursal Beni","No disponible",Salida,"Sin evento",
"24/06/2026 18:38",8,,,,Beni,"Sucursal Beni","No disponible",Salida,"Sin evento",
"25/06/2026 08:26",8708642,,,,Beni,"Sucursal Beni","No disponible",Salida,"Sin evento",
"25/06/2026 08:28",11,,,,Beni,"Sucursal Beni","No disponible",Salida,"Sin evento",
"25/06/2026 08:28",8,,,,Beni,"Sucursal Beni","No disponible",Salida,"Sin evento",
"25/06/2026 18:30",8,,,,Beni,"Sucursal Beni","No disponible",Salida,"Sin evento",
"25/06/2026 18:37",8708642,,,,Beni,"Sucursal Beni","No disponible",Salida,"Sin evento",
"25/06/2026 18:37",11,,,,Beni,"Sucursal Beni","No disponible",Salida,"Sin evento",
"26/06/2026 07:59",11,,,,Beni,"Sucursal Beni","No disponible",Salida,"Sin evento",
"26/06/2026 08:26",8,,,,Beni,"Sucursal Beni","No disponible",Salida,"Sin evento",
"26/06/2026 08:35",8708642,,,,Beni,"Sucursal Beni","No disponible",Salida,"Sin evento",
"26/06/2026 18:57",8,,,,Beni,"Sucursal Beni","No disponible",Salida,"Sin evento",
"26/06/2026 18:58",11,,,,Beni,"Sucursal Beni","No disponible",Salida,"Sin evento",
"29/06/2026 07:51",11,,,,Beni,"Sucursal Beni","No disponible",Salida,"Sin evento",
"29/06/2026 08:28",8708642,,,,Beni,"Sucursal Beni","No disponible",Salida,"Sin evento",
"29/06/2026 08:35",8,,,,Beni,"Sucursal Beni","No disponible",Salida,"Sin evento",
"29/06/2026 18:39",8,,,,Beni,"Sucursal Beni","No disponible",Salida,"Sin evento",
"29/06/2026 18:50",8708642,,,,Beni,"Sucursal Beni","No disponible",Salida,"Sin evento",
"29/06/2026 19:21",11,,,,Beni,"Sucursal Beni","No disponible",Salida,"Sin evento",
"30/06/2026 07:31",11,,,,Beni,"Sucursal Beni","No disponible",Salida,"Sin evento",
"30/06/2026 08:28",8,,,,Beni,"Sucursal Beni","No disponible",Salida,"Sin evento",
"30/06/2026 08:29",8708642,,,,Beni,"Sucursal Beni","No disponible",Salida,"Sin evento",
"30/06/2026 18:09",8,,,,Beni,"Sucursal Beni","No disponible",Salida,"Sin evento",
"30/06/2026 18:30",11,,,,Beni,"Sucursal Beni","No disponible",Salida,"Sin evento",
"30/06/2026 18:30",8708642,,,,Beni,"Sucursal Beni","No disponible",Salida,"Sin evento",
"01/07/2026 08:08",11,,,,Beni,"Sucursal Beni","No disponible",Salida,"Sin evento",
"01/07/2026 08:24",8708642,,,,Beni,"Sucursal Beni","No disponible",Salida,"Sin evento",
"01/07/2026 18:42",8708642,,,,Beni,"Sucursal Beni","No disponible",Salida,"Sin evento",
"01/07/2026 19:28",11,,,,Beni,"Sucursal Beni","No disponible","Estado 15","Sin evento",
"02/07/2026 07:57",11,,,,Beni,"Sucursal Beni","No disponible","Estado 15","Sin evento",
"02/07/2026 08:18",8708642,,,,Beni,"Sucursal Beni","No disponible",Salida,"Sin evento",
"02/07/2026 08:28",8,,,,Beni,"Sucursal Beni","No disponible",Salida,"Sin evento",
"02/07/2026 18:38",8708642,,,,Beni,"Sucursal Beni","No disponible",Salida,"Sin evento",
"02/07/2026 18:59",8,,,,Beni,"Sucursal Beni","No disponible",Salida,"Sin evento",
"02/07/2026 19:20",11,,,,Beni,"Sucursal Beni","No disponible",Salida,"Sin evento",
"03/07/2026 07:00",11,,,,Beni,"Sucursal Beni","No disponible","Estado 15","Sin evento",
"03/07/2026 08:24",8708642,,,,Beni,"Sucursal Beni","No disponible",Salida,"Sin evento",
"03/07/2026 08:36",8,,,,Beni,"Sucursal Beni","No disponible",Salida,"Sin evento",
"03/07/2026 18:29",8,,,,Beni,"Sucursal Beni","No disponible",Salida,"Sin evento",
"03/07/2026 18:46",11,,,,Beni,"Sucursal Beni","No disponible",Salida,"Sin evento",
"03/07/2026 18:46",8708642,,,,Beni,"Sucursal Beni","No disponible",Salida,"Sin evento",
"06/07/2026 08:11",11,,,,Beni,"Sucursal Beni","No disponible",Salida,"Sin evento",
"06/07/2026 08:28",8708642,,,,Beni,"Sucursal Beni","No disponible",Salida,"Sin evento",
"06/07/2026 08:32",8,,,,Beni,"Sucursal Beni","No disponible",Salida,"Sin evento",
"06/07/2026 18:36",8,,,,Beni,"Sucursal Beni","No disponible",Salida,"Sin evento",
"06/07/2026 18:40",8708642,,,,Beni,"Sucursal Beni","No disponible",Salida,"Sin evento",
"06/07/2026 18:45",11,,,,Beni,"Sucursal Beni","No disponible",Salida,"Sin evento",
"07/07/2026 07:21",8,,,,Beni,"Sucursal Beni","No disponible",Salida,"Sin evento",
"07/07/2026 07:56",11,,,,Beni,"Sucursal Beni","No disponible",Salida,"Sin evento",
"07/07/2026 08:27",8708642,,,,Beni,"Sucursal Beni","No disponible",Salida,"Sin evento",
"07/07/2026 18:38",8,,,,Beni,"Sucursal Beni","No disponible",Salida,"Sin evento",
"07/07/2026 18:45",8708642,,,,Beni,"Sucursal Beni","No disponible",Salida,"Sin evento",
"07/07/2026 18:45",11,,,,Beni,"Sucursal Beni","No disponible",Salida,"Sin evento",
"07/07/2026 18:49",11,,,,Beni,"Sucursal Beni","No disponible",Salida,"Sin evento",
"08/07/2026 07:59",11,,,,Beni,"Sucursal Beni","No disponible","Estado 15","Sin evento",
"08/07/2026 08:27",8708642,,,,Beni,"Sucursal Beni","No disponible",Salida,"Sin evento",
"08/07/2026 08:30",8,,,,Beni,"Sucursal Beni","No disponible",Salida,"Sin evento",
"08/07/2026 18:22",8708642,,,,Beni,"Sucursal Beni","No disponible",Salida,"Sin evento",
"08/07/2026 18:52",8,,,,Beni,"Sucursal Beni","No disponible",Salida,"Sin evento",
"08/07/2026 18:54",11,,,,Beni,"Sucursal Beni","No disponible",Salida,"Sin evento",
"09/07/2026 07:52",11,,,,Beni,"Sucursal Beni","No disponible",Salida,"Sin evento",
"09/07/2026 07:52",8,,,,Beni,"Sucursal Beni","No disponible",Salida,"Sin evento",
"09/07/2026 08:28",8708642,,,,Beni,"Sucursal Beni","No disponible",Salida,"Sin evento",
"09/07/2026 18:28",8,,,,Beni,"Sucursal Beni","No disponible",Salida,"Sin evento",
"09/07/2026 18:43",8708642,,,,Beni,"Sucursal Beni","No disponible",Salida,"Sin evento",
"09/07/2026 18:47",11,,,,Beni,"Sucursal Beni","No disponible",Salida,"Sin evento",
"10/07/2026 08:03",11,,,,Beni,"Sucursal Beni","No disponible",Salida,"Sin evento",
"10/07/2026 08:27",8708642,,,,Beni,"Sucursal Beni","No disponible",Salida,"Sin evento",
"10/07/2026 08:37",8,,,,Beni,"Sucursal Beni","No disponible",Salida,"Sin evento",
"10/07/2026 18:49",8,,,,Beni,"Sucursal Beni","No disponible",Salida,"Sin evento",
"10/07/2026 18:49",8708642,,,,Beni,"Sucursal Beni","No disponible",Salida,"Sin evento",
"10/07/2026 18:54",11,,,,Beni,"Sucursal Beni","No disponible",Salida,"Sin evento",
"13/07/2026 08:24",11,,,,Beni,"Sucursal Beni","No disponible",Salida,"Sin evento",
"13/07/2026 08:25",8708642,,,,Beni,"Sucursal Beni","No disponible",Salida,"Sin evento",
"13/07/2026 08:36",8,,,,Beni,"Sucursal Beni","No disponible",Salida,"Sin evento",
"13/07/2026 18:30",8,,,,Beni,"Sucursal Beni","No disponible",Salida,"Sin evento",
"13/07/2026 18:36",11,,,,Beni,"Sucursal Beni","No disponible",Salida,"Sin evento",
"14/07/2026 07:53",11,,,,Beni,"Sucursal Beni","No disponible",Salida,"Sin evento",
"14/07/2026 08:25",8708642,,,,Beni,"Sucursal Beni","No disponible",Salida,"Sin evento",
"14/07/2026 08:35",8,,,,Beni,"Sucursal Beni","No disponible",Salida,"Sin evento",
"14/07/2026 18:31",8708642,,,,Beni,"Sucursal Beni","No disponible",Salida,"Sin evento",
"14/07/2026 18:55",8,,,,Beni,"Sucursal Beni","No disponible",Salida,"Sin evento",
"14/07/2026 19:24",11,,,,Beni,"Sucursal Beni","No disponible",Salida,"Sin evento",
"15/07/2026 08:01",11,,,,Beni,"Sucursal Beni","No disponible",Salida,"Sin evento",
"15/07/2026 08:21",8,,,,Beni,"Sucursal Beni","No disponible",Salida,"Sin evento",
"15/07/2026 18:24",8,,,,Beni,"Sucursal Beni","No disponible",Salida,"Sin evento",
"15/07/2026 19:24",11,,,,Beni,"Sucursal Beni","No disponible",Salida,"Sin evento",
"16/07/2026 08:17",11,,,,Beni,"Sucursal Beni","No disponible","Estado 15","Sin evento",
"16/07/2026 08:21",8,,,,Beni,"Sucursal Beni","No disponible",Salida,"Sin evento",
"16/07/2026 18:36",8,,,,Beni,"Sucursal Beni","No disponible",Salida,"Sin evento",
"16/07/2026 18:37",11,,,,Beni,"Sucursal Beni","No disponible","Estado 15","Sin evento",
"16/07/2026 18:39",8,,,,Beni,"Sucursal Beni","No disponible",Salida,"Sin evento",
"17/07/2026 08:17",11,,,,Beni,"Sucursal Beni","No disponible","Estado 15","Sin evento",
"17/07/2026 08:33",8,,,,Beni,"Sucursal Beni","No disponible",Salida,"Sin evento",
"17/07/2026 18:36",8,,,,Beni,"Sucursal Beni","No disponible",Salida,"Sin evento",
"17/07/2026 18:39",11,,,,Beni,"Sucursal Beni","No disponible",Salida,"Sin evento",
"20/07/2026 08:12",11,,,,Beni,"Sucursal Beni","No disponible","Estado 15","Sin evento",
"20/07/2026 08:23",8708642,,,,Beni,"Sucursal Beni","No disponible",Salida,"Sin evento",
"20/07/2026 08:30",8,,,,Beni,"Sucursal Beni","No disponible",Salida,"Sin evento",
"20/07/2026 18:23",8,,,,Beni,"Sucursal Beni","No disponible",Salida,"Sin evento",
"20/07/2026 18:24",8708642,,,,Beni,"Sucursal Beni","No disponible",Salida,"Sin evento",
"20/07/2026 19:06",11,,,,Beni,"Sucursal Beni","No disponible",Salida,"Sin evento",
"21/07/2026 07:46",11,,,,Beni,"Sucursal Beni","No disponible",Salida,"Sin evento",
"21/07/2026 08:30",8708642,,,,Beni,"Sucursal Beni","No disponible",Salida,"Sin evento",
"21/07/2026 18:37",8708642,,,,Beni,"Sucursal Beni","No disponible",Salida,"Sin evento",
"21/07/2026 18:43",8,,,,Beni,"Sucursal Beni","No disponible",Salida,"Sin evento",
"22/07/2026 07:41",11,,,,Beni,"Sucursal Beni","No disponible","Estado 15","Sin evento",
"22/07/2026 08:15",8708642,,,,Beni,"Sucursal Beni","No disponible",Salida,"Sin evento",
"22/07/2026 08:34",8,,,,Beni,"Sucursal Beni","No disponible",Salida,"Sin evento",
"22/07/2026 18:25",8,,,,Beni,"Sucursal Beni","No disponible",Salida,"Sin evento",
"22/07/2026 18:27",8708642,,,,Beni,"Sucursal Beni","No disponible",Salida,"Sin evento",
"22/07/2026 19:01",11,,,,Beni,"Sucursal Beni","No disponible",Salida,"Sin evento",
"22/07/2026 19:05",11,,,,Beni,"Sucursal Beni","No disponible",Salida,"Sin evento",
"23/07/2026 07:50",11,,,,Beni,"Sucursal Beni","No disponible",Salida,"Sin evento",
"23/07/2026 08:36",8708642,,,,Beni,"Sucursal Beni","No disponible",Salida,"Sin evento",
"23/07/2026 18:48",8,,,,Beni,"Sucursal Beni","No disponible",Salida,"Sin evento",
"23/07/2026 18:51",8708642,,,,Beni,"Sucursal Beni","No disponible",Salida,"Sin evento",
"23/07/2026 19:25",11,,,,Beni,"Sucursal Beni","No disponible",Salida,"Sin evento",
"24/07/2026 07:51",11,,,,Beni,"Sucursal Beni","No disponible","Estado 15","Sin evento",
"24/07/2026 08:28",8,,,,Beni,"Sucursal Beni","No disponible",Salida,"Sin evento",
"24/07/2026 08:44",8708642,,,,Beni,"Sucursal Beni","No disponible",Salida,"Sin evento",
"24/07/2026 18:30",8708642,,,,Beni,"Sucursal Beni","No disponible",Salida,"Sin evento",
"24/07/2026 18:43",8,,,,Beni,"Sucursal Beni","No disponible",Salida,"Sin evento",
"24/07/2026 18:43",11,,,,Beni,"Sucursal Beni","No disponible",Salida,"Sin evento",
"27/07/2026 07:55",11,,,,Beni,"Sucursal Beni","No disponible","Estado 15","Sin evento",
"27/07/2026 08:35",8708642,,,,Beni,"Sucursal Beni","No disponible",Salida,"Sin evento",
"27/07/2026 08:40",8,,,,Beni,"Sucursal Beni","No disponible",Salida,"Sin evento",
"27/07/2026 18:34",8708642,,,,Beni,"Sucursal Beni","No disponible",Salida,"Sin evento",
"27/07/2026 19:18",11,,,,Beni,"Sucursal Beni","No disponible",Salida,"Sin evento",
"27/07/2026 19:19",8,,,,Beni,"Sucursal Beni","No disponible",Salida,"Sin evento",
"28/07/2026 07:51",11,,,,Beni,"Sucursal Beni","No disponible",Salida,"Sin evento",
"28/07/2026 08:12",8708642,,,,Beni,"Sucursal Beni","No disponible",Salida,"Sin evento",
"28/07/2026 08:12",11,,,,Beni,"Sucursal Beni","No disponible","Estado 15","Sin evento",
"28/07/2026 08:30",8,,,,Beni,"Sucursal Beni","No disponible",Salida,"Sin evento",
"28/07/2026 18:43",8708642,,,,Beni,"Sucursal Beni","No disponible",Salida,"Sin evento",
"28/07/2026 18:52",8,,,,Beni,"Sucursal Beni","No disponible",Salida,"Sin evento",
"29/07/2026 07:57",11,,,,Beni,"Sucursal Beni","No disponible",Salida,"Sin evento",
"29/07/2026 08:07",8708642,,,,Beni,"Sucursal Beni","No disponible",Salida,"Sin evento",
