Tiempo,"ID de Usuario",Nombre,Apellido,"Numero de tarjeta",Dispositivo,"Punto del evento",Verificacion,Estado,Evento,Notas
"26/02/2022 08:49",3,,,,Oruro,"Sucursal Oruro","No disponible",Salida,"Sin evento",
"26/02/2022 17:28",3,,,,Oruro,"Sucursal Oruro","No disponible",Salida,"Apertura con tarjeta de proximidad",
"03/03/2022 10:12",3,,,,Oruro,"Sucursal Oruro","No disponible",Salida,"Apertura con tarjeta de proximidad",
"03/03/2022 21:12",3,,,,Oruro,"Sucursal Oruro","No disponible",Salida,"Apertura con tarjeta de proximidad",
"04/03/2022 08:16",3,,,,Oruro,"Sucursal Oruro","No disponible",Salida,"Sin evento",
"04/03/2022 21:08",3,,,,Oruro,"Sucursal Oruro","No disponible",Salida,"Apertura con tarjeta de proximidad",
"05/03/2022 09:04",3,,,,Oruro,"Sucursal Oruro","No disponible",Salida,"Sin evento",
"05/03/2022 20:14",3,,,,Oruro,"Sucursal Oruro","No disponible",Salida,"Apertura con tarjeta de proximidad",
"07/03/2022 08:09",3,,,,Oruro,"Sucursal Oruro","No disponible",Salida,"Sin evento",
"07/03/2022 22:16",3,,,,Oruro,"Sucursal Oruro","No disponible",Salida,"Apertura con tarjeta de proximidad",
"08/03/2022 07:54",3,,,,Oruro,"Sucursal Oruro","No disponible",Salida,"Sin evento",
"08/03/2022 19:25",3,,,,Oruro,"Sucursal Oruro","No disponible",Salida,"Apertura con tarjeta de proximidad",
"09/03/2022 08:11",3,,,,Oruro,"Sucursal Oruro","No disponible",Salida,"Sin evento",
"09/03/2022 20:22",3,,,,Oruro,"Sucursal Oruro","No disponible",Salida,"Apertura con tarjeta de proximidad",
"10/03/2022 08:41",3,,,,Oruro,"Sucursal Oruro","No disponible",Salida,"Sin evento",
"10/03/2022 20:26",3,,,,Oruro,"Sucursal Oruro","No disponible",Salida,"Apertura con tarjeta de proximidad",
"11/03/2022 08:34",3,,,,Oruro,"Sucursal Oruro","No disponible",Salida,"Sin evento",
"11/03/2022 20:28",3,,,,Oruro,"Sucursal Oruro","No disponible",Salida,"Apertura con tarjeta de proximidad",
"12/03/2022 08:20",3,,,,Oruro,"Sucursal Oruro","No disponible",Salida,"Sin evento",
"12/03/2022 18:46",3,,,,Oruro,"Sucursal Oruro","No disponible",Salida,"Apertura con tarjeta de proximidad",
"14/03/2022 08:09",3,,,,Oruro,"Sucursal Oruro","No disponible",Salida,"Sin evento",
"14/03/2022 20:53",3,,,,Oruro,"Sucursal Oruro","No disponible",Salida,"Apertura con tarjeta de proximidad",
"15/03/2022 08:49",3,,,,Oruro,"Sucursal Oruro","No disponible",Salida,"Sin evento",
"15/03/2022 19:09",3,,,,Oruro,"Sucursal Oruro","No disponible",Salida,"Apertura con tarjeta de proximidad",
"16/03/2022 07:56",3,,,,Oruro,"Sucursal Oruro","No disponible",Salida,"Sin evento",
"16/03/2022 20:17",3,,,,Oruro,"Sucursal Oruro","No disponible",Salida,"Apertura con tarjeta de proximidad",
"17/03/2022 08:34",3,,,,Oruro,"Sucursal Oruro","No disponible",Salida,"Sin evento",
"17/03/2022 21:02",3,,,,Oruro,"Sucursal Oruro","No disponible",Salida,"Apertura con tarjeta de proximidad",
"18/03/2022 07:53",3,,,,Oruro,"Sucursal Oruro","No disponible",Salida,"Sin evento",
"18/03/2022 20:56",3,,,,Oruro,"Sucursal Oruro","No disponible",Salida,"Apertura con tarjeta de proximidad",
"19/03/2022 08:39",3,,,,Oruro,"Sucursal Oruro","No disponible",Salida,"Sin evento",
"19/03/2022 22:36",3,,,,Oruro,"Sucursal Oruro","No disponible",Salida,"Apertura con tarjeta de proximidad",
"21/03/2022 08:00",3,,,,Oruro,"Sucursal Oruro","No disponible",Salida,"Sin evento",
"21/03/2022 20:18",3,,,,Oruro,"Sucursal Oruro","No disponible",Salida,"Apertura con tarjeta de proximidad",
"22/03/2022 08:07",3,,,,Oruro,"Sucursal Oruro","No disponible",Salida,"Sin evento",
"22/03/2022 22:14",3,,,,Oruro,"Sucursal Oruro","No disponible",Salida,"Apertura con tarjeta de proximidad",
"23/03/2022 08:48",3,,,,Oruro,"Sucursal Oruro","No disponible",Salida,"Sin evento",
"23/03/2022 22:08",3,,,,Oruro,"Sucursal Oruro","No disponible",Salida,"Apertura con tarjeta de proximidad",
"24/03/2022 09:44",3,,,,Oruro,"Sucursal Oruro","No disponible",Salida,"Sin evento",
"24/03/2022 21:17",3,,,,Oruro,"Sucursal Oruro","No disponible",Salida,"Apertura con tarjeta de proximidad",
"25/03/2022 08:26",3,,,,Oruro,"Sucursal Oruro","No disponible",Salida,"Sin evento",
"25/03/2022 19:47",3,,,,Oruro,"Sucursal Oruro","No disponible",Salida,"Apertura con tarjeta de proximidad",
"26/03/2022 09:32",3,,,,Oruro,"Sucursal Oruro","No disponible",Salida,"Sin evento",
"26/03/2022 19:41",3,,,,Oruro,"Sucursal Oruro","No disponible",Salida,"Apertura con tarjeta de proximidad",
"28/03/2022 08:14",3,,,,Oruro,"Sucursal Oruro","No disponible",Salida,"Sin evento",
"28/03/2022 20:44",3,,,,Oruro,"Sucursal Oruro","No disponible",Salida,"Apertura con tarjeta de proximidad",
"29/03/2022 08:12",3,,,,Oruro,"Sucursal Oruro","No disponible",Salida,"Sin evento",
"29/03/2022 20:00",3,,,,Oruro,"Sucursal Oruro","No disponible",Salida,"Apertura con tarjeta de proximidad",
"30/03/2022 08:17",3,,,,Oruro,"Sucursal Oruro","No disponible",Salida,"Sin evento",
"30/03/2022 19:24",3,,,,Oruro,"Sucursal Oruro","No disponible",Salida,"Apertura con tarjeta de proximidad",
"31/03/2022 07:40",3,,,,Oruro,"Sucursal Oruro","No disponible",Salida,"Sin evento",
"31/03/2022 20:20",3,,,,Oruro,"Sucursal Oruro","No disponible",Salida,"Apertura con tarjeta de proximidad",
"01/04/2022 07:44",3,,,,Oruro,"Sucursal Oruro","No disponible",Salida,"Sin evento",
"01/04/2022 21:42",3,,,,Oruro,"Sucursal Oruro","No disponible",Salida,"Apertura con tarjeta de proximidad",
"02/04/2022 09:38",3,,,,Oruro,"Sucursal Oruro","No disponible",Salida,"Sin evento",
"02/04/2022 21:20",3,,,,Oruro,"Sucursal Oruro","No disponible",Salida,"Apertura con tarjeta de proximidad",
"04/04/2022 07:59",3,,,,Oruro,"Sucursal Oruro","No disponible",Salida,"Sin evento",
"04/04/2022 21:31",3,,,,Oruro,"Sucursal Oruro","No disponible",Salida,"Apertura con tarjeta de proximidad",
"05/04/2022 08:48",3,,,,Oruro,"Sucursal Oruro","No disponible",Salida,"Sin evento",
"05/04/2022 20:04",3,,,,Oruro,"Sucursal Oruro","No disponible",Salida,"Apertura con tarjeta de proximidad",
"06/04/2022 08:13",3,,,,Oruro,"Sucursal Oruro","No disponible",Salida,"Sin evento",
"06/04/2022 21:47",3,,,,Oruro,"Sucursal Oruro","No disponible",Salida,"Apertura con tarjeta de proximidad",
"07/04/2022 07:53",3,,,,Oruro,"Sucursal Oruro","No disponible",Salida,"Sin evento",
"07/04/2022 21:17",3,,,,Oruro,"Sucursal Oruro","No disponible",Salida,"Apertura con tarjeta de proximidad",
"08/04/2022 09:47",3,,,,Oruro,"Sucursal Oruro","No disponible",Salida,"Sin evento",
"08/04/2022 20:44",3,,,,Oruro,"Sucursal Oruro","No disponible",Salida,"Apertura con tarjeta de proximidad",
"09/04/2022 09:19",3,,,,Oruro,"Sucursal Oruro","No disponible",Salida,"Sin evento",
"09/04/2022 21:36",3,,,,Oruro,"Sucursal Oruro","No disponible",Salida,"Apertura con tarjeta de proximidad",
"11/04/2022 08:09",3,,,,Oruro,"Sucursal Oruro","No disponible",Salida,"Sin evento",
"11/04/2022 21:14",3,,,,Oruro,"Sucursal Oruro","No disponible",Salida,"Apertura con tarjeta de proximidad",
"12/04/2022 08:25",3,,,,Oruro,"Sucursal Oruro","No disponible",Salida,"Sin evento",
"12/04/2022 21:27",3,,,,Oruro,"Sucursal Oruro","No disponible",Salida,"Apertura con tarjeta de proximidad",
"13/04/2022 08:24",3,,,,Oruro,"Sucursal Oruro","No disponible",Salida,"Sin evento",
"13/04/2022 21:17",3,,,,Oruro,"Sucursal Oruro","No disponible",Salida,"Apertura con tarjeta de proximidad",
"14/04/2022 08:33",3,,,,Oruro,"Sucursal Oruro","No disponible",Salida,"Sin evento",
"14/04/2022 20:10",3,,,,Oruro,"Sucursal Oruro","No disponible",Salida,"Apertura con tarjeta de proximidad",
"18/04/2022 08:24",3,,,,Oruro,"Sucursal Oruro","No disponible",Salida,"Sin evento",
"18/04/2022 21:06",3,,,,Oruro,"Sucursal Oruro","No disponible",Salida,"Apertura con tarjeta de proximidad",
"19/04/2022 08:02",3,,,,Oruro,"Sucursal Oruro","No disponible",Salida,"Sin evento",
"19/04/2022 20:46",3,,,,Oruro,"Sucursal Oruro","No disponible",Salida,"Apertura con tarjeta de proximidad",
"20/04/2022 07:55",3,,,,Oruro,"Sucursal Oruro","No disponible",Salida,"Sin evento",
"20/04/2022 20:21",3,,,,Oruro,"Sucursal Oruro","No disponible",Salida,"Apertura con tarjeta de proximidad",
"21/04/2022 08:25",3,,,,Oruro,"Sucursal Oruro","No disponible",Salida,"Sin evento",
"21/04/2022 18:00",3,,,,Oruro,"Sucursal Oruro","No disponible",Salida,"Apertura con tarjeta de proximidad",
"22/04/2022 08:17",3,,,,Oruro,"Sucursal Oruro","No disponible",Salida,"Sin evento",
"22/04/2022 21:01",3,,,,Oruro,"Sucursal Oruro","No disponible",Salida,"Sin evento",
"23/04/2022 09:01",3,,,,Oruro,"Sucursal Oruro","No disponible",Salida,"Sin evento",
"23/04/2022 17:18",1,,,,Oruro,"Sucursal Oruro","No disponible","Entrada extra","Sin evento",
"23/04/2022 17:19",1,,,,Oruro,"Sucursal Oruro","No disponible","Entrada extra","Sin evento",
"23/04/2022 17:20",1,,,,Oruro,"Sucursal Oruro","No disponible","Entrada extra","Apertura con tarjeta de proximidad",
"23/04/2022 17:29",1,,,,Oruro,"Sucursal Oruro","No disponible","Entrada extra","Apertura con tarjeta de proximidad",
"23/04/2022 17:30",1,,,,Oruro,"Sucursal Oruro","No disponible","Entrada extra","Apertura con tarjeta de proximidad",
"23/04/2022 17:32",1,,,,Oruro,"Sucursal Oruro","No disponible","Entrada extra","Apertura con tarjeta de proximidad",
"23/04/2022 17:34",1,,,,Oruro,"Sucursal Oruro","No disponible","Entrada extra","Evento 5",
"23/04/2022 17:35",1,,,,Oruro,"Sucursal Oruro","No disponible","Entrada extra","Apertura con tarjeta de proximidad",
"23/04/2022 17:37",1,,,,Oruro,"Sucursal Oruro","No disponible","Entrada extra","Apertura con tarjeta de proximidad",
"23/04/2022 17:38",1,,,,Oruro,"Sucursal Oruro","No disponible","Entrada extra","Apertura con tarjeta de proximidad",
"23/04/2022 17:39",1,,,,Oruro,"Sucursal Oruro","No disponible","Entrada extra","Apertura con tarjeta de proximidad",
"23/04/2022 17:40",1,,,,Oruro,"Sucursal Oruro","No disponible","Entrada extra","Apertura con tarjeta de proximidad",
"23/04/2022 17:41",3,,,,Oruro,"Sucursal Oruro","No disponible",Salida,"Apertura con tarjeta de proximidad",
"23/04/2022 17:41",1,,,,Oruro,"Sucursal Oruro","No disponible","Entrada extra","Apertura con tarjeta de proximidad",
"23/04/2022 17:43",1,,,,Oruro,"Sucursal Oruro","No disponible","Entrada extra","Apertura con tarjeta de proximidad",
"25/04/2022 08:00",3,,,,Oruro,"Sucursal Oruro","No disponible",Salida,"Sin evento",
"25/04/2022 19:10",3,,,,Oruro,"Sucursal Oruro","No disponible",Salida,"Apertura con tarjeta de proximidad",
"26/04/2022 08:19",3,,,,Oruro,"Sucursal Oruro","No disponible",Salida,"Sin evento",
"26/04/2022 22:09",3,,,,Oruro,"Sucursal Oruro","No disponible",Salida,"Apertura con tarjeta de proximidad",
"27/04/2022 08:33",3,,,,Oruro,"Sucursal Oruro","No disponible",Salida,"Sin evento",
"27/04/2022 19:35",3,,,,Oruro,"Sucursal Oruro","No disponible",Salida,"Apertura con tarjeta de proximidad",
"27/04/2022 19:38",3,,,,Oruro,"Sucursal Oruro","No disponible",Salida,"Apertura con tarjeta de proximidad",
"28/04/2022 08:04",3,,,,Oruro,"Sucursal Oruro","No disponible",Salida,"Sin evento",
"28/04/2022 19:07",3,,,,Oruro,"Sucursal Oruro","No disponible",Salida,"Apertura con tarjeta de proximidad",
"29/04/2022 08:13",3,,,,Oruro,"Sucursal Oruro","No disponible",Salida,"Sin evento",
"29/04/2022 20:29",3,,,,Oruro,"Sucursal Oruro","No disponible",Salida,"Apertura con tarjeta de proximidad",
"30/04/2022 09:16",3,,,,Oruro,"Sucursal Oruro","No disponible",Salida,"Sin evento",
"30/04/2022 19:51",3,,,,Oruro,"Sucursal Oruro","No disponible",Salida,"Apertura con tarjeta de proximidad",
"03/05/2022 08:43",3,,,,Oruro,"Sucursal Oruro","No disponible",Salida,"Sin evento",
"03/05/2022 21:32",3,,,,Oruro,"Sucursal Oruro","No disponible",Salida,"Apertura con tarjeta de proximidad",
"04/05/2022 08:01",3,,,,Oruro,"Sucursal Oruro","No disponible",Salida,"Sin evento",
"04/05/2022 21:35",3,,,,Oruro,"Sucursal Oruro","No disponible",Salida,"Apertura con tarjeta de proximidad",
"05/05/2022 07:51",3,,,,Oruro,"Sucursal Oruro","No disponible",Salida,"Sin evento",
"05/05/2022 20:38",3,,,,Oruro,"Sucursal Oruro","No disponible",Salida,"Apertura con tarjeta de proximidad",
"06/05/2022 08:24",3,,,,Oruro,"Sucursal Oruro","No disponible",Salida,"Sin evento",
"06/05/2022 21:31",3,,,,Oruro,"Sucursal Oruro","No disponible",Salida,"Apertura con tarjeta de proximidad",
"07/05/2022 08:22",3,,,,Oruro,"Sucursal Oruro","No disponible",Salida,"Sin evento",
"09/05/2022 07:54",3,,,,Oruro,"Sucursal Oruro","No disponible",Salida,"Sin evento",
"09/05/2022 20:53",3,,,,Oruro,"Sucursal Oruro","No disponible",Salida,"Apertura con tarjeta de proximidad",
"10/05/2022 07:54",3,,,,Oruro,"Sucursal Oruro","No disponible",Salida,"Sin evento",
"10/05/2022 21:37",3,,,,Oruro,"Sucursal Oruro","No disponible",Salida,"Apertura con tarjeta de proximidad",
"11/05/2022 08:27",3,,,,Oruro,"Sucursal Oruro","No disponible",Salida,"Sin evento",
"11/05/2022 21:52",3,,,,Oruro,"Sucursal Oruro","No disponible",Salida,"Apertura con tarjeta de proximidad",
"12/05/2022 07:47",3,,,,Oruro,"Sucursal Oruro","No disponible",Salida,"Sin evento",
"12/05/2022 21:07",3,,,,Oruro,"Sucursal Oruro","No disponible",Salida,"Apertura con tarjeta de proximidad",
"13/05/2022 08:03",3,,,,Oruro,"Sucursal Oruro","No disponible",Salida,"Sin evento",
"13/05/2022 20:28",3,,,,Oruro,"Sucursal Oruro","No disponible",Salida,"Apertura con tarjeta de proximidad",
"14/05/2022 09:41",3,,,,Oruro,"Sucursal Oruro","No disponible",Salida,"Sin evento",
"14/05/2022 17:20",3,,,,Oruro,"Sucursal Oruro","No disponible",Salida,"Apertura con tarjeta de proximidad",
"16/05/2022 07:55",3,,,,Oruro,"Sucursal Oruro","No disponible",Salida,"Sin evento",
"16/05/2022 20:47",3,,,,Oruro,"Sucursal Oruro","No disponible",Salida,"Apertura con tarjeta de proximidad",
"17/05/2022 08:06",3,,,,Oruro,"Sucursal Oruro","No disponible",Salida,"Sin evento",
"17/05/2022 20:31",3,,,,Oruro,"Sucursal Oruro","No disponible",Salida,"Apertura con tarjeta de proximidad",
"18/05/2022 08:14",3,,,,Oruro,"Sucursal Oruro","No disponible",Salida,"Sin evento",
"18/05/2022 20:14",3,,,,Oruro,"Sucursal Oruro","No disponible",Salida,"Apertura con tarjeta de proximidad",
"19/05/2022 08:07",3,,,,Oruro,"Sucursal Oruro","No disponible",Salida,"Sin evento",
"19/05/2022 19:40",3,,,,Oruro,"Sucursal Oruro","No disponible",Salida,"Apertura con tarjeta de proximidad",
"20/05/2022 07:56",3,,,,Oruro,"Sucursal Oruro","No disponible",Salida,"Sin evento",
"20/05/2022 19:10",3,,,,Oruro,"Sucursal Oruro","No disponible",Salida,"Apertura con tarjeta de proximidad",
"21/05/2022 09:25",3,,,,Oruro,"Sucursal Oruro","No disponible",Salida,"Sin evento",
"21/05/2022 19:03",3,,,,Oruro,"Sucursal Oruro","No disponible",Salida,"Apertura con tarjeta de proximidad",
"23/05/2022 08:36",3,,,,Oruro,"Sucursal Oruro","No disponible",Salida,"Sin evento",
"23/05/2022 19:40",3,,,,Oruro,"Sucursal Oruro","No disponible",Salida,"Apertura con tarjeta de proximidad",
"24/05/2022 07:44",3,,,,Oruro,"Sucursal Oruro","No disponible",Salida,"Sin evento",
"24/05/2022 18:40",3,,,,Oruro,"Sucursal Oruro","No disponible",Salida,"Apertura con tarjeta de proximidad",
"25/05/2022 08:20",3,,,,Oruro,"Sucursal Oruro","No disponible",Salida,"Sin evento",
"25/05/2022 19:16",3,,,,Oruro,"Sucursal Oruro","No disponible",Salida,"Apertura con tarjeta de proximidad",
"26/05/2022 08:11",3,,,,Oruro,"Sucursal Oruro","No disponible",Salida,"Sin evento",
"26/05/2022 21:32",3,,,,Oruro,"Sucursal Oruro","No disponible",Salida,"Apertura con tarjeta de proximidad",
"27/05/2022 08:47",3,,,,Oruro,"Sucursal Oruro","No disponible",Salida,"Sin evento",
"27/05/2022 18:08",3,,,,Oruro,"Sucursal Oruro","No disponible",Salida,"Apertura con tarjeta de proximidad",
"28/05/2022 09:04",3,,,,Oruro,"Sucursal Oruro","No disponible",Salida,"Sin evento",
"28/05/2022 21:04",3,,,,Oruro,"Sucursal Oruro","No disponible",Salida,"Apertura con tarjeta de proximidad",
"30/05/2022 08:07",3,,,,Oruro,"Sucursal Oruro","No disponible",Salida,"Sin evento",
"30/05/2022 19:55",3,,,,Oruro,"Sucursal Oruro","No disponible",Salida,"Apertura con tarjeta de proximidad",
"31/05/2022 08:08",3,,,,Oruro,"Sucursal Oruro","No disponible",Salida,"Sin evento",
"31/05/2022 21:43",3,,,,Oruro,"Sucursal Oruro","No disponible",Salida,"Apertura con tarjeta de proximidad",
"01/06/2022 09:02",3,,,,Oruro,"Sucursal Oruro","No disponible",Salida,"Sin evento",
"01/06/2022 19:20",3,,,,Oruro,"Sucursal Oruro","No disponible",Salida,"Sin evento",
"02/06/2022 08:33",3,,,,Oruro,"Sucursal Oruro","No disponible",Salida,"Sin evento",
"02/06/2022 22:08",3,,,,Oruro,"Sucursal Oruro","No disponible",Salida,"Apertura con tarjeta de proximidad",
"03/06/2022 07:00",3,,,,Oruro,"Sucursal Oruro","No disponible",Salida,"Sin evento",
"04/06/2022 07:56",3,,,,Oruro,"Sucursal Oruro","No disponible",Salida,"Sin evento",
"04/06/2022 17:52",3,,,,Oruro,"Sucursal Oruro","No disponible",Salida,"Apertura con tarjeta de proximidad",
"06/06/2022 08:34",3,,,,Oruro,"Sucursal Oruro","No disponible",Salida,"Sin evento",
"06/06/2022 19:57",3,,,,Oruro,"Sucursal Oruro","No disponible",Salida,"Apertura con tarjeta de proximidad",
"07/06/2022 08:09",3,,,,Oruro,"Sucursal Oruro","No disponible",Salida,"Sin evento",
"07/06/2022 19:53",3,,,,Oruro,"Sucursal Oruro","No disponible",Salida,"Apertura con tarjeta de proximidad",
"08/06/2022 08:17",3,,,,Oruro,"Sucursal Oruro","No disponible",Salida,"Sin evento",
"08/06/2022 19:40",3,,,,Oruro,"Sucursal Oruro","No disponible",Salida,"Apertura con tarjeta de proximidad",
"09/06/2022 09:13",3,,,,Oruro,"Sucursal Oruro","No disponible",Salida,"Sin evento",
"09/06/2022 19:34",3,,,,Oruro,"Sucursal Oruro","No disponible",Salida,"Apertura con tarjeta de proximidad",
"10/06/2022 08:09",3,,,,Oruro,"Sucursal Oruro","No disponible",Salida,"Sin evento",
"10/06/2022 19:43",3,,,,Oruro,"Sucursal Oruro","No disponible",Salida,"Apertura con tarjeta de proximidad",
"11/06/2022 09:22",3,,,,Oruro,"Sucursal Oruro","No disponible",Salida,"Sin evento",
"11/06/2022 20:56",3,,,,Oruro,"Sucursal Oruro","No disponible",Salida,"Apertura con tarjeta de proximidad",
"13/06/2022 07:57",3,,,,Oruro,"Sucursal Oruro","No disponible",Salida,"Sin evento",
"13/06/2022 20:19",3,,,,Oruro,"Sucursal Oruro","No disponible",Salida,"Apertura con tarjeta de proximidad",
"14/06/2022 08:39",3,,,,Oruro,"Sucursal Oruro","No disponible",Salida,"Sin evento",
"14/06/2022 19:30",3,,,,Oruro,"Sucursal Oruro","No disponible",Salida,"Apertura con tarjeta de proximidad",
"15/06/2022 08:35",3,,,,Oruro,"Sucursal Oruro","No disponible",Salida,"Sin evento",
"15/06/2022 21:00",3,,,,Oruro,"Sucursal Oruro","No disponible",Salida,"Apertura con tarjeta de proximidad",
"17/06/2022 08:15",3,,,,Oruro,"Sucursal Oruro","No disponible",Salida,"Sin evento",
"17/06/2022 21:04",3,,,,Oruro,"Sucursal Oruro","No disponible",Salida,"Apertura con tarjeta de proximidad",
"18/06/2022 08:57",3,,,,Oruro,"Sucursal Oruro","No disponible",Salida,"Sin evento",
"18/06/2022 18:37",3,,,,Oruro,"Sucursal Oruro","No disponible",Salida,"Apertura con tarjeta de proximidad",
"20/06/2022 08:03",3,,,,Oruro,"Sucursal Oruro","No disponible",Salida,"Sin evento",
"20/06/2022 20:44",3,,,,Oruro,"Sucursal Oruro","No disponible",Salida,"Apertura con tarjeta de proximidad",
"22/06/2022 08:24",3,,,,Oruro,"Sucursal Oruro","No disponible",Salida,"Sin evento",
"22/06/2022 20:43",3,,,,Oruro,"Sucursal Oruro","No disponible",Salida,"Apertura con tarjeta de proximidad",
"23/06/2022 08:08",3,,,,Oruro,"Sucursal Oruro","No disponible",Salida,"Sin evento",
"23/06/2022 21:38",3,,,,Oruro,"Sucursal Oruro","No disponible",Salida,"Apertura con tarjeta de proximidad",
"24/06/2022 09:36",3,,,,Oruro,"Sucursal Oruro","No disponible",Salida,"Sin evento",
"24/06/2022 21:00",3,,,,Oruro,"Sucursal Oruro","No disponible",Salida,"Apertura con tarjeta de proximidad",
"25/06/2022 08:15",3,,,,Oruro,"Sucursal Oruro","No disponible",Salida,"Sin evento",
"25/06/2022 12:07",3,,,,Oruro,"Sucursal Oruro","No disponible",Salida,"Apertura con tarjeta de proximidad",
"27/06/2022 08:38",3,,,,Oruro,"Sucursal Oruro","No disponible",Salida,"Sin evento",
"27/06/2022 20:06",3,,,,Oruro,"Sucursal Oruro","No disponible",Salida,"Apertura con tarjeta de proximidad",
"28/06/2022 08:44",3,,,,Oruro,"Sucursal Oruro","No disponible",Salida,"Sin evento",
"28/06/2022 19:48",3,,,,Oruro,"Sucursal Oruro","No disponible",Salida,"Apertura con tarjeta de proximidad",
"29/06/2022 08:34",3,,,,Oruro,"Sucursal Oruro","No disponible",Salida,"Sin evento",
"29/06/2022 21:21",3,,,,Oruro,"Sucursal Oruro","No disponible",Salida,"Apertura con tarjeta de proximidad",
"30/06/2022 08:44",3,,,,Oruro,"Sucursal Oruro","No disponible",Salida,"Sin evento",
"30/06/2022 20:50",3,,,,Oruro,"Sucursal Oruro","No disponible",Salida,"Apertura con tarjeta de proximidad",
"01/07/2022 09:09",3,,,,Oruro,"Sucursal Oruro","No disponible",Salida,"Sin evento",
"01/07/2022 19:01",3,,,,Oruro,"Sucursal Oruro","No disponible",Salida,"Apertura con tarjeta de proximidad",
"02/07/2022 09:21",3,,,,Oruro,"Sucursal Oruro","No disponible",Salida,"Sin evento",
"02/07/2022 13:17",3,,,,Oruro,"Sucursal Oruro","No disponible",Salida,"Apertura con tarjeta de proximidad",
"04/07/2022 06:56",3,,,,Oruro,"Sucursal Oruro","No disponible",Salida,"Sin evento",
"04/07/2022 22:28",3,,,,Oruro,"Sucursal Oruro","No disponible",Salida,"Apertura con tarjeta de proximidad",
"05/07/2022 07:30",3,,,,Oruro,"Sucursal Oruro","No disponible",Salida,"Sin evento",
"05/07/2022 18:30",3,,,,Oruro,"Sucursal Oruro","No disponible",Salida,"Apertura con tarjeta de proximidad",
"06/07/2022 07:35",3,,,,Oruro,"Sucursal Oruro","No disponible",Salida,"Sin evento",
"06/07/2022 22:24",3,,,,Oruro,"Sucursal Oruro","No disponible",Salida,"Apertura con tarjeta de proximidad",
"07/07/2022 07:31",3,,,,Oruro,"Sucursal Oruro","No disponible",Salida,"Sin evento",
"07/07/2022 20:49",3,,,,Oruro,"Sucursal Oruro","No disponible",Salida,"Apertura con tarjeta de proximidad",
"08/07/2022 08:19",3,,,,Oruro,"Sucursal Oruro","No disponible",Salida,"Sin evento",
"09/07/2022 08:38",3,,,,Oruro,"Sucursal Oruro","No disponible",Salida,"Sin evento",
"09/07/2022 16:19",3,,,,Oruro,"Sucursal Oruro","No disponible",Salida,"Apertura con tarjeta de proximidad",
"11/07/2022 08:33",3,,,,Oruro,"Sucursal Oruro","No disponible",Salida,"Sin evento",
"11/07/2022 20:07",3,,,,Oruro,"Sucursal Oruro","No disponible",Salida,"Apertura con tarjeta de proximidad",
"12/07/2022 08:38",3,,,,Oruro,"Sucursal Oruro","No disponible",Salida,"Sin evento",
"12/07/2022 20:17",3,,,,Oruro,"Sucursal Oruro","No disponible",Salida,"Apertura con tarjeta de proximidad",
"13/07/2022 08:43",3,,,,Oruro,"Sucursal Oruro","No disponible",Salida,"Sin evento",
"13/07/2022 20:16",3,,,,Oruro,"Sucursal Oruro","No disponible",Salida,"Apertura con tarjeta de proximidad",
"14/07/2022 08:24",3,,,,Oruro,"Sucursal Oruro","No disponible",Salida,"Sin evento",
"14/07/2022 20:29",3,,,,Oruro,"Sucursal Oruro","No disponible",Salida,"Apertura con tarjeta de proximidad",
"15/07/2022 07:48",3,,,,Oruro,"Sucursal Oruro","No disponible",Salida,"Sin evento",
"15/07/2022 18:44",3,,,,Oruro,"Sucursal Oruro","No disponible",Salida,"Apertura con tarjeta de proximidad",
"16/07/2022 08:39",3,,,,Oruro,"Sucursal Oruro","No disponible",Salida,"Sin evento",
"16/07/2022 22:35",3,,,,Oruro,"Sucursal Oruro","No disponible",Salida,"Apertura con tarjeta de proximidad",
"18/07/2022 07:55",3,,,,Oruro,"Sucursal Oruro","No disponible",Salida,"Sin evento",
"18/07/2022 17:41",3,,,,Oruro,"Sucursal Oruro","No disponible",Salida,"Apertura con tarjeta de proximidad",
"19/07/2022 07:59",3,,,,Oruro,"Sucursal Oruro","No disponible",Salida,"Sin evento",
"19/07/2022 19:28",3,,,,Oruro,"Sucursal Oruro","No disponible",Salida,"Apertura con tarjeta de proximidad",
"20/07/2022 07:58",3,,,,Oruro,"Sucursal Oruro","No disponible",Salida,"Sin evento",
"20/07/2022 19:33",3,,,,Oruro,"Sucursal Oruro","No disponible",Salida,"Apertura con tarjeta de proximidad",
"21/07/2022 07:58",3,,,,Oruro,"Sucursal Oruro","No disponible",Salida,"Sin evento",
"21/07/2022 17:35",3,,,,Oruro,"Sucursal Oruro","No disponible",Salida,"Apertura con tarjeta de proximidad",
"22/07/2022 07:46",3,,,,Oruro,"Sucursal Oruro","No disponible",Salida,"Sin evento",
"22/07/2022 18:14",3,,,,Oruro,"Sucursal Oruro","No disponible",Salida,"Apertura con tarjeta de proximidad",
"23/07/2022 08:12",3,,,,Oruro,"Sucursal Oruro","No disponible",Salida,"Sin evento",
"23/07/2022 15:20",3,,,,Oruro,"Sucursal Oruro","No disponible",Salida,"Apertura con tarjeta de proximidad",
"25/07/2022 08:01",3,,,,Oruro,"Sucursal Oruro","No disponible",Salida,"Sin evento",
"25/07/2022 19:59",3,,,,Oruro,"Sucursal Oruro","No disponible",Salida,"Apertura con tarjeta de proximidad",
"26/07/2022 07:54",3,,,,Oruro,"Sucursal Oruro","No disponible",Salida,"Sin evento",
"26/07/2022 20:22",3,,,,Oruro,"Sucursal Oruro","No disponible",Salida,"Apertura con tarjeta de proximidad",
"27/07/2022 08:01",3,,,,Oruro,"Sucursal Oruro","No disponible",Salida,"Sin evento",
"27/07/2022 23:42",3,,,,Oruro,"Sucursal Oruro","No disponible",Salida,"Apertura con tarjeta de proximidad",
"28/07/2022 08:17",3,,,,Oruro,"Sucursal Oruro","No disponible",Salida,"Sin evento",
"28/07/2022 20:08",3,,,,Oruro,"Sucursal Oruro","No disponible",Salida,"Apertura con tarjeta de proximidad",
"29/07/2022 07:11",3,,,,Oruro,"Sucursal Oruro","No disponible",Salida,"Sin evento",
"30/07/2022 08:56",3,,,,Oruro,"Sucursal Oruro","No disponible",Salida,"Sin evento",
"30/07/2022 15:59",3,,,,Oruro,"Sucursal Oruro","No disponible",Salida,"Apertura con tarjeta de proximidad",
"01/08/2022 13:44",3,,,,Oruro,"Sucursal Oruro","No disponible",Salida,"Sin evento",
"01/08/2022 21:55",3,,,,Oruro,"Sucursal Oruro","No disponible",Salida,"Apertura con tarjeta de proximidad",
"02/08/2022 09:11",3,,,,Oruro,"Sucursal Oruro","No disponible",Salida,"Sin evento",
"02/08/2022 19:25",3,,,,Oruro,"Sucursal Oruro","No disponible",Salida,"Apertura con tarjeta de proximidad",
"03/08/2022 09:25",3,,,,Oruro,"Sucursal Oruro","No disponible",Salida,"Sin evento",
"03/08/2022 20:07",3,,,,Oruro,"Sucursal Oruro","No disponible",Salida,"Apertura con tarjeta de proximidad",
"04/08/2022 08:37",3,,,,Oruro,"Sucursal Oruro","No disponible",Salida,"Sin evento",
"04/08/2022 20:21",3,,,,Oruro,"Sucursal Oruro","No disponible",Salida,"Apertura con tarjeta de proximidad",
"05/08/2022 08:29",3,,,,Oruro,"Sucursal Oruro","No disponible",Salida,"Sin evento",
"05/08/2022 16:19",3,,,,Oruro,"Sucursal Oruro","No disponible",Salida,"Apertura con tarjeta de proximidad",
"08/08/2022 08:43",3,,,,Oruro,"Sucursal Oruro","No disponible",Salida,"Sin evento",
"08/08/2022 19:47",3,,,,Oruro,"Sucursal Oruro","No disponible",Salida,"Apertura con tarjeta de proximidad",
"09/08/2022 08:45",3,,,,Oruro,"Sucursal Oruro","No disponible",Salida,"Sin evento",
"09/08/2022 19:08",3,,,,Oruro,"Sucursal Oruro","No disponible",Salida,"Apertura con tarjeta de proximidad",
"10/08/2022 09:33",3,,,,Oruro,"Sucursal Oruro","No disponible",Salida,"Sin evento",
"10/08/2022 20:28",3,,,,Oruro,"Sucursal Oruro","No disponible",Salida,"Apertura con tarjeta de proximidad",
"11/08/2022 08:17",3,,,,Oruro,"Sucursal Oruro","No disponible",Salida,"Sin evento",
"11/08/2022 20:03",3,,,,Oruro,"Sucursal Oruro","No disponible",Salida,"Apertura con tarjeta de proximidad",
"12/08/2022 09:01",3,,,,Oruro,"Sucursal Oruro","No disponible",Salida,"Sin evento",
"12/08/2022 22:49",3,,,,Oruro,"Sucursal Oruro","No disponible",Salida,"Apertura con tarjeta de proximidad",
"13/08/2022 09:20",3,,,,Oruro,"Sucursal Oruro","No disponible",Salida,"Sin evento",
"13/08/2022 22:31",3,,,,Oruro,"Sucursal Oruro","No disponible",Salida,"Apertura con tarjeta de proximidad",
"15/08/2022 08:17",3,,,,Oruro,"Sucursal Oruro","No disponible",Salida,"Sin evento",
"15/08/2022 21:17",3,,,,Oruro,"Sucursal Oruro","No disponible",Salida,"Apertura con tarjeta de proximidad",
"16/08/2022 08:15",3,,,,Oruro,"Sucursal Oruro","No disponible",Salida,"Sin evento",
"16/08/2022 22:01",3,,,,Oruro,"Sucursal Oruro","No disponible",Salida,"Apertura con tarjeta de proximidad",
"17/08/2022 08:35",3,,,,Oruro,"Sucursal Oruro","No disponible",Salida,"Sin evento",
"17/08/2022 22:12",3,,,,Oruro,"Sucursal Oruro","No disponible",Salida,"Apertura con tarjeta de proximidad",
"18/08/2022 08:46",3,,,,Oruro,"Sucursal Oruro","No disponible",Salida,"Sin evento",
"18/08/2022 22:35",3,,,,Oruro,"Sucursal Oruro","No disponible",Salida,"Apertura con tarjeta de proximidad",
"19/08/2022 08:35",3,,,,Oruro,"Sucursal Oruro","No disponible",Salida,"Sin evento",
"20/08/2022 08:43",3,,,,Oruro,"Sucursal Oruro","No disponible",Salida,"Apertura con tarjeta de proximidad",
"20/08/2022 15:18",3,,,,Oruro,"Sucursal Oruro","No disponible",Salida,"Apertura con tarjeta de proximidad",
"22/08/2022 08:58",3,,,,Oruro,"Sucursal Oruro","No disponible",Salida,"Sin evento",
"22/08/2022 21:29",3,,,,Oruro,"Sucursal Oruro","No disponible",Salida,"Apertura con tarjeta de proximidad",
"23/08/2022 08:59",3,,,,Oruro,"Sucursal Oruro","No disponible",Salida,"Sin evento",
"23/08/2022 21:35",3,,,,Oruro,"Sucursal Oruro","No disponible",Salida,"Sin evento",
"24/08/2022 09:03",3,,,,Oruro,"Sucursal Oruro","No disponible",Salida,"Sin evento",
"24/08/2022 20:21",3,,,,Oruro,"Sucursal Oruro","No disponible",Salida,"Sin evento",
"25/08/2022 08:51",3,,,,Oruro,"Sucursal Oruro","No disponible",Salida,"Sin evento",
"25/08/2022 22:15",3,,,,Oruro,"Sucursal Oruro","No disponible",Salida,"Apertura con tarjeta de proximidad",
"26/08/2022 09:02",3,,,,Oruro,"Sucursal Oruro","No disponible",Salida,"Sin evento",
"26/08/2022 19:36",3,,,,Oruro,"Sucursal Oruro","No disponible",Salida,"Apertura con tarjeta de proximidad",
"27/08/2022 09:19",3,,,,Oruro,"Sucursal Oruro","No disponible",Salida,"Sin evento",
"27/08/2022 14:23",3,,,,Oruro,"Sucursal Oruro","No disponible",Salida,"Apertura con tarjeta de proximidad",
"29/08/2022 09:15",3,,,,Oruro,"Sucursal Oruro","No disponible",Salida,"Sin evento",
"29/08/2022 21:09",3,,,,Oruro,"Sucursal Oruro","No disponible",Salida,"Apertura con tarjeta de proximidad",
"30/08/2022 08:25",3,,,,Oruro,"Sucursal Oruro","No disponible",Salida,"Sin evento",
"30/08/2022 21:15",3,,,,Oruro,"Sucursal Oruro","No disponible",Salida,"Apertura con tarjeta de proximidad",
"31/08/2022 08:56",3,,,,Oruro,"Sucursal Oruro","No disponible",Salida,"Sin evento",
"31/08/2022 19:14",3,,,,Oruro,"Sucursal Oruro","No disponible",Salida,"Apertura con tarjeta de proximidad",
"01/09/2022 08:01",3,,,,Oruro,"Sucursal Oruro","No disponible",Salida,"Sin evento",
"01/09/2022 22:14",3,,,,Oruro,"Sucursal Oruro","No disponible",Salida,"Apertura con tarjeta de proximidad",
"02/09/2022 08:22",3,,,,Oruro,"Sucursal Oruro","No disponible",Salida,"Sin evento",
"02/09/2022 19:25",3,,,,Oruro,"Sucursal Oruro","No disponible",Salida,"Apertura con tarjeta de proximidad",
"03/09/2022 09:28",3,,,,Oruro,"Sucursal Oruro","No disponible",Salida,"Sin evento",
"03/09/2022 14:26",3,,,,Oruro,"Sucursal Oruro","No disponible",Salida,"Apertura con tarjeta de proximidad",
"05/09/2022 08:21",3,,,,Oruro,"Sucursal Oruro","No disponible",Salida,"Sin evento",
"05/09/2022 21:35",3,,,,Oruro,"Sucursal Oruro","No disponible",Salida,"Apertura con tarjeta de proximidad",
"06/09/2022 08:39",3,,,,Oruro,"Sucursal Oruro","No disponible",Salida,"Sin evento",
"06/09/2022 20:20",3,,,,Oruro,"Sucursal Oruro","No disponible",Salida,"Apertura con tarjeta de proximidad",
"06/09/2022 20:30",3,,,,Oruro,"Sucursal Oruro","No disponible",Salida,"Apertura con tarjeta de proximidad",
"07/09/2022 08:12",3,,,,Oruro,"Sucursal Oruro","No disponible",Salida,"Sin evento",
"07/09/2022 20:07",3,,,,Oruro,"Sucursal Oruro","No disponible",Salida,"Apertura con tarjeta de proximidad",
"08/09/2022 08:22",3,,,,Oruro,"Sucursal Oruro","No disponible",Salida,"Sin evento",
"08/09/2022 21:25",3,,,,Oruro,"Sucursal Oruro","No disponible",Salida,"Apertura con tarjeta de proximidad",
"09/09/2022 07:40",3,,,,Oruro,"Sucursal Oruro","No disponible",Salida,"Sin evento",
"09/09/2022 19:44",3,,,,Oruro,"Sucursal Oruro","No disponible",Salida,"Apertura con tarjeta de proximidad",
"10/09/2022 09:34",3,,,,Oruro,"Sucursal Oruro","No disponible",Salida,"Sin evento",
"10/09/2022 21:43",3,,,,Oruro,"Sucursal Oruro","No disponible",Salida,"Apertura con tarjeta de proximidad",
"12/09/2022 08:10",3,,,,Oruro,"Sucursal Oruro","No disponible",Salida,"Sin evento",
"12/09/2022 19:13",3,,,,Oruro,"Sucursal Oruro","No disponible",Salida,"Apertura con tarjeta de proximidad",
"13/09/2022 08:55",3,,,,Oruro,"Sucursal Oruro","No disponible",Salida,"Sin evento",
"13/09/2022 20:54",3,,,,Oruro,"Sucursal Oruro","No disponible",Salida,"Apertura con tarjeta de proximidad",
"14/09/2022 08:45",3,,,,Oruro,"Sucursal Oruro","No disponible",Salida,"Sin evento",
"14/09/2022 19:03",3,,,,Oruro,"Sucursal Oruro","No disponible",Salida,"Apertura con tarjeta de proximidad",
"15/09/2022 08:50",3,,,,Oruro,"Sucursal Oruro","No disponible",Salida,"Sin evento",
"15/09/2022 21:35",3,,,,Oruro,"Sucursal Oruro","No disponible",Salida,"Apertura con tarjeta de proximidad",
"16/09/2022 08:47",3,,,,Oruro,"Sucursal Oruro","No disponible",Salida,"Sin evento",
"16/09/2022 20:23",3,,,,Oruro,"Sucursal Oruro","No disponible",Salida,"Apertura con tarjeta de proximidad",
"17/09/2022 09:35",3,,,,Oruro,"Sucursal Oruro","No disponible",Salida,"Sin evento",
"17/09/2022 13:43",3,,,,Oruro,"Sucursal Oruro","No disponible",Salida,"Apertura con tarjeta de proximidad",
"19/09/2022 08:10",3,,,,Oruro,"Sucursal Oruro","No disponible",Salida,"Sin evento",
"19/09/2022 18:21",3,,,,Oruro,"Sucursal Oruro","No disponible",Salida,"Apertura con tarjeta de proximidad",
"20/09/2022 08:29",3,,,,Oruro,"Sucursal Oruro","No disponible",Salida,"Sin evento",
"20/09/2022 18:01",3,,,,Oruro,"Sucursal Oruro","No disponible",Salida,"Apertura con tarjeta de proximidad",
"21/09/2022 06:31",3,,,,Oruro,"Sucursal Oruro","No disponible",Salida,"Sin evento",
"21/09/2022 19:22",3,,,,Oruro,"Sucursal Oruro","No disponible",Salida,"Apertura con tarjeta de proximidad",
"22/09/2022 08:47",3,,,,Oruro,"Sucursal Oruro","No disponible",Salida,"Sin evento",
"22/09/2022 17:52",3,,,,Oruro,"Sucursal Oruro","No disponible",Salida,"Apertura con tarjeta de proximidad",
"23/09/2022 08:31",3,,,,Oruro,"Sucursal Oruro","No disponible",Salida,"Sin evento",
"23/09/2022 17:38",3,,,,Oruro,"Sucursal Oruro","No disponible",Salida,"Apertura con tarjeta de proximidad",
"24/09/2022 08:43",3,,,,Oruro,"Sucursal Oruro","No disponible",Salida,"Sin evento",
"24/09/2022 13:14",3,,,,Oruro,"Sucursal Oruro","No disponible",Salida,"Apertura con tarjeta de proximidad",
"26/09/2022 08:06",3,,,,Oruro,"Sucursal Oruro","No disponible",Salida,"Sin evento",
"26/09/2022 21:19",3,,,,Oruro,"Sucursal Oruro","No disponible",Salida,"Apertura con tarjeta de proximidad",
"27/09/2022 08:21",3,,,,Oruro,"Sucursal Oruro","No disponible",Salida,"Sin evento",
"27/09/2022 21:31",3,,,,Oruro,"Sucursal Oruro","No disponible",Salida,"Apertura con tarjeta de proximidad",
"27/09/2022 21:34",3,,,,Oruro,"Sucursal Oruro","No disponible",Salida,"Apertura con tarjeta de proximidad",
"28/09/2022 08:28",3,,,,Oruro,"Sucursal Oruro","No disponible",Salida,"Sin evento",
"28/09/2022 21:40",3,,,,Oruro,"Sucursal Oruro","No disponible",Salida,"Apertura con tarjeta de proximidad",
"29/09/2022 08:02",3,,,,Oruro,"Sucursal Oruro","No disponible",Salida,"Sin evento",
"29/09/2022 21:38",3,,,,Oruro,"Sucursal Oruro","No disponible",Salida,"Apertura con tarjeta de proximidad",
"30/09/2022 08:32",3,,,,Oruro,"Sucursal Oruro","No disponible",Salida,"Sin evento",
"30/09/2022 18:52",3,,,,Oruro,"Sucursal Oruro","No disponible",Salida,"Apertura con tarjeta de proximidad",
"01/10/2022 08:46",3,,,,Oruro,"Sucursal Oruro","No disponible",Salida,"Sin evento",
"01/10/2022 14:08",3,,,,Oruro,"Sucursal Oruro","No disponible",Salida,"Apertura con tarjeta de proximidad",
"03/10/2022 08:07",3,,,,Oruro,"Sucursal Oruro","No disponible",Salida,"Sin evento",
"03/10/2022 23:43",3,,,,Oruro,"Sucursal Oruro","No disponible",Salida,"Apertura con tarjeta de proximidad",
"04/10/2022 07:52",3,,,,Oruro,"Sucursal Oruro","No disponible",Salida,"Sin evento",
"04/10/2022 19:19",3,,,,Oruro,"Sucursal Oruro","No disponible",Salida,"Apertura con tarjeta de proximidad",
"05/10/2022 08:40",3,,,,Oruro,"Sucursal Oruro","No disponible",Salida,"Sin evento",
"05/10/2022 20:51",3,,,,Oruro,"Sucursal Oruro","No disponible",Salida,"Apertura con tarjeta de proximidad",
"06/10/2022 07:52",3,,,,Oruro,"Sucursal Oruro","No disponible",Salida,"Sin evento",
"06/10/2022 18:31",3,,,,Oruro,"Sucursal Oruro","No disponible",Salida,"Apertura con tarjeta de proximidad",
"07/10/2022 08:09",3,,,,Oruro,"Sucursal Oruro","No disponible",Salida,"Sin evento",
"07/10/2022 20:38",3,,,,Oruro,"Sucursal Oruro","No disponible",Salida,"Apertura con tarjeta de proximidad",
"08/10/2022 10:38",3,,,,Oruro,"Sucursal Oruro","No disponible",Salida,"Sin evento",
"08/10/2022 17:03",3,,,,Oruro,"Sucursal Oruro","No disponible",Salida,"Apertura con tarjeta de proximidad",
"10/10/2022 08:23",3,,,,Oruro,"Sucursal Oruro","No disponible",Salida,"Sin evento",
"10/10/2022 18:57",3,,,,Oruro,"Sucursal Oruro","No disponible",Salida,"Apertura con tarjeta de proximidad",
"11/10/2022 08:51",3,,,,Oruro,"Sucursal Oruro","No disponible",Salida,"Sin evento",
"11/10/2022 18:49",3,,,,Oruro,"Sucursal Oruro","No disponible",Salida,"Apertura con tarjeta de proximidad",
"12/10/2022 08:18",3,,,,Oruro,"Sucursal Oruro","No disponible",Salida,"Sin evento",
"14/10/2022 08:00",3,,,,Oruro,"Sucursal Oruro","No disponible",Salida,"Sin evento",
"14/10/2022 20:07",3,,,,Oruro,"Sucursal Oruro","No disponible",Salida,"Apertura con tarjeta de proximidad",
"15/10/2022 09:15",3,,,,Oruro,"Sucursal Oruro","No disponible",Salida,"Sin evento",
"15/10/2022 21:31",3,,,,Oruro,"Sucursal Oruro","No disponible",Salida,"Apertura con tarjeta de proximidad",
"17/10/2022 08:16",3,,,,Oruro,"Sucursal Oruro","No disponible",Salida,"Sin evento",
"17/10/2022 21:33",3,,,,Oruro,"Sucursal Oruro","No disponible",Salida,"Apertura con tarjeta de proximidad",
"17/10/2022 21:40",3,,,,Oruro,"Sucursal Oruro","No disponible",Salida,"Apertura con tarjeta de proximidad",
"18/10/2022 08:36",3,,,,Oruro,"Sucursal Oruro","No disponible",Salida,"Sin evento",
"18/10/2022 19:39",3,,,,Oruro,"Sucursal Oruro","No disponible",Salida,"Apertura con tarjeta de proximidad",
"19/10/2022 08:48",3,,,,Oruro,"Sucursal Oruro","No disponible",Salida,"Sin evento",
"19/10/2022 19:16",3,,,,Oruro,"Sucursal Oruro","No disponible",Salida,"Apertura con tarjeta de proximidad",
"20/10/2022 08:41",3,,,,Oruro,"Sucursal Oruro","No disponible",Salida,"Sin evento",
"20/10/2022 19:09",3,,,,Oruro,"Sucursal Oruro","No disponible",Salida,"Apertura con tarjeta de proximidad",
"21/10/2022 08:51",3,,,,Oruro,"Sucursal Oruro","No disponible",Salida,"Sin evento",
"21/10/2022 18:59",3,,,,Oruro,"Sucursal Oruro","No disponible",Salida,"Apertura con tarjeta de proximidad",
"22/10/2022 09:35",3,,,,Oruro,"Sucursal Oruro","No disponible",Salida,"Sin evento",
"22/10/2022 14:29",3,,,,Oruro,"Sucursal Oruro","No disponible",Salida,"Apertura con tarjeta de proximidad",
"24/10/2022 08:13",3,,,,Oruro,"Sucursal Oruro","No disponible",Salida,"Sin evento",
"24/10/2022 18:40",3,,,,Oruro,"Sucursal Oruro","No disponible",Salida,"Apertura con tarjeta de proximidad",
"25/10/2022 08:13",3,,,,Oruro,"Sucursal Oruro","No disponible",Salida,"Sin evento",
"25/10/2022 20:40",3,,,,Oruro,"Sucursal Oruro","No disponible",Salida,"Apertura con tarjeta de proximidad",
"26/10/2022 08:40",3,,,,Oruro,"Sucursal Oruro","No disponible",Salida,"Sin evento",
"26/10/2022 19:05",3,,,,Oruro,"Sucursal Oruro","No disponible",Salida,"Apertura con tarjeta de proximidad",
"27/10/2022 08:27",3,,,,Oruro,"Sucursal Oruro","No disponible",Salida,"Sin evento",
"27/10/2022 18:57",3,,,,Oruro,"Sucursal Oruro","No disponible",Salida,"Apertura con tarjeta de proximidad",
"28/10/2022 08:35",3,,,,Oruro,"Sucursal Oruro","No disponible",Salida,"Sin evento",
"28/10/2022 18:41",3,,,,Oruro,"Sucursal Oruro","No disponible",Salida,"Apertura con tarjeta de proximidad",
"29/10/2022 09:45",3,,,,Oruro,"Sucursal Oruro","No disponible",Salida,"Sin evento",
"29/10/2022 13:10",3,,,,Oruro,"Sucursal Oruro","No disponible",Salida,"Apertura con tarjeta de proximidad",
"31/10/2022 08:21",3,,,,Oruro,"Sucursal Oruro","No disponible",Salida,"Sin evento",
"31/10/2022 20:57",3,,,,Oruro,"Sucursal Oruro","No disponible",Salida,"Apertura con tarjeta de proximidad",
"01/11/2022 08:02",3,,,,Oruro,"Sucursal Oruro","No disponible",Salida,"Sin evento",
"01/11/2022 13:12",3,,,,Oruro,"Sucursal Oruro","No disponible",Salida,"Apertura con tarjeta de proximidad",
"03/11/2022 08:36",3,,,,Oruro,"Sucursal Oruro","No disponible",Salida,"Sin evento",
"03/11/2022 21:57",3,,,,Oruro,"Sucursal Oruro","No disponible",Salida,"Apertura con tarjeta de proximidad",
"04/11/2022 08:20",3,,,,Oruro,"Sucursal Oruro","No disponible",Salida,"Sin evento",
"04/11/2022 20:48",3,,,,Oruro,"Sucursal Oruro","No disponible",Salida,"Apertura con tarjeta de proximidad",
"05/11/2022 09:12",3,,,,Oruro,"Sucursal Oruro","No disponible",Salida,"Sin evento",
"05/11/2022 19:09",3,,,,Oruro,"Sucursal Oruro","No disponible",Salida,"Apertura con tarjeta de proximidad",
"07/11/2022 08:16",3,,,,Oruro,"Sucursal Oruro","No disponible",Salida,"Sin evento",
"07/11/2022 21:35",3,,,,Oruro,"Sucursal Oruro","No disponible",Salida,"Apertura con tarjeta de proximidad",
"08/11/2022 08:39",3,,,,Oruro,"Sucursal Oruro","No disponible",Salida,"Sin evento",
"08/11/2022 19:33",3,,,,Oruro,"Sucursal Oruro","No disponible",Salida,"Apertura con tarjeta de proximidad",
"09/11/2022 08:20",3,,,,Oruro,"Sucursal Oruro","No disponible",Salida,"Sin evento",
"09/11/2022 20:51",3,,,,Oruro,"Sucursal Oruro","No disponible",Salida,"Apertura con tarjeta de proximidad",
"10/11/2022 08:48",3,,,,Oruro,"Sucursal Oruro","No disponible",Salida,"Sin evento",
"10/11/2022 20:30",3,,,,Oruro,"Sucursal Oruro","No disponible",Salida,"Apertura con tarjeta de proximidad",
"11/11/2022 07:59",3,,,,Oruro,"Sucursal Oruro","No disponible",Salida,"Sin evento",
"11/11/2022 18:34",3,,,,Oruro,"Sucursal Oruro","No disponible",Salida,"Apertura con tarjeta de proximidad",
"12/11/2022 08:58",3,,,,Oruro,"Sucursal Oruro","No disponible",Salida,"Sin evento",
"12/11/2022 20:58",3,,,,Oruro,"Sucursal Oruro","No disponible",Salida,"Apertura con tarjeta de proximidad",
"14/11/2022 08:42",3,,,,Oruro,"Sucursal Oruro","No disponible",Salida,"Sin evento",
"14/11/2022 20:27",3,,,,Oruro,"Sucursal Oruro","No disponible",Salida,"Apertura con tarjeta de proximidad",
"15/11/2022 08:14",3,,,,Oruro,"Sucursal Oruro","No disponible",Salida,"Sin evento",
"15/11/2022 22:45",3,,,,Oruro,"Sucursal Oruro","No disponible",Salida,"Apertura con tarjeta de proximidad",
"16/11/2022 08:11",3,,,,Oruro,"Sucursal Oruro","No disponible",Salida,"Sin evento",
"16/11/2022 20:35",3,,,,Oruro,"Sucursal Oruro","No disponible",Salida,"Apertura con tarjeta de proximidad",
"17/11/2022 08:35",3,,,,Oruro,"Sucursal Oruro","No disponible",Salida,"Sin evento",
"17/11/2022 20:52",3,,,,Oruro,"Sucursal Oruro","No disponible",Salida,"Apertura con tarjeta de proximidad",
"18/11/2022 08:33",3,,,,Oruro,"Sucursal Oruro","No disponible",Salida,"Sin evento",
"18/11/2022 17:52",3,,,,Oruro,"Sucursal Oruro","No disponible",Salida,"Apertura con tarjeta de proximidad",
"19/11/2022 09:33",3,,,,Oruro,"Sucursal Oruro","No disponible",Salida,"Sin evento",
"19/11/2022 16:32",3,,,,Oruro,"Sucursal Oruro","No disponible",Salida,"Apertura con tarjeta de proximidad",
"21/11/2022 08:48",3,,,,Oruro,"Sucursal Oruro","No disponible",Salida,"Sin evento",
"21/11/2022 21:12",3,,,,Oruro,"Sucursal Oruro","No disponible",Salida,"Apertura con tarjeta de proximidad",
"22/11/2022 08:35",3,,,,Oruro,"Sucursal Oruro","No disponible",Salida,"Sin evento",
"22/11/2022 19:53",3,,,,Oruro,"Sucursal Oruro","No disponible",Salida,"Apertura con tarjeta de proximidad",
"23/11/2022 08:08",3,,,,Oruro,"Sucursal Oruro","No disponible",Salida,"Sin evento",
"23/11/2022 19:08",3,,,,Oruro,"Sucursal Oruro","No disponible",Salida,"Apertura con tarjeta de proximidad",
"24/11/2022 08:11",3,,,,Oruro,"Sucursal Oruro","No disponible",Salida,"Sin evento",
"24/11/2022 20:08",3,,,,Oruro,"Sucursal Oruro","No disponible",Salida,"Apertura con tarjeta de proximidad",
"25/11/2022 08:06",3,,,,Oruro,"Sucursal Oruro","No disponible",Salida,"Sin evento",
"26/11/2022 08:43",3,,,,Oruro,"Sucursal Oruro","No disponible",Salida,"Sin evento",
"26/11/2022 15:27",3,,,,Oruro,"Sucursal Oruro","No disponible",Salida,"Apertura con tarjeta de proximidad",
"28/11/2022 08:08",3,,,,Oruro,"Sucursal Oruro","No disponible",Salida,"Sin evento",
"28/11/2022 20:04",3,,,,Oruro,"Sucursal Oruro","No disponible",Salida,"Apertura con tarjeta de proximidad",
"29/11/2022 06:43",3,,,,Oruro,"Sucursal Oruro","No disponible",Salida,"Sin evento",
"29/11/2022 19:40",3,,,,Oruro,"Sucursal Oruro","No disponible",Salida,"Apertura con tarjeta de proximidad",
"29/11/2022 19:53",3,,,,Oruro,"Sucursal Oruro","No disponible",Salida,"Apertura con tarjeta de proximidad",
"30/11/2022 08:42",3,,,,Oruro,"Sucursal Oruro","No disponible",Salida,"Sin evento",
"30/11/2022 21:15",3,,,,Oruro,"Sucursal Oruro","No disponible",Salida,"Apertura con tarjeta de proximidad",
"01/12/2022 08:18",3,,,,Oruro,"Sucursal Oruro","No disponible",Salida,"Sin evento",
"01/12/2022 19:24",3,,,,Oruro,"Sucursal Oruro","No disponible",Salida,"Apertura con tarjeta de proximidad",
"02/12/2022 08:09",3,,,,Oruro,"Sucursal Oruro","No disponible",Salida,"Sin evento",
"02/12/2022 21:40",3,,,,Oruro,"Sucursal Oruro","No disponible",Salida,"Apertura con tarjeta de proximidad",
"03/12/2022 08:41",3,,,,Oruro,"Sucursal Oruro","No disponible",Salida,"Sin evento",
"03/12/2022 14:40",3,,,,Oruro,"Sucursal Oruro","No disponible",Salida,"Apertura con tarjeta de proximidad",
"05/12/2022 07:34",3,,,,Oruro,"Sucursal Oruro","No disponible",Salida,"Apertura con tarjeta de proximidad",
"05/12/2022 21:39",3,,,,Oruro,"Sucursal Oruro","No disponible",Salida,"Apertura con tarjeta de proximidad",
"06/12/2022 07:46",3,,,,Oruro,"Sucursal Oruro","No disponible",Salida,"Sin evento",
"07/12/2022 05:04",3,,,,Oruro,"Sucursal Oruro","No disponible",Salida,"Apertura con tarjeta de proximidad",
"07/12/2022 07:58",3,,,,Oruro,"Sucursal Oruro","No disponible",Salida,"Sin evento",
"07/12/2022 19:37",3,,,,Oruro,"Sucursal Oruro","No disponible",Salida,"Apertura con tarjeta de proximidad",
"08/12/2022 06:09",3,,,,Oruro,"Sucursal Oruro","No disponible",Salida,"Sin evento",
"08/12/2022 21:47",3,,,,Oruro,"Sucursal Oruro","No disponible",Salida,"Apertura con tarjeta de proximidad",
"09/12/2022 07:04",3,,,,Oruro,"Sucursal Oruro","No disponible",Salida,"Sin evento",
"09/12/2022 19:09",3,,,,Oruro,"Sucursal Oruro","No disponible",Salida,"Apertura con tarjeta de proximidad",
"10/12/2022 09:43",3,,,,Oruro,"Sucursal Oruro","No disponible",Salida,"Sin evento",
"10/12/2022 14:34",3,,,,Oruro,"Sucursal Oruro","No disponible",Salida,"Apertura con tarjeta de proximidad",
"12/12/2022 06:55",3,,,,Oruro,"Sucursal Oruro","No disponible",Salida,"Sin evento",
"12/12/2022 21:19",3,,,,Oruro,"Sucursal Oruro","No disponible",Salida,"Apertura con tarjeta de proximidad",
"13/12/2022 07:45",3,,,,Oruro,"Sucursal Oruro","No disponible",Salida,"Sin evento",
"13/12/2022 19:32",3,,,,Oruro,"Sucursal Oruro","No disponible",Salida,"Apertura con tarjeta de proximidad",
"14/12/2022 09:04",3,,,,Oruro,"Sucursal Oruro","No disponible",Salida,"Sin evento",
"14/12/2022 20:58",3,,,,Oruro,"Sucursal Oruro","No disponible",Salida,"Apertura con tarjeta de proximidad",
"15/12/2022 06:47",3,,,,Oruro,"Sucursal Oruro","No disponible",Salida,"Sin evento",
"15/12/2022 18:31",3,,,,Oruro,"Sucursal Oruro","No disponible",Salida,"Apertura con tarjeta de proximidad",
"16/12/2022 08:46",3,,,,Oruro,"Sucursal Oruro","No disponible",Salida,"Sin evento",
"16/12/2022 17:36",3,,,,Oruro,"Sucursal Oruro","No disponible",Salida,"Apertura con tarjeta de proximidad",
"17/12/2022 08:08",3,,,,Oruro,"Sucursal Oruro","No disponible",Salida,"Sin evento",
"17/12/2022 21:04",3,,,,Oruro,"Sucursal Oruro","No disponible",Salida,"Apertura con tarjeta de proximidad",
"19/12/2022 09:28",3,,,,Oruro,"Sucursal Oruro","No disponible",Salida,"Sin evento",
"19/12/2022 20:33",3,,,,Oruro,"Sucursal Oruro","No disponible",Salida,"Apertura con tarjeta de proximidad",
"20/12/2022 07:09",3,,,,Oruro,"Sucursal Oruro","No disponible",Salida,"Sin evento",
"20/12/2022 20:11",3,,,,Oruro,"Sucursal Oruro","No disponible",Salida,"Apertura con tarjeta de proximidad",
"21/12/2022 07:20",3,,,,Oruro,"Sucursal Oruro","No disponible",Salida,"Sin evento",
"21/12/2022 19:02",3,,,,Oruro,"Sucursal Oruro","No disponible",Salida,"Apertura con tarjeta de proximidad",
"22/12/2022 07:06",3,,,,Oruro,"Sucursal Oruro","No disponible",Salida,"Sin evento",
"22/12/2022 21:26",3,,,,Oruro,"Sucursal Oruro","No disponible",Salida,"Apertura con tarjeta de proximidad",
"23/12/2022 08:02",3,,,,Oruro,"Sucursal Oruro","No disponible",Salida,"Sin evento",
"23/12/2022 21:20",3,,,,Oruro,"Sucursal Oruro","No disponible",Salida,"Apertura con tarjeta de proximidad",
"27/12/2022 08:55",3,,,,Oruro,"Sucursal Oruro","No disponible",Salida,"Sin evento",
"27/12/2022 21:36",3,,,,Oruro,"Sucursal Oruro","No disponible",Salida,"Apertura con tarjeta de proximidad",
"28/12/2022 08:35",3,,,,Oruro,"Sucursal Oruro","No disponible",Salida,"Sin evento",
"28/12/2022 19:49",3,,,,Oruro,"Sucursal Oruro","No disponible",Salida,"Apertura con tarjeta de proximidad",
"29/12/2022 08:02",3,,,,Oruro,"Sucursal Oruro","No disponible",Salida,"Sin evento",
"29/12/2022 20:56",3,,,,Oruro,"Sucursal Oruro","No disponible",Salida,"Apertura con tarjeta de proximidad",
"30/12/2022 09:40",3,,,,Oruro,"Sucursal Oruro","No disponible",Salida,"Sin evento",
"30/12/2022 19:28",3,,,,Oruro,"Sucursal Oruro","No disponible",Salida,"Apertura con tarjeta de proximidad",
"31/12/2022 09:41",3,,,,Oruro,"Sucursal Oruro","No disponible",Salida,"Sin evento",
"31/12/2022 19:38",3,,,,Oruro,"Sucursal Oruro","No disponible",Salida,"Apertura con tarjeta de proximidad",
"03/01/2023 08:01",3,,,,Oruro,"Sucursal Oruro","No disponible",Salida,"Sin evento",
"04/01/2023 19:02",1,,,,Oruro,"Sucursal Oruro","No disponible",Salida,"Sin evento",
"05/01/2023 08:01",1,,,,Oruro,"Sucursal Oruro","No disponible",Salida,"Sin evento",
"05/01/2023 20:24",1,,,,Oruro,"Sucursal Oruro","No disponible",Salida,"Sin evento",
"06/01/2023 08:00",1,,,,Oruro,"Sucursal Oruro","No disponible",Salida,"Sin evento",
"06/01/2023 18:24",1,,,,Oruro,"Sucursal Oruro","No disponible",Salida,"Sin evento",
"07/01/2023 08:59",1,,,,Oruro,"Sucursal Oruro","No disponible",Salida,"Sin evento",
"07/01/2023 13:35",1,,,,Oruro,"Sucursal Oruro","No disponible",Salida,"Sin evento",
"09/01/2023 07:46",1,,,,Oruro,"Sucursal Oruro","No disponible",Salida,"Sin evento",
"09/01/2023 19:10",1,,,,Oruro,"Sucursal Oruro","No disponible",Salida,"Sin evento",
"10/01/2023 07:51",1,,,,Oruro,"Sucursal Oruro","No disponible",Salida,"Sin evento",
"10/01/2023 18:58",1,,,,Oruro,"Sucursal Oruro","No disponible",Salida,"Sin evento",
"11/01/2023 07:55",1,,,,Oruro,"Sucursal Oruro","No disponible",Salida,"Sin evento",
"11/01/2023 19:03",1,,,,Oruro,"Sucursal Oruro","No disponible",Salida,"Sin evento",
"12/01/2023 08:16",1,,,,Oruro,"Sucursal Oruro","No disponible",Salida,"Sin evento",
"12/01/2023 19:12",1,,,,Oruro,"Sucursal Oruro","No disponible",Salida,"Sin evento",
"13/01/2023 07:57",1,,,,Oruro,"Sucursal Oruro","No disponible",Salida,"Sin evento",
"13/01/2023 17:15",1,,,,Oruro,"Sucursal Oruro","No disponible",Salida,"Sin evento",
"14/01/2023 09:07",1,,,,Oruro,"Sucursal Oruro","No disponible",Salida,"Sin evento",
"14/01/2023 15:03",1,,,,Oruro,"Sucursal Oruro","No disponible",Salida,"Sin evento",
"16/01/2023 08:00",1,,,,Oruro,"Sucursal Oruro","No disponible",Salida,"Sin evento",
"16/01/2023 19:16",1,,,,Oruro,"Sucursal Oruro","No disponible",Salida,"Sin evento",
"17/01/2023 07:59",1,,,,Oruro,"Sucursal Oruro","No disponible",Salida,"Sin evento",
"17/01/2023 19:34",1,,,,Oruro,"Sucursal Oruro","No disponible",Salida,"Sin evento",
"18/01/2023 08:01",1,,,,Oruro,"Sucursal Oruro","No disponible",Salida,"Sin evento",
"18/01/2023 08:01",6152971,,,,Oruro,"Sucursal Oruro","No disponible","Retorno de descanso","Sin evento",
"18/01/2023 08:04",7281679,,,,Oruro,"Sucursal Oruro","No disponible",Salida,"Sin evento",
"18/01/2023 19:24",7281679,,,,Oruro,"Sucursal Oruro","No disponible",Salida,"Sin evento",
"18/01/2023 19:31",1,,,,Oruro,"Sucursal Oruro","No disponible",Salida,"Sin evento",
"19/01/2023 07:59",1,,,,Oruro,"Sucursal Oruro","No disponible",Salida,"Sin evento",
"19/01/2023 08:10",7281679,,,,Oruro,"Sucursal Oruro","No disponible",Salida,"Sin evento",
"19/01/2023 19:14",7281679,,,,Oruro,"Sucursal Oruro","No disponible",Salida,"Sin evento",
"19/01/2023 19:20",1,,,,Oruro,"Sucursal Oruro","No disponible",Salida,"Sin evento",
"20/01/2023 08:04",1,,,,Oruro,"Sucursal Oruro","No disponible",Salida,"Sin evento",
"20/01/2023 08:09",7281679,,,,Oruro,"Sucursal Oruro","No disponible",Salida,"Sin evento",
"20/01/2023 19:21",7281679,,,,Oruro,"Sucursal Oruro","No disponible",Salida,"Sin evento",
"20/01/2023 20:02",1,,,,Oruro,"Sucursal Oruro","No disponible",Salida,"Sin evento",
"21/01/2023 09:02",1,,,,Oruro,"Sucursal Oruro","No disponible",Salida,"Sin evento",
"21/01/2023 09:02",7281679,,,,Oruro,"Sucursal Oruro","No disponible",Salida,"Sin evento",
"21/01/2023 13:50",7281679,,,,Oruro,"Sucursal Oruro","No disponible",Salida,"Sin evento",
"21/01/2023 14:07",1,,,,Oruro,"Sucursal Oruro","No disponible",Salida,"Sin evento",
"24/01/2023 07:59",1,,,,Oruro,"Sucursal Oruro","No disponible",Salida,"Sin evento",
"24/01/2023 07:59",7281679,,,,Oruro,"Sucursal Oruro","No disponible",Salida,"Sin evento",
"24/01/2023 18:45",7281679,,,,Oruro,"Sucursal Oruro","No disponible",Salida,"Sin evento",
"24/01/2023 18:54",1,,,,Oruro,"Sucursal Oruro","No disponible",Salida,"Sin evento",
"25/01/2023 07:58",1,,,,Oruro,"Sucursal Oruro","No disponible",Salida,"Sin evento",
"25/01/2023 07:58",7281679,,,,Oruro,"Sucursal Oruro","No disponible",Salida,"Sin evento",
"25/01/2023 19:07",7281679,,,,Oruro,"Sucursal Oruro","No disponible",Salida,"Sin evento",
"25/01/2023 19:07",1,,,,Oruro,"Sucursal Oruro","No disponible",Salida,"Sin evento",
"26/01/2023 07:49",1,,,,Oruro,"Sucursal Oruro","No disponible",Salida,"Sin evento",
"26/01/2023 07:54",7281679,,,,Oruro,"Sucursal Oruro","No disponible",Salida,"Sin evento",
"26/01/2023 19:16",7281679,,,,Oruro,"Sucursal Oruro","No disponible",Salida,"Sin evento",
"26/01/2023 19:20",1,,,,Oruro,"Sucursal Oruro","No disponible",Salida,"Sin evento",
"27/01/2023 07:55",1,,,,Oruro,"Sucursal Oruro","No disponible",Salida,"Sin evento",
"27/01/2023 08:00",7281679,,,,Oruro,"Sucursal Oruro","No disponible",Salida,"Sin evento",
"27/01/2023 19:00",7281679,,,,Oruro,"Sucursal Oruro","No disponible",Salida,"Sin evento",
"27/01/2023 19:18",1,,,,Oruro,"Sucursal Oruro","No disponible",Salida,"Sin evento",
"28/01/2023 09:15",7281679,,,,Oruro,"Sucursal Oruro","No disponible",Salida,"Sin evento",
"28/01/2023 09:15",1,,,,Oruro,"Sucursal Oruro","No disponible",Salida,"Sin evento",
"28/01/2023 13:32",7281679,,,,Oruro,"Sucursal Oruro","No disponible",Salida,"Sin evento",
"28/01/2023 13:34",1,,,,Oruro,"Sucursal Oruro","No disponible",Salida,"Sin evento",
"30/01/2023 08:03",7281679,,,,Oruro,"Sucursal Oruro","No disponible",Salida,"Sin evento",
"30/01/2023 08:03",1,,,,Oruro,"Sucursal Oruro","No disponible",Salida,"Sin evento",
"30/01/2023 19:20",7281679,,,,Oruro,"Sucursal Oruro","No disponible",Salida,"Sin evento",
"30/01/2023 19:26",1,,,,Oruro,"Sucursal Oruro","No disponible",Salida,"Sin evento",
"31/01/2023 08:04",7281679,,,,Oruro,"Sucursal Oruro","No disponible",Salida,"Sin evento",
"31/01/2023 08:04",1,,,,Oruro,"Sucursal Oruro","No disponible",Salida,"Sin evento",
"31/01/2023 19:12",7281679,,,,Oruro,"Sucursal Oruro","No disponible",Salida,"Sin evento",
"31/01/2023 19:15",1,,,,Oruro,"Sucursal Oruro","No disponible",Salida,"Sin evento",
"01/02/2023 07:55",1,,,,Oruro,"Sucursal Oruro","No disponible",Salida,"Sin evento",
"01/02/2023 08:05",7281679,,,,Oruro,"Sucursal Oruro","No disponible",Salida,"Sin evento",
"01/02/2023 19:21",7281679,,,,Oruro,"Sucursal Oruro","No disponible",Salida,"Sin evento",
"01/02/2023 19:22",1,,,,Oruro,"Sucursal Oruro","No disponible",Salida,"Sin evento",
"02/02/2023 07:34",1,,,,Oruro,"Sucursal Oruro","No disponible",Salida,"Sin evento",
"02/02/2023 08:00",7281679,,,,Oruro,"Sucursal Oruro","No disponible",Salida,"Sin evento",
"02/02/2023 18:51",7281679,,,,Oruro,"Sucursal Oruro","No disponible",Salida,"Sin evento",
"02/02/2023 19:37",1,,,,Oruro,"Sucursal Oruro","No disponible",Salida,"Sin evento",
"03/02/2023 07:55",1,,,,Oruro,"Sucursal Oruro","No disponible",Salida,"Sin evento",
"03/02/2023 08:01",7281679,,,,Oruro,"Sucursal Oruro","No disponible",Salida,"Sin evento",
"03/02/2023 19:19",7281679,,,,Oruro,"Sucursal Oruro","No disponible",Salida,"Sin evento",
"03/02/2023 20:06",1,,,,Oruro,"Sucursal Oruro","No disponible",Salida,"Sin evento",
"04/02/2023 08:56",7281679,,,,Oruro,"Sucursal Oruro","No disponible",Salida,"Sin evento",
"04/02/2023 09:25",1,,,,Oruro,"Sucursal Oruro","No disponible",Salida,"Sin evento",
"04/02/2023 13:45",7281679,,,,Oruro,"Sucursal Oruro","No disponible",Salida,"Sin evento",
"04/02/2023 13:49",1,,,,Oruro,"Sucursal Oruro","No disponible",Salida,"Sin evento",
"06/02/2023 07:44",1,,,,Oruro,"Sucursal Oruro","No disponible",Salida,"Sin evento",
"06/02/2023 07:53",7281679,,,,Oruro,"Sucursal Oruro","No disponible",Salida,"Sin evento",
"06/02/2023 19:10",7281679,,,,Oruro,"Sucursal Oruro","No disponible",Salida,"Sin evento",
"06/02/2023 19:16",1,,,,Oruro,"Sucursal Oruro","No disponible",Salida,"Sin evento",
"07/02/2023 08:00",7281679,,,,Oruro,"Sucursal Oruro","No disponible",Salida,"Sin evento",
"07/02/2023 08:04",1,,,,Oruro,"Sucursal Oruro","No disponible",Salida,"Sin evento",
"07/02/2023 19:04",7281679,,,,Oruro,"Sucursal Oruro","No disponible",Salida,"Sin evento",
"07/02/2023 19:11",1,,,,Oruro,"Sucursal Oruro","No disponible",Salida,"Sin evento",
"08/02/2023 08:10",7281679,,,,Oruro,"Sucursal Oruro","No disponible",Salida,"Sin evento",
"08/02/2023 08:20",1,,,,Oruro,"Sucursal Oruro","No disponible",Salida,"Sin evento",
"08/02/2023 19:06",7281679,,,,Oruro,"Sucursal Oruro","No disponible",Salida,"Sin evento",
"08/02/2023 19:48",1,,,,Oruro,"Sucursal Oruro","No disponible",Salida,"Sin evento",
"09/02/2023 07:58",1,,,,Oruro,"Sucursal Oruro","No disponible",Salida,"Sin evento",
"09/02/2023 08:08",7281679,,,,Oruro,"Sucursal Oruro","No disponible",Salida,"Sin evento",
"09/02/2023 18:33",7281679,,,,Oruro,"Sucursal Oruro","No disponible",Salida,"Sin evento",
"09/02/2023 19:27",1,,,,Oruro,"Sucursal Oruro","No disponible",Salida,"Sin evento",
"11/02/2023 08:58",7281679,,,,Oruro,"Sucursal Oruro","No disponible",Salida,"Sin evento",
"11/02/2023 09:40",1,,,,Oruro,"Sucursal Oruro","No disponible",Salida,"Sin evento",
"11/02/2023 13:25",7281679,,,,Oruro,"Sucursal Oruro","No disponible",Salida,"Sin evento",
"11/02/2023 13:42",1,,,,Oruro,"Sucursal Oruro","No disponible",Salida,"Sin evento",
"13/02/2023 08:00",7281679,,,,Oruro,"Sucursal Oruro","No disponible",Salida,"Sin evento",
"13/02/2023 08:04",1,,,,Oruro,"Sucursal Oruro","No disponible",Salida,"Sin evento",
"13/02/2023 18:48",7281679,,,,Oruro,"Sucursal Oruro","No disponible",Salida,"Sin evento",
"13/02/2023 19:16",1,,,,Oruro,"Sucursal Oruro","No disponible",Salida,"Sin evento",
"14/02/2023 08:07",7281679,,,,Oruro,"Sucursal Oruro","No disponible",Salida,"Sin evento",
"14/02/2023 08:17",1,,,,Oruro,"Sucursal Oruro","No disponible",Salida,"Sin evento",
"14/02/2023 19:01",7281679,,,,Oruro,"Sucursal Oruro","No disponible",Salida,"Sin evento",
"14/02/2023 19:22",1,,,,Oruro,"Sucursal Oruro","No disponible",Salida,"Sin evento",
"15/02/2023 08:08",1,,,,Oruro,"Sucursal Oruro","No disponible",Salida,"Sin evento",
"15/02/2023 08:08",7281679,,,,Oruro,"Sucursal Oruro","No disponible",Salida,"Sin evento",
"15/02/2023 19:04",1,,,,Oruro,"Sucursal Oruro","No disponible",Salida,"Sin evento",
"15/02/2023 19:23",7281679,,,,Oruro,"Sucursal Oruro","No disponible",Salida,"Sin evento",
"16/02/2023 07:59",1,,,,Oruro,"Sucursal Oruro","No disponible",Salida,"Sin evento",
"16/02/2023 08:12",7281679,,,,Oruro,"Sucursal Oruro","No disponible",Salida,"Sin evento",
"16/02/2023 19:05",7281679,,,,Oruro,"Sucursal Oruro","No disponible",Salida,"Sin evento",
"16/02/2023 19:25",1,,,,Oruro,"Sucursal Oruro","No disponible",Salida,"Sin evento",
"17/02/2023 08:02",7281679,,,,Oruro,"Sucursal Oruro","No disponible",Salida,"Sin evento",
"17/02/2023 08:12",1,,,,Oruro,"Sucursal Oruro","No disponible",Salida,"Sin evento",
"17/02/2023 16:37",7281679,,,,Oruro,"Sucursal Oruro","No disponible",Salida,"Sin evento",
"17/02/2023 16:56",1,,,,Oruro,"Sucursal Oruro","No disponible",Salida,"Sin evento",
"22/02/2023 08:10",7281679,,,,Oruro,"Sucursal Oruro","No disponible",Salida,"Sin evento",
"22/02/2023 08:14",1,,,,Oruro,"Sucursal Oruro","No disponible",Salida,"Sin evento",
"22/02/2023 19:08",7281679,,,,Oruro,"Sucursal Oruro","No disponible",Salida,"Sin evento",
"22/02/2023 19:17",1,,,,Oruro,"Sucursal Oruro","No disponible",Salida,"Sin evento",
"23/02/2023 08:04",7281679,,,,Oruro,"Sucursal Oruro","No disponible",Salida,"Sin evento",
"23/02/2023 08:13",1,,,,Oruro,"Sucursal Oruro","No disponible",Salida,"Sin evento",
"23/02/2023 19:13",7281679,,,,Oruro,"Sucursal Oruro","No disponible",Salida,"Sin evento",
"23/02/2023 19:38",1,,,,Oruro,"Sucursal Oruro","No disponible",Salida,"Sin evento",
"24/02/2023 08:00",1,,,,Oruro,"Sucursal Oruro","No disponible",Salida,"Sin evento",
"24/02/2023 08:08",7281679,,,,Oruro,"Sucursal Oruro","No disponible",Salida,"Sin evento",
"24/02/2023 19:52",7281679,,,,Oruro,"Sucursal Oruro","No disponible",Salida,"Sin evento",
"24/02/2023 19:55",1,,,,Oruro,"Sucursal Oruro","No disponible",Salida,"Sin evento",
"25/02/2023 09:08",1,,,,Oruro,"Sucursal Oruro","No disponible",Salida,"Sin evento",
"25/02/2023 09:10",7281679,,,,Oruro,"Sucursal Oruro","No disponible",Salida,"Sin evento",
"25/02/2023 14:02",7281679,,,,Oruro,"Sucursal Oruro","No disponible",Salida,"Sin evento",
"25/02/2023 14:04",1,,,,Oruro,"Sucursal Oruro","No disponible",Salida,"Sin evento",
"27/02/2023 08:02",7281679,,,,Oruro,"Sucursal Oruro","No disponible",Salida,"Sin evento",
"27/02/2023 08:09",1,,,,Oruro,"Sucursal Oruro","No disponible",Salida,"Sin evento",
"27/02/2023 18:58",7281679,,,,Oruro,"Sucursal Oruro","No disponible",Salida,"Sin evento",
"27/02/2023 19:17",1,,,,Oruro,"Sucursal Oruro","No disponible",Salida,"Sin evento",
"28/02/2023 07:56",7281679,,,,Oruro,"Sucursal Oruro","No disponible",Salida,"Sin evento",
"28/02/2023 08:07",1,,,,Oruro,"Sucursal Oruro","No disponible",Salida,"Sin evento",
"28/02/2023 19:31",7281679,,,,Oruro,"Sucursal Oruro","No disponible",Salida,"Sin evento",
"28/02/2023 19:34",1,,,,Oruro,"Sucursal Oruro","No disponible",Salida,"Sin evento",
"01/03/2023 07:45",1,,,,Oruro,"Sucursal Oruro","No disponible",Salida,"Sin evento",
"01/03/2023 07:57",7281679,,,,Oruro,"Sucursal Oruro","No disponible",Salida,"Sin evento",
"01/03/2023 19:13",7281679,,,,Oruro,"Sucursal Oruro","No disponible",Salida,"Sin evento",
"01/03/2023 19:58",1,,,,Oruro,"Sucursal Oruro","No disponible",Salida,"Sin evento",
"02/03/2023 07:53",1,,,,Oruro,"Sucursal Oruro","No disponible",Salida,"Sin evento",
"02/03/2023 08:04",7281679,,,,Oruro,"Sucursal Oruro","No disponible",Salida,"Sin evento",
"02/03/2023 19:06",7281679,,,,Oruro,"Sucursal Oruro","No disponible",Salida,"Sin evento",
"02/03/2023 19:57",1,,,,Oruro,"Sucursal Oruro","No disponible",Salida,"Sin evento",
"03/03/2023 08:12",7281679,,,,Oruro,"Sucursal Oruro","No disponible",Salida,"Sin evento",
"03/03/2023 08:13",1,,,,Oruro,"Sucursal Oruro","No disponible",Salida,"Sin evento",
"03/03/2023 18:51",7281679,,,,Oruro,"Sucursal Oruro","No disponible",Salida,"Sin evento",
"03/03/2023 19:13",1,,,,Oruro,"Sucursal Oruro","No disponible",Salida,"Sin evento",
"04/03/2023 09:12",1,,,,Oruro,"Sucursal Oruro","No disponible",Salida,"Sin evento",
"04/03/2023 09:12",7281679,,,,Oruro,"Sucursal Oruro","No disponible",Salida,"Sin evento",
"04/03/2023 13:41",7281679,,,,Oruro,"Sucursal Oruro","No disponible",Salida,"Sin evento",
"04/03/2023 13:44",1,,,,Oruro,"Sucursal Oruro","No disponible",Salida,"Sin evento",
"06/03/2023 08:03",1,,,,Oruro,"Sucursal Oruro","No disponible",Salida,"Sin evento",
"06/03/2023 08:16",7281679,,,,Oruro,"Sucursal Oruro","No disponible",Salida,"Sin evento",
"06/03/2023 12:36",1,,,,Oruro,"Sucursal Oruro","No disponible",Salida,"Sin evento",
"06/03/2023 12:39",7281679,,,,Oruro,"Sucursal Oruro","No disponible",Salida,"Sin evento",
"06/03/2023 14:36",1,,,,Oruro,"Sucursal Oruro","No disponible",Salida,"Sin evento",
"06/03/2023 14:37",7281679,,,,Oruro,"Sucursal Oruro","No disponible",Salida,"Sin evento",
"06/03/2023 19:20",7281679,,,,Oruro,"Sucursal Oruro","No disponible",Salida,"Sin evento",
"06/03/2023 19:47",1,,,,Oruro,"Sucursal Oruro","No disponible",Salida,"Sin evento",
"07/03/2023 08:00",1,,,,Oruro,"Sucursal Oruro","No disponible",Salida,"Sin evento",
"07/03/2023 08:08",7281679,,,,Oruro,"Sucursal Oruro","No disponible",Salida,"Sin evento",
"07/03/2023 12:31",7281679,,,,Oruro,"Sucursal Oruro","No disponible",Salida,"Sin evento",
"07/03/2023 12:38",1,,,,Oruro,"Sucursal Oruro","No disponible",Salida,"Sin evento",
"07/03/2023 13:26",7281679,,,,Oruro,"Sucursal Oruro","No disponible",Salida,"Sin evento",
"07/03/2023 14:21",1,,,,Oruro,"Sucursal Oruro","No disponible",Salida,"Sin evento",
"07/03/2023 19:05",7281679,,,,Oruro,"Sucursal Oruro","No disponible",Salida,"Sin evento",
"07/03/2023 19:18",1,,,,Oruro,"Sucursal Oruro","No disponible",Salida,"Sin evento",
"08/03/2023 08:14",1,,,,Oruro,"Sucursal Oruro","No disponible",Salida,"Sin evento",
"08/03/2023 08:14",7281679,,,,Oruro,"Sucursal Oruro","No disponible",Salida,"Sin evento",
"08/03/2023 12:46",1,,,,Oruro,"Sucursal Oruro","No disponible",Salida,"Sin evento",
"08/03/2023 13:52",1,,,,Oruro,"Sucursal Oruro","No disponible",Salida,"Sin evento",
"08/03/2023 19:29",7281679,,,,Oruro,"Sucursal Oruro","No disponible",Salida,"Sin evento",
"08/03/2023 19:34",1,,,,Oruro,"Sucursal Oruro","No disponible",Salida,"Sin evento",
"09/03/2023 08:11",1,,,,Oruro,"Sucursal Oruro","No disponible",Salida,"Sin evento",
"09/03/2023 08:28",7281679,,,,Oruro,"Sucursal Oruro","No disponible",Salida,"Sin evento",
"09/03/2023 12:32",7281679,,,,Oruro,"Sucursal Oruro","No disponible",Salida,"Sin evento",
"09/03/2023 12:50",1,,,,Oruro,"Sucursal Oruro","No disponible",Salida,"Sin evento",
"09/03/2023 13:26",7281679,,,,Oruro,"Sucursal Oruro","No disponible",Salida,"Sin evento",
"09/03/2023 13:26",1,,,,Oruro,"Sucursal Oruro","No disponible",Salida,"Sin evento",
"09/03/2023 19:12",7281679,,,,Oruro,"Sucursal Oruro","No disponible",Salida,"Sin evento",
"09/03/2023 19:38",1,,,,Oruro,"Sucursal Oruro","No disponible",Salida,"Sin evento",
"10/03/2023 08:15",1,,,,Oruro,"Sucursal Oruro","No disponible",Salida,"Sin evento",
"10/03/2023 08:24",7281679,,,,Oruro,"Sucursal Oruro","No disponible",Salida,"Sin evento",
"10/03/2023 12:52",1,,,,Oruro,"Sucursal Oruro","No disponible",Salida,"Sin evento",
"10/03/2023 14:26",1,,,,Oruro,"Sucursal Oruro","No disponible",Salida,"Sin evento",
"10/03/2023 19:27",1,,,,Oruro,"Sucursal Oruro","No disponible",Salida,"Sin evento",
"10/03/2023 19:30",7281679,,,,Oruro,"Sucursal Oruro","No disponible",Salida,"Sin evento",
"11/03/2023 08:55",7281679,,,,Oruro,"Sucursal Oruro","No disponible",Salida,"Sin evento",
"11/03/2023 13:02",7281679,,,,Oruro,"Sucursal Oruro","No disponible",Salida,"Sin evento",
"13/03/2023 08:23",1,,,,Oruro,"Sucursal Oruro","No disponible",Salida,"Sin evento",
"13/03/2023 08:39",7281679,,,,Oruro,"Sucursal Oruro","No disponible",Salida,"Sin evento",
"13/03/2023 12:39",1,,,,Oruro,"Sucursal Oruro","No disponible",Salida,"Sin evento",
"13/03/2023 14:17",1,,,,Oruro,"Sucursal Oruro","No disponible",Salida,"Sin evento",
"13/03/2023 19:33",7281679,,,,Oruro,"Sucursal Oruro","No disponible",Salida,"Sin evento",
"13/03/2023 19:41",1,,,,Oruro,"Sucursal Oruro","No disponible",Salida,"Sin evento",
"14/03/2023 07:56",1,,,,Oruro,"Sucursal Oruro","No disponible",Salida,"Sin evento",
"14/03/2023 08:12",7281679,,,,Oruro,"Sucursal Oruro","No disponible",Salida,"Sin evento",
"14/03/2023 12:40",1,,,,Oruro,"Sucursal Oruro","No disponible",Salida,"Sin evento",
"14/03/2023 14:15",1,,,,Oruro,"Sucursal Oruro","No disponible",Salida,"Sin evento",
"14/03/2023 19:09",7281679,,,,Oruro,"Sucursal Oruro","No disponible",Salida,"Sin evento",
"14/03/2023 19:21",1,,,,Oruro,"Sucursal Oruro","No disponible",Salida,"Sin evento",
"15/03/2023 08:10",1,,,,Oruro,"Sucursal Oruro","No disponible",Salida,"Sin evento",
"15/03/2023 08:35",7281679,,,,Oruro,"Sucursal Oruro","No disponible",Salida,"Sin evento",
"15/03/2023 12:39",1,,,,Oruro,"Sucursal Oruro","No disponible",Salida,"Sin evento",
"15/03/2023 14:14",1,,,,Oruro,"Sucursal Oruro","No disponible",Salida,"Sin evento",
"15/03/2023 19:18",7281679,,,,Oruro,"Sucursal Oruro","No disponible",Salida,"Sin evento",
"15/03/2023 19:55",1,,,,Oruro,"Sucursal Oruro","No disponible",Salida,"Sin evento",
"16/03/2023 08:21",1,,,,Oruro,"Sucursal Oruro","No disponible",Salida,"Sin evento",
"16/03/2023 08:34",7281679,,,,Oruro,"Sucursal Oruro","No disponible",Salida,"Sin evento",
"16/03/2023 12:32",1,,,,Oruro,"Sucursal Oruro","No disponible",Salida,"Sin evento",
"16/03/2023 13:28",6152971,,,,Oruro,"Sucursal Oruro","No disponible","Retorno de descanso","Sin evento",
"16/03/2023 13:30",6152971,,,,Oruro,"Sucursal Oruro","No disponible","Retorno de descanso","Sin evento",
"16/03/2023 13:47",1,,,,Oruro,"Sucursal Oruro","No disponible",Salida,"Sin evento",
"16/03/2023 19:28",7281679,,,,Oruro,"Sucursal Oruro","No disponible",Salida,"Sin evento",
"16/03/2023 19:53",1,,,,Oruro,"Sucursal Oruro","No disponible",Salida,"Sin evento",
"17/03/2023 08:17",1,,,,Oruro,"Sucursal Oruro","No disponible",Salida,"Sin evento",
"17/03/2023 08:26",7281679,,,,Oruro,"Sucursal Oruro","No disponible",Salida,"Sin evento",
"17/03/2023 12:39",1,,,,Oruro,"Sucursal Oruro","No disponible",Salida,"Sin evento",
"17/03/2023 14:14",1,,,,Oruro,"Sucursal Oruro","No disponible",Salida,"Sin evento",
"17/03/2023 19:11",7281679,,,,Oruro,"Sucursal Oruro","No disponible",Salida,"Sin evento",
"17/03/2023 19:15",1,,,,Oruro,"Sucursal Oruro","No disponible",Salida,"Sin evento",
"18/03/2023 08:59",7281679,,,,Oruro,"Sucursal Oruro","No disponible",Salida,"Sin evento",
"18/03/2023 13:15",7281679,,,,Oruro,"Sucursal Oruro","No disponible",Salida,"Sin evento",
"20/03/2023 07:56",1,,,,Oruro,"Sucursal Oruro","No disponible",Salida,"Sin evento",
"20/03/2023 08:22",7281679,,,,Oruro,"Sucursal Oruro","No disponible",Salida,"Sin evento",
"20/03/2023 12:40",1,,,,Oruro,"Sucursal Oruro","No disponible",Salida,"Sin evento",
"20/03/2023 14:15",1,,,,Oruro,"Sucursal Oruro","No disponible",Salida,"Sin evento",
"20/03/2023 19:40",1,,,,Oruro,"Sucursal Oruro","No disponible",Salida,"Sin evento",
"20/03/2023 19:45",7281679,,,,Oruro,"Sucursal Oruro","No disponible",Salida,"Sin evento",
"21/03/2023 08:18",1,,,,Oruro,"Sucursal Oruro","No disponible",Salida,"Sin evento",
"21/03/2023 08:33",7281679,,,,Oruro,"Sucursal Oruro","No disponible",Salida,"Sin evento",
"21/03/2023 12:43",1,,,,Oruro,"Sucursal Oruro","No disponible",Salida,"Sin evento",
"21/03/2023 14:15",1,,,,Oruro,"Sucursal Oruro","No disponible",Salida,"Sin evento",
"21/03/2023 19:20",1,,,,Oruro,"Sucursal Oruro","No disponible",Salida,"Sin evento",
"21/03/2023 19:25",7281679,,,,Oruro,"Sucursal Oruro","No disponible",Salida,"Sin evento",
"22/03/2023 08:04",1,,,,Oruro,"Sucursal Oruro","No disponible",Salida,"Sin evento",
"22/03/2023 08:34",7281679,,,,Oruro,"Sucursal Oruro","No disponible",Salida,"Sin evento",
"22/03/2023 12:40",1,,,,Oruro,"Sucursal Oruro","No disponible",Salida,"Sin evento",
"22/03/2023 14:23",1,,,,Oruro,"Sucursal Oruro","No disponible",Salida,"Sin evento",
"22/03/2023 19:11",1,,,,Oruro,"Sucursal Oruro","No disponible",Salida,"Sin evento",
"22/03/2023 19:34",7281679,,,,Oruro,"Sucursal Oruro","No disponible",Salida,"Sin evento",
"23/03/2023 08:17",1,,,,Oruro,"Sucursal Oruro","No disponible",Salida,"Sin evento",
"23/03/2023 08:24",1,,,,Oruro,"Sucursal Oruro","No disponible",Salida,"Sin evento",
"23/03/2023 08:25",7281679,,,,Oruro,"Sucursal Oruro","No disponible",Salida,"Sin evento",
"23/03/2023 12:40",1,,,,Oruro,"Sucursal Oruro","No disponible",Salida,"Sin evento",
"23/03/2023 14:14",1,,,,Oruro,"Sucursal Oruro","No disponible",Salida,"Sin evento",
"23/03/2023 19:08",7281679,,,,Oruro,"Sucursal Oruro","No disponible",Salida,"Sin evento",
"23/03/2023 19:14",1,,,,Oruro,"Sucursal Oruro","No disponible",Salida,"Sin evento",
"24/03/2023 08:06",1,,,,Oruro,"Sucursal Oruro","No disponible",Salida,"Sin evento",
"24/03/2023 08:21",7281679,,,,Oruro,"Sucursal Oruro","No disponible",Salida,"Sin evento",
"24/03/2023 12:40",1,,,,Oruro,"Sucursal Oruro","No disponible",Salida,"Sin evento",
"24/03/2023 14:15",1,,,,Oruro,"Sucursal Oruro","No disponible",Salida,"Sin evento",
"24/03/2023 18:41",7281679,,,,Oruro,"Sucursal Oruro","No disponible",Salida,"Sin evento",
"24/03/2023 19:07",1,,,,Oruro,"Sucursal Oruro","No disponible",Salida,"Sin evento",
"25/03/2023 08:54",7281679,,,,Oruro,"Sucursal Oruro","No disponible",Salida,"Sin evento",
"25/03/2023 13:27",7281679,,,,Oruro,"Sucursal Oruro","No disponible",Salida,"Sin evento",
"25/03/2023 13:36",1,,,,Oruro,"Sucursal Oruro","No disponible",Salida,"Sin evento",
"27/03/2023 08:14",1,,,,Oruro,"Sucursal Oruro","No disponible",Salida,"Sin evento",
"27/03/2023 08:19",7281679,,,,Oruro,"Sucursal Oruro","No disponible",Salida,"Sin evento",
"27/03/2023 12:33",1,,,,Oruro,"Sucursal Oruro","No disponible",Salida,"Sin evento",
"27/03/2023 14:15",1,,,,Oruro,"Sucursal Oruro","No disponible",Salida,"Sin evento",
"27/03/2023 19:02",7281679,,,,Oruro,"Sucursal Oruro","No disponible",Salida,"Sin evento",
"27/03/2023 19:10",1,,,,Oruro,"Sucursal Oruro","No disponible",Salida,"Sin evento",
"28/03/2023 08:13",1,,,,Oruro,"Sucursal Oruro","No disponible",Salida,"Sin evento",
"28/03/2023 08:35",7281679,,,,Oruro,"Sucursal Oruro","No disponible",Salida,"Sin evento",
"28/03/2023 14:15",1,,,,Oruro,"Sucursal Oruro","No disponible",Salida,"Sin evento",
"28/03/2023 17:44",6152971,,,,Oruro,"Sucursal Oruro","No disponible","Retorno de descanso","Sin evento",
"28/03/2023 19:06",7281679,,,,Oruro,"Sucursal Oruro","No disponible",Salida,"Sin evento",
"28/03/2023 19:11",1,,,,Oruro,"Sucursal Oruro","No disponible",Salida,"Sin evento",
"29/03/2023 08:24",1,,,,Oruro,"Sucursal Oruro","No disponible",Salida,"Sin evento",
"29/03/2023 08:29",7281679,,,,Oruro,"Sucursal Oruro","No disponible",Salida,"Sin evento",
"29/03/2023 12:48",1,,,,Oruro,"Sucursal Oruro","No disponible",Salida,"Sin evento",
"29/03/2023 14:29",1,,,,Oruro,"Sucursal Oruro","No disponible",Salida,"Sin evento",
"29/03/2023 19:12",7281679,,,,Oruro,"Sucursal Oruro","No disponible",Salida,"Sin evento",
"29/03/2023 19:27",1,,,,Oruro,"Sucursal Oruro","No disponible",Salida,"Sin evento",
"30/03/2023 08:13",1,,,,Oruro,"Sucursal Oruro","No disponible",Salida,"Sin evento",
"30/03/2023 08:18",7281679,,,,Oruro,"Sucursal Oruro","No disponible",Salida,"Sin evento",
"30/03/2023 12:39",1,,,,Oruro,"Sucursal Oruro","No disponible",Salida,"Sin evento",
"30/03/2023 14:18",1,,,,Oruro,"Sucursal Oruro","No disponible",Salida,"Sin evento",
"30/03/2023 19:11",7281679,,,,Oruro,"Sucursal Oruro","No disponible",Salida,"Sin evento",
"30/03/2023 19:14",1,,,,Oruro,"Sucursal Oruro","No disponible",Salida,"Sin evento",
"31/03/2023 07:50",1,,,,Oruro,"Sucursal Oruro","No disponible",Salida,"Sin evento",
"31/03/2023 08:16",7281679,,,,Oruro,"Sucursal Oruro","No disponible",Salida,"Sin evento",
"31/03/2023 12:39",1,,,,Oruro,"Sucursal Oruro","No disponible",Salida,"Sin evento",
"31/03/2023 14:21",1,,,,Oruro,"Sucursal Oruro","No disponible",Salida,"Sin evento",
"31/03/2023 19:01",7281679,,,,Oruro,"Sucursal Oruro","No disponible",Salida,"Sin evento",
"31/03/2023 19:02",1,,,,Oruro,"Sucursal Oruro","No disponible",Salida,"Sin evento",
"01/04/2023 09:02",7281679,,,,Oruro,"Sucursal Oruro","No disponible",Salida,"Sin evento",
"01/04/2023 09:21",1,,,,Oruro,"Sucursal Oruro","No disponible",Salida,"Sin evento",
"01/04/2023 13:24",7281679,,,,Oruro,"Sucursal Oruro","No disponible",Salida,"Sin evento",
"01/04/2023 13:37",1,,,,Oruro,"Sucursal Oruro","No disponible",Salida,"Sin evento",
"03/04/2023 07:58",1,,,,Oruro,"Sucursal Oruro","No disponible",Salida,"Sin evento",
"03/04/2023 08:31",7281679,,,,Oruro,"Sucursal Oruro","No disponible",Salida,"Sin evento",
"03/04/2023 12:39",1,,,,Oruro,"Sucursal Oruro","No disponible",Salida,"Sin evento",
"03/04/2023 12:40",7281679,,,,Oruro,"Sucursal Oruro","No disponible",Salida,"Sin evento",
"03/04/2023 14:14",1,,,,Oruro,"Sucursal Oruro","No disponible",Salida,"Sin evento",
"03/04/2023 14:16",7281679,,,,Oruro,"Sucursal Oruro","No disponible",Salida,"Sin evento",
"03/04/2023 18:58",1,,,,Oruro,"Sucursal Oruro","No disponible",Salida,"Sin evento",
"03/04/2023 19:04",7281679,,,,Oruro,"Sucursal Oruro","No disponible",Salida,"Sin evento",
"04/04/2023 08:05",1,,,,Oruro,"Sucursal Oruro","No disponible",Salida,"Sin evento",
"04/04/2023 08:34",7281679,,,,Oruro,"Sucursal Oruro","No disponible",Salida,"Sin evento",
"04/04/2023 12:39",1,,,,Oruro,"Sucursal Oruro","No disponible",Salida,"Sin evento",
"04/04/2023 14:10",1,,,,Oruro,"Sucursal Oruro","No disponible",Salida,"Sin evento",
"04/04/2023 18:52",7281679,,,,Oruro,"Sucursal Oruro","No disponible",Salida,"Sin evento",
"04/04/2023 19:01",1,,,,Oruro,"Sucursal Oruro","No disponible",Salida,"Sin evento",
"05/04/2023 08:08",1,,,,Oruro,"Sucursal Oruro","No disponible",Salida,"Sin evento",
"05/04/2023 08:36",7281679,,,,Oruro,"Sucursal Oruro","No disponible",Salida,"Sin evento",
"05/04/2023 12:50",1,,,,Oruro,"Sucursal Oruro","No disponible",Salida,"Sin evento",
"05/04/2023 14:28",1,,,,Oruro,"Sucursal Oruro","No disponible",Salida,"Sin evento",
"05/04/2023 18:55",7281679,,,,Oruro,"Sucursal Oruro","No disponible",Salida,"Sin evento",
"05/04/2023 19:31",1,,,,Oruro,"Sucursal Oruro","No disponible",Salida,"Sin evento",
"06/04/2023 08:22",1,,,,Oruro,"Sucursal Oruro","No disponible",Salida,"Sin evento",
"06/04/2023 08:26",7281679,,,,Oruro,"Sucursal Oruro","No disponible",Salida,"Sin evento",
"06/04/2023 16:36",7281679,,,,Oruro,"Sucursal Oruro","No disponible",Salida,"Sin evento",
"06/04/2023 16:36",1,,,,Oruro,"Sucursal Oruro","No disponible",Salida,"Sin evento",
"10/04/2023 08:26",1,,,,Oruro,"Sucursal Oruro","No disponible",Salida,"Sin evento",
"10/04/2023 08:34",7281679,,,,Oruro,"Sucursal Oruro","No disponible",Salida,"Sin evento",
"10/04/2023 12:44",1,,,,Oruro,"Sucursal Oruro","No disponible",Salida,"Sin evento",
"10/04/2023 14:17",1,,,,Oruro,"Sucursal Oruro","No disponible",Salida,"Sin evento",
"10/04/2023 18:58",7281679,,,,Oruro,"Sucursal Oruro","No disponible",Salida,"Sin evento",
"10/04/2023 19:02",1,,,,Oruro,"Sucursal Oruro","No disponible",Salida,"Sin evento",
"11/04/2023 08:08",1,,,,Oruro,"Sucursal Oruro","No disponible",Salida,"Sin evento",
"11/04/2023 08:10",7281679,,,,Oruro,"Sucursal Oruro","No disponible",Salida,"Sin evento",
"11/04/2023 12:39",1,,,,Oruro,"Sucursal Oruro","No disponible",Salida,"Sin evento",
"11/04/2023 14:10",1,,,,Oruro,"Sucursal Oruro","No disponible",Salida,"Sin evento",
"11/04/2023 18:56",7281679,,,,Oruro,"Sucursal Oruro","No disponible",Salida,"Sin evento",
"11/04/2023 18:59",1,,,,Oruro,"Sucursal Oruro","No disponible",Salida,"Sin evento",
"12/04/2023 07:57",7281679,,,,Oruro,"Sucursal Oruro","No disponible",Salida,"Sin evento",
"12/04/2023 08:10",1,,,,Oruro,"Sucursal Oruro","No disponible",Salida,"Sin evento",
"12/04/2023 12:42",1,,,,Oruro,"Sucursal Oruro","No disponible",Salida,"Sin evento",
"12/04/2023 14:15",1,,,,Oruro,"Sucursal Oruro","No disponible",Salida,"Sin evento",
"12/04/2023 19:14",7281679,,,,Oruro,"Sucursal Oruro","No disponible",Salida,"Sin evento",
"12/04/2023 19:16",1,,,,Oruro,"Sucursal Oruro","No disponible",Salida,"Sin evento",
"13/04/2023 08:11",1,,,,Oruro,"Sucursal Oruro","No disponible",Salida,"Sin evento",
"13/04/2023 08:25",7281679,,,,Oruro,"Sucursal Oruro","No disponible",Salida,"Sin evento",
"13/04/2023 12:40",1,,,,Oruro,"Sucursal Oruro","No disponible",Salida,"Sin evento",
"13/04/2023 13:33",1,,,,Oruro,"Sucursal Oruro","No disponible",Salida,"Sin evento",
"13/04/2023 18:39",1,,,,Oruro,"Sucursal Oruro","No disponible",Salida,"Sin evento",
"13/04/2023 18:44",1,,,,Oruro,"Sucursal Oruro","No disponible",Salida,"Sin evento",
"13/04/2023 18:45",7281679,,,,Oruro,"Sucursal Oruro","No disponible",Salida,"Sin evento",
"14/04/2023 08:07",1,,,,Oruro,"Sucursal Oruro","No disponible",Salida,"Sin evento",
"14/04/2023 08:28",7281679,,,,Oruro,"Sucursal Oruro","No disponible",Salida,"Sin evento",
"14/04/2023 12:40",1,,,,Oruro,"Sucursal Oruro","No disponible",Salida,"Sin evento",
"14/04/2023 14:12",1,,,,Oruro,"Sucursal Oruro","No disponible",Salida,"Sin evento",
"14/04/2023 19:05",7281679,,,,Oruro,"Sucursal Oruro","No disponible",Salida,"Sin evento",
"14/04/2023 19:39",1,,,,Oruro,"Sucursal Oruro","No disponible",Salida,"Sin evento",
"15/04/2023 09:07",7281679,,,,Oruro,"Sucursal Oruro","No disponible",Salida,"Sin evento",
"15/04/2023 09:21",1,,,,Oruro,"Sucursal Oruro","No disponible",Salida,"Sin evento",
"15/04/2023 13:17",7281679,,,,Oruro,"Sucursal Oruro","No disponible",Salida,"Sin evento",
"15/04/2023 13:48",1,,,,Oruro,"Sucursal Oruro","No disponible",Salida,"Sin evento",
"17/04/2023 08:07",1,,,,Oruro,"Sucursal Oruro","No disponible",Salida,"Sin evento",
"17/04/2023 08:27",7281679,,,,Oruro,"Sucursal Oruro","No disponible",Salida,"Sin evento",
"17/04/2023 12:40",1,,,,Oruro,"Sucursal Oruro","No disponible",Salida,"Sin evento",
"17/04/2023 12:41",6152971,,,,Oruro,"Sucursal Oruro","No disponible","Retorno de descanso","Sin evento",
"17/04/2023 14:10",1,,,,Oruro,"Sucursal Oruro","No disponible",Salida,"Sin evento",
"17/04/2023 19:13",7281679,,,,Oruro,"Sucursal Oruro","No disponible",Salida,"Sin evento",
"17/04/2023 19:16",1,,,,Oruro,"Sucursal Oruro","No disponible",Salida,"Sin evento",
"18/04/2023 06:58",7281679,,,,Oruro,"Sucursal Oruro","No disponible",Salida,"Sin evento",
"18/04/2023 08:04",1,,,,Oruro,"Sucursal Oruro","No disponible",Salida,"Sin evento",
"18/04/2023 12:34",1,,,,Oruro,"Sucursal Oruro","No disponible",Salida,"Sin evento",
"18/04/2023 13:56",1,,,,Oruro,"Sucursal Oruro","No disponible",Salida,"Sin evento",
"18/04/2023 19:38",7281679,,,,Oruro,"Sucursal Oruro","No disponible",Salida,"Sin evento",
"18/04/2023 20:00",1,,,,Oruro,"Sucursal Oruro","No disponible",Salida,"Sin evento",
"19/04/2023 08:16",1,,,,Oruro,"Sucursal Oruro","No disponible",Salida,"Sin evento",
"19/04/2023 08:36",7281679,,,,Oruro,"Sucursal Oruro","No disponible",Salida,"Sin evento",
"19/04/2023 12:39",1,,,,Oruro,"Sucursal Oruro","No disponible",Salida,"Sin evento",
"19/04/2023 14:22",1,,,,Oruro,"Sucursal Oruro","No disponible",Salida,"Sin evento",
"19/04/2023 19:24",7281679,,,,Oruro,"Sucursal Oruro","No disponible",Salida,"Sin evento",
"19/04/2023 19:34",1,,,,Oruro,"Sucursal Oruro","No disponible",Salida,"Sin evento",
"20/04/2023 08:31",1,,,,Oruro,"Sucursal Oruro","No disponible",Salida,"Sin evento",
"20/04/2023 08:32",7281679,,,,Oruro,"Sucursal Oruro","No disponible",Salida,"Sin evento",
"20/04/2023 12:53",1,,,,Oruro,"Sucursal Oruro","No disponible",Salida,"Sin evento",
"20/04/2023 14:13",1,,,,Oruro,"Sucursal Oruro","No disponible",Salida,"Sin evento",
"20/04/2023 19:03",7281679,,,,Oruro,"Sucursal Oruro","No disponible",Salida,"Sin evento",
"20/04/2023 19:07",1,,,,Oruro,"Sucursal Oruro","No disponible",Salida,"Sin evento",
"21/04/2023 08:34",7281679,,,,Oruro,"Sucursal Oruro","No disponible",Salida,"Sin evento",
"21/04/2023 08:34",1,,,,Oruro,"Sucursal Oruro","No disponible",Salida,"Sin evento",
"21/04/2023 12:39",1,,,,Oruro,"Sucursal Oruro","No disponible",Salida,"Sin evento",
"21/04/2023 14:16",1,,,,Oruro,"Sucursal Oruro","No disponible",Salida,"Sin evento",
"21/04/2023 18:50",7281679,,,,Oruro,"Sucursal Oruro","No disponible",Salida,"Sin evento",
"21/04/2023 18:50",1,,,,Oruro,"Sucursal Oruro","No disponible",Salida,"Sin evento",
"22/04/2023 08:51",7281679,,,,Oruro,"Sucursal Oruro","No disponible",Salida,"Sin evento",
"22/04/2023 09:19",1,,,,Oruro,"Sucursal Oruro","No disponible",Salida,"Sin evento",
"22/04/2023 13:22",7281679,,,,Oruro,"Sucursal Oruro","No disponible",Salida,"Sin evento",
"22/04/2023 13:23",1,,,,Oruro,"Sucursal Oruro","No disponible",Salida,"Sin evento",
"24/04/2023 08:21",1,,,,Oruro,"Sucursal Oruro","No disponible",Salida,"Sin evento",
"24/04/2023 08:35",7281679,,,,Oruro,"Sucursal Oruro","No disponible",Salida,"Sin evento",
"24/04/2023 12:41",1,,,,Oruro,"Sucursal Oruro","No disponible",Salida,"Sin evento",
"24/04/2023 14:14",1,,,,Oruro,"Sucursal Oruro","No disponible",Salida,"Sin evento",
"24/04/2023 19:21",7281679,,,,Oruro,"Sucursal Oruro","No disponible",Salida,"Sin evento",
"24/04/2023 19:22",1,,,,Oruro,"Sucursal Oruro","No disponible",Salida,"Sin evento",
"25/04/2023 08:31",7281679,,,,Oruro,"Sucursal Oruro","No disponible",Salida,"Sin evento",
"25/04/2023 08:42",1,,,,Oruro,"Sucursal Oruro","No disponible",Salida,"Sin evento",
"25/04/2023 12:39",1,,,,Oruro,"Sucursal Oruro","No disponible",Salida,"Sin evento",
"25/04/2023 14:15",1,,,,Oruro,"Sucursal Oruro","No disponible",Salida,"Sin evento",
"25/04/2023 19:25",1,,,,Oruro,"Sucursal Oruro","No disponible",Salida,"Sin evento",
"25/04/2023 19:32",7281679,,,,Oruro,"Sucursal Oruro","No disponible",Salida,"Sin evento",
"26/04/2023 08:19",7281679,,,,Oruro,"Sucursal Oruro","No disponible",Salida,"Sin evento",
"26/04/2023 08:24",1,,,,Oruro,"Sucursal Oruro","No disponible",Salida,"Sin evento",
"26/04/2023 12:34",1,,,,Oruro,"Sucursal Oruro","No disponible",Salida,"Sin evento",
"26/04/2023 14:05",1,,,,Oruro,"Sucursal Oruro","No disponible",Salida,"Sin evento",
"26/04/2023 19:07",7281679,,,,Oruro,"Sucursal Oruro","No disponible",Salida,"Sin evento",
"26/04/2023 19:13",1,,,,Oruro,"Sucursal Oruro","No disponible",Salida,"Sin evento",
"27/04/2023 08:29",1,,,,Oruro,"Sucursal Oruro","No disponible",Salida,"Sin evento",
"27/04/2023 08:32",7281679,,,,Oruro,"Sucursal Oruro","No disponible",Salida,"Sin evento",
"27/04/2023 12:39",1,,,,Oruro,"Sucursal Oruro","No disponible",Salida,"Sin evento",
"27/04/2023 14:14",1,,,,Oruro,"Sucursal Oruro","No disponible",Salida,"Sin evento",
"27/04/2023 19:35",1,,,,Oruro,"Sucursal Oruro","No disponible",Salida,"Sin evento",
"27/04/2023 19:39",7281679,,,,Oruro,"Sucursal Oruro","No disponible",Salida,"Sin evento",
"28/04/2023 08:24",7281679,,,,Oruro,"Sucursal Oruro","No disponible",Salida,"Sin evento",
"28/04/2023 08:33",1,,,,Oruro,"Sucursal Oruro","No disponible",Salida,"Sin evento",
"28/04/2023 12:39",1,,,,Oruro,"Sucursal Oruro","No disponible",Salida,"Sin evento",
"28/04/2023 14:35",1,,,,Oruro,"Sucursal Oruro","No disponible",Salida,"Sin evento",
"28/04/2023 18:50",7281679,,,,Oruro,"Sucursal Oruro","No disponible",Salida,"Sin evento",
"28/04/2023 19:45",1,,,,Oruro,"Sucursal Oruro","No disponible",Salida,"Sin evento",
"29/04/2023 08:56",7281679,,,,Oruro,"Sucursal Oruro","No disponible",Salida,"Sin evento",
"29/04/2023 09:34",1,,,,Oruro,"Sucursal Oruro","No disponible",Salida,"Sin evento",
"29/04/2023 12:58",7281679,,,,Oruro,"Sucursal Oruro","No disponible",Salida,"Sin evento",
"29/04/2023 13:11",1,,,,Oruro,"Sucursal Oruro","No disponible",Salida,"Sin evento",
"02/05/2023 08:28",4,,,,Oruro,"Sucursal Oruro","No disponible",Salida,"Sin evento",
"02/05/2023 08:37",1,,,,Oruro,"Sucursal Oruro","No disponible",Salida,"Sin evento",
"02/05/2023 12:39",1,,,,Oruro,"Sucursal Oruro","No disponible",Salida,"Sin evento",
"02/05/2023 14:14",1,,,,Oruro,"Sucursal Oruro","No disponible",Salida,"Sin evento",
"02/05/2023 19:47",1,,,,Oruro,"Sucursal Oruro","No disponible",Salida,"Sin evento",
"02/05/2023 20:27",4,,,,Oruro,"Sucursal Oruro","No disponible",Salida,"Sin evento",
"03/05/2023 08:24",1,,,,Oruro,"Sucursal Oruro","No disponible",Salida,"Sin evento",
"03/05/2023 08:51",4,,,,Oruro,"Sucursal Oruro","No disponible",Salida,"Sin evento",
"03/05/2023 12:39",1,,,,Oruro,"Sucursal Oruro","No disponible",Salida,"Sin evento",
"03/05/2023 14:06",1,,,,Oruro,"Sucursal Oruro","No disponible",Salida,"Sin evento",
"03/05/2023 15:01",6152971,,,,Oruro,"Sucursal Oruro","No disponible","Retorno de descanso","Sin evento",
"03/05/2023 19:33",1,,,,Oruro,"Sucursal Oruro","No disponible",Salida,"Sin evento",
"03/05/2023 19:38",4,,,,Oruro,"Sucursal Oruro","No disponible","Estado 15","Sin evento",
"03/05/2023 19:38",1,,,,Oruro,"Sucursal Oruro","No disponible",Salida,"Sin evento",
"04/05/2023 08:33",1,,,,Oruro,"Sucursal Oruro","No disponible",Salida,"Sin evento",
"04/05/2023 08:36",4,,,,Oruro,"Sucursal Oruro","No disponible","Estado 15","Sin evento",
"04/05/2023 12:41",1,,,,Oruro,"Sucursal Oruro","No disponible",Salida,"Sin evento",
"04/05/2023 14:14",1,,,,Oruro,"Sucursal Oruro","No disponible",Salida,"Sin evento",
"04/05/2023 18:56",4,,,,Oruro,"Sucursal Oruro","No disponible","Estado 15","Sin evento",
"04/05/2023 18:56",1,,,,Oruro,"Sucursal Oruro","No disponible",Salida,"Sin evento",
"05/05/2023 08:28",1,,,,Oruro,"Sucursal Oruro","No disponible",Salida,"Sin evento",
"05/05/2023 08:36",4,,,,Oruro,"Sucursal Oruro","No disponible","Estado 15","Sin evento",
"05/05/2023 12:48",1,,,,Oruro,"Sucursal Oruro","No disponible",Salida,"Sin evento",
"05/05/2023 14:05",1,,,,Oruro,"Sucursal Oruro","No disponible",Salida,"Sin evento",
"05/05/2023 18:59",4,,,,Oruro,"Sucursal Oruro","No disponible","Estado 15","Sin evento",
"05/05/2023 19:00",1,,,,Oruro,"Sucursal Oruro","No disponible",Salida,"Sin evento",
"06/05/2023 09:22",4,,,,Oruro,"Sucursal Oruro","No disponible","Estado 15","Sin evento",
"06/05/2023 12:56",4,,,,Oruro,"Sucursal Oruro","No disponible","Estado 15","Sin evento",
"08/05/2023 08:31",1,,,,Oruro,"Sucursal Oruro","No disponible",Salida,"Sin evento",
"08/05/2023 08:35",4,,,,Oruro,"Sucursal Oruro","No disponible","Estado 15","Sin evento",
"08/05/2023 12:46",1,,,,Oruro,"Sucursal Oruro","No disponible",Salida,"Sin evento",
"08/05/2023 14:23",1,,,,Oruro,"Sucursal Oruro","No disponible",Salida,"Sin evento",
"08/05/2023 19:46",1,,,,Oruro,"Sucursal Oruro","No disponible",Salida,"Sin evento",
"08/05/2023 19:47",4,,,,Oruro,"Sucursal Oruro","No disponible","Estado 15","Sin evento",
"09/05/2023 08:27",1,,,,Oruro,"Sucursal Oruro","No disponible",Salida,"Sin evento",
"09/05/2023 08:28",4,,,,Oruro,"Sucursal Oruro","No disponible","Estado 15","Sin evento",
"09/05/2023 12:43",1,,,,Oruro,"Sucursal Oruro","No disponible",Salida,"Sin evento",
"09/05/2023 14:20",1,,,,Oruro,"Sucursal Oruro","No disponible",Salida,"Sin evento",
"09/05/2023 19:00",1,,,,Oruro,"Sucursal Oruro","No disponible",Salida,"Sin evento",
"09/05/2023 19:24",4,,,,Oruro,"Sucursal Oruro","No disponible","Estado 15","Sin evento",
"09/05/2023 19:29",1,,,,Oruro,"Sucursal Oruro","No disponible",Salida,"Sin evento",
"10/05/2023 08:26",1,,,,Oruro,"Sucursal Oruro","No disponible",Salida,"Sin evento",
"10/05/2023 08:37",4,,,,Oruro,"Sucursal Oruro","No disponible","Estado 15","Sin evento",
"10/05/2023 12:52",1,,,,Oruro,"Sucursal Oruro","No disponible",Salida,"Sin evento",
"10/05/2023 14:03",1,,,,Oruro,"Sucursal Oruro","No disponible",Salida,"Sin evento",
"10/05/2023 19:18",4,,,,Oruro,"Sucursal Oruro","No disponible","Estado 15","Sin evento",
"10/05/2023 19:43",1,,,,Oruro,"Sucursal Oruro","No disponible",Salida,"Sin evento",
"11/05/2023 08:36",1,,,,Oruro,"Sucursal Oruro","No disponible",Salida,"Sin evento",
"11/05/2023 08:36",4,,,,Oruro,"Sucursal Oruro","No disponible","Estado 15","Sin evento",
"11/05/2023 12:46",1,,,,Oruro,"Sucursal Oruro","No disponible",Salida,"Sin evento",
"11/05/2023 14:18",1,,,,Oruro,"Sucursal Oruro","No disponible",Salida,"Sin evento",
"11/05/2023 19:22",4,,,,Oruro,"Sucursal Oruro","No disponible","Estado 15","Sin evento",
"11/05/2023 19:29",1,,,,Oruro,"Sucursal Oruro","No disponible",Salida,"Sin evento",
"12/05/2023 08:29",1,,,,Oruro,"Sucursal Oruro","No disponible",Salida,"Sin evento",
"12/05/2023 08:30",4,,,,Oruro,"Sucursal Oruro","No disponible","Estado 15","Sin evento",
"12/05/2023 12:39",1,,,,Oruro,"Sucursal Oruro","No disponible",Salida,"Sin evento",
"12/05/2023 14:18",1,,,,Oruro,"Sucursal Oruro","No disponible",Salida,"Sin evento",
"12/05/2023 18:59",4,,,,Oruro,"Sucursal Oruro","No disponible","Estado 15","Sin evento",
"12/05/2023 19:05",1,,,,Oruro,"Sucursal Oruro","No disponible",Salida,"Sin evento",
"13/05/2023 09:12",1,,,,Oruro,"Sucursal Oruro","No disponible",Salida,"Sin evento",
"13/05/2023 09:12",4,,,,Oruro,"Sucursal Oruro","No disponible","Estado 15","Sin evento",
"13/05/2023 13:14",4,,,,Oruro,"Sucursal Oruro","No disponible","Estado 15","Sin evento",
"13/05/2023 13:27",1,,,,Oruro,"Sucursal Oruro","No disponible",Salida,"Sin evento",
"15/05/2023 08:39",1,,,,Oruro,"Sucursal Oruro","No disponible",Salida,"Sin evento",
"15/05/2023 08:39",4,,,,Oruro,"Sucursal Oruro","No disponible","Estado 15","Sin evento",
"15/05/2023 12:44",1,,,,Oruro,"Sucursal Oruro","No disponible",Salida,"Sin evento",
"15/05/2023 14:13",1,,,,Oruro,"Sucursal Oruro","No disponible",Salida,"Sin evento",
"15/05/2023 19:42",4,,,,Oruro,"Sucursal Oruro","No disponible","Estado 15","Sin evento",
"15/05/2023 19:58",1,,,,Oruro,"Sucursal Oruro","No disponible",Salida,"Sin evento",
"16/05/2023 08:32",1,,,,Oruro,"Sucursal Oruro","No disponible",Salida,"Sin evento",
"16/05/2023 08:45",4,,,,Oruro,"Sucursal Oruro","No disponible","Estado 15","Sin evento",
"16/05/2023 12:49",1,,,,Oruro,"Sucursal Oruro","No disponible",Salida,"Sin evento",
"16/05/2023 14:19",1,,,,Oruro,"Sucursal Oruro","No disponible",Salida,"Sin evento",
"16/05/2023 19:40",4,,,,Oruro,"Sucursal Oruro","No disponible","Estado 15","Sin evento",
"16/05/2023 20:00",1,,,,Oruro,"Sucursal Oruro","No disponible",Salida,"Sin evento",
"17/05/2023 08:30",1,,,,Oruro,"Sucursal Oruro","No disponible",Salida,"Sin evento",
"17/05/2023 08:50",4,,,,Oruro,"Sucursal Oruro","No disponible","Estado 15","Sin evento",
"17/05/2023 12:37",1,,,,Oruro,"Sucursal Oruro","No disponible",Salida,"Sin evento",
"17/05/2023 14:23",1,,,,Oruro,"Sucursal Oruro","No disponible",Salida,"Sin evento",
"17/05/2023 19:47",1,,,,Oruro,"Sucursal Oruro","No disponible",Salida,"Sin evento",
"18/05/2023 08:31",1,,,,Oruro,"Sucursal Oruro","No disponible",Salida,"Sin evento",
"18/05/2023 08:46",4,,,,Oruro,"Sucursal Oruro","No disponible","Estado 15","Sin evento",
"18/05/2023 12:46",1,,,,Oruro,"Sucursal Oruro","No disponible",Salida,"Sin evento",
"18/05/2023 14:17",1,,,,Oruro,"Sucursal Oruro","No disponible",Salida,"Sin evento",
"18/05/2023 18:53",4,,,,Oruro,"Sucursal Oruro","No disponible","Estado 15","Sin evento",
"18/05/2023 19:25",1,,,,Oruro,"Sucursal Oruro","No disponible",Salida,"Sin evento",
"19/05/2023 08:35",1,,,,Oruro,"Sucursal Oruro","No disponible",Salida,"Sin evento",
"19/05/2023 08:42",4,,,,Oruro,"Sucursal Oruro","No disponible","Estado 15","Sin evento",
"19/05/2023 12:39",1,,,,Oruro,"Sucursal Oruro","No disponible",Salida,"Sin evento",
"19/05/2023 14:21",1,,,,Oruro,"Sucursal Oruro","No disponible",Salida,"Sin evento",
"19/05/2023 19:02",4,,,,Oruro,"Sucursal Oruro","No disponible","Estado 15","Sin evento",
"19/05/2023 19:37",1,,,,Oruro,"Sucursal Oruro","No disponible",Salida,"Sin evento",
"20/05/2023 09:25",1,,,,Oruro,"Sucursal Oruro","No disponible",Salida,"Sin evento",
"20/05/2023 09:26",4,,,,Oruro,"Sucursal Oruro","No disponible","Estado 15","Sin evento",
"20/05/2023 14:11",4,,,,Oruro,"Sucursal Oruro","No disponible","Estado 15","Sin evento",
"20/05/2023 14:18",1,,,,Oruro,"Sucursal Oruro","No disponible",Salida,"Sin evento",
"22/05/2023 08:27",1,,,,Oruro,"Sucursal Oruro","No disponible",Salida,"Sin evento",
"22/05/2023 08:44",4,,,,Oruro,"Sucursal Oruro","No disponible","Estado 15","Sin evento",
"22/05/2023 12:44",1,,,,Oruro,"Sucursal Oruro","No disponible",Salida,"Sin evento",
"22/05/2023 14:16",1,,,,Oruro,"Sucursal Oruro","No disponible",Salida,"Sin evento",
"22/05/2023 19:56",4,,,,Oruro,"Sucursal Oruro","No disponible","Estado 15","Sin evento",
"22/05/2023 19:57",1,,,,Oruro,"Sucursal Oruro","No disponible",Salida,"Sin evento",
"23/05/2023 08:10",1,,,,Oruro,"Sucursal Oruro","No disponible",Salida,"Sin evento",
"23/05/2023 08:47",4,,,,Oruro,"Sucursal Oruro","No disponible","Estado 15","Sin evento",
"23/05/2023 12:47",1,,,,Oruro,"Sucursal Oruro","No disponible",Salida,"Sin evento",
"23/05/2023 14:14",1,,,,Oruro,"Sucursal Oruro","No disponible",Salida,"Sin evento",
"23/05/2023 18:49",4,,,,Oruro,"Sucursal Oruro","No disponible","Estado 15","Sin evento",
"23/05/2023 19:05",1,,,,Oruro,"Sucursal Oruro","No disponible",Salida,"Sin evento",
"24/05/2023 08:25",1,,,,Oruro,"Sucursal Oruro","No disponible",Salida,"Sin evento",
"24/05/2023 08:55",4,,,,Oruro,"Sucursal Oruro","No disponible","Estado 15","Sin evento",
"24/05/2023 12:38",1,,,,Oruro,"Sucursal Oruro","No disponible",Salida,"Sin evento",
"24/05/2023 14:08",1,,,,Oruro,"Sucursal Oruro","No disponible",Salida,"Sin evento",
"24/05/2023 19:13",4,,,,Oruro,"Sucursal Oruro","No disponible","Estado 15","Sin evento",
"24/05/2023 19:15",1,,,,Oruro,"Sucursal Oruro","No disponible",Salida,"Sin evento",
"25/05/2023 08:25",1,,,,Oruro,"Sucursal Oruro","No disponible",Salida,"Sin evento",
"25/05/2023 08:44",4,,,,Oruro,"Sucursal Oruro","No disponible","Estado 15","Sin evento",
"25/05/2023 12:38",1,,,,Oruro,"Sucursal Oruro","No disponible",Salida,"Sin evento",
"25/05/2023 14:19",1,,,,Oruro,"Sucursal Oruro","No disponible",Salida,"Sin evento",
"25/05/2023 19:06",4,,,,Oruro,"Sucursal Oruro","No disponible","Estado 15","Sin evento",
"25/05/2023 19:53",1,,,,Oruro,"Sucursal Oruro","No disponible",Salida,"Sin evento",
"26/05/2023 08:29",1,,,,Oruro,"Sucursal Oruro","No disponible",Salida,"Sin evento",
"26/05/2023 08:35",4,,,,Oruro,"Sucursal Oruro","No disponible","Estado 15","Sin evento",
"26/05/2023 12:51",1,,,,Oruro,"Sucursal Oruro","No disponible",Salida,"Sin evento",
"26/05/2023 14:18",1,,,,Oruro,"Sucursal Oruro","No disponible",Salida,"Sin evento",
"26/05/2023 18:43",4,,,,Oruro,"Sucursal Oruro","No disponible","Estado 15","Sin evento",
"26/05/2023 18:49",1,,,,Oruro,"Sucursal Oruro","No disponible",Salida,"Sin evento",
"27/05/2023 09:14",4,,,,Oruro,"Sucursal Oruro","No disponible","Estado 15","Sin evento",
"27/05/2023 13:09",4,,,,Oruro,"Sucursal Oruro","No disponible","Estado 15","Sin evento",
"29/05/2023 08:34",1,,,,Oruro,"Sucursal Oruro","No disponible",Salida,"Sin evento",
"29/05/2023 08:39",4,,,,Oruro,"Sucursal Oruro","No disponible","Estado 15","Sin evento",
"29/05/2023 12:44",1,,,,Oruro,"Sucursal Oruro","No disponible",Salida,"Sin evento",
"29/05/2023 14:21",1,,,,Oruro,"Sucursal Oruro","No disponible",Salida,"Sin evento",
"29/05/2023 19:25",4,,,,Oruro,"Sucursal Oruro","No disponible","Estado 15","Sin evento",
"29/05/2023 19:30",1,,,,Oruro,"Sucursal Oruro","No disponible",Salida,"Sin evento",
"30/05/2023 08:33",1,,,,Oruro,"Sucursal Oruro","No disponible",Salida,"Sin evento",
"30/05/2023 12:53",1,,,,Oruro,"Sucursal Oruro","No disponible",Salida,"Sin evento",
"30/05/2023 14:21",1,,,,Oruro,"Sucursal Oruro","No disponible",Salida,"Sin evento",
"30/05/2023 19:03",4,,,,Oruro,"Sucursal Oruro","No disponible","Estado 15","Sin evento",
"30/05/2023 19:28",1,,,,Oruro,"Sucursal Oruro","No disponible",Salida,"Sin evento",
"31/05/2023 08:33",1,,,,Oruro,"Sucursal Oruro","No disponible",Salida,"Sin evento",
"31/05/2023 09:07",4,,,,Oruro,"Sucursal Oruro","No disponible","Estado 15","Sin evento",
"31/05/2023 12:42",1,,,,Oruro,"Sucursal Oruro","No disponible",Salida,"Sin evento",
"31/05/2023 14:09",1,,,,Oruro,"Sucursal Oruro","No disponible",Salida,"Sin evento",
"31/05/2023 19:33",1,,,,Oruro,"Sucursal Oruro","No disponible",Salida,"Sin evento",
"31/05/2023 19:35",4,,,,Oruro,"Sucursal Oruro","No disponible","Estado 15","Sin evento",
"01/06/2023 08:15",1,,,,Oruro,"Sucursal Oruro","No disponible",Salida,"Sin evento",
"01/06/2023 08:34",7281679,,,,Oruro,"Sucursal Oruro","No disponible",Salida,"Sin evento",
"01/06/2023 08:44",4,,,,Oruro,"Sucursal Oruro","No disponible","Estado 15","Sin evento",
"01/06/2023 12:38",1,,,,Oruro,"Sucursal Oruro","No disponible",Salida,"Sin evento",
"01/06/2023 14:13",1,,,,Oruro,"Sucursal Oruro","No disponible",Salida,"Sin evento",
"01/06/2023 19:36",7281679,,,,Oruro,"Sucursal Oruro","No disponible",Salida,"Sin evento",
"01/06/2023 19:51",1,,,,Oruro,"Sucursal Oruro","No disponible",Salida,"Sin evento",
"02/06/2023 08:31",1,,,,Oruro,"Sucursal Oruro","No disponible",Salida,"Sin evento",
"02/06/2023 08:39",7281679,,,,Oruro,"Sucursal Oruro","No disponible",Salida,"Sin evento",
"02/06/2023 12:36",1,,,,Oruro,"Sucursal Oruro","No disponible",Salida,"Sin evento",
"02/06/2023 14:11",1,,,,Oruro,"Sucursal Oruro","No disponible",Salida,"Sin evento",
"02/06/2023 18:36",7281679,,,,Oruro,"Sucursal Oruro","No disponible",Salida,"Sin evento",
"02/06/2023 19:11",1,,,,Oruro,"Sucursal Oruro","No disponible",Salida,"Sin evento",
"03/06/2023 08:24",1,,,,Oruro,"Sucursal Oruro","No disponible",Salida,"Sin evento",
"03/06/2023 08:51",7281679,,,,Oruro,"Sucursal Oruro","No disponible",Salida,"Sin evento",
"03/06/2023 13:24",1,,,,Oruro,"Sucursal Oruro","No disponible",Salida,"Sin evento",
"03/06/2023 13:24",7281679,,,,Oruro,"Sucursal Oruro","No disponible",Salida,"Sin evento",
"05/06/2023 08:30",1,,,,Oruro,"Sucursal Oruro","No disponible",Salida,"Sin evento",
"05/06/2023 08:32",7281679,,,,Oruro,"Sucursal Oruro","No disponible",Salida,"Sin evento",
"05/06/2023 12:52",1,,,,Oruro,"Sucursal Oruro","No disponible",Salida,"Sin evento",
"05/06/2023 14:26",1,,,,Oruro,"Sucursal Oruro","No disponible",Salida,"Sin evento",
"05/06/2023 18:52",7281679,,,,Oruro,"Sucursal Oruro","No disponible",Salida,"Sin evento",
"05/06/2023 18:53",1,,,,Oruro,"Sucursal Oruro","No disponible",Salida,"Sin evento",
"06/06/2023 08:32",7281679,,,,Oruro,"Sucursal Oruro","No disponible",Salida,"Sin evento",
"06/06/2023 08:32",1,,,,Oruro,"Sucursal Oruro","No disponible",Salida,"Sin evento",
"06/06/2023 12:39",1,,,,Oruro,"Sucursal Oruro","No disponible",Salida,"Sin evento",
"06/06/2023 14:15",1,,,,Oruro,"Sucursal Oruro","No disponible",Salida,"Sin evento",
"06/06/2023 19:21",7281679,,,,Oruro,"Sucursal Oruro","No disponible",Salida,"Sin evento",
"06/06/2023 19:27",1,,,,Oruro,"Sucursal Oruro","No disponible",Salida,"Sin evento",
"07/06/2023 08:33",7281679,,,,Oruro,"Sucursal Oruro","No disponible",Salida,"Sin evento",
"07/06/2023 08:33",1,,,,Oruro,"Sucursal Oruro","No disponible",Salida,"Sin evento",
"07/06/2023 12:39",1,,,,Oruro,"Sucursal Oruro","No disponible",Salida,"Sin evento",
"07/06/2023 14:19",1,,,,Oruro,"Sucursal Oruro","No disponible",Salida,"Sin evento",
"07/06/2023 19:09",7281679,,,,Oruro,"Sucursal Oruro","No disponible",Salida,"Sin evento",
"07/06/2023 19:19",1,,,,Oruro,"Sucursal Oruro","No disponible",Salida,"Sin evento",
"09/06/2023 08:12",1,,,,Oruro,"Sucursal Oruro","No disponible",Salida,"Sin evento",
"09/06/2023 08:36",7281679,,,,Oruro,"Sucursal Oruro","No disponible",Salida,"Sin evento",
"09/06/2023 12:46",1,,,,Oruro,"Sucursal Oruro","No disponible",Salida,"Sin evento",
"09/06/2023 14:23",1,,,,Oruro,"Sucursal Oruro","No disponible",Salida,"Sin evento",
"09/06/2023 18:52",7281679,,,,Oruro,"Sucursal Oruro","No disponible",Salida,"Sin evento",
"09/06/2023 18:57",1,,,,Oruro,"Sucursal Oruro","No disponible",Salida,"Sin evento",
"10/06/2023 08:50",1,,,,Oruro,"Sucursal Oruro","No disponible",Salida,"Sin evento",
"10/06/2023 09:04",7281679,,,,Oruro,"Sucursal Oruro","No disponible",Salida,"Sin evento",
"10/06/2023 12:59",1,,,,Oruro,"Sucursal Oruro","No disponible",Salida,"Sin evento",
"10/06/2023 13:03",7281679,,,,Oruro,"Sucursal Oruro","No disponible",Salida,"Sin evento",
"12/06/2023 08:16",1,,,,Oruro,"Sucursal Oruro","No disponible",Salida,"Sin evento",
"12/06/2023 08:31",7281679,,,,Oruro,"Sucursal Oruro","No disponible",Salida,"Sin evento",
"12/06/2023 12:47",1,,,,Oruro,"Sucursal Oruro","No disponible",Salida,"Sin evento",
"12/06/2023 14:12",1,,,,Oruro,"Sucursal Oruro","No disponible",Salida,"Sin evento",
"12/06/2023 18:51",7281679,,,,Oruro,"Sucursal Oruro","No disponible",Salida,"Sin evento",
"12/06/2023 18:58",1,,,,Oruro,"Sucursal Oruro","No disponible",Salida,"Sin evento",
"13/06/2023 08:26",7281679,,,,Oruro,"Sucursal Oruro","No disponible",Salida,"Sin evento",
"13/06/2023 08:34",1,,,,Oruro,"Sucursal Oruro","No disponible",Salida,"Sin evento",
"13/06/2023 12:40",1,,,,Oruro,"Sucursal Oruro","No disponible",Salida,"Sin evento",
"13/06/2023 14:11",1,,,,Oruro,"Sucursal Oruro","No disponible",Salida,"Sin evento",
"13/06/2023 18:54",7281679,,,,Oruro,"Sucursal Oruro","No disponible",Salida,"Sin evento",
"13/06/2023 19:40",1,,,,Oruro,"Sucursal Oruro","No disponible",Salida,"Sin evento",
"14/06/2023 08:30",1,,,,Oruro,"Sucursal Oruro","No disponible",Salida,"Sin evento",
"14/06/2023 08:31",7281679,,,,Oruro,"Sucursal Oruro","No disponible",Salida,"Sin evento",
"14/06/2023 12:40",1,,,,Oruro,"Sucursal Oruro","No disponible",Salida,"Sin evento",
"14/06/2023 13:44",1,,,,Oruro,"Sucursal Oruro","No disponible",Salida,"Sin evento",
"14/06/2023 18:36",7281679,,,,Oruro,"Sucursal Oruro","No disponible",Salida,"Sin evento",
"14/06/2023 19:20",1,,,,Oruro,"Sucursal Oruro","No disponible",Salida,"Sin evento",
"15/06/2023 08:23",7281679,,,,Oruro,"Sucursal Oruro","No disponible",Salida,"Sin evento",
"15/06/2023 08:27",1,,,,Oruro,"Sucursal Oruro","No disponible",Salida,"Sin evento",
"15/06/2023 12:38",1,,,,Oruro,"Sucursal Oruro","No disponible",Salida,"Sin evento",
"15/06/2023 14:29",1,,,,Oruro,"Sucursal Oruro","No disponible",Salida,"Sin evento",
"15/06/2023 19:05",7281679,,,,Oruro,"Sucursal Oruro","No disponible",Salida,"Sin evento",
"15/06/2023 19:30",1,,,,Oruro,"Sucursal Oruro","No disponible",Salida,"Sin evento",
"16/06/2023 08:14",7281679,,,,Oruro,"Sucursal Oruro","No disponible",Salida,"Sin evento",
"16/06/2023 08:30",1,,,,Oruro,"Sucursal Oruro","No disponible",Salida,"Sin evento",
"16/06/2023 12:39",1,,,,Oruro,"Sucursal Oruro","No disponible",Salida,"Sin evento",
"16/06/2023 14:15",1,,,,Oruro,"Sucursal Oruro","No disponible",Salida,"Sin evento",
"16/06/2023 18:40",7281679,,,,Oruro,"Sucursal Oruro","No disponible",Salida,"Sin evento",
"16/06/2023 19:21",1,,,,Oruro,"Sucursal Oruro","No disponible",Salida,"Sin evento",
"17/06/2023 08:50",7281679,,,,Oruro,"Sucursal Oruro","No disponible",Salida,"Sin evento",
"17/06/2023 08:54",1,,,,Oruro,"Sucursal Oruro","No disponible",Salida,"Sin evento",
"17/06/2023 13:00",7281679,,,,Oruro,"Sucursal Oruro","No disponible",Salida,"Sin evento",
"17/06/2023 13:11",1,,,,Oruro,"Sucursal Oruro","No disponible",Salida,"Sin evento",
"19/06/2023 08:22",7281679,,,,Oruro,"Sucursal Oruro","No disponible",Salida,"Sin evento",
"19/06/2023 08:24",1,,,,Oruro,"Sucursal Oruro","No disponible",Salida,"Sin evento",
"19/06/2023 12:36",1,,,,Oruro,"Sucursal Oruro","No disponible",Salida,"Sin evento",
"19/06/2023 14:09",1,,,,Oruro,"Sucursal Oruro","No disponible",Salida,"Sin evento",
"19/06/2023 14:29",1,,,,Oruro,"Sucursal Oruro","No disponible",Salida,"Sin evento",
"19/06/2023 18:42",7281679,,,,Oruro,"Sucursal Oruro","No disponible",Salida,"Sin evento",
"19/06/2023 19:19",1,,,,Oruro,"Sucursal Oruro","No disponible",Salida,"Sin evento",
"20/06/2023 08:27",7281679,,,,Oruro,"Sucursal Oruro","No disponible",Salida,"Sin evento",
"20/06/2023 08:27",1,,,,Oruro,"Sucursal Oruro","No disponible",Salida,"Sin evento",
"20/06/2023 12:38",1,,,,Oruro,"Sucursal Oruro","No disponible",Salida,"Sin evento",
"20/06/2023 12:44",1,,,,Oruro,"Sucursal Oruro","No disponible",Salida,"Sin evento",
"20/06/2023 14:15",1,,,,Oruro,"Sucursal Oruro","No disponible",Salida,"Sin evento",
"20/06/2023 18:53",7281679,,,,Oruro,"Sucursal Oruro","No disponible",Salida,"Sin evento",
"20/06/2023 18:59",1,,,,Oruro,"Sucursal Oruro","No disponible",Salida,"Sin evento",
"22/06/2023 08:23",7281679,,,,Oruro,"Sucursal Oruro","No disponible",Salida,"Sin evento",
"22/06/2023 08:28",1,,,,Oruro,"Sucursal Oruro","No disponible",Salida,"Sin evento",
"22/06/2023 12:40",1,,,,Oruro,"Sucursal Oruro","No disponible",Salida,"Sin evento",
"22/06/2023 14:16",1,,,,Oruro,"Sucursal Oruro","No disponible",Salida,"Sin evento",
"22/06/2023 18:46",7281679,,,,Oruro,"Sucursal Oruro","No disponible",Salida,"Sin evento",
"22/06/2023 19:17",1,,,,Oruro,"Sucursal Oruro","No disponible",Salida,"Sin evento",
"23/06/2023 08:26",7281679,,,,Oruro,"Sucursal Oruro","No disponible",Salida,"Sin evento",
"23/06/2023 08:32",1,,,,Oruro,"Sucursal Oruro","No disponible",Salida,"Sin evento",
"23/06/2023 12:45",1,,,,Oruro,"Sucursal Oruro","No disponible",Salida,"Sin evento",
"23/06/2023 14:18",1,,,,Oruro,"Sucursal Oruro","No disponible",Salida,"Sin evento",
"23/06/2023 19:13",1,,,,Oruro,"Sucursal Oruro","No disponible",Salida,"Sin evento",
"23/06/2023 19:34",7281679,,,,Oruro,"Sucursal Oruro","No disponible",Salida,"Sin evento",
"24/06/2023 08:56",7281679,,,,Oruro,"Sucursal Oruro","No disponible",Salida,"Sin evento",
"24/06/2023 09:00",1,,,,Oruro,"Sucursal Oruro","No disponible",Salida,"Sin evento",
"24/06/2023 12:56",7281679,,,,Oruro,"Sucursal Oruro","No disponible",Salida,"Sin evento",
"24/06/2023 12:58",1,,,,Oruro,"Sucursal Oruro","No disponible",Salida,"Sin evento",
"26/06/2023 08:19",7281679,,,,Oruro,"Sucursal Oruro","No disponible",Salida,"Sin evento",
"26/06/2023 08:25",1,,,,Oruro,"Sucursal Oruro","No disponible",Salida,"Sin evento",
"26/06/2023 12:46",1,,,,Oruro,"Sucursal Oruro","No disponible",Salida,"Sin evento",
"26/06/2023 14:02",1,,,,Oruro,"Sucursal Oruro","No disponible",Salida,"Sin evento",
"26/06/2023 18:50",7281679,,,,Oruro,"Sucursal Oruro","No disponible",Salida,"Sin evento",
"26/06/2023 18:52",1,,,,Oruro,"Sucursal Oruro","No disponible",Salida,"Sin evento",
"27/06/2023 08:24",7281679,,,,Oruro,"Sucursal Oruro","No disponible",Salida,"Sin evento",
"27/06/2023 08:27",1,,,,Oruro,"Sucursal Oruro","No disponible",Salida,"Sin evento",
"27/06/2023 12:42",1,,,,Oruro,"Sucursal Oruro","No disponible",Salida,"Sin evento",
"27/06/2023 14:15",1,,,,Oruro,"Sucursal Oruro","No disponible",Salida,"Sin evento",
"27/06/2023 18:50",7281679,,,,Oruro,"Sucursal Oruro","No disponible",Salida,"Sin evento",
"27/06/2023 18:51",1,,,,Oruro,"Sucursal Oruro","No disponible",Salida,"Sin evento",
"28/06/2023 08:18",1,,,,Oruro,"Sucursal Oruro","No disponible",Salida,"Sin evento",
"28/06/2023 08:28",7281679,,,,Oruro,"Sucursal Oruro","No disponible",Salida,"Sin evento",
"28/06/2023 12:42",1,,,,Oruro,"Sucursal Oruro","No disponible",Salida,"Sin evento",
"28/06/2023 14:06",1,,,,Oruro,"Sucursal Oruro","No disponible",Salida,"Sin evento",
"28/06/2023 18:49",7281679,,,,Oruro,"Sucursal Oruro","No disponible",Salida,"Sin evento",
"28/06/2023 18:56",1,,,,Oruro,"Sucursal Oruro","No disponible",Salida,"Sin evento",
"29/06/2023 08:07",1,,,,Oruro,"Sucursal Oruro","No disponible",Salida,"Sin evento",
"29/06/2023 08:35",7281679,,,,Oruro,"Sucursal Oruro","No disponible",Salida,"Sin evento",
"29/06/2023 12:42",1,,,,Oruro,"Sucursal Oruro","No disponible",Salida,"Sin evento",
"29/06/2023 14:25",1,,,,Oruro,"Sucursal Oruro","No disponible",Salida,"Sin evento",
"29/06/2023 18:41",1,,,,Oruro,"Sucursal Oruro","No disponible",Salida,"Sin evento",
"29/06/2023 18:47",7281679,,,,Oruro,"Sucursal Oruro","No disponible",Salida,"Sin evento",
"30/06/2023 08:10",1,,,,Oruro,"Sucursal Oruro","No disponible",Salida,"Sin evento",
"30/06/2023 08:24",7281679,,,,Oruro,"Sucursal Oruro","No disponible",Salida,"Sin evento",
"30/06/2023 12:38",1,,,,Oruro,"Sucursal Oruro","No disponible",Salida,"Sin evento",
"30/06/2023 14:15",1,,,,Oruro,"Sucursal Oruro","No disponible",Salida,"Sin evento",
"30/06/2023 19:03",7281679,,,,Oruro,"Sucursal Oruro","No disponible",Salida,"Sin evento",
"30/06/2023 19:05",1,,,,Oruro,"Sucursal Oruro","No disponible",Salida,"Sin evento",
"01/07/2023 08:59",7281679,,,,Oruro,"Sucursal Oruro","No disponible",Salida,"Sin evento",
"01/07/2023 13:24",7281679,,,,Oruro,"Sucursal Oruro","No disponible",Salida,"Sin evento",
"03/07/2023 08:24",1,,,,Oruro,"Sucursal Oruro","No disponible",Salida,"Sin evento",
"03/07/2023 09:15",7281679,,,,Oruro,"Sucursal Oruro","No disponible",Salida,"Sin evento",
"03/07/2023 12:40",1,,,,Oruro,"Sucursal Oruro","No disponible",Salida,"Sin evento",
"03/07/2023 14:16",1,,,,Oruro,"Sucursal Oruro","No disponible",Salida,"Sin evento",
"03/07/2023 18:57",7281679,,,,Oruro,"Sucursal Oruro","No disponible",Salida,"Sin evento",
"03/07/2023 19:03",1,,,,Oruro,"Sucursal Oruro","No disponible",Salida,"Sin evento",
"04/07/2023 08:30",1,,,,Oruro,"Sucursal Oruro","No disponible",Salida,"Sin evento",
"04/07/2023 08:34",7281679,,,,Oruro,"Sucursal Oruro","No disponible",Salida,"Sin evento",
"04/07/2023 12:55",1,,,,Oruro,"Sucursal Oruro","No disponible",Salida,"Sin evento",
"04/07/2023 14:20",1,,,,Oruro,"Sucursal Oruro","No disponible",Salida,"Sin evento",
"04/07/2023 19:05",7281679,,,,Oruro,"Sucursal Oruro","No disponible",Salida,"Sin evento",
"04/07/2023 19:09",1,,,,Oruro,"Sucursal Oruro","No disponible",Salida,"Sin evento",
"05/07/2023 08:20",1,,,,Oruro,"Sucursal Oruro","No disponible",Salida,"Sin evento",
"05/07/2023 08:35",7281679,,,,Oruro,"Sucursal Oruro","No disponible",Salida,"Sin evento",
"05/07/2023 12:40",1,,,,Oruro,"Sucursal Oruro","No disponible",Salida,"Sin evento",
"05/07/2023 14:25",1,,,,Oruro,"Sucursal Oruro","No disponible",Salida,"Sin evento",
"05/07/2023 19:01",7281679,,,,Oruro,"Sucursal Oruro","No disponible",Salida,"Sin evento",
"05/07/2023 19:19",1,,,,Oruro,"Sucursal Oruro","No disponible",Salida,"Sin evento",
"06/07/2023 08:34",1,,,,Oruro,"Sucursal Oruro","No disponible",Salida,"Sin evento",
"06/07/2023 08:35",7281679,,,,Oruro,"Sucursal Oruro","No disponible",Salida,"Sin evento",
"06/07/2023 12:43",1,,,,Oruro,"Sucursal Oruro","No disponible",Salida,"Sin evento",
"06/07/2023 14:18",1,,,,Oruro,"Sucursal Oruro","No disponible",Salida,"Sin evento",
"06/07/2023 18:52",7281679,,,,Oruro,"Sucursal Oruro","No disponible",Salida,"Sin evento",
"06/07/2023 19:12",1,,,,Oruro,"Sucursal Oruro","No disponible",Salida,"Sin evento",
"07/07/2023 08:17",1,,,,Oruro,"Sucursal Oruro","No disponible",Salida,"Sin evento",
"07/07/2023 08:31",7281679,,,,Oruro,"Sucursal Oruro","No disponible",Salida,"Sin evento",
"07/07/2023 12:50",1,,,,Oruro,"Sucursal Oruro","No disponible",Salida,"Sin evento",
"07/07/2023 14:10",1,,,,Oruro,"Sucursal Oruro","No disponible",Salida,"Sin evento",
"07/07/2023 18:36",7281679,,,,Oruro,"Sucursal Oruro","No disponible",Salida,"Sin evento",
"07/07/2023 18:36",1,,,,Oruro,"Sucursal Oruro","No disponible",Salida,"Sin evento",
"08/07/2023 09:06",7281679,,,,Oruro,"Sucursal Oruro","No disponible",Salida,"Sin evento",
"08/07/2023 12:53",7281679,,,,Oruro,"Sucursal Oruro","No disponible",Salida,"Sin evento",
"10/07/2023 08:32",1,,,,Oruro,"Sucursal Oruro","No disponible",Salida,"Sin evento",
"10/07/2023 08:51",7281679,,,,Oruro,"Sucursal Oruro","No disponible",Salida,"Sin evento",
"10/07/2023 12:51",1,,,,Oruro,"Sucursal Oruro","No disponible",Salida,"Sin evento",
"10/07/2023 14:15",1,,,,Oruro,"Sucursal Oruro","No disponible",Salida,"Sin evento",
"10/07/2023 18:56",7281679,,,,Oruro,"Sucursal Oruro","No disponible",Salida,"Sin evento",
"10/07/2023 18:57",1,,,,Oruro,"Sucursal Oruro","No disponible",Salida,"Sin evento",
"11/07/2023 08:37",7281679,,,,Oruro,"Sucursal Oruro","No disponible",Salida,"Sin evento",
"11/07/2023 08:48",1,,,,Oruro,"Sucursal Oruro","No disponible",Salida,"Sin evento",
"11/07/2023 12:33",1,,,,Oruro,"Sucursal Oruro","No disponible",Salida,"Sin evento",
"11/07/2023 14:23",1,,,,Oruro,"Sucursal Oruro","No disponible",Salida,"Sin evento",
"11/07/2023 18:44",7281679,,,,Oruro,"Sucursal Oruro","No disponible",Salida,"Sin evento",
"11/07/2023 18:44",1,,,,Oruro,"Sucursal Oruro","No disponible",Salida,"Sin evento",
"12/07/2023 08:30",1,,,,Oruro,"Sucursal Oruro","No disponible",Salida,"Sin evento",
"12/07/2023 08:31",7281679,,,,Oruro,"Sucursal Oruro","No disponible",Salida,"Sin evento",
"12/07/2023 12:43",1,,,,Oruro,"Sucursal Oruro","No disponible",Salida,"Sin evento",
"12/07/2023 14:04",1,,,,Oruro,"Sucursal Oruro","No disponible",Salida,"Sin evento",
"12/07/2023 18:55",7281679,,,,Oruro,"Sucursal Oruro","No disponible",Salida,"Sin evento",
"12/07/2023 19:08",1,,,,Oruro,"Sucursal Oruro","No disponible",Salida,"Sin evento",
"13/07/2023 08:27",1,,,,Oruro,"Sucursal Oruro","No disponible",Salida,"Sin evento",
"13/07/2023 08:31",7281679,,,,Oruro,"Sucursal Oruro","No disponible",Salida,"Sin evento",
"13/07/2023 12:59",1,,,,Oruro,"Sucursal Oruro","No disponible",Salida,"Sin evento",
"13/07/2023 14:08",1,,,,Oruro,"Sucursal Oruro","No disponible",Salida,"Sin evento",
"13/07/2023 19:34",7281679,,,,Oruro,"Sucursal Oruro","No disponible",Salida,"Sin evento",
"13/07/2023 20:06",1,,,,Oruro,"Sucursal Oruro","No disponible",Salida,"Sin evento",
"14/07/2023 08:24",7281679,,,,Oruro,"Sucursal Oruro","No disponible",Salida,"Sin evento",
"14/07/2023 08:36",1,,,,Oruro,"Sucursal Oruro","No disponible",Salida,"Sin evento",
"14/07/2023 12:41",1,,,,Oruro,"Sucursal Oruro","No disponible","Estado 15","Sin evento",
"14/07/2023 14:23",1,,,,Oruro,"Sucursal Oruro","No disponible",Salida,"Sin evento",
"14/07/2023 18:49",7281679,,,,Oruro,"Sucursal Oruro","No disponible",Salida,"Sin evento",
"14/07/2023 19:19",1,,,,Oruro,"Sucursal Oruro","No disponible",Salida,"Sin evento",
"15/07/2023 08:51",7281679,,,,Oruro,"Sucursal Oruro","No disponible",Salida,"Sin evento",
"15/07/2023 13:15",7281679,,,,Oruro,"Sucursal Oruro","No disponible",Salida,"Sin evento",
"17/07/2023 08:25",7281679,,,,Oruro,"Sucursal Oruro","No disponible",Salida,"Sin evento",
"17/07/2023 08:27",1,,,,Oruro,"Sucursal Oruro","No disponible",Salida,"Sin evento",
"17/07/2023 12:37",1,,,,Oruro,"Sucursal Oruro","No disponible","Estado 15","Sin evento",
"17/07/2023 14:26",1,,,,Oruro,"Sucursal Oruro","No disponible","Estado 15","Sin evento",
"17/07/2023 19:05",7281679,,,,Oruro,"Sucursal Oruro","No disponible",Salida,"Sin evento",
"17/07/2023 19:42",1,,,,Oruro,"Sucursal Oruro","No disponible",Salida,"Sin evento",
"18/07/2023 08:31",7281679,,,,Oruro,"Sucursal Oruro","No disponible",Salida,"Sin evento",
"18/07/2023 08:34",1,,,,Oruro,"Sucursal Oruro","No disponible",Salida,"Sin evento",
"18/07/2023 12:58",1,,,,Oruro,"Sucursal Oruro","No disponible",Salida,"Sin evento",
"18/07/2023 14:33",1,,,,Oruro,"Sucursal Oruro","No disponible",Salida,"Sin evento",
"18/07/2023 19:01",7281679,,,,Oruro,"Sucursal Oruro","No disponible",Salida,"Sin evento",
"18/07/2023 19:38",1,,,,Oruro,"Sucursal Oruro","No disponible",Salida,"Sin evento",
"19/07/2023 08:27",7281679,,,,Oruro,"Sucursal Oruro","No disponible",Salida,"Sin evento",
"19/07/2023 08:31",1,,,,Oruro,"Sucursal Oruro","No disponible",Salida,"Sin evento",
"19/07/2023 12:39",1,,,,Oruro,"Sucursal Oruro","No disponible",Salida,"Sin evento",
"19/07/2023 14:27",1,,,,Oruro,"Sucursal Oruro","No disponible",Salida,"Sin evento",
"19/07/2023 18:56",7281679,,,,Oruro,"Sucursal Oruro","No disponible",Salida,"Sin evento",
"19/07/2023 19:27",1,,,,Oruro,"Sucursal Oruro","No disponible",Salida,"Sin evento",
"20/07/2023 08:09",1,,,,Oruro,"Sucursal Oruro","No disponible",Salida,"Sin evento",
"20/07/2023 08:27",7281679,,,,Oruro,"Sucursal Oruro","No disponible",Salida,"Sin evento",
"20/07/2023 12:36",1,,,,Oruro,"Sucursal Oruro","No disponible",Salida,"Sin evento",
"20/07/2023 14:24",1,,,,Oruro,"Sucursal Oruro","No disponible",Salida,"Sin evento",
"20/07/2023 19:07",7281679,,,,Oruro,"Sucursal Oruro","No disponible",Salida,"Sin evento",
"20/07/2023 19:34",1,,,,Oruro,"Sucursal Oruro","No disponible",Salida,"Sin evento",
"21/07/2023 08:28",1,,,,Oruro,"Sucursal Oruro","No disponible",Salida,"Sin evento",
"21/07/2023 08:29",7281679,,,,Oruro,"Sucursal Oruro","No disponible",Salida,"Sin evento",
"21/07/2023 12:38",1,,,,Oruro,"Sucursal Oruro","No disponible",Salida,"Sin evento",
"21/07/2023 14:19",1,,,,Oruro,"Sucursal Oruro","No disponible",Salida,"Sin evento",
"21/07/2023 19:24",7281679,,,,Oruro,"Sucursal Oruro","No disponible",Salida,"Sin evento",
"21/07/2023 20:02",1,,,,Oruro,"Sucursal Oruro","No disponible",Salida,"Sin evento",
"22/07/2023 08:54",7281679,,,,Oruro,"Sucursal Oruro","No disponible",Salida,"Sin evento",
"22/07/2023 13:05",7281679,,,,Oruro,"Sucursal Oruro","No disponible",Salida,"Sin evento",
"24/07/2023 08:24",7281679,,,,Oruro,"Sucursal Oruro","No disponible",Salida,"Sin evento",
"24/07/2023 08:35",1,,,,Oruro,"Sucursal Oruro","No disponible",Salida,"Sin evento",
"24/07/2023 12:34",1,,,,Oruro,"Sucursal Oruro","No disponible",Salida,"Sin evento",
"24/07/2023 14:22",1,,,,Oruro,"Sucursal Oruro","No disponible",Salida,"Sin evento",
"24/07/2023 18:56",7281679,,,,Oruro,"Sucursal Oruro","No disponible",Salida,"Sin evento",
"24/07/2023 19:31",1,,,,Oruro,"Sucursal Oruro","No disponible",Salida,"Sin evento",
"25/07/2023 08:30",1,,,,Oruro,"Sucursal Oruro","No disponible",Salida,"Sin evento",
"25/07/2023 08:30",7281679,,,,Oruro,"Sucursal Oruro","No disponible",Salida,"Sin evento",
"25/07/2023 12:36",1,,,,Oruro,"Sucursal Oruro","No disponible",Salida,"Sin evento",
"25/07/2023 14:29",1,,,,Oruro,"Sucursal Oruro","No disponible",Salida,"Sin evento",
"25/07/2023 18:49",7281679,,,,Oruro,"Sucursal Oruro","No disponible",Salida,"Sin evento",
"25/07/2023 19:22",1,,,,Oruro,"Sucursal Oruro","No disponible",Salida,"Sin evento",
"26/07/2023 08:25",7281679,,,,Oruro,"Sucursal Oruro","No disponible",Salida,"Sin evento",
"26/07/2023 08:25",1,,,,Oruro,"Sucursal Oruro","No disponible",Salida,"Sin evento",
"26/07/2023 12:31",1,,,,Oruro,"Sucursal Oruro","No disponible",Salida,"Sin evento",
"26/07/2023 14:28",1,,,,Oruro,"Sucursal Oruro","No disponible",Salida,"Sin evento",
"26/07/2023 18:52",7281679,,,,Oruro,"Sucursal Oruro","No disponible",Salida,"Sin evento",
"26/07/2023 19:42",1,,,,Oruro,"Sucursal Oruro","No disponible",Salida,"Sin evento",
"27/07/2023 08:03",1,,,,Oruro,"Sucursal Oruro","No disponible",Salida,"Sin evento",
"27/07/2023 08:35",7281679,,,,Oruro,"Sucursal Oruro","No disponible",Salida,"Sin evento",
"27/07/2023 12:45",1,,,,Oruro,"Sucursal Oruro","No disponible",Salida,"Sin evento",
"27/07/2023 14:04",1,,,,Oruro,"Sucursal Oruro","No disponible",Salida,"Sin evento",
"27/07/2023 18:51",7281679,,,,Oruro,"Sucursal Oruro","No disponible",Salida,"Sin evento",
"27/07/2023 19:30",1,,,,Oruro,"Sucursal Oruro","No disponible",Salida,"Sin evento",
"28/07/2023 08:25",7281679,,,,Oruro,"Sucursal Oruro","No disponible",Salida,"Sin evento",
"28/07/2023 08:34",1,,,,Oruro,"Sucursal Oruro","No disponible",Salida,"Sin evento",
"28/07/2023 12:42",1,,,,Oruro,"Sucursal Oruro","No disponible",Salida,"Sin evento",
"28/07/2023 14:31",1,,,,Oruro,"Sucursal Oruro","No disponible",Salida,"Sin evento",
"28/07/2023 18:53",7281679,,,,Oruro,"Sucursal Oruro","No disponible",Salida,"Sin evento",
"28/07/2023 19:17",1,,,,Oruro,"Sucursal Oruro","No disponible",Salida,"Sin evento",
"29/07/2023 08:53",7281679,,,,Oruro,"Sucursal Oruro","No disponible",Salida,"Sin evento",
"29/07/2023 13:52",7281679,,,,Oruro,"Sucursal Oruro","No disponible",Salida,"Sin evento",
"31/07/2023 08:30",7281679,,,,Oruro,"Sucursal Oruro","No disponible",Salida,"Sin evento",
"31/07/2023 12:45",1,,,,Oruro,"Sucursal Oruro","No disponible",Salida,"Sin evento",
"31/07/2023 14:36",1,,,,Oruro,"Sucursal Oruro","No disponible",Salida,"Sin evento",
"31/07/2023 18:34",1,,,,Oruro,"Sucursal Oruro","No disponible",Salida,"Sin evento",
"31/07/2023 18:41",7281679,,,,Oruro,"Sucursal Oruro","No disponible",Salida,"Sin evento",
"01/08/2023 08:31",1,,,,Oruro,"Sucursal Oruro","No disponible",Salida,"Sin evento",
"01/08/2023 08:36",7281679,,,,Oruro,"Sucursal Oruro","No disponible",Salida,"Sin evento",
"01/08/2023 12:37",1,,,,Oruro,"Sucursal Oruro","No disponible",Salida,"Sin evento",
"01/08/2023 14:13",1,,,,Oruro,"Sucursal Oruro","No disponible",Salida,"Sin evento",
"01/08/2023 18:56",1,,,,Oruro,"Sucursal Oruro","No disponible",Salida,"Sin evento",
"01/08/2023 19:12",7281679,,,,Oruro,"Sucursal Oruro","No disponible",Salida,"Sin evento",
"02/08/2023 08:29",7281679,,,,Oruro,"Sucursal Oruro","No disponible",Salida,"Sin evento",
"02/08/2023 08:41",1,,,,Oruro,"Sucursal Oruro","No disponible",Salida,"Sin evento",
"02/08/2023 12:49",1,,,,Oruro,"Sucursal Oruro","No disponible",Salida,"Sin evento",
"02/08/2023 14:31",1,,,,Oruro,"Sucursal Oruro","No disponible",Salida,"Sin evento",
"02/08/2023 19:23",7281679,,,,Oruro,"Sucursal Oruro","No disponible",Salida,"Sin evento",
"02/08/2023 19:26",1,,,,Oruro,"Sucursal Oruro","No disponible",Salida,"Sin evento",
"03/08/2023 08:02",1,,,,Oruro,"Sucursal Oruro","No disponible",Salida,"Sin evento",
"03/08/2023 08:32",7281679,,,,Oruro,"Sucursal Oruro","No disponible",Salida,"Sin evento",
"03/08/2023 12:40",1,,,,Oruro,"Sucursal Oruro","No disponible",Salida,"Sin evento",
"03/08/2023 14:33",1,,,,Oruro,"Sucursal Oruro","No disponible",Salida,"Sin evento",
"03/08/2023 19:17",7281679,,,,Oruro,"Sucursal Oruro","No disponible",Salida,"Sin evento",
"03/08/2023 19:34",1,,,,Oruro,"Sucursal Oruro","No disponible",Salida,"Sin evento",
"04/08/2023 08:06",1,,,,Oruro,"Sucursal Oruro","No disponible",Salida,"Sin evento",
"04/08/2023 08:36",7281679,,,,Oruro,"Sucursal Oruro","No disponible",Salida,"Sin evento",
"04/08/2023 12:44",1,,,,Oruro,"Sucursal Oruro","No disponible",Salida,"Sin evento",
"04/08/2023 14:17",1,,,,Oruro,"Sucursal Oruro","No disponible",Salida,"Sin evento",
"04/08/2023 19:02",7281679,,,,Oruro,"Sucursal Oruro","No disponible",Salida,"Sin evento",
"04/08/2023 19:02",1,,,,Oruro,"Sucursal Oruro","No disponible",Salida,"Sin evento",
"05/08/2023 08:49",7281679,,,,Oruro,"Sucursal Oruro","No disponible",Salida,"Sin evento",
"05/08/2023 13:30",7281679,,,,Oruro,"Sucursal Oruro","No disponible",Salida,"Sin evento",
"08/08/2023 08:24",1,,,,Oruro,"Sucursal Oruro","No disponible",Salida,"Sin evento",
"08/08/2023 08:34",7281679,,,,Oruro,"Sucursal Oruro","No disponible",Salida,"Sin evento",
"08/08/2023 12:41",1,,,,Oruro,"Sucursal Oruro","No disponible",Salida,"Sin evento",
"08/08/2023 14:06",1,,,,Oruro,"Sucursal Oruro","No disponible",Salida,"Sin evento",
"08/08/2023 18:53",7281679,,,,Oruro,"Sucursal Oruro","No disponible",Salida,"Sin evento",
"08/08/2023 19:07",1,,,,Oruro,"Sucursal Oruro","No disponible",Salida,"Sin evento",
"09/08/2023 08:03",1,,,,Oruro,"Sucursal Oruro","No disponible",Salida,"Sin evento",
"09/08/2023 08:31",7281679,,,,Oruro,"Sucursal Oruro","No disponible",Salida,"Sin evento",
"09/08/2023 12:43",1,,,,Oruro,"Sucursal Oruro","No disponible",Salida,"Sin evento",
"09/08/2023 14:10",1,,,,Oruro,"Sucursal Oruro","No disponible",Salida,"Sin evento",
"09/08/2023 18:45",7281679,,,,Oruro,"Sucursal Oruro","No disponible",Salida,"Sin evento",
"09/08/2023 19:03",1,,,,Oruro,"Sucursal Oruro","No disponible",Salida,"Sin evento",
"10/08/2023 08:21",7281679,,,,Oruro,"Sucursal Oruro","No disponible",Salida,"Sin evento",
"10/08/2023 08:33",1,,,,Oruro,"Sucursal Oruro","No disponible",Salida,"Sin evento",
"10/08/2023 12:40",1,,,,Oruro,"Sucursal Oruro","No disponible",Salida,"Sin evento",
"10/08/2023 14:08",1,,,,Oruro,"Sucursal Oruro","No disponible",Salida,"Sin evento",
"10/08/2023 18:57",7281679,,,,Oruro,"Sucursal Oruro","No disponible",Salida,"Sin evento",
"10/08/2023 19:24",1,,,,Oruro,"Sucursal Oruro","No disponible",Salida,"Sin evento",
"11/08/2023 08:29",1,,,,Oruro,"Sucursal Oruro","No disponible",Salida,"Sin evento",
"11/08/2023 08:30",7281679,,,,Oruro,"Sucursal Oruro","No disponible",Salida,"Sin evento",
"11/08/2023 12:44",1,,,,Oruro,"Sucursal Oruro","No disponible",Salida,"Sin evento",
"11/08/2023 14:24",1,,,,Oruro,"Sucursal Oruro","No disponible",Salida,"Sin evento",
"11/08/2023 19:13",7281679,,,,Oruro,"Sucursal Oruro","No disponible",Salida,"Sin evento",
"11/08/2023 19:26",1,,,,Oruro,"Sucursal Oruro","No disponible",Salida,"Sin evento",
"14/08/2023 08:01",1,,,,Oruro,"Sucursal Oruro","No disponible",Salida,"Sin evento",
"14/08/2023 08:24",7281679,,,,Oruro,"Sucursal Oruro","No disponible",Salida,"Sin evento",
"14/08/2023 12:51",1,,,,Oruro,"Sucursal Oruro","No disponible",Salida,"Sin evento",
"14/08/2023 14:06",1,,,,Oruro,"Sucursal Oruro","No disponible",Salida,"Sin evento",
"14/08/2023 19:22",7281679,,,,Oruro,"Sucursal Oruro","No disponible",Salida,"Sin evento",
"14/08/2023 19:30",1,,,,Oruro,"Sucursal Oruro","No disponible",Salida,"Sin evento",
"15/08/2023 08:32",1,,,,Oruro,"Sucursal Oruro","No disponible",Salida,"Sin evento",
"15/08/2023 08:34",7281679,,,,Oruro,"Sucursal Oruro","No disponible",Salida,"Sin evento",
"15/08/2023 12:39",1,,,,Oruro,"Sucursal Oruro","No disponible",Salida,"Sin evento",
"15/08/2023 14:28",1,,,,Oruro,"Sucursal Oruro","No disponible",Salida,"Sin evento",
"15/08/2023 19:04",7281679,,,,Oruro,"Sucursal Oruro","No disponible",Salida,"Sin evento",
"15/08/2023 19:10",1,,,,Oruro,"Sucursal Oruro","No disponible",Salida,"Sin evento",
"16/08/2023 08:31",1,,,,Oruro,"Sucursal Oruro","No disponible",Salida,"Sin evento",
"16/08/2023 08:33",7281679,,,,Oruro,"Sucursal Oruro","No disponible",Salida,"Sin evento",
"16/08/2023 12:41",1,,,,Oruro,"Sucursal Oruro","No disponible",Salida,"Sin evento",
"16/08/2023 14:23",1,,,,Oruro,"Sucursal Oruro","No disponible",Salida,"Sin evento",
"16/08/2023 18:47",1,,,,Oruro,"Sucursal Oruro","No disponible",Salida,"Sin evento",
"16/08/2023 18:50",7281679,,,,Oruro,"Sucursal Oruro","No disponible",Salida,"Sin evento",
"17/08/2023 08:21",7281679,,,,Oruro,"Sucursal Oruro","No disponible",Salida,"Sin evento",
"17/08/2023 08:34",1,,,,Oruro,"Sucursal Oruro","No disponible",Salida,"Sin evento",
"17/08/2023 12:40",1,,,,Oruro,"Sucursal Oruro","No disponible",Salida,"Sin evento",
"17/08/2023 14:14",1,,,,Oruro,"Sucursal Oruro","No disponible",Salida,"Sin evento",
"17/08/2023 19:37",7281679,,,,Oruro,"Sucursal Oruro","No disponible",Salida,"Sin evento",
"17/08/2023 20:16",1,,,,Oruro,"Sucursal Oruro","No disponible",Salida,"Sin evento",
"18/08/2023 08:27",7281679,,,,Oruro,"Sucursal Oruro","No disponible",Salida,"Sin evento",
"18/08/2023 08:30",1,,,,Oruro,"Sucursal Oruro","No disponible",Salida,"Sin evento",
"18/08/2023 12:31",1,,,,Oruro,"Sucursal Oruro","No disponible",Salida,"Sin evento",
"18/08/2023 14:03",1,,,,Oruro,"Sucursal Oruro","No disponible",Salida,"Sin evento",
"18/08/2023 18:36",1,,,,Oruro,"Sucursal Oruro","No disponible",Salida,"Sin evento",
"18/08/2023 18:37",7281679,,,,Oruro,"Sucursal Oruro","No disponible",Salida,"Sin evento",
"19/08/2023 08:52",7281679,,,,Oruro,"Sucursal Oruro","No disponible",Salida,"Sin evento",
"19/08/2023 12:41",7281679,,,,Oruro,"Sucursal Oruro","No disponible",Salida,"Sin evento",
"21/08/2023 08:31",1,,,,Oruro,"Sucursal Oruro","No disponible",Salida,"Sin evento",
"21/08/2023 08:32",7281679,,,,Oruro,"Sucursal Oruro","No disponible",Salida,"Sin evento",
"21/08/2023 12:39",1,,,,Oruro,"Sucursal Oruro","No disponible",Salida,"Sin evento",
"21/08/2023 14:23",1,,,,Oruro,"Sucursal Oruro","No disponible",Salida,"Sin evento",
"21/08/2023 19:08",1,,,,Oruro,"Sucursal Oruro","No disponible",Salida,"Sin evento",
"21/08/2023 19:23",7281679,,,,Oruro,"Sucursal Oruro","No disponible",Salida,"Sin evento",
"22/08/2023 08:12",1,,,,Oruro,"Sucursal Oruro","No disponible",Salida,"Sin evento",
"22/08/2023 08:33",7281679,,,,Oruro,"Sucursal Oruro","No disponible",Salida,"Sin evento",
"22/08/2023 12:44",1,,,,Oruro,"Sucursal Oruro","No disponible",Salida,"Sin evento",
"22/08/2023 14:18",1,,,,Oruro,"Sucursal Oruro","No disponible",Salida,"Sin evento",
"22/08/2023 19:03",7281679,,,,Oruro,"Sucursal Oruro","No disponible",Salida,"Sin evento",
"22/08/2023 19:14",1,,,,Oruro,"Sucursal Oruro","No disponible",Salida,"Sin evento",
"23/08/2023 08:17",1,,,,Oruro,"Sucursal Oruro","No disponible",Salida,"Sin evento",
"23/08/2023 08:21",7281679,,,,Oruro,"Sucursal Oruro","No disponible",Salida,"Sin evento",
"23/08/2023 12:50",1,,,,Oruro,"Sucursal Oruro","No disponible",Salida,"Sin evento",
"23/08/2023 14:24",1,,,,Oruro,"Sucursal Oruro","No disponible",Salida,"Sin evento",
"23/08/2023 19:12",7281679,,,,Oruro,"Sucursal Oruro","No disponible",Salida,"Sin evento",
"23/08/2023 19:17",1,,,,Oruro,"Sucursal Oruro","No disponible",Salida,"Sin evento",
"24/08/2023 08:32",1,,,,Oruro,"Sucursal Oruro","No disponible",Salida,"Sin evento",
"24/08/2023 08:32",7281679,,,,Oruro,"Sucursal Oruro","No disponible",Salida,"Sin evento",
"24/08/2023 12:37",1,,,,Oruro,"Sucursal Oruro","No disponible",Salida,"Sin evento",
"24/08/2023 14:25",1,,,,Oruro,"Sucursal Oruro","No disponible",Salida,"Sin evento",
"24/08/2023 19:18",7281679,,,,Oruro,"Sucursal Oruro","No disponible",Salida,"Sin evento",
"24/08/2023 19:51",1,,,,Oruro,"Sucursal Oruro","No disponible",Salida,"Sin evento",
"25/08/2023 08:30",1,,,,Oruro,"Sucursal Oruro","No disponible",Salida,"Sin evento",
"25/08/2023 08:35",7281679,,,,Oruro,"Sucursal Oruro","No disponible",Salida,"Sin evento",
"25/08/2023 12:51",1,,,,Oruro,"Sucursal Oruro","No disponible",Salida,"Sin evento",
"25/08/2023 14:34",1,,,,Oruro,"Sucursal Oruro","No disponible",Salida,"Sin evento",
"25/08/2023 19:15",7281679,,,,Oruro,"Sucursal Oruro","No disponible",Salida,"Sin evento",
"25/08/2023 19:22",1,,,,Oruro,"Sucursal Oruro","No disponible",Salida,"Sin evento",
"28/08/2023 08:17",1,,,,Oruro,"Sucursal Oruro","No disponible",Salida,"Sin evento",
"28/08/2023 08:51",7281679,,,,Oruro,"Sucursal Oruro","No disponible",Salida,"Sin evento",
"28/08/2023 12:39",1,,,,Oruro,"Sucursal Oruro","No disponible",Salida,"Sin evento",
"28/08/2023 14:24",1,,,,Oruro,"Sucursal Oruro","No disponible",Salida,"Sin evento",
"28/08/2023 19:16",7281679,,,,Oruro,"Sucursal Oruro","No disponible",Salida,"Sin evento",
"28/08/2023 19:23",1,,,,Oruro,"Sucursal Oruro","No disponible",Salida,"Sin evento",
"29/08/2023 08:28",1,,,,Oruro,"Sucursal Oruro","No disponible",Salida,"Sin evento",
"29/08/2023 08:35",7281679,,,,Oruro,"Sucursal Oruro","No disponible",Salida,"Sin evento",
"29/08/2023 12:35",1,,,,Oruro,"Sucursal Oruro","No disponible",Salida,"Sin evento",
"29/08/2023 14:17",1,,,,Oruro,"Sucursal Oruro","No disponible",Salida,"Sin evento",
"29/08/2023 18:56",7281679,,,,Oruro,"Sucursal Oruro","No disponible",Salida,"Sin evento",
"29/08/2023 18:56",1,,,,Oruro,"Sucursal Oruro","No disponible",Salida,"Sin evento",
"30/08/2023 08:26",7281679,,,,Oruro,"Sucursal Oruro","No disponible",Salida,"Sin evento",
"30/08/2023 08:30",1,,,,Oruro,"Sucursal Oruro","No disponible",Salida,"Sin evento",
"30/08/2023 12:50",1,,,,Oruro,"Sucursal Oruro","No disponible","Estado 15","Sin evento",
"30/08/2023 14:23",1,,,,Oruro,"Sucursal Oruro","No disponible",Salida,"Sin evento",
"30/08/2023 18:49",7281679,,,,Oruro,"Sucursal Oruro","No disponible",Salida,"Sin evento",
"30/08/2023 18:57",1,,,,Oruro,"Sucursal Oruro","No disponible",Salida,"Sin evento",
"31/08/2023 08:20",1,,,,Oruro,"Sucursal Oruro","No disponible",Salida,"Sin evento",
"31/08/2023 08:36",7281679,,,,Oruro,"Sucursal Oruro","No disponible",Salida,"Sin evento",
"31/08/2023 12:30",1,,,,Oruro,"Sucursal Oruro","No disponible",Salida,"Sin evento",
"31/08/2023 13:59",1,,,,Oruro,"Sucursal Oruro","No disponible",Salida,"Sin evento",
"31/08/2023 18:52",7281679,,,,Oruro,"Sucursal Oruro","No disponible",Salida,"Sin evento",
"31/08/2023 19:08",1,,,,Oruro,"Sucursal Oruro","No disponible",Salida,"Sin evento",
"01/09/2023 08:31",1,,,,Oruro,"Sucursal Oruro","No disponible",Salida,"Sin evento",
"01/09/2023 08:31",7281679,,,,Oruro,"Sucursal Oruro","No disponible",Salida,"Sin evento",
"01/09/2023 12:57",1,,,,Oruro,"Sucursal Oruro","No disponible",Salida,"Sin evento",
"01/09/2023 14:24",1,,,,Oruro,"Sucursal Oruro","No disponible",Salida,"Sin evento",
"01/09/2023 18:59",7281679,,,,Oruro,"Sucursal Oruro","No disponible",Salida,"Sin evento",
"01/09/2023 19:02",1,,,,Oruro,"Sucursal Oruro","No disponible",Salida,"Sin evento",
"02/09/2023 09:10",7281679,,,,Oruro,"Sucursal Oruro","No disponible",Salida,"Sin evento",
"02/09/2023 13:04",7281679,,,,Oruro,"Sucursal Oruro","No disponible",Salida,"Sin evento",
"04/09/2023 08:26",1,,,,Oruro,"Sucursal Oruro","No disponible",Salida,"Sin evento",
"04/09/2023 08:36",7281679,,,,Oruro,"Sucursal Oruro","No disponible",Salida,"Sin evento",
"04/09/2023 12:38",1,,,,Oruro,"Sucursal Oruro","No disponible",Salida,"Sin evento",
"04/09/2023 14:24",1,,,,Oruro,"Sucursal Oruro","No disponible",Salida,"Sin evento",
"04/09/2023 18:59",7281679,,,,Oruro,"Sucursal Oruro","No disponible",Salida,"Sin evento",
"04/09/2023 19:08",1,,,,Oruro,"Sucursal Oruro","No disponible",Salida,"Sin evento",
"05/09/2023 08:00",1,,,,Oruro,"Sucursal Oruro","No disponible",Salida,"Sin evento",
"05/09/2023 08:22",7281679,,,,Oruro,"Sucursal Oruro","No disponible",Salida,"Sin evento",
"05/09/2023 12:38",1,,,,Oruro,"Sucursal Oruro","No disponible",Salida,"Sin evento",
"05/09/2023 14:28",1,,,,Oruro,"Sucursal Oruro","No disponible",Salida,"Sin evento",
"05/09/2023 18:56",7281679,,,,Oruro,"Sucursal Oruro","No disponible",Salida,"Sin evento",
"05/09/2023 19:45",1,,,,Oruro,"Sucursal Oruro","No disponible",Salida,"Sin evento",
"06/09/2023 08:16",1,,,,Oruro,"Sucursal Oruro","No disponible",Salida,"Sin evento",
"06/09/2023 08:39",7281679,,,,Oruro,"Sucursal Oruro","No disponible",Salida,"Sin evento",
"06/09/2023 12:39",1,,,,Oruro,"Sucursal Oruro","No disponible","Estado 15","Sin evento",
"06/09/2023 14:26",1,,,,Oruro,"Sucursal Oruro","No disponible","Estado 15","Sin evento",
"06/09/2023 18:59",7281679,,,,Oruro,"Sucursal Oruro","No disponible",Salida,"Sin evento",
"06/09/2023 19:57",1,,,,Oruro,"Sucursal Oruro","No disponible",Salida,"Sin evento",
"07/09/2023 08:26",7281679,,,,Oruro,"Sucursal Oruro","No disponible",Salida,"Sin evento",
"07/09/2023 08:26",1,,,,Oruro,"Sucursal Oruro","No disponible",Salida,"Sin evento",
"07/09/2023 12:36",1,,,,Oruro,"Sucursal Oruro","No disponible",Salida,"Sin evento",
"07/09/2023 14:26",1,,,,Oruro,"Sucursal Oruro","No disponible",Salida,"Sin evento",
"07/09/2023 19:05",7281679,,,,Oruro,"Sucursal Oruro","No disponible",Salida,"Sin evento",
"07/09/2023 19:23",1,,,,Oruro,"Sucursal Oruro","No disponible",Salida,"Sin evento",
"08/09/2023 08:11",1,,,,Oruro,"Sucursal Oruro","No disponible",Salida,"Sin evento",
"08/09/2023 08:22",7281679,,,,Oruro,"Sucursal Oruro","No disponible",Salida,"Sin evento",
"08/09/2023 12:57",1,,,,Oruro,"Sucursal Oruro","No disponible","Estado 15","Sin evento",
"08/09/2023 14:21",1,,,,Oruro,"Sucursal Oruro","No disponible",Salida,"Sin evento",
"08/09/2023 19:36",7281679,,,,Oruro,"Sucursal Oruro","No disponible",Salida,"Sin evento",
"08/09/2023 19:39",1,,,,Oruro,"Sucursal Oruro","No disponible",Salida,"Sin evento",
"11/09/2023 08:17",1,,,,Oruro,"Sucursal Oruro","No disponible",Salida,"Sin evento",
"11/09/2023 08:25",7281679,,,,Oruro,"Sucursal Oruro","No disponible",Salida,"Sin evento",
"11/09/2023 12:39",1,,,,Oruro,"Sucursal Oruro","No disponible","Estado 15","Sin evento",
"11/09/2023 14:24",1,,,,Oruro,"Sucursal Oruro","No disponible","Estado 15","Sin evento",
"11/09/2023 19:33",7281679,,,,Oruro,"Sucursal Oruro","No disponible",Salida,"Sin evento",
"11/09/2023 20:07",1,,,,Oruro,"Sucursal Oruro","No disponible",Salida,"Sin evento",
"12/09/2023 08:11",1,,,,Oruro,"Sucursal Oruro","No disponible",Salida,"Sin evento",
"12/09/2023 08:20",7281679,,,,Oruro,"Sucursal Oruro","No disponible",Salida,"Sin evento",
"12/09/2023 12:41",1,,,,Oruro,"Sucursal Oruro","No disponible",Salida,"Sin evento",
"12/09/2023 14:26",1,,,,Oruro,"Sucursal Oruro","No disponible",Salida,"Sin evento",
"12/09/2023 19:13",7281679,,,,Oruro,"Sucursal Oruro","No disponible",Salida,"Sin evento",
"12/09/2023 19:46",1,,,,Oruro,"Sucursal Oruro","No disponible",Salida,"Sin evento",
"13/09/2023 08:28",1,,,,Oruro,"Sucursal Oruro","No disponible",Salida,"Sin evento",
"13/09/2023 12:32",1,,,,Oruro,"Sucursal Oruro","No disponible",Salida,"Sin evento",
"13/09/2023 12:43",1,,,,Oruro,"Sucursal Oruro","No disponible",Salida,"Sin evento",
"13/09/2023 14:28",1,,,,Oruro,"Sucursal Oruro","No disponible","Estado 15","Sin evento",
"13/09/2023 19:13",7281679,,,,Oruro,"Sucursal Oruro","No disponible",Salida,"Sin evento",
"13/09/2023 19:29",1,,,,Oruro,"Sucursal Oruro","No disponible",Salida,"Sin evento",
"13/09/2023 19:44",1,,,,Oruro,"Sucursal Oruro","No disponible",Salida,"Sin evento",
"14/09/2023 08:13",1,,,,Oruro,"Sucursal Oruro","No disponible",Salida,"Sin evento",
"14/09/2023 08:21",1,,,,Oruro,"Sucursal Oruro","No disponible",Salida,"Sin evento",
"14/09/2023 08:30",7281679,,,,Oruro,"Sucursal Oruro","No disponible",Salida,"Sin evento",
"14/09/2023 12:43",1,,,,Oruro,"Sucursal Oruro","No disponible",Salida,"Sin evento",
"14/09/2023 14:29",1,,,,Oruro,"Sucursal Oruro","No disponible",Salida,"Sin evento",
"14/09/2023 18:54",7281679,,,,Oruro,"Sucursal Oruro","No disponible",Salida,"Sin evento",
"14/09/2023 19:19",1,,,,Oruro,"Sucursal Oruro","No disponible",Salida,"Sin evento",
"15/09/2023 08:26",7281679,,,,Oruro,"Sucursal Oruro","No disponible",Salida,"Sin evento",
"15/09/2023 08:27",1,,,,Oruro,"Sucursal Oruro","No disponible",Salida,"Sin evento",
"15/09/2023 12:39",1,,,,Oruro,"Sucursal Oruro","No disponible",Salida,"Sin evento",
"15/09/2023 14:16",1,,,,Oruro,"Sucursal Oruro","No disponible",Salida,"Sin evento",
"15/09/2023 19:04",7281679,,,,Oruro,"Sucursal Oruro","No disponible",Salida,"Sin evento",
"15/09/2023 19:49",1,,,,Oruro,"Sucursal Oruro","No disponible",Salida,"Sin evento",
"16/09/2023 09:06",7281679,,,,Oruro,"Sucursal Oruro","No disponible",Salida,"Sin evento",
"16/09/2023 13:34",7281679,,,,Oruro,"Sucursal Oruro","No disponible",Salida,"Sin evento",
"18/09/2023 08:09",7281679,,,,Oruro,"Sucursal Oruro","No disponible",Salida,"Sin evento",
"18/09/2023 08:10",1,,,,Oruro,"Sucursal Oruro","No disponible",Salida,"Sin evento",
"18/09/2023 12:44",1,,,,Oruro,"Sucursal Oruro","No disponible",Salida,"Sin evento",
"18/09/2023 14:12",1,,,,Oruro,"Sucursal Oruro","No disponible",Salida,"Sin evento",
"18/09/2023 18:57",7281679,,,,Oruro,"Sucursal Oruro","No disponible",Salida,"Sin evento",
"18/09/2023 19:12",1,,,,Oruro,"Sucursal Oruro","No disponible",Salida,"Sin evento",
"19/09/2023 08:12",1,,,,Oruro,"Sucursal Oruro","No disponible",Salida,"Sin evento",
"19/09/2023 08:31",7281679,,,,Oruro,"Sucursal Oruro","No disponible",Salida,"Sin evento",
"19/09/2023 12:47",1,,,,Oruro,"Sucursal Oruro","No disponible",Salida,"Sin evento",
"19/09/2023 14:33",1,,,,Oruro,"Sucursal Oruro","No disponible",Salida,"Sin evento",
"19/09/2023 19:02",7281679,,,,Oruro,"Sucursal Oruro","No disponible",Salida,"Sin evento",
"19/09/2023 19:09",1,,,,Oruro,"Sucursal Oruro","No disponible",Salida,"Sin evento",
"20/09/2023 08:13",1,,,,Oruro,"Sucursal Oruro","No disponible",Salida,"Sin evento",
"20/09/2023 08:35",7281679,,,,Oruro,"Sucursal Oruro","No disponible",Salida,"Sin evento",
"20/09/2023 12:46",1,,,,Oruro,"Sucursal Oruro","No disponible",Salida,"Sin evento",
"20/09/2023 14:23",1,,,,Oruro,"Sucursal Oruro","No disponible",Salida,"Sin evento",
"20/09/2023 18:59",7281679,,,,Oruro,"Sucursal Oruro","No disponible",Salida,"Sin evento",
"20/09/2023 19:18",1,,,,Oruro,"Sucursal Oruro","No disponible",Salida,"Sin evento",
"21/09/2023 08:17",1,,,,Oruro,"Sucursal Oruro","No disponible",Salida,"Sin evento",
"21/09/2023 08:26",7281679,,,,Oruro,"Sucursal Oruro","No disponible",Salida,"Sin evento",
"21/09/2023 12:39",1,,,,Oruro,"Sucursal Oruro","No disponible",Salida,"Sin evento",
"21/09/2023 14:01",1,,,,Oruro,"Sucursal Oruro","No disponible",Salida,"Sin evento",
"21/09/2023 19:21",7281679,,,,Oruro,"Sucursal Oruro","No disponible",Salida,"Sin evento",
"21/09/2023 19:30",1,,,,Oruro,"Sucursal Oruro","No disponible",Salida,"Sin evento",
"22/09/2023 08:06",1,,,,Oruro,"Sucursal Oruro","No disponible",Salida,"Sin evento",
"22/09/2023 08:27",7281679,,,,Oruro,"Sucursal Oruro","No disponible",Salida,"Sin evento",
"22/09/2023 12:32",1,,,,Oruro,"Sucursal Oruro","No disponible",Salida,"Sin evento",
"22/09/2023 14:27",1,,,,Oruro,"Sucursal Oruro","No disponible",Salida,"Sin evento",
"22/09/2023 19:03",7281679,,,,Oruro,"Sucursal Oruro","No disponible",Salida,"Sin evento",
"22/09/2023 19:13",1,,,,Oruro,"Sucursal Oruro","No disponible",Salida,"Sin evento",
"25/09/2023 08:10",1,,,,Oruro,"Sucursal Oruro","No disponible",Salida,"Sin evento",
"25/09/2023 08:34",7281679,,,,Oruro,"Sucursal Oruro","No disponible",Salida,"Sin evento",
"25/09/2023 12:50",1,,,,Oruro,"Sucursal Oruro","No disponible",Salida,"Sin evento",
"25/09/2023 14:30",1,,,,Oruro,"Sucursal Oruro","No disponible",Salida,"Sin evento",
"25/09/2023 19:02",7281679,,,,Oruro,"Sucursal Oruro","No disponible",Salida,"Sin evento",
"25/09/2023 19:06",1,,,,Oruro,"Sucursal Oruro","No disponible",Salida,"Sin evento",
"26/09/2023 08:14",1,,,,Oruro,"Sucursal Oruro","No disponible",Salida,"Sin evento",
"26/09/2023 08:33",7281679,,,,Oruro,"Sucursal Oruro","No disponible",Salida,"Sin evento",
"26/09/2023 12:39",1,,,,Oruro,"Sucursal Oruro","No disponible",Salida,"Sin evento",
"26/09/2023 14:19",1,,,,Oruro,"Sucursal Oruro","No disponible",Salida,"Sin evento",
"26/09/2023 19:08",7281679,,,,Oruro,"Sucursal Oruro","No disponible",Salida,"Sin evento",
"26/09/2023 19:09",1,,,,Oruro,"Sucursal Oruro","No disponible",Salida,"Sin evento",
"27/09/2023 08:12",1,,,,Oruro,"Sucursal Oruro","No disponible",Salida,"Sin evento",
"27/09/2023 08:26",7281679,,,,Oruro,"Sucursal Oruro","No disponible",Salida,"Sin evento",
"27/09/2023 12:39",1,,,,Oruro,"Sucursal Oruro","No disponible",Salida,"Sin evento",
"27/09/2023 14:27",1,,,,Oruro,"Sucursal Oruro","No disponible",Salida,"Sin evento",
"27/09/2023 18:56",7281679,,,,Oruro,"Sucursal Oruro","No disponible",Salida,"Sin evento",
"27/09/2023 19:08",1,,,,Oruro,"Sucursal Oruro","No disponible",Salida,"Sin evento",
"28/09/2023 08:14",1,,,,Oruro,"Sucursal Oruro","No disponible",Salida,"Sin evento",
"28/09/2023 08:15",7281679,,,,Oruro,"Sucursal Oruro","No disponible",Salida,"Sin evento",
"28/09/2023 12:39",1,,,,Oruro,"Sucursal Oruro","No disponible",Salida,"Sin evento",
"28/09/2023 14:26",1,,,,Oruro,"Sucursal Oruro","No disponible",Salida,"Sin evento",
"28/09/2023 19:23",1,,,,Oruro,"Sucursal Oruro","No disponible",Salida,"Sin evento",
"28/09/2023 21:57",7281679,,,,Oruro,"Sucursal Oruro","No disponible",Salida,"Sin evento",
"29/09/2023 08:16",1,,,,Oruro,"Sucursal Oruro","No disponible",Salida,"Sin evento",
"29/09/2023 08:35",7281679,,,,Oruro,"Sucursal Oruro","No disponible",Salida,"Sin evento",
"29/09/2023 12:48",1,,,,Oruro,"Sucursal Oruro","No disponible",Salida,"Sin evento",
"29/09/2023 14:31",1,,,,Oruro,"Sucursal Oruro","No disponible",Salida,"Sin evento",
"29/09/2023 19:00",7281679,,,,Oruro,"Sucursal Oruro","No disponible",Salida,"Sin evento",
"29/09/2023 19:04",1,,,,Oruro,"Sucursal Oruro","No disponible",Salida,"Sin evento",
"30/09/2023 08:57",7281679,,,,Oruro,"Sucursal Oruro","No disponible",Salida,"Sin evento",
"30/09/2023 13:55",7281679,,,,Oruro,"Sucursal Oruro","No disponible",Salida,"Sin evento",
"02/10/2023 07:59",7281679,,,,Oruro,"Sucursal Oruro","No disponible",Salida,"Sin evento",
"02/10/2023 08:09",1,,,,Oruro,"Sucursal Oruro","No disponible",Salida,"Sin evento",
"02/10/2023 12:42",1,,,,Oruro,"Sucursal Oruro","No disponible",Salida,"Sin evento",
"02/10/2023 14:23",1,,,,Oruro,"Sucursal Oruro","No disponible",Salida,"Sin evento",
"02/10/2023 18:51",1,,,,Oruro,"Sucursal Oruro","No disponible",Salida,"Sin evento",
"02/10/2023 19:11",7281679,,,,Oruro,"Sucursal Oruro","No disponible",Salida,"Sin evento",
"03/10/2023 08:18",1,,,,Oruro,"Sucursal Oruro","No disponible",Salida,"Sin evento",
"03/10/2023 08:33",7281679,,,,Oruro,"Sucursal Oruro","No disponible",Salida,"Sin evento",
"03/10/2023 12:55",1,,,,Oruro,"Sucursal Oruro","No disponible",Salida,"Sin evento",
"03/10/2023 14:22",1,,,,Oruro,"Sucursal Oruro","No disponible",Salida,"Sin evento",
"03/10/2023 19:05",7281679,,,,Oruro,"Sucursal Oruro","No disponible",Salida,"Sin evento",
"03/10/2023 19:13",1,,,,Oruro,"Sucursal Oruro","No disponible",Salida,"Sin evento",
"04/10/2023 08:20",1,,,,Oruro,"Sucursal Oruro","No disponible",Salida,"Sin evento",
"04/10/2023 08:31",7281679,,,,Oruro,"Sucursal Oruro","No disponible",Salida,"Sin evento",
"04/10/2023 12:43",1,,,,Oruro,"Sucursal Oruro","No disponible",Salida,"Sin evento",
"04/10/2023 14:27",1,,,,Oruro,"Sucursal Oruro","No disponible",Salida,"Sin evento",
"04/10/2023 19:11",7281679,,,,Oruro,"Sucursal Oruro","No disponible",Salida,"Sin evento",
"04/10/2023 19:29",1,,,,Oruro,"Sucursal Oruro","No disponible",Salida,"Sin evento",
"05/10/2023 08:04",1,,,,Oruro,"Sucursal Oruro","No disponible",Salida,"Sin evento",
"05/10/2023 08:34",7281679,,,,Oruro,"Sucursal Oruro","No disponible",Salida,"Sin evento",
"05/10/2023 12:56",1,,,,Oruro,"Sucursal Oruro","No disponible",Salida,"Sin evento",
"05/10/2023 14:33",1,,,,Oruro,"Sucursal Oruro","No disponible",Salida,"Sin evento",
"05/10/2023 19:48",7281679,,,,Oruro,"Sucursal Oruro","No disponible",Salida,"Sin evento",
"05/10/2023 19:53",1,,,,Oruro,"Sucursal Oruro","No disponible","Estado 15","Sin evento",
"06/10/2023 08:11",1,,,,Oruro,"Sucursal Oruro","No disponible",Salida,"Sin evento",
"06/10/2023 08:24",7281679,,,,Oruro,"Sucursal Oruro","No disponible",Salida,"Sin evento",
"06/10/2023 12:55",1,,,,Oruro,"Sucursal Oruro","No disponible",Salida,"Sin evento",
"06/10/2023 14:10",1,,,,Oruro,"Sucursal Oruro","No disponible",Salida,"Sin evento",
"06/10/2023 19:01",7281679,,,,Oruro,"Sucursal Oruro","No disponible",Salida,"Sin evento",
"06/10/2023 19:01",1,,,,Oruro,"Sucursal Oruro","No disponible",Salida,"Sin evento",
"09/10/2023 08:24",7281679,,,,Oruro,"Sucursal Oruro","No disponible",Salida,"Sin evento",
"09/10/2023 08:26",1,,,,Oruro,"Sucursal Oruro","No disponible",Salida,"Sin evento",
"09/10/2023 16:58",7281679,,,,Oruro,"Sucursal Oruro","No disponible",Salida,"Sin evento",
"09/10/2023 17:01",1,,,,Oruro,"Sucursal Oruro","No disponible",Salida,"Sin evento",
"10/10/2023 08:12",1,,,,Oruro,"Sucursal Oruro","No disponible",Salida,"Sin evento",
"10/10/2023 08:28",7281679,,,,Oruro,"Sucursal Oruro","No disponible",Salida,"Sin evento",
"10/10/2023 12:32",1,,,,Oruro,"Sucursal Oruro","No disponible",Salida,"Sin evento",
"10/10/2023 14:33",1,,,,Oruro,"Sucursal Oruro","No disponible",Salida,"Sin evento",
"10/10/2023 18:52",7281679,,,,Oruro,"Sucursal Oruro","No disponible",Salida,"Sin evento",
"10/10/2023 19:20",1,,,,Oruro,"Sucursal Oruro","No disponible",Salida,"Sin evento",
"11/10/2023 08:14",1,,,,Oruro,"Sucursal Oruro","No disponible",Salida,"Sin evento",
"11/10/2023 08:29",7281679,,,,Oruro,"Sucursal Oruro","No disponible",Salida,"Sin evento",
"11/10/2023 12:33",1,,,,Oruro,"Sucursal Oruro","No disponible",Salida,"Sin evento",
"11/10/2023 18:22",7281679,,,,Oruro,"Sucursal Oruro","No disponible",Salida,"Sin evento",
"12/10/2023 08:14",1,,,,Oruro,"Sucursal Oruro","No disponible",Salida,"Sin evento",
"12/10/2023 08:36",7281679,,,,Oruro,"Sucursal Oruro","No disponible",Salida,"Sin evento",
"12/10/2023 12:35",1,,,,Oruro,"Sucursal Oruro","No disponible","Estado 15","Sin evento",
"12/10/2023 14:23",1,,,,Oruro,"Sucursal Oruro","No disponible",Salida,"Sin evento",
"12/10/2023 19:09",7281679,,,,Oruro,"Sucursal Oruro","No disponible",Salida,"Sin evento",
"12/10/2023 19:10",1,,,,Oruro,"Sucursal Oruro","No disponible",Salida,"Sin evento",
"13/10/2023 08:15",1,,,,Oruro,"Sucursal Oruro","No disponible",Salida,"Sin evento",
"13/10/2023 08:22",7281679,,,,Oruro,"Sucursal Oruro","No disponible",Salida,"Sin evento",
"13/10/2023 12:43",1,,,,Oruro,"Sucursal Oruro","No disponible",Salida,"Sin evento",
"13/10/2023 14:19",1,,,,Oruro,"Sucursal Oruro","No disponible",Salida,"Sin evento",
"13/10/2023 19:15",7281679,,,,Oruro,"Sucursal Oruro","No disponible",Salida,"Sin evento",
"13/10/2023 19:37",1,,,,Oruro,"Sucursal Oruro","No disponible",Salida,"Sin evento",
"14/10/2023 08:58",7281679,,,,Oruro,"Sucursal Oruro","No disponible",Salida,"Sin evento",
"14/10/2023 13:12",7281679,,,,Oruro,"Sucursal Oruro","No disponible",Salida,"Sin evento",
"16/10/2023 07:59",7281679,,,,Oruro,"Sucursal Oruro","No disponible",Salida,"Sin evento",
"16/10/2023 08:07",1,,,,Oruro,"Sucursal Oruro","No disponible",Salida,"Sin evento",
"16/10/2023 12:39",1,,,,Oruro,"Sucursal Oruro","No disponible",Salida,"Sin evento",
"16/10/2023 14:25",1,,,,Oruro,"Sucursal Oruro","No disponible",Salida,"Sin evento",
"16/10/2023 18:57",7281679,,,,Oruro,"Sucursal Oruro","No disponible",Salida,"Sin evento",
"16/10/2023 19:39",1,,,,Oruro,"Sucursal Oruro","No disponible",Salida,"Sin evento",
"17/10/2023 08:13",1,,,,Oruro,"Sucursal Oruro","No disponible",Salida,"Sin evento",
"17/10/2023 08:18",7281679,,,,Oruro,"Sucursal Oruro","No disponible",Salida,"Sin evento",
"17/10/2023 12:31",1,,,,Oruro,"Sucursal Oruro","No disponible",Salida,"Sin evento",
"17/10/2023 14:13",1,,,,Oruro,"Sucursal Oruro","No disponible",Salida,"Sin evento",
"17/10/2023 18:55",7281679,,,,Oruro,"Sucursal Oruro","No disponible",Salida,"Sin evento",
"17/10/2023 19:07",1,,,,Oruro,"Sucursal Oruro","No disponible",Salida,"Sin evento",
"18/10/2023 08:14",1,,,,Oruro,"Sucursal Oruro","No disponible",Salida,"Sin evento",
"18/10/2023 08:23",7281679,,,,Oruro,"Sucursal Oruro","No disponible",Salida,"Sin evento",
"18/10/2023 12:38",1,,,,Oruro,"Sucursal Oruro","No disponible",Salida,"Sin evento",
"18/10/2023 18:56",7281679,,,,Oruro,"Sucursal Oruro","No disponible",Salida,"Sin evento",
"18/10/2023 19:00",1,,,,Oruro,"Sucursal Oruro","No disponible",Salida,"Sin evento",
"19/10/2023 08:15",1,,,,Oruro,"Sucursal Oruro","No disponible",Salida,"Sin evento",
"19/10/2023 08:22",7281679,,,,Oruro,"Sucursal Oruro","No disponible",Salida,"Sin evento",
"19/10/2023 12:30",1,,,,Oruro,"Sucursal Oruro","No disponible",Salida,"Sin evento",
"19/10/2023 14:29",1,,,,Oruro,"Sucursal Oruro","No disponible",Salida,"Sin evento",
"19/10/2023 18:45",1,,,,Oruro,"Sucursal Oruro","No disponible",Salida,"Sin evento",
"19/10/2023 19:04",7281679,,,,Oruro,"Sucursal Oruro","No disponible",Salida,"Sin evento",
"20/10/2023 08:20",1,,,,Oruro,"Sucursal Oruro","No disponible",Salida,"Sin evento",
"20/10/2023 08:34",7281679,,,,Oruro,"Sucursal Oruro","No disponible",Salida,"Sin evento",
"20/10/2023 12:57",1,,,,Oruro,"Sucursal Oruro","No disponible",Salida,"Sin evento",
"20/10/2023 14:22",1,,,,Oruro,"Sucursal Oruro","No disponible",Salida,"Sin evento",
"20/10/2023 18:30",7281679,,,,Oruro,"Sucursal Oruro","No disponible",Salida,"Sin evento",
"20/10/2023 18:57",1,,,,Oruro,"Sucursal Oruro","No disponible",Salida,"Sin evento",
"23/10/2023 08:18",1,,,,Oruro,"Sucursal Oruro","No disponible",Salida,"Sin evento",
"23/10/2023 08:24",7281679,,,,Oruro,"Sucursal Oruro","No disponible",Salida,"Sin evento",
"23/10/2023 12:47",1,,,,Oruro,"Sucursal Oruro","No disponible",Salida,"Sin evento",
"23/10/2023 14:18",1,,,,Oruro,"Sucursal Oruro","No disponible",Salida,"Sin evento",
"23/10/2023 18:36",7281679,,,,Oruro,"Sucursal Oruro","No disponible",Salida,"Sin evento",
"23/10/2023 18:46",1,,,,Oruro,"Sucursal Oruro","No disponible",Salida,"Sin evento",
"24/10/2023 08:23",7281679,,,,Oruro,"Sucursal Oruro","No disponible",Salida,"Sin evento",
"24/10/2023 08:30",1,,,,Oruro,"Sucursal Oruro","No disponible",Salida,"Sin evento",
"24/10/2023 12:49",1,,,,Oruro,"Sucursal Oruro","No disponible",Salida,"Sin evento",
"24/10/2023 14:03",1,,,,Oruro,"Sucursal Oruro","No disponible",Salida,"Sin evento",
"24/10/2023 18:57",7281679,,,,Oruro,"Sucursal Oruro","No disponible",Salida,"Sin evento",
"24/10/2023 18:57",1,,,,Oruro,"Sucursal Oruro","No disponible",Salida,"Sin evento",
"25/10/2023 08:14",1,,,,Oruro,"Sucursal Oruro","No disponible",Salida,"Sin evento",
"25/10/2023 08:33",7281679,,,,Oruro,"Sucursal Oruro","No disponible",Salida,"Sin evento",
"25/10/2023 12:35",1,,,,Oruro,"Sucursal Oruro","No disponible",Salida,"Sin evento",
"25/10/2023 14:07",1,,,,Oruro,"Sucursal Oruro","No disponible",Salida,"Sin evento",
"25/10/2023 18:54",1,,,,Oruro,"Sucursal Oruro","No disponible",Salida,"Sin evento",
"26/10/2023 08:16",1,,,,Oruro,"Sucursal Oruro","No disponible",Salida,"Sin evento",
"26/10/2023 08:25",7281679,,,,Oruro,"Sucursal Oruro","No disponible",Salida,"Sin evento",
"26/10/2023 12:33",1,,,,Oruro,"Sucursal Oruro","No disponible",Salida,"Sin evento",
"26/10/2023 14:26",1,,,,Oruro,"Sucursal Oruro","No disponible",Salida,"Sin evento",
"26/10/2023 18:52",7281679,,,,Oruro,"Sucursal Oruro","No disponible",Salida,"Sin evento",
"26/10/2023 19:26",1,,,,Oruro,"Sucursal Oruro","No disponible",Salida,"Sin evento",
"27/10/2023 08:01",7281679,,,,Oruro,"Sucursal Oruro","No disponible",Salida,"Sin evento",
"27/10/2023 08:10",1,,,,Oruro,"Sucursal Oruro","No disponible",Salida,"Sin evento",
"27/10/2023 12:31",1,,,,Oruro,"Sucursal Oruro","No disponible","Estado 15","Sin evento",
"27/10/2023 14:34",1,,,,Oruro,"Sucursal Oruro","No disponible",Salida,"Sin evento",
"27/10/2023 19:15",7281679,,,,Oruro,"Sucursal Oruro","No disponible",Salida,"Sin evento",
"27/10/2023 19:33",1,,,,Oruro,"Sucursal Oruro","No disponible",Salida,"Sin evento",
"28/10/2023 09:00",7281679,,,,Oruro,"Sucursal Oruro","No disponible",Salida,"Sin evento",
"28/10/2023 12:54",7281679,,,,Oruro,"Sucursal Oruro","No disponible",Salida,"Sin evento",
"30/10/2023 08:13",1,,,,Oruro,"Sucursal Oruro","No disponible",Salida,"Sin evento",
"30/10/2023 08:19",7281679,,,,Oruro,"Sucursal Oruro","No disponible",Salida,"Sin evento",
"30/10/2023 12:34",1,,,,Oruro,"Sucursal Oruro","No disponible","Estado 15","Sin evento",
"30/10/2023 14:20",1,,,,Oruro,"Sucursal Oruro","No disponible","Estado 15","Sin evento",
"30/10/2023 19:14",7281679,,,,Oruro,"Sucursal Oruro","No disponible",Salida,"Sin evento",
"30/10/2023 19:19",1,,,,Oruro,"Sucursal Oruro","No disponible",Salida,"Sin evento",
"31/10/2023 08:13",7281679,,,,Oruro,"Sucursal Oruro","No disponible",Salida,"Sin evento",
"31/10/2023 08:21",1,,,,Oruro,"Sucursal Oruro","No disponible",Salida,"Sin evento",
"31/10/2023 12:37",1,,,,Oruro,"Sucursal Oruro","No disponible",Salida,"Sin evento",
"31/10/2023 14:13",1,,,,Oruro,"Sucursal Oruro","No disponible",Salida,"Sin evento",
"31/10/2023 19:05",7281679,,,,Oruro,"Sucursal Oruro","No disponible",Salida,"Sin evento",
"31/10/2023 19:20",1,,,,Oruro,"Sucursal Oruro","No disponible",Salida,"Sin evento",
"01/11/2023 08:14",7281679,,,,Oruro,"Sucursal Oruro","No disponible",Salida,"Sin evento",
"01/11/2023 08:16",1,,,,Oruro,"Sucursal Oruro","No disponible",Salida,"Sin evento",
"01/11/2023 13:30",7281679,,,,Oruro,"Sucursal Oruro","No disponible",Salida,"Sin evento",
"01/11/2023 13:49",1,,,,Oruro,"Sucursal Oruro","No disponible",Salida,"Sin evento",
"03/11/2023 08:17",7281679,,,,Oruro,"Sucursal Oruro","No disponible",Salida,"Sin evento",
"03/11/2023 08:32",1,,,,Oruro,"Sucursal Oruro","No disponible",Salida,"Sin evento",
"03/11/2023 12:47",1,,,,Oruro,"Sucursal Oruro","No disponible",Salida,"Sin evento",
"03/11/2023 14:04",1,,,,Oruro,"Sucursal Oruro","No disponible",Salida,"Sin evento",
"03/11/2023 19:57",7281679,,,,Oruro,"Sucursal Oruro","No disponible",Salida,"Sin evento",
"03/11/2023 19:57",1,,,,Oruro,"Sucursal Oruro","No disponible",Salida,"Sin evento",
"06/11/2023 08:09",1,,,,Oruro,"Sucursal Oruro","No disponible",Salida,"Sin evento",
"06/11/2023 08:21",7281679,,,,Oruro,"Sucursal Oruro","No disponible",Salida,"Sin evento",
"06/11/2023 12:34",1,,,,Oruro,"Sucursal Oruro","No disponible",Salida,"Sin evento",
"06/11/2023 14:25",1,,,,Oruro,"Sucursal Oruro","No disponible",Salida,"Sin evento",
"06/11/2023 19:22",7281679,,,,Oruro,"Sucursal Oruro","No disponible",Salida,"Sin evento",
"06/11/2023 19:26",1,,,,Oruro,"Sucursal Oruro","No disponible",Salida,"Sin evento",
"07/11/2023 08:06",7281679,,,,Oruro,"Sucursal Oruro","No disponible",Salida,"Sin evento",
"07/11/2023 08:13",1,,,,Oruro,"Sucursal Oruro","No disponible",Salida,"Sin evento",
"07/11/2023 12:59",1,,,,Oruro,"Sucursal Oruro","No disponible",Salida,"Sin evento",
"07/11/2023 14:33",1,,,,Oruro,"Sucursal Oruro","No disponible",Salida,"Sin evento",
"07/11/2023 19:00",7281679,,,,Oruro,"Sucursal Oruro","No disponible",Salida,"Sin evento",
"07/11/2023 19:11",1,,,,Oruro,"Sucursal Oruro","No disponible",Salida,"Sin evento",
"08/11/2023 08:13",1,,,,Oruro,"Sucursal Oruro","No disponible",Salida,"Sin evento",
"08/11/2023 08:29",7281679,,,,Oruro,"Sucursal Oruro","No disponible",Salida,"Sin evento",
"08/11/2023 12:37",1,,,,Oruro,"Sucursal Oruro","No disponible",Salida,"Sin evento",
"08/11/2023 14:28",1,,,,Oruro,"Sucursal Oruro","No disponible",Salida,"Sin evento",
"08/11/2023 18:46",1,,,,Oruro,"Sucursal Oruro","No disponible",Salida,"Sin evento",
"08/11/2023 18:56",7281679,,,,Oruro,"Sucursal Oruro","No disponible",Salida,"Sin evento",
"09/11/2023 08:03",1,,,,Oruro,"Sucursal Oruro","No disponible",Salida,"Sin evento",
"09/11/2023 08:19",7281679,,,,Oruro,"Sucursal Oruro","No disponible",Salida,"Sin evento",
"09/11/2023 12:40",1,,,,Oruro,"Sucursal Oruro","No disponible",Salida,"Sin evento",
"09/11/2023 14:30",1,,,,Oruro,"Sucursal Oruro","No disponible","Estado 15","Sin evento",
"09/11/2023 19:13",7281679,,,,Oruro,"Sucursal Oruro","No disponible",Salida,"Sin evento",
"09/11/2023 19:29",1,,,,Oruro,"Sucursal Oruro","No disponible",Salida,"Sin evento",
"10/11/2023 08:15",1,,,,Oruro,"Sucursal Oruro","No disponible",Salida,"Sin evento",
"10/11/2023 08:27",7281679,,,,Oruro,"Sucursal Oruro","No disponible",Salida,"Sin evento",
"10/11/2023 12:31",1,,,,Oruro,"Sucursal Oruro","No disponible",Salida,"Sin evento",
"10/11/2023 14:26",1,,,,Oruro,"Sucursal Oruro","No disponible",Salida,"Sin evento",
"10/11/2023 19:01",7281679,,,,Oruro,"Sucursal Oruro","No disponible",Salida,"Sin evento",
"10/11/2023 19:06",1,,,,Oruro,"Sucursal Oruro","No disponible",Salida,"Sin evento",
"11/11/2023 09:09",7281679,,,,Oruro,"Sucursal Oruro","No disponible",Salida,"Sin evento",
"11/11/2023 12:35",7281679,,,,Oruro,"Sucursal Oruro","No disponible",Salida,"Sin evento",
"13/11/2023 08:13",1,,,,Oruro,"Sucursal Oruro","No disponible",Salida,"Sin evento",
"13/11/2023 08:40",7281679,,,,Oruro,"Sucursal Oruro","No disponible",Salida,"Sin evento",
"13/11/2023 12:44",1,,,,Oruro,"Sucursal Oruro","No disponible",Salida,"Sin evento",
"13/11/2023 14:30",1,,,,Oruro,"Sucursal Oruro","No disponible",Salida,"Sin evento",
"13/11/2023 18:51",7281679,,,,Oruro,"Sucursal Oruro","No disponible",Salida,"Sin evento",
"13/11/2023 19:10",1,,,,Oruro,"Sucursal Oruro","No disponible",Salida,"Sin evento",
"14/11/2023 08:10",1,,,,Oruro,"Sucursal Oruro","No disponible",Salida,"Sin evento",
"14/11/2023 08:28",7281679,,,,Oruro,"Sucursal Oruro","No disponible",Salida,"Sin evento",
"14/11/2023 12:42",1,,,,Oruro,"Sucursal Oruro","No disponible",Salida,"Sin evento",
"14/11/2023 14:08",1,,,,Oruro,"Sucursal Oruro","No disponible",Salida,"Sin evento",
"14/11/2023 19:14",7281679,,,,Oruro,"Sucursal Oruro","No disponible",Salida,"Sin evento",
"14/11/2023 19:19",1,,,,Oruro,"Sucursal Oruro","No disponible",Salida,"Sin evento",
"15/11/2023 08:15",7281679,,,,Oruro,"Sucursal Oruro","No disponible",Salida,"Sin evento",
"15/11/2023 08:23",1,,,,Oruro,"Sucursal Oruro","No disponible",Salida,"Sin evento",
"15/11/2023 12:53",1,,,,Oruro,"Sucursal Oruro","No disponible",Salida,"Sin evento",
"15/11/2023 14:24",1,,,,Oruro,"Sucursal Oruro","No disponible",Salida,"Sin evento",
"15/11/2023 18:58",7281679,,,,Oruro,"Sucursal Oruro","No disponible",Salida,"Sin evento",
"15/11/2023 19:00",1,,,,Oruro,"Sucursal Oruro","No disponible",Salida,"Sin evento",
"16/11/2023 08:15",1,,,,Oruro,"Sucursal Oruro","No disponible",Salida,"Sin evento",
"16/11/2023 08:25",7281679,,,,Oruro,"Sucursal Oruro","No disponible",Salida,"Sin evento",
"16/11/2023 12:41",1,,,,Oruro,"Sucursal Oruro","No disponible",Salida,"Sin evento",
"16/11/2023 14:23",1,,,,Oruro,"Sucursal Oruro","No disponible",Salida,"Sin evento",
"16/11/2023 19:21",7281679,,,,Oruro,"Sucursal Oruro","No disponible",Salida,"Sin evento",
"16/11/2023 19:22",1,,,,Oruro,"Sucursal Oruro","No disponible",Salida,"Sin evento",
"17/11/2023 08:17",7281679,,,,Oruro,"Sucursal Oruro","No disponible",Salida,"Sin evento",
"17/11/2023 08:27",1,,,,Oruro,"Sucursal Oruro","No disponible","Estado 15","Sin evento",
"17/11/2023 12:56",1,,,,Oruro,"Sucursal Oruro","No disponible",Salida,"Sin evento",
"17/11/2023 18:31",7281679,,,,Oruro,"Sucursal Oruro","No disponible",Salida,"Sin evento",
"20/11/2023 08:09",7281679,,,,Oruro,"Sucursal Oruro","No disponible",Salida,"Sin evento",
"20/11/2023 08:30",1,,,,Oruro,"Sucursal Oruro","No disponible",Salida,"Sin evento",
"20/11/2023 12:39",1,,,,Oruro,"Sucursal Oruro","No disponible",Salida,"Sin evento",
"20/11/2023 14:32",1,,,,Oruro,"Sucursal Oruro","No disponible",Salida,"Sin evento",
"20/11/2023 18:45",1,,,,Oruro,"Sucursal Oruro","No disponible",Salida,"Sin evento",
"21/11/2023 08:10",1,,,,Oruro,"Sucursal Oruro","No disponible",Salida,"Sin evento",
"21/11/2023 08:14",7281679,,,,Oruro,"Sucursal Oruro","No disponible",Salida,"Sin evento",
"21/11/2023 12:53",1,,,,Oruro,"Sucursal Oruro","No disponible",Salida,"Sin evento",
"21/11/2023 14:22",1,,,,Oruro,"Sucursal Oruro","No disponible",Salida,"Sin evento",
"21/11/2023 18:49",7281679,,,,Oruro,"Sucursal Oruro","No disponible",Salida,"Sin evento",
"21/11/2023 19:18",1,,,,Oruro,"Sucursal Oruro","No disponible",Salida,"Sin evento",
"22/11/2023 08:16",7281679,,,,Oruro,"Sucursal Oruro","No disponible",Salida,"Sin evento",
"22/11/2023 08:20",1,,,,Oruro,"Sucursal Oruro","No disponible",Salida,"Sin evento",
"22/11/2023 12:40",1,,,,Oruro,"Sucursal Oruro","No disponible",Salida,"Sin evento",
"22/11/2023 14:26",1,,,,Oruro,"Sucursal Oruro","No disponible",Salida,"Sin evento",
"22/11/2023 18:59",7281679,,,,Oruro,"Sucursal Oruro","No disponible",Salida,"Sin evento",
"22/11/2023 19:35",1,,,,Oruro,"Sucursal Oruro","No disponible",Salida,"Sin evento",
"23/11/2023 08:16",7281679,,,,Oruro,"Sucursal Oruro","No disponible",Salida,"Sin evento",
"23/11/2023 08:30",1,,,,Oruro,"Sucursal Oruro","No disponible",Salida,"Sin evento",
"23/11/2023 12:47",1,,,,Oruro,"Sucursal Oruro","No disponible",Salida,"Sin evento",
"23/11/2023 14:26",1,,,,Oruro,"Sucursal Oruro","No disponible",Salida,"Sin evento",
"23/11/2023 19:08",7281679,,,,Oruro,"Sucursal Oruro","No disponible",Salida,"Sin evento",
"23/11/2023 19:25",1,,,,Oruro,"Sucursal Oruro","No disponible",Salida,"Sin evento",
"24/11/2023 08:06",1,,,,Oruro,"Sucursal Oruro","No disponible",Salida,"Sin evento",
"24/11/2023 08:06",6152971,,,,Oruro,"Sucursal Oruro","No disponible","Retorno de descanso","Sin evento",
"24/11/2023 08:13",1,,,,Oruro,"Sucursal Oruro","No disponible",Salida,"Sin evento",
"24/11/2023 08:17",7281679,,,,Oruro,"Sucursal Oruro","No disponible",Salida,"Sin evento",
"24/11/2023 12:32",1,,,,Oruro,"Sucursal Oruro","No disponible",Salida,"Sin evento",
"24/11/2023 14:05",1,,,,Oruro,"Sucursal Oruro","No disponible",Salida,"Sin evento",
"24/11/2023 18:51",1,,,,Oruro,"Sucursal Oruro","No disponible",Salida,"Sin evento",
"24/11/2023 18:58",7281679,,,,Oruro,"Sucursal Oruro","No disponible",Salida,"Sin evento",
"25/11/2023 09:03",7281679,,,,Oruro,"Sucursal Oruro","No disponible",Salida,"Sin evento",
"25/11/2023 12:50",7281679,,,,Oruro,"Sucursal Oruro","No disponible",Salida,"Sin evento",
"27/11/2023 08:27",7281679,,,,Oruro,"Sucursal Oruro","No disponible",Salida,"Sin evento",
"27/11/2023 08:28",1,,,,Oruro,"Sucursal Oruro","No disponible",Salida,"Sin evento",
"27/11/2023 12:40",1,,,,Oruro,"Sucursal Oruro","No disponible",Salida,"Sin evento",
"27/11/2023 14:27",1,,,,Oruro,"Sucursal Oruro","No disponible",Salida,"Sin evento",
"27/11/2023 19:14",1,,,,Oruro,"Sucursal Oruro","No disponible",Salida,"Sin evento",
"27/11/2023 19:15",7281679,,,,Oruro,"Sucursal Oruro","No disponible",Salida,"Sin evento",
"28/11/2023 08:07",1,,,,Oruro,"Sucursal Oruro","No disponible",Salida,"Sin evento",
"28/11/2023 08:15",7281679,,,,Oruro,"Sucursal Oruro","No disponible",Salida,"Sin evento",
"28/11/2023 12:41",1,,,,Oruro,"Sucursal Oruro","No disponible",Salida,"Sin evento",
"28/11/2023 14:30",1,,,,Oruro,"Sucursal Oruro","No disponible","Estado 15","Sin evento",
"28/11/2023 19:04",7281679,,,,Oruro,"Sucursal Oruro","No disponible",Salida,"Sin evento",
"28/11/2023 19:42",1,,,,Oruro,"Sucursal Oruro","No disponible",Salida,"Sin evento",
"29/11/2023 08:05",1,,,,Oruro,"Sucursal Oruro","No disponible",Salida,"Sin evento",
"29/11/2023 08:06",7281679,,,,Oruro,"Sucursal Oruro","No disponible",Salida,"Sin evento",
"29/11/2023 12:49",1,,,,Oruro,"Sucursal Oruro","No disponible",Salida,"Sin evento",
"29/11/2023 14:16",1,,,,Oruro,"Sucursal Oruro","No disponible",Salida,"Sin evento",
"29/11/2023 19:04",7281679,,,,Oruro,"Sucursal Oruro","No disponible",Salida,"Sin evento",
"29/11/2023 19:05",1,,,,Oruro,"Sucursal Oruro","No disponible",Salida,"Sin evento",
"30/11/2023 08:05",1,,,,Oruro,"Sucursal Oruro","No disponible",Salida,"Sin evento",
"30/11/2023 08:25",7281679,,,,Oruro,"Sucursal Oruro","No disponible",Salida,"Sin evento",
"30/11/2023 12:44",1,,,,Oruro,"Sucursal Oruro","No disponible",Salida,"Sin evento",
"30/11/2023 14:29",1,,,,Oruro,"Sucursal Oruro","No disponible",Salida,"Sin evento",
"30/11/2023 18:56",7281679,,,,Oruro,"Sucursal Oruro","No disponible",Salida,"Sin evento",
"30/11/2023 19:01",1,,,,Oruro,"Sucursal Oruro","No disponible",Salida,"Sin evento",
"01/12/2023 08:15",1,,,,Oruro,"Sucursal Oruro","No disponible",Salida,"Sin evento",
"01/12/2023 08:16",7281679,,,,Oruro,"Sucursal Oruro","No disponible",Salida,"Sin evento",
"01/12/2023 12:55",1,,,,Oruro,"Sucursal Oruro","No disponible",Salida,"Sin evento",
"01/12/2023 14:22",1,,,,Oruro,"Sucursal Oruro","No disponible",Salida,"Sin evento",
"01/12/2023 19:02",7281679,,,,Oruro,"Sucursal Oruro","No disponible",Salida,"Sin evento",
"01/12/2023 19:23",1,,,,Oruro,"Sucursal Oruro","No disponible",Salida,"Sin evento",
"04/12/2023 08:08",1,,,,Oruro,"Sucursal Oruro","No disponible",Salida,"Sin evento",
"04/12/2023 08:20",7281679,,,,Oruro,"Sucursal Oruro","No disponible",Salida,"Sin evento",
"04/12/2023 12:41",1,,,,Oruro,"Sucursal Oruro","No disponible",Salida,"Sin evento",
"04/12/2023 14:22",1,,,,Oruro,"Sucursal Oruro","No disponible",Salida,"Sin evento",
"04/12/2023 19:14",7281679,,,,Oruro,"Sucursal Oruro","No disponible",Salida,"Sin evento",
"04/12/2023 19:21",1,,,,Oruro,"Sucursal Oruro","No disponible",Salida,"Sin evento",
"05/12/2023 08:13",1,,,,Oruro,"Sucursal Oruro","No disponible",Salida,"Sin evento",
"05/12/2023 08:22",7281679,,,,Oruro,"Sucursal Oruro","No disponible",Salida,"Sin evento",
"05/12/2023 12:36",1,,,,Oruro,"Sucursal Oruro","No disponible",Salida,"Sin evento",
"05/12/2023 14:15",1,,,,Oruro,"Sucursal Oruro","No disponible",Salida,"Sin evento",
"05/12/2023 19:11",7281679,,,,Oruro,"Sucursal Oruro","No disponible",Salida,"Sin evento",
"05/12/2023 19:25",1,,,,Oruro,"Sucursal Oruro","No disponible",Salida,"Sin evento",
"06/12/2023 08:18",1,,,,Oruro,"Sucursal Oruro","No disponible",Salida,"Sin evento",
"06/12/2023 08:18",7281679,,,,Oruro,"Sucursal Oruro","No disponible",Salida,"Sin evento",
"06/12/2023 12:48",1,,,,Oruro,"Sucursal Oruro","No disponible",Salida,"Sin evento",
"06/12/2023 14:30",1,,,,Oruro,"Sucursal Oruro","No disponible",Salida,"Sin evento",
"06/12/2023 19:31",7281679,,,,Oruro,"Sucursal Oruro","No disponible",Salida,"Sin evento",
"06/12/2023 19:31",1,,,,Oruro,"Sucursal Oruro","No disponible",Salida,"Sin evento",
"07/12/2023 08:25",7281679,,,,Oruro,"Sucursal Oruro","No disponible",Salida,"Sin evento",
"07/12/2023 08:34",1,,,,Oruro,"Sucursal Oruro","No disponible",Salida,"Sin evento",
"07/12/2023 12:41",1,,,,Oruro,"Sucursal Oruro","No disponible",Salida,"Sin evento",
"07/12/2023 14:19",1,,,,Oruro,"Sucursal Oruro","No disponible",Salida,"Sin evento",
"07/12/2023 19:14",7281679,,,,Oruro,"Sucursal Oruro","No disponible",Salida,"Sin evento",
"07/12/2023 19:29",1,,,,Oruro,"Sucursal Oruro","No disponible",Salida,"Sin evento",
"08/12/2023 08:08",1,,,,Oruro,"Sucursal Oruro","No disponible",Salida,"Sin evento",
"08/12/2023 08:16",7281679,,,,Oruro,"Sucursal Oruro","No disponible",Salida,"Sin evento",
"08/12/2023 12:45",1,,,,Oruro,"Sucursal Oruro","No disponible",Salida,"Sin evento",
"08/12/2023 14:33",1,,,,Oruro,"Sucursal Oruro","No disponible",Salida,"Sin evento",
"08/12/2023 19:38",7281679,,,,Oruro,"Sucursal Oruro","No disponible",Salida,"Sin evento",
"08/12/2023 19:40",1,,,,Oruro,"Sucursal Oruro","No disponible",Salida,"Sin evento",
"09/12/2023 08:46",7281679,,,,Oruro,"Sucursal Oruro","No disponible",Salida,"Sin evento",
"11/12/2023 08:16",7281679,,,,Oruro,"Sucursal Oruro","No disponible",Salida,"Sin evento",
"11/12/2023 08:31",1,,,,Oruro,"Sucursal Oruro","No disponible",Salida,"Sin evento",
"11/12/2023 12:42",1,,,,Oruro,"Sucursal Oruro","No disponible",Salida,"Sin evento",
"11/12/2023 14:26",1,,,,Oruro,"Sucursal Oruro","No disponible",Salida,"Sin evento",
"11/12/2023 19:26",7281679,,,,Oruro,"Sucursal Oruro","No disponible",Salida,"Sin evento",
"11/12/2023 19:33",1,,,,Oruro,"Sucursal Oruro","No disponible",Salida,"Sin evento",
"12/12/2023 08:20",7281679,,,,Oruro,"Sucursal Oruro","No disponible",Salida,"Sin evento",
"12/12/2023 08:29",1,,,,Oruro,"Sucursal Oruro","No disponible",Salida,"Sin evento",
"12/12/2023 12:37",1,,,,Oruro,"Sucursal Oruro","No disponible",Salida,"Sin evento",
"12/12/2023 14:30",1,,,,Oruro,"Sucursal Oruro","No disponible",Salida,"Sin evento",
"12/12/2023 19:30",1,,,,Oruro,"Sucursal Oruro","No disponible",Salida,"Sin evento",
"12/12/2023 19:36",7281679,,,,Oruro,"Sucursal Oruro","No disponible",Salida,"Sin evento",
"13/12/2023 08:22",7281679,,,,Oruro,"Sucursal Oruro","No disponible",Salida,"Sin evento",
"13/12/2023 08:25",1,,,,Oruro,"Sucursal Oruro","No disponible",Salida,"Sin evento",
"13/12/2023 12:36",1,,,,Oruro,"Sucursal Oruro","No disponible",Salida,"Sin evento",
"13/12/2023 14:21",1,,,,Oruro,"Sucursal Oruro","No disponible",Salida,"Sin evento",
"13/12/2023 19:33",7281679,,,,Oruro,"Sucursal Oruro","No disponible",Salida,"Sin evento",
"13/12/2023 19:37",1,,,,Oruro,"Sucursal Oruro","No disponible",Salida,"Sin evento",
"14/12/2023 08:22",7281679,,,,Oruro,"Sucursal Oruro","No disponible",Salida,"Sin evento",
"14/12/2023 08:34",1,,,,Oruro,"Sucursal Oruro","No disponible",Salida,"Sin evento",
"14/12/2023 12:42",1,,,,Oruro,"Sucursal Oruro","No disponible",Salida,"Sin evento",
"14/12/2023 14:24",1,,,,Oruro,"Sucursal Oruro","No disponible",Salida,"Sin evento",
"14/12/2023 18:49",1,,,,Oruro,"Sucursal Oruro","No disponible",Salida,"Sin evento",
"14/12/2023 19:07",7281679,,,,Oruro,"Sucursal Oruro","No disponible",Salida,"Sin evento",
"15/12/2023 08:24",7281679,,,,Oruro,"Sucursal Oruro","No disponible",Salida,"Sin evento",
"15/12/2023 08:40",1,,,,Oruro,"Sucursal Oruro","No disponible",Salida,"Sin evento",
"15/12/2023 12:43",1,,,,Oruro,"Sucursal Oruro","No disponible",Salida,"Sin evento",
"15/12/2023 14:35",1,,,,Oruro,"Sucursal Oruro","No disponible",Salida,"Sin evento",
"15/12/2023 18:58",1,,,,Oruro,"Sucursal Oruro","No disponible",Salida,"Sin evento",
"15/12/2023 18:59",7281679,,,,Oruro,"Sucursal Oruro","No disponible",Salida,"Sin evento",
"16/12/2023 08:47",7281679,,,,Oruro,"Sucursal Oruro","No disponible",Salida,"Sin evento",
"16/12/2023 13:11",7281679,,,,Oruro,"Sucursal Oruro","No disponible",Salida,"Sin evento",
"18/12/2023 08:23",1,,,,Oruro,"Sucursal Oruro","No disponible",Salida,"Sin evento",
"18/12/2023 08:25",7281679,,,,Oruro,"Sucursal Oruro","No disponible",Salida,"Sin evento",
"18/12/2023 12:53",1,,,,Oruro,"Sucursal Oruro","No disponible",Salida,"Sin evento",
"18/12/2023 14:11",1,,,,Oruro,"Sucursal Oruro","No disponible",Salida,"Sin evento",
"18/12/2023 18:46",1,,,,Oruro,"Sucursal Oruro","No disponible",Salida,"Sin evento",
"18/12/2023 18:55",7281679,,,,Oruro,"Sucursal Oruro","No disponible",Salida,"Sin evento",
"19/12/2023 08:10",1,,,,Oruro,"Sucursal Oruro","No disponible",Salida,"Sin evento",
"19/12/2023 08:20",7281679,,,,Oruro,"Sucursal Oruro","No disponible",Salida,"Sin evento",
"19/12/2023 12:38",1,,,,Oruro,"Sucursal Oruro","No disponible",Salida,"Sin evento",
"19/12/2023 14:35",1,,,,Oruro,"Sucursal Oruro","No disponible",Salida,"Sin evento",
"19/12/2023 19:07",1,,,,Oruro,"Sucursal Oruro","No disponible",Salida,"Sin evento",
"19/12/2023 19:28",7281679,,,,Oruro,"Sucursal Oruro","No disponible",Salida,"Sin evento",
"20/12/2023 08:12",7281679,,,,Oruro,"Sucursal Oruro","No disponible",Salida,"Sin evento",
"20/12/2023 08:31",1,,,,Oruro,"Sucursal Oruro","No disponible",Salida,"Sin evento",
"20/12/2023 12:45",1,,,,Oruro,"Sucursal Oruro","No disponible",Salida,"Sin evento",
"20/12/2023 14:13",1,,,,Oruro,"Sucursal Oruro","No disponible",Salida,"Sin evento",
"20/12/2023 19:16",1,,,,Oruro,"Sucursal Oruro","No disponible",Salida,"Sin evento",
"20/12/2023 19:27",7281679,,,,Oruro,"Sucursal Oruro","No disponible",Salida,"Sin evento",
"21/12/2023 08:17",7281679,,,,Oruro,"Sucursal Oruro","No disponible",Salida,"Sin evento",
"21/12/2023 08:26",1,,,,Oruro,"Sucursal Oruro","No disponible",Salida,"Sin evento",
"21/12/2023 08:29",7281679,,,,Oruro,"Sucursal Oruro","No disponible",Salida,"Sin evento",
"21/12/2023 12:34",1,,,,Oruro,"Sucursal Oruro","No disponible",Salida,"Sin evento",
"21/12/2023 14:28",1,,,,Oruro,"Sucursal Oruro","No disponible",Salida,"Sin evento",
"21/12/2023 18:55",1,,,,Oruro,"Sucursal Oruro","No disponible",Salida,"Sin evento",
"21/12/2023 19:00",7281679,,,,Oruro,"Sucursal Oruro","No disponible",Salida,"Sin evento",
"21/12/2023 19:16",7281679,,,,Oruro,"Sucursal Oruro","No disponible",Salida,"Sin evento",
"22/12/2023 07:56",1,,,,Oruro,"Sucursal Oruro","No disponible",Salida,"Sin evento",
"22/12/2023 08:13",7281679,,,,Oruro,"Sucursal Oruro","No disponible",Salida,"Sin evento",
"22/12/2023 12:56",1,,,,Oruro,"Sucursal Oruro","No disponible",Salida,"Sin evento",
"22/12/2023 14:16",1,,,,Oruro,"Sucursal Oruro","No disponible",Salida,"Sin evento",
"22/12/2023 19:05",7281679,,,,Oruro,"Sucursal Oruro","No disponible",Salida,"Sin evento",
"22/12/2023 19:45",1,,,,Oruro,"Sucursal Oruro","No disponible",Salida,"Sin evento",
"26/12/2023 08:15",1,,,,Oruro,"Sucursal Oruro","No disponible",Salida,"Sin evento",
"26/12/2023 08:36",7281679,,,,Oruro,"Sucursal Oruro","No disponible",Salida,"Sin evento",
"26/12/2023 12:59",1,,,,Oruro,"Sucursal Oruro","No disponible",Salida,"Sin evento",
"26/12/2023 14:29",1,,,,Oruro,"Sucursal Oruro","No disponible",Salida,"Sin evento",
"26/12/2023 18:54",1,,,,Oruro,"Sucursal Oruro","No disponible",Salida,"Sin evento",
"26/12/2023 19:13",7281679,,,,Oruro,"Sucursal Oruro","No disponible",Salida,"Sin evento",
"27/12/2023 08:18",1,,,,Oruro,"Sucursal Oruro","No disponible",Salida,"Sin evento",
"27/12/2023 08:25",7281679,,,,Oruro,"Sucursal Oruro","No disponible",Salida,"Sin evento",
"27/12/2023 12:45",1,,,,Oruro,"Sucursal Oruro","No disponible",Salida,"Sin evento",
"27/12/2023 14:35",1,,,,Oruro,"Sucursal Oruro","No disponible",Salida,"Sin evento",
"27/12/2023 19:05",1,,,,Oruro,"Sucursal Oruro","No disponible",Salida,"Sin evento",
"27/12/2023 19:35",7281679,,,,Oruro,"Sucursal Oruro","No disponible",Salida,"Sin evento",
"28/12/2023 08:17",1,,,,Oruro,"Sucursal Oruro","No disponible",Salida,"Sin evento",
"28/12/2023 08:22",7281679,,,,Oruro,"Sucursal Oruro","No disponible",Salida,"Sin evento",
"28/12/2023 12:42",1,,,,Oruro,"Sucursal Oruro","No disponible",Salida,"Sin evento",
"28/12/2023 19:02",7281679,,,,Oruro,"Sucursal Oruro","No disponible",Salida,"Sin evento",
"29/12/2023 08:23",1,,,,Oruro,"Sucursal Oruro","No disponible",Salida,"Sin evento",
"29/12/2023 08:23",7281679,,,,Oruro,"Sucursal Oruro","No disponible",Salida,"Sin evento",
"29/12/2023 12:47",1,,,,Oruro,"Sucursal Oruro","No disponible",Salida,"Sin evento",
"29/12/2023 14:00",1,,,,Oruro,"Sucursal Oruro","No disponible",Salida,"Sin evento",
"29/12/2023 19:01",7281679,,,,Oruro,"Sucursal Oruro","No disponible",Salida,"Sin evento",
"29/12/2023 19:05",1,,,,Oruro,"Sucursal Oruro","No disponible",Salida,"Sin evento",
"02/01/2024 08:20",7281679,,,,Oruro,"Sucursal Oruro","No disponible",Salida,"Sin evento",
"02/01/2024 08:27",1,,,,Oruro,"Sucursal Oruro","No disponible",Salida,"Sin evento",
"02/01/2024 12:53",1,,,,Oruro,"Sucursal Oruro","No disponible",Salida,"Sin evento",
"02/01/2024 14:35",1,,,,Oruro,"Sucursal Oruro","No disponible",Salida,"Sin evento",
"02/01/2024 19:18",7281679,,,,Oruro,"Sucursal Oruro","No disponible",Salida,"Sin evento",
"02/01/2024 19:57",1,,,,Oruro,"Sucursal Oruro","No disponible",Salida,"Sin evento",
"03/01/2024 08:13",1,,,,Oruro,"Sucursal Oruro","No disponible",Salida,"Sin evento",
"03/01/2024 08:18",7281679,,,,Oruro,"Sucursal Oruro","No disponible",Salida,"Sin evento",
"03/01/2024 12:58",1,,,,Oruro,"Sucursal Oruro","No disponible",Salida,"Sin evento",
"03/01/2024 14:32",1,,,,Oruro,"Sucursal Oruro","No disponible",Salida,"Sin evento",
"03/01/2024 19:10",1,,,,Oruro,"Sucursal Oruro","No disponible",Salida,"Sin evento",
"03/01/2024 19:17",7281679,,,,Oruro,"Sucursal Oruro","No disponible",Salida,"Sin evento",
"04/01/2024 08:27",7281679,,,,Oruro,"Sucursal Oruro","No disponible",Salida,"Sin evento",
"04/01/2024 08:31",1,,,,Oruro,"Sucursal Oruro","No disponible",Salida,"Sin evento",
"04/01/2024 12:43",1,,,,Oruro,"Sucursal Oruro","No disponible",Salida,"Sin evento",
"04/01/2024 14:10",1,,,,Oruro,"Sucursal Oruro","No disponible",Salida,"Sin evento",
"04/01/2024 19:13",7281679,,,,Oruro,"Sucursal Oruro","No disponible",Salida,"Sin evento",
"04/01/2024 19:13",1,,,,Oruro,"Sucursal Oruro","No disponible",Salida,"Sin evento",
"05/01/2024 08:07",7281679,,,,Oruro,"Sucursal Oruro","No disponible",Salida,"Sin evento",
"05/01/2024 08:27",1,,,,Oruro,"Sucursal Oruro","No disponible",Salida,"Sin evento",
"05/01/2024 12:44",1,,,,Oruro,"Sucursal Oruro","No disponible",Salida,"Sin evento",
"05/01/2024 14:31",1,,,,Oruro,"Sucursal Oruro","No disponible",Salida,"Sin evento",
"05/01/2024 19:20",7281679,,,,Oruro,"Sucursal Oruro","No disponible",Salida,"Sin evento",
"05/01/2024 19:21",1,,,,Oruro,"Sucursal Oruro","No disponible",Salida,"Sin evento",
"06/01/2024 08:45",7281679,,,,Oruro,"Sucursal Oruro","No disponible",Salida,"Sin evento",
"06/01/2024 13:00",7281679,,,,Oruro,"Sucursal Oruro","No disponible",Salida,"Sin evento",
"08/01/2024 08:21",7281679,,,,Oruro,"Sucursal Oruro","No disponible",Salida,"Sin evento",
"08/01/2024 08:34",1,,,,Oruro,"Sucursal Oruro","No disponible",Salida,"Sin evento",
"08/01/2024 12:43",1,,,,Oruro,"Sucursal Oruro","No disponible",Salida,"Sin evento",
"08/01/2024 18:54",7281679,,,,Oruro,"Sucursal Oruro","No disponible",Salida,"Sin evento",
"09/01/2024 08:19",7281679,,,,Oruro,"Sucursal Oruro","No disponible",Salida,"Sin evento",
"09/01/2024 08:28",1,,,,Oruro,"Sucursal Oruro","No disponible",Salida,"Sin evento",
"09/01/2024 12:57",1,,,,Oruro,"Sucursal Oruro","No disponible",Salida,"Sin evento",
"09/01/2024 14:29",1,,,,Oruro,"Sucursal Oruro","No disponible",Salida,"Sin evento",
"09/01/2024 19:16",7281679,,,,Oruro,"Sucursal Oruro","No disponible",Salida,"Sin evento",
"09/01/2024 19:18",1,,,,Oruro,"Sucursal Oruro","No disponible",Salida,"Sin evento",
"10/01/2024 08:18",7281679,,,,Oruro,"Sucursal Oruro","No disponible",Salida,"Sin evento",
"10/01/2024 08:32",1,,,,Oruro,"Sucursal Oruro","No disponible",Salida,"Sin evento",
"10/01/2024 12:50",1,,,,Oruro,"Sucursal Oruro","No disponible",Salida,"Sin evento",
"10/01/2024 14:34",1,,,,Oruro,"Sucursal Oruro","No disponible",Salida,"Sin evento",
"10/01/2024 19:17",5,,,,Oruro,"Sucursal Oruro","No disponible",Salida,"Sin evento",
"10/01/2024 19:22",7281679,,,,Oruro,"Sucursal Oruro","No disponible",Salida,"Sin evento",
"10/01/2024 19:23",1,,,,Oruro,"Sucursal Oruro","No disponible",Salida,"Sin evento",
"11/01/2024 08:31",7281679,,,,Oruro,"Sucursal Oruro","No disponible",Salida,"Sin evento",
"11/01/2024 08:32",5,,,,Oruro,"Sucursal Oruro","No disponible",Salida,"Sin evento",
"11/01/2024 08:40",1,,,,Oruro,"Sucursal Oruro","No disponible",Salida,"Sin evento",
"11/01/2024 12:40",1,,,,Oruro,"Sucursal Oruro","No disponible",Salida,"Sin evento",
"11/01/2024 18:55",5,,,,Oruro,"Sucursal Oruro","No disponible",Salida,"Sin evento",
"11/01/2024 19:07",7281679,,,,Oruro,"Sucursal Oruro","No disponible",Salida,"Sin evento",
"11/01/2024 19:17",1,,,,Oruro,"Sucursal Oruro","No disponible",Salida,"Sin evento",
"12/01/2024 08:28",7281679,,,,Oruro,"Sucursal Oruro","No disponible",Salida,"Sin evento",
"12/01/2024 08:28",5,,,,Oruro,"Sucursal Oruro","No disponible",Salida,"Sin evento",
"12/01/2024 08:30",1,,,,Oruro,"Sucursal Oruro","No disponible",Salida,"Sin evento",
"12/01/2024 13:00",1,,,,Oruro,"Sucursal Oruro","No disponible",Salida,"Sin evento",
"12/01/2024 19:23",5,,,,Oruro,"Sucursal Oruro","No disponible",Salida,"Sin evento",
"12/01/2024 19:23",7281679,,,,Oruro,"Sucursal Oruro","No disponible",Salida,"Sin evento",
"12/01/2024 19:36",1,,,,Oruro,"Sucursal Oruro","No disponible",Salida,"Sin evento",
"13/01/2024 08:47",7281679,,,,Oruro,"Sucursal Oruro","No disponible",Salida,"Sin evento",
"13/01/2024 08:47",5,,,,Oruro,"Sucursal Oruro","No disponible",Salida,"Sin evento",
"13/01/2024 12:58",5,,,,Oruro,"Sucursal Oruro","No disponible",Salida,"Sin evento",
"13/01/2024 13:00",5,,,,Oruro,"Sucursal Oruro","No disponible",Salida,"Sin evento",
"13/01/2024 13:00",7281679,,,,Oruro,"Sucursal Oruro","No disponible",Salida,"Sin evento",
"15/01/2024 08:27",1,,,,Oruro,"Sucursal Oruro","No disponible",Salida,"Sin evento",
"15/01/2024 08:31",7281679,,,,Oruro,"Sucursal Oruro","No disponible",Salida,"Sin evento",
"15/01/2024 08:35",5,,,,Oruro,"Sucursal Oruro","No disponible",Salida,"Sin evento",
"15/01/2024 12:44",1,,,,Oruro,"Sucursal Oruro","No disponible",Salida,"Sin evento",
"15/01/2024 14:32",1,,,,Oruro,"Sucursal Oruro","No disponible",Salida,"Sin evento",
"15/01/2024 18:49",5,,,,Oruro,"Sucursal Oruro","No disponible",Salida,"Sin evento",
"15/01/2024 19:05",7281679,,,,Oruro,"Sucursal Oruro","No disponible",Salida,"Sin evento",
"15/01/2024 19:05",1,,,,Oruro,"Sucursal Oruro","No disponible",Salida,"Sin evento",
"16/01/2024 08:11",7281679,,,,Oruro,"Sucursal Oruro","No disponible",Salida,"Sin evento",
"16/01/2024 08:27",5,,,,Oruro,"Sucursal Oruro","No disponible",Salida,"Sin evento",
"16/01/2024 08:29",1,,,,Oruro,"Sucursal Oruro","No disponible",Salida,"Sin evento",
"16/01/2024 12:33",1,,,,Oruro,"Sucursal Oruro","No disponible",Salida,"Sin evento",
"16/01/2024 14:16",1,,,,Oruro,"Sucursal Oruro","No disponible",Salida,"Sin evento",
"16/01/2024 18:50",5,,,,Oruro,"Sucursal Oruro","No disponible",Salida,"Sin evento",
"16/01/2024 19:07",7281679,,,,Oruro,"Sucursal Oruro","No disponible",Salida,"Sin evento",
"16/01/2024 19:08",1,,,,Oruro,"Sucursal Oruro","No disponible",Salida,"Sin evento",
"17/01/2024 08:01",1,,,,Oruro,"Sucursal Oruro","No disponible",Salida,"Sin evento",
"17/01/2024 08:05",7281679,,,,Oruro,"Sucursal Oruro","No disponible",Salida,"Sin evento",
"17/01/2024 08:34",5,,,,Oruro,"Sucursal Oruro","No disponible",Salida,"Sin evento",
"17/01/2024 12:41",1,,,,Oruro,"Sucursal Oruro","No disponible",Salida,"Sin evento",
"17/01/2024 14:36",1,,,,Oruro,"Sucursal Oruro","No disponible",Salida,"Sin evento",
"17/01/2024 19:01",5,,,,Oruro,"Sucursal Oruro","No disponible",Salida,"Sin evento",
"17/01/2024 19:07",1,,,,Oruro,"Sucursal Oruro","No disponible",Salida,"Sin evento",
"17/01/2024 19:07",7281679,,,,Oruro,"Sucursal Oruro","No disponible",Salida,"Sin evento",
"18/01/2024 08:13",7281679,,,,Oruro,"Sucursal Oruro","No disponible",Salida,"Sin evento",
"18/01/2024 08:22",1,,,,Oruro,"Sucursal Oruro","No disponible",Salida,"Sin evento",
"18/01/2024 08:26",5,,,,Oruro,"Sucursal Oruro","No disponible",Salida,"Sin evento",
"18/01/2024 12:40",1,,,,Oruro,"Sucursal Oruro","No disponible",Salida,"Sin evento",
"18/01/2024 14:35",1,,,,Oruro,"Sucursal Oruro","No disponible",Salida,"Sin evento",
"18/01/2024 18:54",5,,,,Oruro,"Sucursal Oruro","No disponible",Salida,"Sin evento",
"18/01/2024 19:09",7281679,,,,Oruro,"Sucursal Oruro","No disponible",Salida,"Sin evento",
"18/01/2024 19:09",1,,,,Oruro,"Sucursal Oruro","No disponible",Salida,"Sin evento",
"19/01/2024 08:22",7281679,,,,Oruro,"Sucursal Oruro","No disponible",Salida,"Sin evento",
"19/01/2024 08:24",5,,,,Oruro,"Sucursal Oruro","No disponible",Salida,"Sin evento",
"19/01/2024 08:28",1,,,,Oruro,"Sucursal Oruro","No disponible",Salida,"Sin evento",
"19/01/2024 12:39",1,,,,Oruro,"Sucursal Oruro","No disponible",Salida,"Sin evento",
"19/01/2024 14:26",1,,,,Oruro,"Sucursal Oruro","No disponible",Salida,"Sin evento",
"19/01/2024 18:34",5,,,,Oruro,"Sucursal Oruro","No disponible",Salida,"Sin evento",
"19/01/2024 18:34",7281679,,,,Oruro,"Sucursal Oruro","No disponible",Salida,"Sin evento",
"19/01/2024 19:08",1,,,,Oruro,"Sucursal Oruro","No disponible",Salida,"Sin evento",
"20/01/2024 08:35",7281679,,,,Oruro,"Sucursal Oruro","No disponible",Salida,"Sin evento",
"20/01/2024 09:01",5,,,,Oruro,"Sucursal Oruro","No disponible",Salida,"Sin evento",
"20/01/2024 12:57",5,,,,Oruro,"Sucursal Oruro","No disponible",Salida,"Sin evento",
"20/01/2024 12:57",7281679,,,,Oruro,"Sucursal Oruro","No disponible",Salida,"Sin evento",
"23/01/2024 08:02",1,,,,Oruro,"Sucursal Oruro","No disponible",Salida,"Sin evento",
"23/01/2024 08:21",7281679,,,,Oruro,"Sucursal Oruro","No disponible",Salida,"Sin evento",
"23/01/2024 08:25",5,,,,Oruro,"Sucursal Oruro","No disponible",Salida,"Sin evento",
"23/01/2024 12:58",1,,,,Oruro,"Sucursal Oruro","No disponible",Salida,"Sin evento",
"23/01/2024 14:01",1,,,,Oruro,"Sucursal Oruro","No disponible",Salida,"Sin evento",
"23/01/2024 18:49",7281679,,,,Oruro,"Sucursal Oruro","No disponible",Salida,"Sin evento",
"23/01/2024 18:49",5,,,,Oruro,"Sucursal Oruro","No disponible",Salida,"Sin evento",
"23/01/2024 18:53",1,,,,Oruro,"Sucursal Oruro","No disponible",Salida,"Sin evento",
"24/01/2024 08:15",7281679,,,,Oruro,"Sucursal Oruro","No disponible",Salida,"Sin evento",
"24/01/2024 08:25",1,,,,Oruro,"Sucursal Oruro","No disponible",Salida,"Sin evento",
"24/01/2024 08:34",5,,,,Oruro,"Sucursal Oruro","No disponible",Salida,"Sin evento",
"24/01/2024 13:00",1,,,,Oruro,"Sucursal Oruro","No disponible",Salida,"Sin evento",
"24/01/2024 14:31",1,,,,Oruro,"Sucursal Oruro","No disponible",Salida,"Sin evento",
"24/01/2024 18:54",1,,,,Oruro,"Sucursal Oruro","No disponible",Salida,"Sin evento",
"24/01/2024 18:58",5,,,,Oruro,"Sucursal Oruro","No disponible",Salida,"Sin evento",
"24/01/2024 19:06",7281679,,,,Oruro,"Sucursal Oruro","No disponible",Salida,"Sin evento",
"25/01/2024 08:03",7281679,,,,Oruro,"Sucursal Oruro","No disponible",Salida,"Sin evento",
"25/01/2024 08:28",5,,,,Oruro,"Sucursal Oruro","No disponible",Salida,"Sin evento",
"25/01/2024 08:33",1,,,,Oruro,"Sucursal Oruro","No disponible","Estado 15","Sin evento",
"25/01/2024 12:35",1,,,,Oruro,"Sucursal Oruro","No disponible",Salida,"Sin evento",
"25/01/2024 14:23",1,,,,Oruro,"Sucursal Oruro","No disponible",Salida,"Sin evento",
"25/01/2024 18:44",1,,,,Oruro,"Sucursal Oruro","No disponible",Salida,"Sin evento",
"25/01/2024 18:45",5,,,,Oruro,"Sucursal Oruro","No disponible",Salida,"Sin evento",
"25/01/2024 18:53",7281679,,,,Oruro,"Sucursal Oruro","No disponible",Salida,"Sin evento",
"26/01/2024 08:28",7281679,,,,Oruro,"Sucursal Oruro","No disponible",Salida,"Sin evento",
"26/01/2024 08:32",5,,,,Oruro,"Sucursal Oruro","No disponible",Salida,"Sin evento",
"26/01/2024 08:35",1,,,,Oruro,"Sucursal Oruro","No disponible",Salida,"Sin evento",
"26/01/2024 12:45",1,,,,Oruro,"Sucursal Oruro","No disponible",Salida,"Sin evento",
"26/01/2024 14:03",1,,,,Oruro,"Sucursal Oruro","No disponible",Salida,"Sin evento",
"26/01/2024 18:36",5,,,,Oruro,"Sucursal Oruro","No disponible",Salida,"Sin evento",
"26/01/2024 18:36",7281679,,,,Oruro,"Sucursal Oruro","No disponible",Salida,"Sin evento",
"26/01/2024 18:51",1,,,,Oruro,"Sucursal Oruro","No disponible",Salida,"Sin evento",
"27/01/2024 12:54",5,,,,Oruro,"Sucursal Oruro","No disponible",Salida,"Sin evento",
"27/01/2024 13:04",7281679,,,,Oruro,"Sucursal Oruro","No disponible",Salida,"Sin evento",
"29/01/2024 07:35",7281679,,,,Oruro,"Sucursal Oruro","No disponible",Salida,"Sin evento",
"29/01/2024 08:23",5,,,,Oruro,"Sucursal Oruro","No disponible",Salida,"Sin evento",
"29/01/2024 08:39",1,,,,Oruro,"Sucursal Oruro","No disponible",Salida,"Sin evento",
"29/01/2024 12:48",1,,,,Oruro,"Sucursal Oruro","No disponible",Salida,"Sin evento",
"29/01/2024 14:25",1,,,,Oruro,"Sucursal Oruro","No disponible",Salida,"Sin evento",
"29/01/2024 18:54",1,,,,Oruro,"Sucursal Oruro","No disponible",Salida,"Sin evento",
"29/01/2024 18:58",5,,,,Oruro,"Sucursal Oruro","No disponible",Salida,"Sin evento",
"29/01/2024 19:03",7281679,,,,Oruro,"Sucursal Oruro","No disponible",Salida,"Sin evento",
"30/01/2024 08:14",7281679,,,,Oruro,"Sucursal Oruro","No disponible",Salida,"Sin evento",
"30/01/2024 08:31",1,,,,Oruro,"Sucursal Oruro","No disponible",Salida,"Sin evento",
"30/01/2024 08:34",5,,,,Oruro,"Sucursal Oruro","No disponible",Salida,"Sin evento",
"30/01/2024 12:32",1,,,,Oruro,"Sucursal Oruro","No disponible",Salida,"Sin evento",
"30/01/2024 14:15",1,,,,Oruro,"Sucursal Oruro","No disponible",Salida,"Sin evento",
"30/01/2024 18:57",7281679,,,,Oruro,"Sucursal Oruro","No disponible",Salida,"Sin evento",
"30/01/2024 18:59",5,,,,Oruro,"Sucursal Oruro","No disponible",Salida,"Sin evento",
"30/01/2024 19:01",1,,,,Oruro,"Sucursal Oruro","No disponible",Salida,"Sin evento",
"31/01/2024 08:00",1,,,,Oruro,"Sucursal Oruro","No disponible",Salida,"Sin evento",
"31/01/2024 08:19",7281679,,,,Oruro,"Sucursal Oruro","No disponible",Salida,"Sin evento",
"31/01/2024 08:28",5,,,,Oruro,"Sucursal Oruro","No disponible",Salida,"Sin evento",
"31/01/2024 12:49",1,,,,Oruro,"Sucursal Oruro","No disponible",Salida,"Sin evento",
"31/01/2024 14:16",1,,,,Oruro,"Sucursal Oruro","No disponible",Salida,"Sin evento",
"31/01/2024 18:59",4,,,,Oruro,"Sucursal Oruro","No disponible",Salida,"Sin evento",
"31/01/2024 19:00",5,,,,Oruro,"Sucursal Oruro","No disponible",Salida,"Sin evento",
"31/01/2024 19:00",7281679,,,,Oruro,"Sucursal Oruro","No disponible",Salida,"Sin evento",
"31/01/2024 19:06",1,,,,Oruro,"Sucursal Oruro","No disponible",Salida,"Sin evento",
"01/02/2024 08:04",1,,,,Oruro,"Sucursal Oruro","No disponible",Salida,"Sin evento",
"01/02/2024 08:11",7281679,,,,Oruro,"Sucursal Oruro","No disponible",Salida,"Sin evento",
"01/02/2024 08:24",4,,,,Oruro,"Sucursal Oruro","No disponible",Salida,"Sin evento",
"01/02/2024 08:26",5,,,,Oruro,"Sucursal Oruro","No disponible",Salida,"Sin evento",
"01/02/2024 12:48",1,,,,Oruro,"Sucursal Oruro","No disponible",Salida,"Sin evento",
"01/02/2024 12:50",4,,,,Oruro,"Sucursal Oruro","No disponible",Salida,"Sin evento",
"01/02/2024 14:11",4,,,,Oruro,"Sucursal Oruro","No disponible",Salida,"Sin evento",
"01/02/2024 14:12",1,,,,Oruro,"Sucursal Oruro","No disponible",Salida,"Sin evento",
"01/02/2024 19:14",4,,,,Oruro,"Sucursal Oruro","No disponible",Salida,"Sin evento",
"01/02/2024 19:15",1,,,,Oruro,"Sucursal Oruro","No disponible",Salida,"Sin evento",
"01/02/2024 19:32",7281679,,,,Oruro,"Sucursal Oruro","No disponible",Salida,"Sin evento",
"01/02/2024 19:32",5,,,,Oruro,"Sucursal Oruro","No disponible",Salida,"Sin evento",
"02/02/2024 08:12",1,,,,Oruro,"Sucursal Oruro","No disponible",Salida,"Sin evento",
"02/02/2024 08:20",7281679,,,,Oruro,"Sucursal Oruro","No disponible",Salida,"Sin evento",
"02/02/2024 08:20",4,,,,Oruro,"Sucursal Oruro","No disponible",Salida,"Sin evento",
"02/02/2024 08:21",5,,,,Oruro,"Sucursal Oruro","No disponible",Salida,"Sin evento",
"02/02/2024 12:57",1,,,,Oruro,"Sucursal Oruro","No disponible",Salida,"Sin evento",
"02/02/2024 12:59",4,,,,Oruro,"Sucursal Oruro","No disponible",Salida,"Sin evento",
"02/02/2024 13:02",7281679,,,,Oruro,"Sucursal Oruro","No disponible",Salida,"Sin evento",
"02/02/2024 14:04",4,,,,Oruro,"Sucursal Oruro","No disponible",Salida,"Sin evento",
"02/02/2024 14:11",1,,,,Oruro,"Sucursal Oruro","No disponible",Salida,"Sin evento",
"02/02/2024 18:49",4,,,,Oruro,"Sucursal Oruro","No disponible",Salida,"Sin evento",
"02/02/2024 18:50",5,,,,Oruro,"Sucursal Oruro","No disponible",Salida,"Sin evento",
"02/02/2024 18:50",1,,,,Oruro,"Sucursal Oruro","No disponible",Salida,"Sin evento",
"02/02/2024 18:50",7281679,,,,Oruro,"Sucursal Oruro","No disponible",Salida,"Sin evento",
"03/02/2024 09:02",4,,,,Oruro,"Sucursal Oruro","No disponible",Salida,"Sin evento",
"03/02/2024 09:02",5,,,,Oruro,"Sucursal Oruro","No disponible",Salida,"Sin evento",
"03/02/2024 09:03",7281679,,,,Oruro,"Sucursal Oruro","No disponible",Salida,"Sin evento",
"03/02/2024 12:45",5,,,,Oruro,"Sucursal Oruro","No disponible",Salida,"Sin evento",
"03/02/2024 12:48",4,,,,Oruro,"Sucursal Oruro","No disponible",Salida,"Sin evento",
"03/02/2024 12:51",7281679,,,,Oruro,"Sucursal Oruro","No disponible",Salida,"Sin evento",
"05/02/2024 08:30",1,,,,Oruro,"Sucursal Oruro","No disponible",Salida,"Sin evento",
"05/02/2024 08:30",4,,,,Oruro,"Sucursal Oruro","No disponible",Salida,"Sin evento",
"05/02/2024 08:34",7281679,,,,Oruro,"Sucursal Oruro","No disponible",Salida,"Sin evento",
"05/02/2024 08:37",5,,,,Oruro,"Sucursal Oruro","No disponible",Salida,"Sin evento",
"05/02/2024 12:52",1,,,,Oruro,"Sucursal Oruro","No disponible",Salida,"Sin evento",
"05/02/2024 12:54",4,,,,Oruro,"Sucursal Oruro","No disponible",Salida,"Sin evento",
"05/02/2024 14:08",1,,,,Oruro,"Sucursal Oruro","No disponible",Salida,"Sin evento",
"05/02/2024 14:08",4,,,,Oruro,"Sucursal Oruro","No disponible",Salida,"Sin evento",
"05/02/2024 18:47",4,,,,Oruro,"Sucursal Oruro","No disponible",Salida,"Sin evento",
"05/02/2024 18:47",7281679,,,,Oruro,"Sucursal Oruro","No disponible",Salida,"Sin evento",
"05/02/2024 18:48",1,,,,Oruro,"Sucursal Oruro","No disponible",Salida,"Sin evento",
"05/02/2024 18:48",5,,,,Oruro,"Sucursal Oruro","No disponible",Salida,"Sin evento",
"06/02/2024 08:20",7281679,,,,Oruro,"Sucursal Oruro","No disponible",Salida,"Sin evento",
"06/02/2024 08:20",1,,,,Oruro,"Sucursal Oruro","No disponible",Salida,"Sin evento",
"06/02/2024 08:22",4,,,,Oruro,"Sucursal Oruro","No disponible",Salida,"Sin evento",
"06/02/2024 08:35",5,,,,Oruro,"Sucursal Oruro","No disponible",Salida,"Sin evento",
"06/02/2024 12:42",1,,,,Oruro,"Sucursal Oruro","No disponible",Salida,"Sin evento",
"06/02/2024 12:43",4,,,,Oruro,"Sucursal Oruro","No disponible",Salida,"Sin evento",
"06/02/2024 14:09",1,,,,Oruro,"Sucursal Oruro","No disponible",Salida,"Sin evento",
"06/02/2024 14:31",4,,,,Oruro,"Sucursal Oruro","No disponible",Salida,"Sin evento",
"06/02/2024 18:52",7281679,,,,Oruro,"Sucursal Oruro","No disponible",Salida,"Sin evento",
"06/02/2024 18:52",4,,,,Oruro,"Sucursal Oruro","No disponible",Salida,"Sin evento",
"06/02/2024 18:53",5,,,,Oruro,"Sucursal Oruro","No disponible",Salida,"Sin evento",
"06/02/2024 19:07",1,,,,Oruro,"Sucursal Oruro","No disponible",Salida,"Sin evento",
"07/02/2024 07:55",7281679,,,,Oruro,"Sucursal Oruro","No disponible",Salida,"Sin evento",
"07/02/2024 08:12",1,,,,Oruro,"Sucursal Oruro","No disponible",Salida,"Sin evento",
"07/02/2024 08:18",4,,,,Oruro,"Sucursal Oruro","No disponible",Salida,"Sin evento",
"07/02/2024 08:18",5,,,,Oruro,"Sucursal Oruro","No disponible",Salida,"Sin evento",
"07/02/2024 12:45",4,,,,Oruro,"Sucursal Oruro","No disponible",Salida,"Sin evento",
"07/02/2024 12:46",1,,,,Oruro,"Sucursal Oruro","No disponible",Salida,"Sin evento",
"07/02/2024 14:07",4,,,,Oruro,"Sucursal Oruro","No disponible",Salida,"Sin evento",
"07/02/2024 14:36",1,,,,Oruro,"Sucursal Oruro","No disponible",Salida,"Sin evento",
"07/02/2024 19:05",4,,,,Oruro,"Sucursal Oruro","No disponible",Salida,"Sin evento",
"07/02/2024 19:15",5,,,,Oruro,"Sucursal Oruro","No disponible",Salida,"Sin evento",
"07/02/2024 19:15",7281679,,,,Oruro,"Sucursal Oruro","No disponible",Salida,"Sin evento",
"07/02/2024 19:16",1,,,,Oruro,"Sucursal Oruro","No disponible",Salida,"Sin evento",
"08/02/2024 08:30",7281679,,,,Oruro,"Sucursal Oruro","No disponible",Salida,"Sin evento",
"08/02/2024 08:31",4,,,,Oruro,"Sucursal Oruro","No disponible",Salida,"Sin evento",
"08/02/2024 08:31",5,,,,Oruro,"Sucursal Oruro","No disponible",Salida,"Sin evento",
"08/02/2024 08:31",1,,,,Oruro,"Sucursal Oruro","No disponible",Salida,"Sin evento",
"08/02/2024 12:32",1,,,,Oruro,"Sucursal Oruro","No disponible",Salida,"Sin evento",
"08/02/2024 12:32",4,,,,Oruro,"Sucursal Oruro","No disponible",Salida,"Sin evento",
"08/02/2024 14:09",4,,,,Oruro,"Sucursal Oruro","No disponible",Salida,"Sin evento",
"08/02/2024 14:44",1,,,,Oruro,"Sucursal Oruro","No disponible",Salida,"Sin evento",
"08/02/2024 19:30",5,,,,Oruro,"Sucursal Oruro","No disponible",Salida,"Sin evento",
"08/02/2024 19:33",1,,,,Oruro,"Sucursal Oruro","No disponible",Salida,"Sin evento",
"08/02/2024 19:33",4,,,,Oruro,"Sucursal Oruro","No disponible",Salida,"Sin evento",
"08/02/2024 19:42",7281679,,,,Oruro,"Sucursal Oruro","No disponible",Salida,"Sin evento",
"09/02/2024 08:28",7281679,,,,Oruro,"Sucursal Oruro","No disponible",Salida,"Sin evento",
"09/02/2024 08:28",4,,,,Oruro,"Sucursal Oruro","No disponible",Salida,"Sin evento",
"09/02/2024 08:31",1,,,,Oruro,"Sucursal Oruro","No disponible",Salida,"Sin evento",
"09/02/2024 08:38",5,,,,Oruro,"Sucursal Oruro","No disponible",Salida,"Sin evento",
"09/02/2024 12:20",4,,,,Oruro,"Sucursal Oruro","No disponible",Salida,"Sin evento",
"09/02/2024 12:56",1,,,,Oruro,"Sucursal Oruro","No disponible",Salida,"Sin evento",
"09/02/2024 14:26",1,,,,Oruro,"Sucursal Oruro","No disponible",Salida,"Sin evento",
"09/02/2024 14:27",4,,,,Oruro,"Sucursal Oruro","No disponible",Salida,"Sin evento",
"09/02/2024 18:32",5,,,,Oruro,"Sucursal Oruro","No disponible",Salida,"Sin evento",
"09/02/2024 18:34",1,,,,Oruro,"Sucursal Oruro","No disponible",Salida,"Sin evento",
"09/02/2024 18:34",4,,,,Oruro,"Sucursal Oruro","No disponible",Salida,"Sin evento",
"09/02/2024 18:34",7281679,,,,Oruro,"Sucursal Oruro","No disponible",Salida,"Sin evento",
"14/02/2024 08:30",4,,,,Oruro,"Sucursal Oruro","No disponible",Salida,"Sin evento",
"14/02/2024 08:30",5,,,,Oruro,"Sucursal Oruro","No disponible",Salida,"Sin evento",
"14/02/2024 08:30",7281679,,,,Oruro,"Sucursal Oruro","No disponible",Salida,"Sin evento",
"14/02/2024 09:26",1,,,,Oruro,"Sucursal Oruro","No disponible",Salida,"Sin evento",
"14/02/2024 12:45",1,,,,Oruro,"Sucursal Oruro","No disponible",Salida,"Sin evento",
"14/02/2024 12:45",4,,,,Oruro,"Sucursal Oruro","No disponible",Salida,"Sin evento",
"14/02/2024 14:09",1,,,,Oruro,"Sucursal Oruro","No disponible",Salida,"Sin evento",
"14/02/2024 14:22",4,,,,Oruro,"Sucursal Oruro","No disponible",Salida,"Sin evento",
"14/02/2024 18:35",5,,,,Oruro,"Sucursal Oruro","No disponible",Salida,"Sin evento",
"14/02/2024 18:49",7281679,,,,Oruro,"Sucursal Oruro","No disponible",Salida,"Sin evento",
"14/02/2024 18:58",4,,,,Oruro,"Sucursal Oruro","No disponible",Salida,"Sin evento",
"14/02/2024 19:06",1,,,,Oruro,"Sucursal Oruro","No disponible",Salida,"Sin evento",
"15/02/2024 08:15",1,,,,Oruro,"Sucursal Oruro","No disponible",Salida,"Sin evento",
"15/02/2024 08:17",4,,,,Oruro,"Sucursal Oruro","No disponible",Salida,"Sin evento",
"15/02/2024 08:22",5,,,,Oruro,"Sucursal Oruro","No disponible",Salida,"Sin evento",
"15/02/2024 08:38",7281679,,,,Oruro,"Sucursal Oruro","No disponible",Salida,"Sin evento",
"15/02/2024 12:31",4,,,,Oruro,"Sucursal Oruro","No disponible",Salida,"Sin evento",
"15/02/2024 12:48",1,,,,Oruro,"Sucursal Oruro","No disponible",Salida,"Sin evento",
"15/02/2024 14:14",4,,,,Oruro,"Sucursal Oruro","No disponible",Salida,"Sin evento",
"15/02/2024 14:36",1,,,,Oruro,"Sucursal Oruro","No disponible",Salida,"Sin evento",
"15/02/2024 18:33",4,,,,Oruro,"Sucursal Oruro","No disponible",Salida,"Sin evento",
"15/02/2024 19:01",5,,,,Oruro,"Sucursal Oruro","No disponible",Salida,"Sin evento",
"15/02/2024 19:02",7281679,,,,Oruro,"Sucursal Oruro","No disponible",Salida,"Sin evento",
"15/02/2024 19:16",1,,,,Oruro,"Sucursal Oruro","No disponible",Salida,"Sin evento",
"16/02/2024 08:16",4,,,,Oruro,"Sucursal Oruro","No disponible",Salida,"Sin evento",
"16/02/2024 08:27",7281679,,,,Oruro,"Sucursal Oruro","No disponible",Salida,"Sin evento",
"16/02/2024 08:30",1,,,,Oruro,"Sucursal Oruro","No disponible",Salida,"Sin evento",
"16/02/2024 08:48",5,,,,Oruro,"Sucursal Oruro","No disponible",Salida,"Sin evento",
"16/02/2024 12:47",4,,,,Oruro,"Sucursal Oruro","No disponible",Salida,"Sin evento",
"16/02/2024 12:56",1,,,,Oruro,"Sucursal Oruro","No disponible",Salida,"Sin evento",
"16/02/2024 14:24",4,,,,Oruro,"Sucursal Oruro","No disponible",Salida,"Sin evento",
"16/02/2024 14:35",1,,,,Oruro,"Sucursal Oruro","No disponible",Salida,"Sin evento",
"16/02/2024 18:56",5,,,,Oruro,"Sucursal Oruro","No disponible",Salida,"Sin evento",
"16/02/2024 18:59",7281679,,,,Oruro,"Sucursal Oruro","No disponible",Salida,"Sin evento",
"16/02/2024 19:02",4,,,,Oruro,"Sucursal Oruro","No disponible",Salida,"Sin evento",
"16/02/2024 19:06",1,,,,Oruro,"Sucursal Oruro","No disponible",Salida,"Sin evento",
"17/02/2024 08:48",4,,,,Oruro,"Sucursal Oruro","No disponible",Salida,"Sin evento",
"17/02/2024 08:53",7281679,,,,Oruro,"Sucursal Oruro","No disponible",Salida,"Sin evento",
"17/02/2024 09:05",5,,,,Oruro,"Sucursal Oruro","No disponible",Salida,"Sin evento",
"17/02/2024 12:58",7281679,,,,Oruro,"Sucursal Oruro","No disponible",Salida,"Sin evento",
"17/02/2024 12:59",4,,,,Oruro,"Sucursal Oruro","No disponible",Salida,"Sin evento",
"17/02/2024 13:00",5,,,,Oruro,"Sucursal Oruro","No disponible",Salida,"Sin evento",
"17/02/2024 13:01",1,,,,Oruro,"Sucursal Oruro","No disponible",Salida,"Sin evento",
"19/02/2024 07:58",1,,,,Oruro,"Sucursal Oruro","No disponible",Salida,"Sin evento",
"19/02/2024 08:17",4,,,,Oruro,"Sucursal Oruro","No disponible",Salida,"Sin evento",
"19/02/2024 08:30",5,,,,Oruro,"Sucursal Oruro","No disponible",Salida,"Sin evento",
"19/02/2024 08:35",7281679,,,,Oruro,"Sucursal Oruro","No disponible",Salida,"Sin evento",
"19/02/2024 12:39",1,,,,Oruro,"Sucursal Oruro","No disponible",Salida,"Sin evento",
"19/02/2024 12:40",4,,,,Oruro,"Sucursal Oruro","No disponible",Salida,"Sin evento",
"19/02/2024 14:07",4,,,,Oruro,"Sucursal Oruro","No disponible",Salida,"Sin evento",
"19/02/2024 14:14",1,,,,Oruro,"Sucursal Oruro","No disponible",Salida,"Sin evento",
"19/02/2024 19:01",4,,,,Oruro,"Sucursal Oruro","No disponible",Salida,"Sin evento",
"19/02/2024 19:16",1,,,,Oruro,"Sucursal Oruro","No disponible",Salida,"Sin evento",
"19/02/2024 19:18",7281679,,,,Oruro,"Sucursal Oruro","No disponible",Salida,"Sin evento",
"19/02/2024 19:19",5,,,,Oruro,"Sucursal Oruro","No disponible",Salida,"Sin evento",
"20/02/2024 08:12",4,,,,Oruro,"Sucursal Oruro","No disponible",Salida,"Sin evento",
"20/02/2024 08:22",7281679,,,,Oruro,"Sucursal Oruro","No disponible",Salida,"Sin evento",
"20/02/2024 08:30",5,,,,Oruro,"Sucursal Oruro","No disponible",Salida,"Sin evento",
"20/02/2024 08:34",1,,,,Oruro,"Sucursal Oruro","No disponible",Salida,"Sin evento",
"20/02/2024 12:45",1,,,,Oruro,"Sucursal Oruro","No disponible",Salida,"Sin evento",
"20/02/2024 12:50",4,,,,Oruro,"Sucursal Oruro","No disponible",Salida,"Sin evento",
"20/02/2024 14:13",1,,,,Oruro,"Sucursal Oruro","No disponible",Salida,"Sin evento",
"20/02/2024 14:20",4,,,,Oruro,"Sucursal Oruro","No disponible",Salida,"Sin evento",
"20/02/2024 18:58",4,,,,Oruro,"Sucursal Oruro","No disponible",Salida,"Sin evento",
"20/02/2024 19:18",7281679,,,,Oruro,"Sucursal Oruro","No disponible",Salida,"Sin evento",
"20/02/2024 19:24",5,,,,Oruro,"Sucursal Oruro","No disponible",Salida,"Sin evento",
"20/02/2024 19:40",1,,,,Oruro,"Sucursal Oruro","No disponible",Salida,"Sin evento",
"21/02/2024 08:02",1,,,,Oruro,"Sucursal Oruro","No disponible",Salida,"Sin evento",
"21/02/2024 08:12",4,,,,Oruro,"Sucursal Oruro","No disponible",Salida,"Sin evento",
"21/02/2024 08:18",5,,,,Oruro,"Sucursal Oruro","No disponible",Salida,"Sin evento",
"21/02/2024 08:37",7281679,,,,Oruro,"Sucursal Oruro","No disponible",Salida,"Sin evento",
"21/02/2024 12:43",4,,,,Oruro,"Sucursal Oruro","No disponible",Salida,"Sin evento",
"21/02/2024 13:00",1,,,,Oruro,"Sucursal Oruro","No disponible",Salida,"Sin evento",
"21/02/2024 14:03",4,,,,Oruro,"Sucursal Oruro","No disponible",Salida,"Sin evento",
"21/02/2024 14:11",1,,,,Oruro,"Sucursal Oruro","No disponible",Salida,"Sin evento",
"21/02/2024 18:53",4,,,,Oruro,"Sucursal Oruro","No disponible",Salida,"Sin evento",
"21/02/2024 18:53",7281679,,,,Oruro,"Sucursal Oruro","No disponible",Salida,"Sin evento",
"21/02/2024 18:55",1,,,,Oruro,"Sucursal Oruro","No disponible",Salida,"Sin evento",
"21/02/2024 18:55",5,,,,Oruro,"Sucursal Oruro","No disponible",Salida,"Sin evento",
"22/02/2024 08:13",4,,,,Oruro,"Sucursal Oruro","No disponible",Salida,"Sin evento",
"22/02/2024 08:22",5,,,,Oruro,"Sucursal Oruro","No disponible",Salida,"Sin evento",
"22/02/2024 08:23",1,,,,Oruro,"Sucursal Oruro","No disponible",Salida,"Sin evento",
"22/02/2024 08:35",7281679,,,,Oruro,"Sucursal Oruro","No disponible",Salida,"Sin evento",
"22/02/2024 12:38",1,,,,Oruro,"Sucursal Oruro","No disponible",Salida,"Sin evento",
"22/02/2024 12:40",4,,,,Oruro,"Sucursal Oruro","No disponible",Salida,"Sin evento",
"22/02/2024 14:11",4,,,,Oruro,"Sucursal Oruro","No disponible",Salida,"Sin evento",
"22/02/2024 14:11",1,,,,Oruro,"Sucursal Oruro","No disponible",Salida,"Sin evento",
"22/02/2024 14:19",1,,,,Oruro,"Sucursal Oruro","No disponible",Salida,"Sin evento",
"22/02/2024 18:46",4,,,,Oruro,"Sucursal Oruro","No disponible",Salida,"Sin evento",
"22/02/2024 18:59",1,,,,Oruro,"Sucursal Oruro","No disponible",Salida,"Sin evento",
"22/02/2024 19:01",7281679,,,,Oruro,"Sucursal Oruro","No disponible",Salida,"Sin evento",
"22/02/2024 19:03",5,,,,Oruro,"Sucursal Oruro","No disponible",Salida,"Sin evento",
"23/02/2024 08:11",5,,,,Oruro,"Sucursal Oruro","No disponible",Salida,"Sin evento",
"23/02/2024 08:11",4,,,,Oruro,"Sucursal Oruro","No disponible",Salida,"Sin evento",
"23/02/2024 08:26",1,,,,Oruro,"Sucursal Oruro","No disponible",Salida,"Sin evento",
"23/02/2024 08:26",7281679,,,,Oruro,"Sucursal Oruro","No disponible",Salida,"Sin evento",
"23/02/2024 12:38",4,,,,Oruro,"Sucursal Oruro","No disponible",Salida,"Sin evento",
"23/02/2024 12:38",1,,,,Oruro,"Sucursal Oruro","No disponible",Salida,"Sin evento",
"23/02/2024 14:15",1,,,,Oruro,"Sucursal Oruro","No disponible",Salida,"Sin evento",
"23/02/2024 14:16",4,,,,Oruro,"Sucursal Oruro","No disponible",Salida,"Sin evento",
"23/02/2024 18:38",5,,,,Oruro,"Sucursal Oruro","No disponible",Salida,"Sin evento",
"23/02/2024 18:49",4,,,,Oruro,"Sucursal Oruro","No disponible",Salida,"Sin evento",
"23/02/2024 18:51",7281679,,,,Oruro,"Sucursal Oruro","No disponible",Salida,"Sin evento",
"23/02/2024 18:53",1,,,,Oruro,"Sucursal Oruro","No disponible",Salida,"Sin evento",
"24/02/2024 08:44",4,,,,Oruro,"Sucursal Oruro","No disponible",Salida,"Sin evento",
"24/02/2024 09:06",7281679,,,,Oruro,"Sucursal Oruro","No disponible",Salida,"Sin evento",
"24/02/2024 13:01",4,,,,Oruro,"Sucursal Oruro","No disponible",Salida,"Sin evento",
"24/02/2024 13:05",7281679,,,,Oruro,"Sucursal Oruro","No disponible",Salida,"Sin evento",
"26/02/2024 08:14",4,,,,Oruro,"Sucursal Oruro","No disponible",Salida,"Sin evento",
"26/02/2024 08:20",7281679,,,,Oruro,"Sucursal Oruro","No disponible",Salida,"Sin evento",
"26/02/2024 08:29",5,,,,Oruro,"Sucursal Oruro","No disponible",Salida,"Sin evento",
"26/02/2024 12:41",4,,,,Oruro,"Sucursal Oruro","No disponible",Salida,"Sin evento",
"26/02/2024 14:11",4,,,,Oruro,"Sucursal Oruro","No disponible",Salida,"Sin evento",
"26/02/2024 18:40",4,,,,Oruro,"Sucursal Oruro","No disponible",Salida,"Sin evento",
"26/02/2024 18:46",7281679,,,,Oruro,"Sucursal Oruro","No disponible",Salida,"Sin evento",
"26/02/2024 18:56",5,,,,Oruro,"Sucursal Oruro","No disponible",Salida,"Sin evento",
"27/02/2024 08:14",4,,,,Oruro,"Sucursal Oruro","No disponible",Salida,"Sin evento",
"27/02/2024 08:17",7281679,,,,Oruro,"Sucursal Oruro","No disponible",Salida,"Sin evento",
"27/02/2024 08:17",1,,,,Oruro,"Sucursal Oruro","No disponible",Salida,"Sin evento",
"27/02/2024 08:27",5,,,,Oruro,"Sucursal Oruro","No disponible",Salida,"Sin evento",
"27/02/2024 12:47",4,,,,Oruro,"Sucursal Oruro","No disponible",Salida,"Sin evento",
"27/02/2024 12:50",1,,,,Oruro,"Sucursal Oruro","No disponible",Salida,"Sin evento",
"27/02/2024 14:21",4,,,,Oruro,"Sucursal Oruro","No disponible",Salida,"Sin evento",
"27/02/2024 14:29",1,,,,Oruro,"Sucursal Oruro","No disponible",Salida,"Sin evento",
"27/02/2024 18:46",4,,,,Oruro,"Sucursal Oruro","No disponible",Salida,"Sin evento",
"27/02/2024 19:10",7281679,,,,Oruro,"Sucursal Oruro","No disponible",Salida,"Sin evento",
"27/02/2024 19:19",1,,,,Oruro,"Sucursal Oruro","No disponible",Salida,"Sin evento",
"28/02/2024 08:11",4,,,,Oruro,"Sucursal Oruro","No disponible",Salida,"Sin evento",
"28/02/2024 08:15",1,,,,Oruro,"Sucursal Oruro","No disponible",Salida,"Sin evento",
"28/02/2024 08:25",5,,,,Oruro,"Sucursal Oruro","No disponible",Salida,"Sin evento",
"28/02/2024 08:26",7281679,,,,Oruro,"Sucursal Oruro","No disponible",Salida,"Sin evento",
"28/02/2024 12:43",4,,,,Oruro,"Sucursal Oruro","No disponible",Salida,"Sin evento",
"28/02/2024 12:46",1,,,,Oruro,"Sucursal Oruro","No disponible",Salida,"Sin evento",
"28/02/2024 14:22",4,,,,Oruro,"Sucursal Oruro","No disponible",Salida,"Sin evento",
"28/02/2024 14:36",1,,,,Oruro,"Sucursal Oruro","No disponible",Salida,"Sin evento",
"28/02/2024 18:58",5,,,,Oruro,"Sucursal Oruro","No disponible",Salida,"Sin evento",
"28/02/2024 19:16",7281679,,,,Oruro,"Sucursal Oruro","No disponible",Salida,"Sin evento",
"28/02/2024 19:17",1,,,,Oruro,"Sucursal Oruro","No disponible",Salida,"Sin evento",
"28/02/2024 19:17",4,,,,Oruro,"Sucursal Oruro","No disponible",Salida,"Sin evento",
"29/02/2024 08:13",4,,,,Oruro,"Sucursal Oruro","No disponible",Salida,"Sin evento",
"29/02/2024 08:24",5,,,,Oruro,"Sucursal Oruro","No disponible",Salida,"Sin evento",
"29/02/2024 08:30",7281679,,,,Oruro,"Sucursal Oruro","No disponible",Salida,"Sin evento",
"29/02/2024 08:32",1,,,,Oruro,"Sucursal Oruro","No disponible",Salida,"Sin evento",
"29/02/2024 12:31",4,,,,Oruro,"Sucursal Oruro","No disponible",Salida,"Sin evento",
"29/02/2024 12:32",1,,,,Oruro,"Sucursal Oruro","No disponible",Salida,"Sin evento",
"29/02/2024 14:02",1,,,,Oruro,"Sucursal Oruro","No disponible",Salida,"Sin evento",
"29/02/2024 14:26",4,,,,Oruro,"Sucursal Oruro","No disponible",Salida,"Sin evento",
"29/02/2024 18:49",4,,,,Oruro,"Sucursal Oruro","No disponible",Salida,"Sin evento",
"29/02/2024 18:52",7281679,,,,Oruro,"Sucursal Oruro","No disponible",Salida,"Sin evento",
"29/02/2024 19:00",1,,,,Oruro,"Sucursal Oruro","No disponible",Salida,"Sin evento",
"01/03/2024 08:03",1,,,,Oruro,"Sucursal Oruro","No disponible",Salida,"Sin evento",
"01/03/2024 08:17",4,,,,Oruro,"Sucursal Oruro","No disponible",Salida,"Sin evento",
"01/03/2024 08:19",7281679,,,,Oruro,"Sucursal Oruro","No disponible",Salida,"Sin evento",
"01/03/2024 08:25",5,,,,Oruro,"Sucursal Oruro","No disponible",Salida,"Sin evento",
"01/03/2024 12:35",1,,,,Oruro,"Sucursal Oruro","No disponible",Salida,"Sin evento",
"01/03/2024 12:43",4,,,,Oruro,"Sucursal Oruro","No disponible",Salida,"Sin evento",
"01/03/2024 14:15",4,,,,Oruro,"Sucursal Oruro","No disponible",Salida,"Sin evento",
"01/03/2024 14:28",1,,,,Oruro,"Sucursal Oruro","No disponible",Salida,"Sin evento",
"01/03/2024 18:35",5,,,,Oruro,"Sucursal Oruro","No disponible",Salida,"Sin evento",
"01/03/2024 18:40",4,,,,Oruro,"Sucursal Oruro","No disponible",Salida,"Sin evento",
"01/03/2024 18:40",7281679,,,,Oruro,"Sucursal Oruro","No disponible",Salida,"Sin evento",
"01/03/2024 18:55",1,,,,Oruro,"Sucursal Oruro","No disponible",Salida,"Sin evento",
"02/03/2024 08:56",4,,,,Oruro,"Sucursal Oruro","No disponible",Salida,"Sin evento",
"02/03/2024 08:57",5,,,,Oruro,"Sucursal Oruro","No disponible",Salida,"Sin evento",
"02/03/2024 08:57",7281679,,,,Oruro,"Sucursal Oruro","No disponible",Salida,"Sin evento",
"02/03/2024 13:00",4,,,,Oruro,"Sucursal Oruro","No disponible",Salida,"Sin evento",
"02/03/2024 13:00",5,,,,Oruro,"Sucursal Oruro","No disponible",Salida,"Sin evento",
"02/03/2024 13:00",7281679,,,,Oruro,"Sucursal Oruro","No disponible",Salida,"Sin evento",
"02/03/2024 13:00",1,,,,Oruro,"Sucursal Oruro","No disponible",Salida,"Sin evento",
"04/03/2024 08:17",4,,,,Oruro,"Sucursal Oruro","No disponible",Salida,"Sin evento",
"04/03/2024 08:25",5,,,,Oruro,"Sucursal Oruro","No disponible",Salida,"Sin evento",
"04/03/2024 08:26",1,,,,Oruro,"Sucursal Oruro","No disponible","Estado 15","Sin evento",
"04/03/2024 08:29",7281679,,,,Oruro,"Sucursal Oruro","No disponible",Salida,"Sin evento",
"04/03/2024 12:41",4,,,,Oruro,"Sucursal Oruro","No disponible",Salida,"Sin evento",
"04/03/2024 12:55",1,,,,Oruro,"Sucursal Oruro","No disponible",Salida,"Sin evento",
"04/03/2024 14:02",1,,,,Oruro,"Sucursal Oruro","No disponible",Salida,"Sin evento",
"04/03/2024 14:14",4,,,,Oruro,"Sucursal Oruro","No disponible",Salida,"Sin evento",
"04/03/2024 14:17",1,,,,Oruro,"Sucursal Oruro","No disponible",Salida,"Sin evento",
"04/03/2024 18:49",4,,,,Oruro,"Sucursal Oruro","No disponible",Salida,"Sin evento",
"04/03/2024 19:01",1,,,,Oruro,"Sucursal Oruro","No disponible",Salida,"Sin evento",
"04/03/2024 19:01",5,,,,Oruro,"Sucursal Oruro","No disponible",Salida,"Sin evento",
"04/03/2024 19:02",7281679,,,,Oruro,"Sucursal Oruro","No disponible",Salida,"Sin evento",
"05/03/2024 08:11",4,,,,Oruro,"Sucursal Oruro","No disponible",Salida,"Sin evento",
"05/03/2024 08:22",7281679,,,,Oruro,"Sucursal Oruro","No disponible",Salida,"Sin evento",
"05/03/2024 08:28",5,,,,Oruro,"Sucursal Oruro","No disponible",Salida,"Sin evento",
"05/03/2024 08:30",1,,,,Oruro,"Sucursal Oruro","No disponible",Salida,"Sin evento",
"05/03/2024 12:39",1,,,,Oruro,"Sucursal Oruro","No disponible",Salida,"Sin evento",
"05/03/2024 12:44",4,,,,Oruro,"Sucursal Oruro","No disponible",Salida,"Sin evento",
"05/03/2024 14:09",4,,,,Oruro,"Sucursal Oruro","No disponible",Salida,"Sin evento",
"05/03/2024 14:36",1,,,,Oruro,"Sucursal Oruro","No disponible",Salida,"Sin evento",
"05/03/2024 18:30",4,,,,Oruro,"Sucursal Oruro","No disponible",Salida,"Sin evento",
"05/03/2024 18:31",5,,,,Oruro,"Sucursal Oruro","No disponible",Salida,"Sin evento",
"05/03/2024 18:33",7281679,,,,Oruro,"Sucursal Oruro","No disponible",Salida,"Sin evento",
"05/03/2024 18:36",1,,,,Oruro,"Sucursal Oruro","No disponible",Salida,"Sin evento",
"06/03/2024 08:12",4,,,,Oruro,"Sucursal Oruro","No disponible",Salida,"Sin evento",
"06/03/2024 08:25",1,,,,Oruro,"Sucursal Oruro","No disponible",Salida,"Sin evento",
"06/03/2024 08:31",7281679,,,,Oruro,"Sucursal Oruro","No disponible",Salida,"Sin evento",
"06/03/2024 08:33",5,,,,Oruro,"Sucursal Oruro","No disponible",Salida,"Sin evento",
"06/03/2024 12:43",1,,,,Oruro,"Sucursal Oruro","No disponible",Salida,"Sin evento",
"06/03/2024 12:43",4,,,,Oruro,"Sucursal Oruro","No disponible",Salida,"Sin evento",
"06/03/2024 14:15",4,,,,Oruro,"Sucursal Oruro","No disponible",Salida,"Sin evento",
"06/03/2024 14:33",1,,,,Oruro,"Sucursal Oruro","No disponible",Salida,"Sin evento",
"06/03/2024 18:41",7281679,,,,Oruro,"Sucursal Oruro","No disponible",Salida,"Sin evento",
"06/03/2024 19:03",4,,,,Oruro,"Sucursal Oruro","No disponible",Salida,"Sin evento",
"06/03/2024 19:03",5,,,,Oruro,"Sucursal Oruro","No disponible",Salida,"Sin evento",
"06/03/2024 19:11",1,,,,Oruro,"Sucursal Oruro","No disponible",Salida,"Sin evento",
"07/03/2024 08:00",1,,,,Oruro,"Sucursal Oruro","No disponible",Salida,"Sin evento",
"07/03/2024 08:12",4,,,,Oruro,"Sucursal Oruro","No disponible",Salida,"Sin evento",
"07/03/2024 08:28",7281679,,,,Oruro,"Sucursal Oruro","No disponible",Salida,"Sin evento",
"07/03/2024 08:28",5,,,,Oruro,"Sucursal Oruro","No disponible",Salida,"Sin evento",
"07/03/2024 12:41",4,,,,Oruro,"Sucursal Oruro","No disponible",Salida,"Sin evento",
"07/03/2024 12:56",1,,,,Oruro,"Sucursal Oruro","No disponible",Salida,"Sin evento",
"07/03/2024 14:24",4,,,,Oruro,"Sucursal Oruro","No disponible",Salida,"Sin evento",
"07/03/2024 14:36",1,,,,Oruro,"Sucursal Oruro","No disponible",Salida,"Sin evento",
"07/03/2024 18:54",4,,,,Oruro,"Sucursal Oruro","No disponible",Salida,"Sin evento",
"07/03/2024 18:58",1,,,,Oruro,"Sucursal Oruro","No disponible",Salida,"Sin evento",
"07/03/2024 19:00",5,,,,Oruro,"Sucursal Oruro","No disponible",Salida,"Sin evento",
"07/03/2024 20:04",7281679,,,,Oruro,"Sucursal Oruro","No disponible",Salida,"Sin evento",
"08/03/2024 08:12",4,,,,Oruro,"Sucursal Oruro","No disponible",Salida,"Sin evento",
"08/03/2024 08:33",7281679,,,,Oruro,"Sucursal Oruro","No disponible",Salida,"Sin evento",
"08/03/2024 08:33",5,,,,Oruro,"Sucursal Oruro","No disponible",Salida,"Sin evento",
"08/03/2024 12:37",4,,,,Oruro,"Sucursal Oruro","No disponible",Salida,"Sin evento",
"08/03/2024 14:03",1,,,,Oruro,"Sucursal Oruro","No disponible",Salida,"Sin evento",
"08/03/2024 14:12",4,,,,Oruro,"Sucursal Oruro","No disponible",Salida,"Sin evento",
"08/03/2024 19:26",5,,,,Oruro,"Sucursal Oruro","No disponible",Salida,"Sin evento",
"08/03/2024 19:27",1,,,,Oruro,"Sucursal Oruro","No disponible",Salida,"Sin evento",
"08/03/2024 19:28",7281679,,,,Oruro,"Sucursal Oruro","No disponible",Salida,"Sin evento",
"09/03/2024 09:14",5,,,,Oruro,"Sucursal Oruro","No disponible",Salida,"Sin evento",
"09/03/2024 09:14",4,,,,Oruro,"Sucursal Oruro","No disponible",Salida,"Sin evento",
"09/03/2024 09:24",7281679,,,,Oruro,"Sucursal Oruro","No disponible",Salida,"Sin evento",
"09/03/2024 13:44",4,,,,Oruro,"Sucursal Oruro","No disponible",Salida,"Sin evento",
"09/03/2024 13:45",5,,,,Oruro,"Sucursal Oruro","No disponible",Salida,"Sin evento",
"09/03/2024 13:46",7281679,,,,Oruro,"Sucursal Oruro","No disponible",Salida,"Sin evento",
"11/03/2024 08:18",4,,,,Oruro,"Sucursal Oruro","No disponible",Salida,"Sin evento",
"11/03/2024 08:29",1,,,,Oruro,"Sucursal Oruro","No disponible",Salida,"Sin evento",
"11/03/2024 08:38",7281679,,,,Oruro,"Sucursal Oruro","No disponible",Salida,"Sin evento",
"11/03/2024 08:41",5,,,,Oruro,"Sucursal Oruro","No disponible",Salida,"Sin evento",
"11/03/2024 12:39",4,,,,Oruro,"Sucursal Oruro","No disponible",Salida,"Sin evento",
"11/03/2024 12:39",1,,,,Oruro,"Sucursal Oruro","No disponible",Salida,"Sin evento",
"11/03/2024 14:23",4,,,,Oruro,"Sucursal Oruro","No disponible",Salida,"Sin evento",
"11/03/2024 14:34",1,,,,Oruro,"Sucursal Oruro","No disponible",Salida,"Sin evento",
"11/03/2024 18:39",5,,,,Oruro,"Sucursal Oruro","No disponible",Salida,"Sin evento",
"11/03/2024 18:39",4,,,,Oruro,"Sucursal Oruro","No disponible",Salida,"Sin evento",
"11/03/2024 18:43",7281679,,,,Oruro,"Sucursal Oruro","No disponible",Salida,"Sin evento",
"11/03/2024 18:47",1,,,,Oruro,"Sucursal Oruro","No disponible",Salida,"Sin evento",
"12/03/2024 08:01",1,,,,Oruro,"Sucursal Oruro","No disponible",Salida,"Sin evento",
"12/03/2024 08:15",4,,,,Oruro,"Sucursal Oruro","No disponible",Salida,"Sin evento",
"12/03/2024 08:34",7281679,,,,Oruro,"Sucursal Oruro","No disponible",Salida,"Sin evento",
"12/03/2024 08:35",5,,,,Oruro,"Sucursal Oruro","No disponible",Salida,"Sin evento",
"12/03/2024 12:50",4,,,,Oruro,"Sucursal Oruro","No disponible",Salida,"Sin evento",
"12/03/2024 12:59",1,,,,Oruro,"Sucursal Oruro","No disponible",Salida,"Sin evento",
"12/03/2024 14:12",4,,,,Oruro,"Sucursal Oruro","No disponible",Salida,"Sin evento",
"12/03/2024 14:14",1,,,,Oruro,"Sucursal Oruro","No disponible",Salida,"Sin evento",
"12/03/2024 18:46",4,,,,Oruro,"Sucursal Oruro","No disponible",Salida,"Sin evento",
"12/03/2024 18:57",7281679,,,,Oruro,"Sucursal Oruro","No disponible",Salida,"Sin evento",
"12/03/2024 19:04",1,,,,Oruro,"Sucursal Oruro","No disponible",Salida,"Sin evento",
"13/03/2024 08:15",4,,,,Oruro,"Sucursal Oruro","No disponible",Salida,"Sin evento",
"13/03/2024 08:15",1,,,,Oruro,"Sucursal Oruro","No disponible",Salida,"Sin evento",
"13/03/2024 08:33",7281679,,,,Oruro,"Sucursal Oruro","No disponible",Salida,"Sin evento",
"13/03/2024 08:35",5,,,,Oruro,"Sucursal Oruro","No disponible",Salida,"Sin evento",
"13/03/2024 12:41",4,,,,Oruro,"Sucursal Oruro","No disponible",Salida,"Sin evento",
"13/03/2024 13:04",1,,,,Oruro,"Sucursal Oruro","No disponible",Salida,"Sin evento",
"13/03/2024 14:15",4,,,,Oruro,"Sucursal Oruro","No disponible",Salida,"Sin evento",
"13/03/2024 14:34",1,,,,Oruro,"Sucursal Oruro","No disponible",Salida,"Sin evento",
"13/03/2024 18:38",4,,,,Oruro,"Sucursal Oruro","No disponible",Salida,"Sin evento",
"13/03/2024 18:45",5,,,,Oruro,"Sucursal Oruro","No disponible",Salida,"Sin evento",
"13/03/2024 18:49",7281679,,,,Oruro,"Sucursal Oruro","No disponible",Salida,"Sin evento",
"13/03/2024 18:54",1,,,,Oruro,"Sucursal Oruro","No disponible",Salida,"Sin evento",
"14/03/2024 08:17",4,,,,Oruro,"Sucursal Oruro","No disponible",Salida,"Sin evento",
"14/03/2024 08:32",5,,,,Oruro,"Sucursal Oruro","No disponible",Salida,"Sin evento",
"14/03/2024 08:34",7281679,,,,Oruro,"Sucursal Oruro","No disponible",Salida,"Sin evento",
"14/03/2024 08:35",1,,,,Oruro,"Sucursal Oruro","No disponible",Salida,"Sin evento",
"14/03/2024 12:55",4,,,,Oruro,"Sucursal Oruro","No disponible",Salida,"Sin evento",
"14/03/2024 13:11",1,,,,Oruro,"Sucursal Oruro","No disponible",Salida,"Sin evento",
"14/03/2024 14:20",4,,,,Oruro,"Sucursal Oruro","No disponible",Salida,"Sin evento",
"14/03/2024 14:37",1,,,,Oruro,"Sucursal Oruro","No disponible",Salida,"Sin evento",
"14/03/2024 18:53",4,,,,Oruro,"Sucursal Oruro","No disponible",Salida,"Sin evento",
"14/03/2024 19:24",7281679,,,,Oruro,"Sucursal Oruro","No disponible",Salida,"Sin evento",
"14/03/2024 19:32",5,,,,Oruro,"Sucursal Oruro","No disponible",Salida,"Sin evento",
"14/03/2024 19:32",1,,,,Oruro,"Sucursal Oruro","No disponible",Salida,"Sin evento",
"15/03/2024 07:46",7281679,,,,Oruro,"Sucursal Oruro","No disponible",Salida,"Sin evento",
"15/03/2024 07:46",4,,,,Oruro,"Sucursal Oruro","No disponible",Salida,"Sin evento",
"15/03/2024 07:56",1,,,,Oruro,"Sucursal Oruro","No disponible",Salida,"Sin evento",
"15/03/2024 08:27",5,,,,Oruro,"Sucursal Oruro","No disponible",Salida,"Sin evento",
"15/03/2024 12:40",1,,,,Oruro,"Sucursal Oruro","No disponible","Estado 15","Sin evento",
"15/03/2024 12:40",4,,,,Oruro,"Sucursal Oruro","No disponible",Salida,"Sin evento",
"15/03/2024 14:15",4,,,,Oruro,"Sucursal Oruro","No disponible",Salida,"Sin evento",
"15/03/2024 14:38",1,,,,Oruro,"Sucursal Oruro","No disponible",Salida,"Sin evento",
"15/03/2024 18:42",4,,,,Oruro,"Sucursal Oruro","No disponible",Salida,"Sin evento",
"15/03/2024 18:42",7281679,,,,Oruro,"Sucursal Oruro","No disponible",Salida,"Sin evento",
"15/03/2024 18:42",5,,,,Oruro,"Sucursal Oruro","No disponible",Salida,"Sin evento",
"15/03/2024 18:51",1,,,,Oruro,"Sucursal Oruro","No disponible",Salida,"Sin evento",
"16/03/2024 08:54",4,,,,Oruro,"Sucursal Oruro","No disponible",Salida,"Sin evento",
"16/03/2024 08:55",7281679,,,,Oruro,"Sucursal Oruro","No disponible",Salida,"Sin evento",
"16/03/2024 09:06",5,,,,Oruro,"Sucursal Oruro","No disponible",Salida,"Sin evento",
"16/03/2024 12:55",4,,,,Oruro,"Sucursal Oruro","No disponible",Salida,"Sin evento",
"16/03/2024 13:03",7281679,,,,Oruro,"Sucursal Oruro","No disponible",Salida,"Sin evento",
"16/03/2024 13:04",5,,,,Oruro,"Sucursal Oruro","No disponible",Salida,"Sin evento",
"18/03/2024 08:03",4,,,,Oruro,"Sucursal Oruro","No disponible",Salida,"Sin evento",
"18/03/2024 08:15",7281679,,,,Oruro,"Sucursal Oruro","No disponible",Salida,"Sin evento",
"18/03/2024 08:24",5,,,,Oruro,"Sucursal Oruro","No disponible",Salida,"Sin evento",
"18/03/2024 08:25",1,,,,Oruro,"Sucursal Oruro","No disponible",Salida,"Sin evento",
"18/03/2024 12:31",1,,,,Oruro,"Sucursal Oruro","No disponible",Salida,"Sin evento",
"18/03/2024 12:38",4,,,,Oruro,"Sucursal Oruro","No disponible",Salida,"Sin evento",
"18/03/2024 14:12",4,,,,Oruro,"Sucursal Oruro","No disponible",Salida,"Sin evento",
"18/03/2024 14:30",1,,,,Oruro,"Sucursal Oruro","No disponible",Salida,"Sin evento",
"18/03/2024 18:58",5,,,,Oruro,"Sucursal Oruro","No disponible",Salida,"Sin evento",
"18/03/2024 19:01",4,,,,Oruro,"Sucursal Oruro","No disponible",Salida,"Sin evento",
"18/03/2024 19:05",7281679,,,,Oruro,"Sucursal Oruro","No disponible",Salida,"Sin evento",
"18/03/2024 19:21",1,,,,Oruro,"Sucursal Oruro","No disponible",Salida,"Sin evento",
"19/03/2024 08:10",1,,,,Oruro,"Sucursal Oruro","No disponible",Salida,"Sin evento",
"19/03/2024 08:13",4,,,,Oruro,"Sucursal Oruro","No disponible",Salida,"Sin evento",
"19/03/2024 08:22",7281679,,,,Oruro,"Sucursal Oruro","No disponible",Salida,"Sin evento",
"19/03/2024 08:27",1,,,,Oruro,"Sucursal Oruro","No disponible",Salida,"Sin evento",
"19/03/2024 08:33",5,,,,Oruro,"Sucursal Oruro","No disponible",Salida,"Sin evento",
"19/03/2024 12:40",4,,,,Oruro,"Sucursal Oruro","No disponible",Salida,Alarma,
"19/03/2024 12:50",1,,,,Oruro,"Sucursal Oruro","No disponible",Salida,Alarma,
"19/03/2024 14:20",4,,,,Oruro,"Sucursal Oruro","No disponible",Salida,Alarma,
"19/03/2024 18:42",4,,,,Oruro,"Sucursal Oruro","No disponible",Salida,"Sin evento",
"19/03/2024 18:45",5,,,,Oruro,"Sucursal Oruro","No disponible",Salida,"Sin evento",
"19/03/2024 18:45",1,,,,Oruro,"Sucursal Oruro","No disponible",Salida,"Sin evento",
"20/03/2024 08:16",4,,,,Oruro,"Sucursal Oruro","No disponible",Salida,"Sin evento",
"20/03/2024 08:20",7281679,,,,Oruro,"Sucursal Oruro","No disponible",Salida,"Sin evento",
"20/03/2024 08:29",1,,,,Oruro,"Sucursal Oruro","No disponible",Salida,"Sin evento",
"20/03/2024 08:33",5,,,,Oruro,"Sucursal Oruro","No disponible",Salida,"Sin evento",
"20/03/2024 12:30",1,,,,Oruro,"Sucursal Oruro","No disponible",Salida,"Sin evento",
"20/03/2024 12:30",4,,,,Oruro,"Sucursal Oruro","No disponible",Salida,"Sin evento",
"20/03/2024 13:50",1,,,,Oruro,"Sucursal Oruro","No disponible",Salida,"Sin evento",
"20/03/2024 14:17",4,,,,Oruro,"Sucursal Oruro","No disponible",Salida,"Sin evento",
"20/03/2024 18:38",5,,,,Oruro,"Sucursal Oruro","No disponible",Salida,"Sin evento",
"20/03/2024 18:43",7281679,,,,Oruro,"Sucursal Oruro","No disponible",Salida,"Sin evento",
"20/03/2024 18:47",4,,,,Oruro,"Sucursal Oruro","No disponible",Salida,"Sin evento",
"20/03/2024 18:49",1,,,,Oruro,"Sucursal Oruro","No disponible",Salida,"Sin evento",
"21/03/2024 08:12",1,,,,Oruro,"Sucursal Oruro","No disponible",Salida,"Sin evento",
"21/03/2024 08:16",4,,,,Oruro,"Sucursal Oruro","No disponible",Salida,"Sin evento",
"21/03/2024 08:18",7281679,,,,Oruro,"Sucursal Oruro","No disponible",Salida,"Sin evento",
"21/03/2024 08:29",5,,,,Oruro,"Sucursal Oruro","No disponible",Salida,"Sin evento",
"21/03/2024 12:39",1,,,,Oruro,"Sucursal Oruro","No disponible",Salida,"Sin evento",
"21/03/2024 12:39",4,,,,Oruro,"Sucursal Oruro","No disponible",Salida,"Sin evento",
"21/03/2024 14:14",4,,,,Oruro,"Sucursal Oruro","No disponible",Salida,"Sin evento",
"21/03/2024 14:19",1,,,,Oruro,"Sucursal Oruro","No disponible",Salida,"Sin evento",
"21/03/2024 19:07",5,,,,Oruro,"Sucursal Oruro","No disponible",Salida,"Sin evento",
"21/03/2024 19:08",4,,,,Oruro,"Sucursal Oruro","No disponible",Salida,"Sin evento",
"21/03/2024 19:08",7281679,,,,Oruro,"Sucursal Oruro","No disponible",Salida,"Sin evento",
"21/03/2024 19:11",1,,,,Oruro,"Sucursal Oruro","No disponible",Salida,"Sin evento",
"22/03/2024 08:06",1,,,,Oruro,"Sucursal Oruro","No disponible",Salida,"Sin evento",
"22/03/2024 08:23",4,,,,Oruro,"Sucursal Oruro","No disponible",Salida,"Sin evento",
"22/03/2024 08:24",7281679,,,,Oruro,"Sucursal Oruro","No disponible",Salida,"Sin evento",
"22/03/2024 08:33",5,,,,Oruro,"Sucursal Oruro","No disponible",Salida,"Sin evento",
"22/03/2024 16:35",7281679,,,,Oruro,"Sucursal Oruro","No disponible",Salida,"Sin evento",
"22/03/2024 16:36",5,,,,Oruro,"Sucursal Oruro","No disponible",Salida,"Sin evento",
"22/03/2024 16:38",4,,,,Oruro,"Sucursal Oruro","No disponible",Salida,"Sin evento",
"22/03/2024 16:38",1,,,,Oruro,"Sucursal Oruro","No disponible",Salida,"Sin evento",
"25/03/2024 08:01",4,,,,Oruro,"Sucursal Oruro","No disponible",Salida,"Sin evento",
"25/03/2024 08:27",1,,,,Oruro,"Sucursal Oruro","No disponible",Salida,"Sin evento",
"25/03/2024 08:28",5,,,,Oruro,"Sucursal Oruro","No disponible",Salida,"Sin evento",
"25/03/2024 08:30",7281679,,,,Oruro,"Sucursal Oruro","No disponible",Salida,"Sin evento",
"25/03/2024 12:39",4,,,,Oruro,"Sucursal Oruro","No disponible",Salida,"Sin evento",
"25/03/2024 12:54",1,,,,Oruro,"Sucursal Oruro","No disponible",Salida,"Sin evento",
"25/03/2024 14:23",4,,,,Oruro,"Sucursal Oruro","No disponible",Salida,"Sin evento",
"25/03/2024 14:37",1,,,,Oruro,"Sucursal Oruro","No disponible",Salida,"Sin evento",
"25/03/2024 18:57",4,,,,Oruro,"Sucursal Oruro","No disponible",Salida,"Sin evento",
"25/03/2024 18:58",7281679,,,,Oruro,"Sucursal Oruro","No disponible",Salida,"Sin evento",
"25/03/2024 19:06",1,,,,Oruro,"Sucursal Oruro","No disponible",Salida,"Sin evento",
"26/03/2024 08:00",1,,,,Oruro,"Sucursal Oruro","No disponible",Salida,"Sin evento",
"26/03/2024 08:17",4,,,,Oruro,"Sucursal Oruro","No disponible",Salida,"Sin evento",
"26/03/2024 08:22",7281679,,,,Oruro,"Sucursal Oruro","No disponible",Salida,"Sin evento",
"26/03/2024 08:24",5,,,,Oruro,"Sucursal Oruro","No disponible",Salida,"Sin evento",
"26/03/2024 12:39",4,,,,Oruro,"Sucursal Oruro","No disponible",Salida,"Sin evento",
"26/03/2024 12:41",1,,,,Oruro,"Sucursal Oruro","No disponible",Salida,"Sin evento",
"26/03/2024 13:50",4,,,,Oruro,"Sucursal Oruro","No disponible",Salida,"Sin evento",
"26/03/2024 14:30",4,,,,Oruro,"Sucursal Oruro","No disponible",Salida,"Sin evento",
"26/03/2024 18:46",5,,,,Oruro,"Sucursal Oruro","No disponible",Salida,"Sin evento",
"26/03/2024 18:50",4,,,,Oruro,"Sucursal Oruro","No disponible",Salida,"Sin evento",
"26/03/2024 18:50",7281679,,,,Oruro,"Sucursal Oruro","No disponible",Salida,"Sin evento",
"26/03/2024 19:05",1,,,,Oruro,"Sucursal Oruro","No disponible","Estado 15","Sin evento",
"27/03/2024 07:48",4,,,,Oruro,"Sucursal Oruro","No disponible",Salida,"Sin evento",
"27/03/2024 08:13",1,,,,Oruro,"Sucursal Oruro","No disponible",Salida,"Sin evento",
"27/03/2024 08:21",7281679,,,,Oruro,"Sucursal Oruro","No disponible",Salida,"Sin evento",
"27/03/2024 08:29",5,,,,Oruro,"Sucursal Oruro","No disponible",Salida,"Sin evento",
"27/03/2024 12:33",4,,,,Oruro,"Sucursal Oruro","No disponible",Salida,"Sin evento",
"27/03/2024 12:45",1,,,,Oruro,"Sucursal Oruro","No disponible",Salida,"Sin evento",
"27/03/2024 14:04",4,,,,Oruro,"Sucursal Oruro","No disponible",Salida,"Sin evento",
"27/03/2024 14:08",1,,,,Oruro,"Sucursal Oruro","No disponible",Salida,"Sin evento",
"27/03/2024 18:31",4,,,,Oruro,"Sucursal Oruro","No disponible",Salida,"Sin evento",
"27/03/2024 19:03",7281679,,,,Oruro,"Sucursal Oruro","No disponible",Salida,"Sin evento",
"27/03/2024 19:03",5,,,,Oruro,"Sucursal Oruro","No disponible",Salida,"Sin evento",
"27/03/2024 19:06",1,,,,Oruro,"Sucursal Oruro","No disponible",Salida,"Sin evento",
"28/03/2024 08:16",1,,,,Oruro,"Sucursal Oruro","No disponible",Salida,"Sin evento",
"28/03/2024 08:21",4,,,,Oruro,"Sucursal Oruro","No disponible",Salida,"Sin evento",
"28/03/2024 08:27",7281679,,,,Oruro,"Sucursal Oruro","No disponible",Salida,"Sin evento",
"28/03/2024 08:31",5,,,,Oruro,"Sucursal Oruro","No disponible",Salida,"Sin evento",
"28/03/2024 16:49",4,,,,Oruro,"Sucursal Oruro","No disponible",Salida,"Sin evento",
"28/03/2024 16:49",5,,,,Oruro,"Sucursal Oruro","No disponible",Salida,"Sin evento",
"28/03/2024 16:50",7281679,,,,Oruro,"Sucursal Oruro","No disponible",Salida,"Sin evento",
"28/03/2024 16:58",1,,,,Oruro,"Sucursal Oruro","No disponible",Salida,"Sin evento",
"30/03/2024 08:46",4,,,,Oruro,"Sucursal Oruro","No disponible",Salida,"Sin evento",
"30/03/2024 09:05",5,,,,Oruro,"Sucursal Oruro","No disponible",Salida,"Sin evento",
"30/03/2024 09:05",7281679,,,,Oruro,"Sucursal Oruro","No disponible",Salida,"Sin evento",
"30/03/2024 13:03",5,,,,Oruro,"Sucursal Oruro","No disponible",Salida,"Sin evento",
"30/03/2024 13:12",7281679,,,,Oruro,"Sucursal Oruro","No disponible",Salida,"Sin evento",
"30/03/2024 13:27",4,,,,Oruro,"Sucursal Oruro","No disponible",Salida,"Sin evento",
"01/04/2024 08:09",4,,,,Oruro,"Sucursal Oruro","No disponible",Salida,"Sin evento",
"01/04/2024 08:29",1,,,,Oruro,"Sucursal Oruro","No disponible",Salida,"Sin evento",
"01/04/2024 08:33",5,,,,Oruro,"Sucursal Oruro","No disponible",Salida,"Sin evento",
"01/04/2024 08:37",7281679,,,,Oruro,"Sucursal Oruro","No disponible",Salida,"Sin evento",
"01/04/2024 12:47",4,,,,Oruro,"Sucursal Oruro","No disponible",Salida,"Sin evento",
"01/04/2024 12:54",1,,,,Oruro,"Sucursal Oruro","No disponible",Salida,"Sin evento",
"01/04/2024 14:17",4,,,,Oruro,"Sucursal Oruro","No disponible",Salida,"Sin evento",
"01/04/2024 14:25",4,,,,Oruro,"Sucursal Oruro","No disponible",Salida,"Sin evento",
"01/04/2024 14:34",1,,,,Oruro,"Sucursal Oruro","No disponible",Salida,"Sin evento",
"01/04/2024 18:37",5,,,,Oruro,"Sucursal Oruro","No disponible",Salida,"Sin evento",
"01/04/2024 18:46",4,,,,Oruro,"Sucursal Oruro","No disponible",Salida,"Sin evento",
"01/04/2024 18:48",4,,,,Oruro,"Sucursal Oruro","No disponible",Salida,"Sin evento",
"01/04/2024 19:02",7281679,,,,Oruro,"Sucursal Oruro","No disponible",Salida,"Sin evento",
"01/04/2024 19:03",1,,,,Oruro,"Sucursal Oruro","No disponible",Salida,"Sin evento",
"02/04/2024 08:01",1,,,,Oruro,"Sucursal Oruro","No disponible",Salida,"Sin evento",
"02/04/2024 08:08",4,,,,Oruro,"Sucursal Oruro","No disponible",Salida,"Sin evento",
"02/04/2024 08:30",7281679,,,,Oruro,"Sucursal Oruro","No disponible",Salida,"Sin evento",
"02/04/2024 08:36",5,,,,Oruro,"Sucursal Oruro","No disponible",Salida,"Sin evento",
"02/04/2024 12:40",4,,,,Oruro,"Sucursal Oruro","No disponible",Salida,"Sin evento",
"02/04/2024 12:40",5,,,,Oruro,"Sucursal Oruro","No disponible",Salida,"Sin evento",
"02/04/2024 12:44",1,,,,Oruro,"Sucursal Oruro","No disponible",Salida,"Sin evento",
"02/04/2024 14:10",4,,,,Oruro,"Sucursal Oruro","No disponible",Salida,"Sin evento",
"02/04/2024 14:32",1,,,,Oruro,"Sucursal Oruro","No disponible",Salida,"Sin evento",
"02/04/2024 19:05",7281679,,,,Oruro,"Sucursal Oruro","No disponible",Salida,"Sin evento",
"02/04/2024 19:18",4,,,,Oruro,"Sucursal Oruro","No disponible",Salida,"Sin evento",
"02/04/2024 19:20",1,,,,Oruro,"Sucursal Oruro","No disponible",Salida,"Sin evento",
"02/04/2024 19:26",7281679,,,,Oruro,"Sucursal Oruro","No disponible",Salida,"Sin evento",
"03/04/2024 08:11",4,,,,Oruro,"Sucursal Oruro","No disponible",Salida,"Sin evento",
"03/04/2024 08:22",7281679,,,,Oruro,"Sucursal Oruro","No disponible",Salida,"Sin evento",
"03/04/2024 08:26",1,,,,Oruro,"Sucursal Oruro","No disponible",Salida,"Sin evento",
"03/04/2024 08:34",5,,,,Oruro,"Sucursal Oruro","No disponible",Salida,"Sin evento",
"03/04/2024 12:58",4,,,,Oruro,"Sucursal Oruro","No disponible",Salida,"Sin evento",
"03/04/2024 13:00",1,,,,Oruro,"Sucursal Oruro","No disponible",Salida,"Sin evento",
"03/04/2024 14:25",4,,,,Oruro,"Sucursal Oruro","No disponible",Salida,"Sin evento",
"03/04/2024 14:36",1,,,,Oruro,"Sucursal Oruro","No disponible",Salida,"Sin evento",
"03/04/2024 18:50",5,,,,Oruro,"Sucursal Oruro","No disponible",Salida,"Sin evento",
"03/04/2024 19:04",4,,,,Oruro,"Sucursal Oruro","No disponible",Salida,"Sin evento",
"03/04/2024 19:09",1,,,,Oruro,"Sucursal Oruro","No disponible",Salida,"Sin evento",
"03/04/2024 19:16",7281679,,,,Oruro,"Sucursal Oruro","No disponible",Salida,"Sin evento",
"04/04/2024 07:57",4,,,,Oruro,"Sucursal Oruro","No disponible",Salida,"Sin evento",
"04/04/2024 08:21",7281679,,,,Oruro,"Sucursal Oruro","No disponible",Salida,"Sin evento",
"04/04/2024 08:22",1,,,,Oruro,"Sucursal Oruro","No disponible",Salida,"Sin evento",
"04/04/2024 08:24",4,,,,Oruro,"Sucursal Oruro","No disponible",Salida,"Sin evento",
"04/04/2024 08:34",5,,,,Oruro,"Sucursal Oruro","No disponible",Salida,"Sin evento",
"04/04/2024 12:48",4,,,,Oruro,"Sucursal Oruro","No disponible",Salida,"Sin evento",
"04/04/2024 12:54",1,,,,Oruro,"Sucursal Oruro","No disponible",Salida,"Sin evento",
"04/04/2024 14:24",4,,,,Oruro,"Sucursal Oruro","No disponible",Salida,"Sin evento",
"04/04/2024 14:25",1,,,,Oruro,"Sucursal Oruro","No disponible",Salida,"Sin evento",
"04/04/2024 14:34",1,,,,Oruro,"Sucursal Oruro","No disponible",Salida,"Sin evento",
"04/04/2024 18:44",4,,,,Oruro,"Sucursal Oruro","No disponible",Salida,"Sin evento",
"04/04/2024 18:46",5,,,,Oruro,"Sucursal Oruro","No disponible",Salida,"Sin evento",
"04/04/2024 19:01",7281679,,,,Oruro,"Sucursal Oruro","No disponible",Salida,"Sin evento",
"04/04/2024 19:02",1,,,,Oruro,"Sucursal Oruro","No disponible",Salida,"Sin evento",
"05/04/2024 08:09",4,,,,Oruro,"Sucursal Oruro","No disponible",Salida,"Sin evento",
"05/04/2024 08:19",1,,,,Oruro,"Sucursal Oruro","No disponible",Salida,"Sin evento",
"05/04/2024 08:24",7281679,,,,Oruro,"Sucursal Oruro","No disponible",Salida,"Sin evento",
"05/04/2024 08:33",5,,,,Oruro,"Sucursal Oruro","No disponible",Salida,"Sin evento",
"05/04/2024 09:02",1,,,,Oruro,"Sucursal Oruro","No disponible",Salida,"Sin evento",
"05/04/2024 12:56",4,,,,Oruro,"Sucursal Oruro","No disponible",Salida,"Sin evento",
"05/04/2024 14:08",4,,,,Oruro,"Sucursal Oruro","No disponible",Salida,"Sin evento",
"05/04/2024 14:21",1,,,,Oruro,"Sucursal Oruro","No disponible",Salida,"Sin evento",
"05/04/2024 18:45",5,,,,Oruro,"Sucursal Oruro","No disponible",Salida,"Sin evento",
"05/04/2024 18:48",7281679,,,,Oruro,"Sucursal Oruro","No disponible",Salida,"Sin evento",
"05/04/2024 19:21",4,,,,Oruro,"Sucursal Oruro","No disponible",Salida,"Sin evento",
"05/04/2024 19:21",1,,,,Oruro,"Sucursal Oruro","No disponible",Salida,"Sin evento",
"06/04/2024 08:44",4,,,,Oruro,"Sucursal Oruro","No disponible",Salida,"Sin evento",
"06/04/2024 09:04",7281679,,,,Oruro,"Sucursal Oruro","No disponible",Salida,"Sin evento",
"06/04/2024 09:05",5,,,,Oruro,"Sucursal Oruro","No disponible",Salida,"Sin evento",
"06/04/2024 13:02",7281679,,,,Oruro,"Sucursal Oruro","No disponible",Salida,"Sin evento",
"06/04/2024 13:03",4,,,,Oruro,"Sucursal Oruro","No disponible",Salida,"Sin evento",
"06/04/2024 13:03",5,,,,Oruro,"Sucursal Oruro","No disponible",Salida,"Sin evento",
"08/04/2024 08:02",4,,,,Oruro,"Sucursal Oruro","No disponible",Salida,"Sin evento",
"08/04/2024 08:22",7281679,,,,Oruro,"Sucursal Oruro","No disponible",Salida,"Sin evento",
"08/04/2024 08:26",5,,,,Oruro,"Sucursal Oruro","No disponible",Salida,"Sin evento",
"08/04/2024 08:33",1,,,,Oruro,"Sucursal Oruro","No disponible",Salida,"Sin evento",
"08/04/2024 12:39",1,,,,Oruro,"Sucursal Oruro","No disponible",Salida,"Sin evento",
"08/04/2024 12:40",4,,,,Oruro,"Sucursal Oruro","No disponible",Salida,"Sin evento",
"08/04/2024 14:10",4,,,,Oruro,"Sucursal Oruro","No disponible",Salida,"Sin evento",
"08/04/2024 14:19",4,,,,Oruro,"Sucursal Oruro","No disponible",Salida,"Sin evento",
"08/04/2024 14:35",1,,,,Oruro,"Sucursal Oruro","No disponible",Salida,"Sin evento",
"08/04/2024 18:40",5,,,,Oruro,"Sucursal Oruro","No disponible",Salida,"Sin evento",
"08/04/2024 18:53",7281679,,,,Oruro,"Sucursal Oruro","No disponible",Salida,"Sin evento",
"08/04/2024 19:07",1,,,,Oruro,"Sucursal Oruro","No disponible",Salida,"Sin evento",
"08/04/2024 19:08",4,,,,Oruro,"Sucursal Oruro","No disponible",Salida,"Sin evento",
"09/04/2024 08:02",1,,,,Oruro,"Sucursal Oruro","No disponible",Salida,"Sin evento",
"09/04/2024 08:03",4,,,,Oruro,"Sucursal Oruro","No disponible",Salida,"Sin evento",
"09/04/2024 08:27",7281679,,,,Oruro,"Sucursal Oruro","No disponible",Salida,"Sin evento",
"09/04/2024 08:30",5,,,,Oruro,"Sucursal Oruro","No disponible",Salida,"Sin evento",
"09/04/2024 12:40",4,,,,Oruro,"Sucursal Oruro","No disponible",Salida,"Sin evento",
"09/04/2024 12:51",1,,,,Oruro,"Sucursal Oruro","No disponible",Salida,"Sin evento",
"09/04/2024 14:03",4,,,,Oruro,"Sucursal Oruro","No disponible",Salida,"Sin evento",
"09/04/2024 14:18",1,,,,Oruro,"Sucursal Oruro","No disponible",Salida,"Sin evento",
"09/04/2024 18:40",5,,,,Oruro,"Sucursal Oruro","No disponible",Salida,"Sin evento",
"09/04/2024 18:42",4,,,,Oruro,"Sucursal Oruro","No disponible",Salida,"Sin evento",
"09/04/2024 18:49",7281679,,,,Oruro,"Sucursal Oruro","No disponible",Salida,"Sin evento",
"09/04/2024 19:06",1,,,,Oruro,"Sucursal Oruro","No disponible",Salida,"Sin evento",
"10/04/2024 08:18",1,,,,Oruro,"Sucursal Oruro","No disponible",Salida,"Sin evento",
"10/04/2024 08:26",4,,,,Oruro,"Sucursal Oruro","No disponible",Salida,"Sin evento",
"10/04/2024 08:26",7281679,,,,Oruro,"Sucursal Oruro","No disponible",Salida,"Sin evento",
"10/04/2024 08:37",5,,,,Oruro,"Sucursal Oruro","No disponible",Salida,"Sin evento",
"10/04/2024 12:46",4,,,,Oruro,"Sucursal Oruro","No disponible",Salida,"Sin evento",
"10/04/2024 12:46",1,,,,Oruro,"Sucursal Oruro","No disponible",Salida,"Sin evento",
"10/04/2024 14:16",1,,,,Oruro,"Sucursal Oruro","No disponible",Salida,"Sin evento",
"10/04/2024 14:31",4,,,,Oruro,"Sucursal Oruro","No disponible",Salida,"Sin evento",
"10/04/2024 18:55",7281679,,,,Oruro,"Sucursal Oruro","No disponible",Salida,"Sin evento",
"10/04/2024 18:56",4,,,,Oruro,"Sucursal Oruro","No disponible",Salida,"Sin evento",
"10/04/2024 18:57",1,,,,Oruro,"Sucursal Oruro","No disponible",Salida,"Sin evento",
"11/04/2024 08:09",4,,,,Oruro,"Sucursal Oruro","No disponible",Salida,"Sin evento",
"11/04/2024 08:16",1,,,,Oruro,"Sucursal Oruro","No disponible",Salida,"Sin evento",
"11/04/2024 08:28",7281679,,,,Oruro,"Sucursal Oruro","No disponible",Salida,"Sin evento",
"11/04/2024 08:28",5,,,,Oruro,"Sucursal Oruro","No disponible",Salida,"Sin evento",
"11/04/2024 12:38",1,,,,Oruro,"Sucursal Oruro","No disponible",Salida,"Sin evento",
"11/04/2024 12:46",4,,,,Oruro,"Sucursal Oruro","No disponible",Salida,"Sin evento",
"11/04/2024 14:12",4,,,,Oruro,"Sucursal Oruro","No disponible",Salida,"Sin evento",
"11/04/2024 14:13",1,,,,Oruro,"Sucursal Oruro","No disponible",Salida,"Sin evento",
"11/04/2024 19:07",5,,,,Oruro,"Sucursal Oruro","No disponible",Salida,"Sin evento",
"11/04/2024 19:08",4,,,,Oruro,"Sucursal Oruro","No disponible",Salida,"Sin evento",
"11/04/2024 19:18",1,,,,Oruro,"Sucursal Oruro","No disponible",Salida,"Sin evento",
"11/04/2024 19:18",7281679,,,,Oruro,"Sucursal Oruro","No disponible",Salida,"Sin evento",
"12/04/2024 08:10",4,,,,Oruro,"Sucursal Oruro","No disponible",Salida,"Sin evento",
"12/04/2024 08:30",1,,,,Oruro,"Sucursal Oruro","No disponible",Salida,"Sin evento",
"12/04/2024 08:39",7281679,,,,Oruro,"Sucursal Oruro","No disponible",Salida,"Sin evento",
"12/04/2024 12:45",1,,,,Oruro,"Sucursal Oruro","No disponible",Salida,"Sin evento",
"12/04/2024 12:45",4,,,,Oruro,"Sucursal Oruro","No disponible",Salida,"Sin evento",
"12/04/2024 14:19",4,,,,Oruro,"Sucursal Oruro","No disponible",Salida,"Sin evento",
"12/04/2024 14:34",1,,,,Oruro,"Sucursal Oruro","No disponible",Salida,"Sin evento",
"12/04/2024 18:32",5,,,,Oruro,"Sucursal Oruro","No disponible",Salida,"Sin evento",
"12/04/2024 18:43",7281679,,,,Oruro,"Sucursal Oruro","No disponible",Salida,"Sin evento",
"12/04/2024 19:03",4,,,,Oruro,"Sucursal Oruro","No disponible",Salida,"Sin evento",
"12/04/2024 19:03",1,,,,Oruro,"Sucursal Oruro","No disponible",Salida,"Sin evento",
"13/04/2024 08:33",4,,,,Oruro,"Sucursal Oruro","No disponible",Salida,"Sin evento",
"13/04/2024 09:00",5,,,,Oruro,"Sucursal Oruro","No disponible",Salida,"Sin evento",
"13/04/2024 09:12",7281679,,,,Oruro,"Sucursal Oruro","No disponible",Salida,"Sin evento",
"13/04/2024 13:15",5,,,,Oruro,"Sucursal Oruro","No disponible",Salida,"Sin evento",
"13/04/2024 13:17",4,,,,Oruro,"Sucursal Oruro","No disponible",Salida,"Sin evento",
"13/04/2024 13:18",7281679,,,,Oruro,"Sucursal Oruro","No disponible",Salida,"Sin evento",
"15/04/2024 08:07",1,,,,Oruro,"Sucursal Oruro","No disponible",Salida,"Sin evento",
"15/04/2024 08:12",4,,,,Oruro,"Sucursal Oruro","No disponible",Salida,"Sin evento",
"15/04/2024 08:22",7281679,,,,Oruro,"Sucursal Oruro","No disponible",Salida,"Sin evento",
"15/04/2024 08:32",5,,,,Oruro,"Sucursal Oruro","No disponible",Salida,"Sin evento",
"15/04/2024 12:43",4,,,,Oruro,"Sucursal Oruro","No disponible",Salida,"Sin evento",
"15/04/2024 12:54",1,,,,Oruro,"Sucursal Oruro","No disponible",Salida,"Sin evento",
"15/04/2024 14:12",4,,,,Oruro,"Sucursal Oruro","No disponible",Salida,"Sin evento",
"15/04/2024 14:36",1,,,,Oruro,"Sucursal Oruro","No disponible",Salida,"Sin evento",
"15/04/2024 19:03",5,,,,Oruro,"Sucursal Oruro","No disponible",Salida,"Sin evento",
"15/04/2024 19:11",7281679,,,,Oruro,"Sucursal Oruro","No disponible",Salida,"Sin evento",
"15/04/2024 19:13",4,,,,Oruro,"Sucursal Oruro","No disponible",Salida,"Sin evento",
"15/04/2024 19:14",1,,,,Oruro,"Sucursal Oruro","No disponible",Salida,"Sin evento",
"16/04/2024 07:56",1,,,,Oruro,"Sucursal Oruro","No disponible",Salida,"Sin evento",
"16/04/2024 08:18",4,,,,Oruro,"Sucursal Oruro","No disponible",Salida,"Sin evento",
"16/04/2024 08:34",5,,,,Oruro,"Sucursal Oruro","No disponible",Salida,"Sin evento",
"16/04/2024 08:37",7281679,,,,Oruro,"Sucursal Oruro","No disponible",Salida,"Sin evento",
"16/04/2024 12:59",4,,,,Oruro,"Sucursal Oruro","No disponible",Salida,"Sin evento",
"16/04/2024 13:00",1,,,,Oruro,"Sucursal Oruro","No disponible",Salida,"Sin evento",
"16/04/2024 14:10",4,,,,Oruro,"Sucursal Oruro","No disponible",Salida,"Sin evento",
"16/04/2024 14:23",1,,,,Oruro,"Sucursal Oruro","No disponible",Salida,"Sin evento",
"16/04/2024 18:47",5,,,,Oruro,"Sucursal Oruro","No disponible",Salida,"Sin evento",
"16/04/2024 18:55",7281679,,,,Oruro,"Sucursal Oruro","No disponible",Salida,"Sin evento",
"16/04/2024 19:01",1,,,,Oruro,"Sucursal Oruro","No disponible",Salida,"Sin evento",
"16/04/2024 19:02",4,,,,Oruro,"Sucursal Oruro","No disponible",Salida,"Sin evento",
"17/04/2024 08:03",4,,,,Oruro,"Sucursal Oruro","No disponible",Salida,"Sin evento",
"17/04/2024 08:06",1,,,,Oruro,"Sucursal Oruro","No disponible",Salida,"Sin evento",
"17/04/2024 08:25",7281679,,,,Oruro,"Sucursal Oruro","No disponible",Salida,"Sin evento",
"17/04/2024 08:32",5,,,,Oruro,"Sucursal Oruro","No disponible",Salida,"Sin evento",
"17/04/2024 12:41",4,,,,Oruro,"Sucursal Oruro","No disponible",Salida,"Sin evento",
"17/04/2024 12:49",1,,,,Oruro,"Sucursal Oruro","No disponible",Salida,"Sin evento",
"17/04/2024 14:25",4,,,,Oruro,"Sucursal Oruro","No disponible",Salida,"Sin evento",
"17/04/2024 14:37",1,,,,Oruro,"Sucursal Oruro","No disponible",Salida,"Sin evento",
"17/04/2024 18:37",5,,,,Oruro,"Sucursal Oruro","No disponible",Salida,"Sin evento",
"17/04/2024 18:45",4,,,,Oruro,"Sucursal Oruro","No disponible",Salida,"Sin evento",
"17/04/2024 18:53",1,,,,Oruro,"Sucursal Oruro","No disponible",Salida,"Sin evento",
"17/04/2024 19:18",7281679,,,,Oruro,"Sucursal Oruro","No disponible",Salida,"Sin evento",
"18/04/2024 08:13",4,,,,Oruro,"Sucursal Oruro","No disponible",Salida,"Sin evento",
"18/04/2024 08:24",1,,,,Oruro,"Sucursal Oruro","No disponible",Salida,"Sin evento",
"18/04/2024 08:27",7281679,,,,Oruro,"Sucursal Oruro","No disponible",Salida,"Sin evento",
"18/04/2024 12:42",1,,,,Oruro,"Sucursal Oruro","No disponible",Salida,"Sin evento",
"18/04/2024 13:01",4,,,,Oruro,"Sucursal Oruro","No disponible",Salida,"Sin evento",
"18/04/2024 14:10",4,,,,Oruro,"Sucursal Oruro","No disponible",Salida,"Sin evento",
"18/04/2024 14:23",1,,,,Oruro,"Sucursal Oruro","No disponible",Salida,"Sin evento",
"18/04/2024 18:41",5,,,,Oruro,"Sucursal Oruro","No disponible",Salida,"Sin evento",
"18/04/2024 18:50",7281679,,,,Oruro,"Sucursal Oruro","No disponible",Salida,"Sin evento",
"18/04/2024 19:50",4,,,,Oruro,"Sucursal Oruro","No disponible",Salida,"Sin evento",
"18/04/2024 19:50",1,,,,Oruro,"Sucursal Oruro","No disponible",Salida,"Sin evento",
"19/04/2024 08:10",7281679,,,,Oruro,"Sucursal Oruro","No disponible",Salida,"Sin evento",
"19/04/2024 08:16",4,,,,Oruro,"Sucursal Oruro","No disponible",Salida,"Sin evento",
"19/04/2024 08:24",1,,,,Oruro,"Sucursal Oruro","No disponible",Salida,"Sin evento",
"19/04/2024 08:36",5,,,,Oruro,"Sucursal Oruro","No disponible",Salida,"Sin evento",
"19/04/2024 13:05",1,,,,Oruro,"Sucursal Oruro","No disponible",Salida,"Sin evento",
"19/04/2024 13:05",4,,,,Oruro,"Sucursal Oruro","No disponible",Salida,"Sin evento",
"19/04/2024 14:11",4,,,,Oruro,"Sucursal Oruro","No disponible",Salida,"Sin evento",
"19/04/2024 14:28",1,,,,Oruro,"Sucursal Oruro","No disponible",Salida,"Sin evento",
"19/04/2024 18:39",5,,,,Oruro,"Sucursal Oruro","No disponible",Salida,"Sin evento",
"19/04/2024 18:55",4,,,,Oruro,"Sucursal Oruro","No disponible",Salida,"Sin evento",
"19/04/2024 18:55",1,,,,Oruro,"Sucursal Oruro","No disponible",Salida,"Sin evento",
"19/04/2024 18:57",7281679,,,,Oruro,"Sucursal Oruro","No disponible",Salida,"Sin evento",
"20/04/2024 08:43",4,,,,Oruro,"Sucursal Oruro","No disponible",Salida,"Sin evento",
"20/04/2024 09:01",5,,,,Oruro,"Sucursal Oruro","No disponible",Salida,"Sin evento",
"20/04/2024 13:28",4,,,,Oruro,"Sucursal Oruro","No disponible",Salida,"Sin evento",
"20/04/2024 13:31",5,,,,Oruro,"Sucursal Oruro","No disponible",Salida,"Sin evento",
"22/04/2024 08:06",1,,,,Oruro,"Sucursal Oruro","No disponible",Salida,"Sin evento",
"22/04/2024 08:10",4,,,,Oruro,"Sucursal Oruro","No disponible",Salida,"Sin evento",
"22/04/2024 08:36",7281679,,,,Oruro,"Sucursal Oruro","No disponible",Salida,"Sin evento",
"22/04/2024 08:37",5,,,,Oruro,"Sucursal Oruro","No disponible",Salida,"Sin evento",
"22/04/2024 12:47",1,,,,Oruro,"Sucursal Oruro","No disponible",Salida,"Sin evento",
"22/04/2024 12:49",4,,,,Oruro,"Sucursal Oruro","No disponible",Salida,"Sin evento",
"22/04/2024 14:01",4,,,,Oruro,"Sucursal Oruro","No disponible",Salida,"Sin evento",
"22/04/2024 14:33",1,,,,Oruro,"Sucursal Oruro","No disponible",Salida,"Sin evento",
"22/04/2024 18:42",5,,,,Oruro,"Sucursal Oruro","No disponible",Salida,"Sin evento",
"22/04/2024 18:58",7281679,,,,Oruro,"Sucursal Oruro","No disponible",Salida,"Sin evento",
"22/04/2024 19:09",1,,,,Oruro,"Sucursal Oruro","No disponible",Salida,"Sin evento",
"22/04/2024 19:10",4,,,,Oruro,"Sucursal Oruro","No disponible",Salida,"Sin evento",
"23/04/2024 08:03",4,,,,Oruro,"Sucursal Oruro","No disponible",Salida,"Sin evento",
"23/04/2024 08:11",1,,,,Oruro,"Sucursal Oruro","No disponible",Salida,"Sin evento",
"23/04/2024 08:29",7281679,,,,Oruro,"Sucursal Oruro","No disponible",Salida,"Sin evento",
"23/04/2024 08:35",5,,,,Oruro,"Sucursal Oruro","No disponible",Salida,"Sin evento",
"23/04/2024 12:38",4,,,,Oruro,"Sucursal Oruro","No disponible",Salida,"Sin evento",
"23/04/2024 12:44",1,,,,Oruro,"Sucursal Oruro","No disponible",Salida,"Sin evento",
"23/04/2024 14:09",1,,,,Oruro,"Sucursal Oruro","No disponible",Salida,"Sin evento",
"23/04/2024 14:10",4,,,,Oruro,"Sucursal Oruro","No disponible",Salida,"Sin evento",
"23/04/2024 18:36",5,,,,Oruro,"Sucursal Oruro","No disponible",Salida,"Sin evento",
"23/04/2024 18:37",7281679,,,,Oruro,"Sucursal Oruro","No disponible",Salida,"Sin evento",
"23/04/2024 18:50",1,,,,Oruro,"Sucursal Oruro","No disponible",Salida,"Sin evento",
"23/04/2024 18:51",4,,,,Oruro,"Sucursal Oruro","No disponible",Salida,"Sin evento",
"24/04/2024 07:52",4,,,,Oruro,"Sucursal Oruro","No disponible",Salida,"Sin evento",
"24/04/2024 08:21",1,,,,Oruro,"Sucursal Oruro","No disponible",Salida,"Sin evento",
"24/04/2024 08:27",7281679,,,,Oruro,"Sucursal Oruro","No disponible",Salida,"Sin evento",
"24/04/2024 08:35",5,,,,Oruro,"Sucursal Oruro","No disponible",Salida,"Sin evento",
"24/04/2024 12:56",4,,,,Oruro,"Sucursal Oruro","No disponible",Salida,"Sin evento",
"24/04/2024 12:58",1,,,,Oruro,"Sucursal Oruro","No disponible",Salida,"Sin evento",
"24/04/2024 14:14",4,,,,Oruro,"Sucursal Oruro","No disponible",Salida,"Sin evento",
"24/04/2024 14:19",1,,,,Oruro,"Sucursal Oruro","No disponible",Salida,"Sin evento",
"24/04/2024 18:36",5,,,,Oruro,"Sucursal Oruro","No disponible",Salida,"Sin evento",
"24/04/2024 18:51",7281679,,,,Oruro,"Sucursal Oruro","No disponible",Salida,"Sin evento",
"24/04/2024 19:15",4,,,,Oruro,"Sucursal Oruro","No disponible",Salida,"Sin evento",
"24/04/2024 19:16",1,,,,Oruro,"Sucursal Oruro","No disponible",Salida,"Sin evento",
"25/04/2024 08:01",1,,,,Oruro,"Sucursal Oruro","No disponible",Salida,"Sin evento",
"25/04/2024 08:02",4,,,,Oruro,"Sucursal Oruro","No disponible",Salida,"Sin evento",
"25/04/2024 08:31",7281679,,,,Oruro,"Sucursal Oruro","No disponible",Salida,"Sin evento",
"25/04/2024 08:31",5,,,,Oruro,"Sucursal Oruro","No disponible",Salida,"Sin evento",
"25/04/2024 12:48",4,,,,Oruro,"Sucursal Oruro","No disponible",Salida,"Sin evento",
"25/04/2024 12:48",1,,,,Oruro,"Sucursal Oruro","No disponible",Salida,"Sin evento",
"25/04/2024 14:12",1,,,,Oruro,"Sucursal Oruro","No disponible",Salida,"Sin evento",
"25/04/2024 14:13",4,,,,Oruro,"Sucursal Oruro","No disponible",Salida,"Sin evento",
"25/04/2024 18:40",5,,,,Oruro,"Sucursal Oruro","No disponible",Salida,"Sin evento",
"25/04/2024 18:41",4,,,,Oruro,"Sucursal Oruro","No disponible",Salida,"Sin evento",
"25/04/2024 18:44",1,,,,Oruro,"Sucursal Oruro","No disponible",Salida,"Sin evento",
"25/04/2024 19:01",7281679,,,,Oruro,"Sucursal Oruro","No disponible",Salida,"Sin evento",
"25/04/2024 19:06",7281679,,,,Oruro,"Sucursal Oruro","No disponible",Salida,"Sin evento",
"26/04/2024 08:04",1,,,,Oruro,"Sucursal Oruro","No disponible",Salida,"Sin evento",
"26/04/2024 08:10",4,,,,Oruro,"Sucursal Oruro","No disponible",Salida,"Sin evento",
"26/04/2024 08:25",7281679,,,,Oruro,"Sucursal Oruro","No disponible",Salida,"Sin evento",
"26/04/2024 08:27",5,,,,Oruro,"Sucursal Oruro","No disponible",Salida,"Sin evento",
"26/04/2024 12:36",4,,,,Oruro,"Sucursal Oruro","No disponible",Salida,"Sin evento",
"26/04/2024 12:45",1,,,,Oruro,"Sucursal Oruro","No disponible",Salida,"Sin evento",
"26/04/2024 14:09",4,,,,Oruro,"Sucursal Oruro","No disponible",Salida,"Sin evento",
"26/04/2024 14:14",1,,,,Oruro,"Sucursal Oruro","No disponible",Salida,"Sin evento",
"26/04/2024 18:46",5,,,,Oruro,"Sucursal Oruro","No disponible",Salida,"Sin evento",
"26/04/2024 18:51",4,,,,Oruro,"Sucursal Oruro","No disponible",Salida,"Sin evento",
"26/04/2024 19:03",7281679,,,,Oruro,"Sucursal Oruro","No disponible",Salida,"Sin evento",
"26/04/2024 19:04",1,,,,Oruro,"Sucursal Oruro","No disponible",Salida,"Sin evento",
"27/04/2024 08:46",4,,,,Oruro,"Sucursal Oruro","No disponible",Salida,"Sin evento",
"27/04/2024 08:46",7281679,,,,Oruro,"Sucursal Oruro","No disponible",Salida,"Sin evento",
"27/04/2024 09:01",5,,,,Oruro,"Sucursal Oruro","No disponible",Salida,"Sin evento",
"27/04/2024 13:00",5,,,,Oruro,"Sucursal Oruro","No disponible",Salida,"Sin evento",
"27/04/2024 13:06",7281679,,,,Oruro,"Sucursal Oruro","No disponible",Salida,"Sin evento",
"27/04/2024 14:12",4,,,,Oruro,"Sucursal Oruro","No disponible",Salida,"Sin evento",
"29/04/2024 08:03",4,,,,Oruro,"Sucursal Oruro","No disponible",Salida,"Sin evento",
"29/04/2024 08:17",1,,,,Oruro,"Sucursal Oruro","No disponible",Salida,"Sin evento",
"29/04/2024 08:19",7281679,,,,Oruro,"Sucursal Oruro","No disponible",Salida,"Sin evento",
"29/04/2024 08:40",5,,,,Oruro,"Sucursal Oruro","No disponible",Salida,"Sin evento",
"29/04/2024 12:48",4,,,,Oruro,"Sucursal Oruro","No disponible",Salida,"Sin evento",
"29/04/2024 13:14",1,,,,Oruro,"Sucursal Oruro","No disponible",Salida,"Sin evento",
"29/04/2024 14:27",4,,,,Oruro,"Sucursal Oruro","No disponible",Salida,"Sin evento",
"29/04/2024 14:35",1,,,,Oruro,"Sucursal Oruro","No disponible",Salida,"Sin evento",
"29/04/2024 18:41",5,,,,Oruro,"Sucursal Oruro","No disponible",Salida,"Sin evento",
"29/04/2024 19:02",7281679,,,,Oruro,"Sucursal Oruro","No disponible",Salida,"Sin evento",
"29/04/2024 19:04",1,,,,Oruro,"Sucursal Oruro","No disponible",Salida,"Sin evento",
"29/04/2024 19:05",4,,,,Oruro,"Sucursal Oruro","No disponible",Salida,"Sin evento",
"30/04/2024 08:02",1,,,,Oruro,"Sucursal Oruro","No disponible",Salida,"Sin evento",
"30/04/2024 08:23",4,,,,Oruro,"Sucursal Oruro","No disponible",Salida,"Sin evento",
"30/04/2024 08:26",7281679,,,,Oruro,"Sucursal Oruro","No disponible",Salida,"Sin evento",
"30/04/2024 08:35",5,,,,Oruro,"Sucursal Oruro","No disponible",Salida,"Sin evento",
"30/04/2024 12:35",4,,,,Oruro,"Sucursal Oruro","No disponible",Salida,"Sin evento",
"30/04/2024 13:09",1,,,,Oruro,"Sucursal Oruro","No disponible",Salida,"Sin evento",
"30/04/2024 14:18",4,,,,Oruro,"Sucursal Oruro","No disponible",Salida,"Sin evento",
"30/04/2024 14:21",1,,,,Oruro,"Sucursal Oruro","No disponible",Salida,"Sin evento",
"30/04/2024 19:12",5,,,,Oruro,"Sucursal Oruro","No disponible",Salida,"Sin evento",
"30/04/2024 19:13",4,,,,Oruro,"Sucursal Oruro","No disponible",Salida,"Sin evento",
"30/04/2024 19:19",7281679,,,,Oruro,"Sucursal Oruro","No disponible",Salida,"Sin evento",
"30/04/2024 19:20",1,,,,Oruro,"Sucursal Oruro","No disponible",Salida,"Sin evento",
"02/05/2024 08:09",4,,,,Oruro,"Sucursal Oruro","No disponible",Salida,"Sin evento",
"02/05/2024 08:24",1,,,,Oruro,"Sucursal Oruro","No disponible",Salida,"Sin evento",
"02/05/2024 08:30",5,,,,Oruro,"Sucursal Oruro","No disponible",Salida,"Sin evento",
"02/05/2024 08:32",7281679,,,,Oruro,"Sucursal Oruro","No disponible",Salida,"Sin evento",
"02/05/2024 12:47",4,,,,Oruro,"Sucursal Oruro","No disponible",Salida,"Sin evento",
"02/05/2024 13:07",1,,,,Oruro,"Sucursal Oruro","No disponible",Salida,"Sin evento",
"02/05/2024 14:05",4,,,,Oruro,"Sucursal Oruro","No disponible",Salida,"Sin evento",
"02/05/2024 14:20",1,,,,Oruro,"Sucursal Oruro","No disponible",Salida,"Sin evento",
"02/05/2024 19:16",5,,,,Oruro,"Sucursal Oruro","No disponible",Salida,"Sin evento",
"02/05/2024 19:17",4,,,,Oruro,"Sucursal Oruro","No disponible",Salida,"Sin evento",
"02/05/2024 19:17",7281679,,,,Oruro,"Sucursal Oruro","No disponible",Salida,"Sin evento",
"02/05/2024 19:18",1,,,,Oruro,"Sucursal Oruro","No disponible",Salida,"Sin evento",
"03/05/2024 08:09",4,,,,Oruro,"Sucursal Oruro","No disponible",Salida,"Sin evento",
"03/05/2024 08:15",7281679,,,,Oruro,"Sucursal Oruro","No disponible",Salida,"Sin evento",
"03/05/2024 08:15",1,,,,Oruro,"Sucursal Oruro","No disponible",Salida,"Sin evento",
"03/05/2024 08:35",5,,,,Oruro,"Sucursal Oruro","No disponible",Salida,"Sin evento",
"03/05/2024 12:58",1,,,,Oruro,"Sucursal Oruro","No disponible",Salida,"Sin evento",
"03/05/2024 13:00",1,,,,Oruro,"Sucursal Oruro","No disponible",Salida,"Sin evento",
"03/05/2024 13:01",4,,,,Oruro,"Sucursal Oruro","No disponible",Salida,"Sin evento",
"03/05/2024 14:14",4,,,,Oruro,"Sucursal Oruro","No disponible",Salida,"Sin evento",
"03/05/2024 14:26",1,,,,Oruro,"Sucursal Oruro","No disponible",Salida,"Sin evento",
"03/05/2024 18:30",5,,,,Oruro,"Sucursal Oruro","No disponible",Salida,"Sin evento",
"03/05/2024 18:35",7281679,,,,Oruro,"Sucursal Oruro","No disponible",Salida,"Sin evento",
"03/05/2024 18:36",4,,,,Oruro,"Sucursal Oruro","No disponible",Salida,"Sin evento",
"03/05/2024 18:46",1,,,,Oruro,"Sucursal Oruro","No disponible",Salida,"Sin evento",
"04/05/2024 08:55",4,,,,Oruro,"Sucursal Oruro","No disponible",Salida,"Sin evento",
"04/05/2024 09:04",5,,,,Oruro,"Sucursal Oruro","No disponible",Salida,"Sin evento",
"04/05/2024 09:05",7281679,,,,Oruro,"Sucursal Oruro","No disponible",Salida,"Sin evento",
"04/05/2024 14:37",7281679,,,,Oruro,"Sucursal Oruro","No disponible",Salida,"Sin evento",
"04/05/2024 14:37",5,,,,Oruro,"Sucursal Oruro","No disponible",Salida,"Sin evento",
"04/05/2024 14:47",4,,,,Oruro,"Sucursal Oruro","No disponible",Salida,"Sin evento",
"06/05/2024 07:57",4,,,,Oruro,"Sucursal Oruro","No disponible",Salida,"Sin evento",
"06/05/2024 08:17",5,,,,Oruro,"Sucursal Oruro","No disponible",Salida,"Sin evento",
"06/05/2024 08:20",1,,,,Oruro,"Sucursal Oruro","No disponible",Salida,"Sin evento",
"06/05/2024 08:27",7281679,,,,Oruro,"Sucursal Oruro","No disponible",Salida,"Sin evento",
"06/05/2024 12:37",4,,,,Oruro,"Sucursal Oruro","No disponible",Salida,"Sin evento",
"06/05/2024 12:49",1,,,,Oruro,"Sucursal Oruro","No disponible",Salida,"Sin evento",
"06/05/2024 14:04",4,,,,Oruro,"Sucursal Oruro","No disponible",Salida,"Sin evento",
"06/05/2024 14:22",1,,,,Oruro,"Sucursal Oruro","No disponible",Salida,"Sin evento",
"06/05/2024 19:21",4,,,,Oruro,"Sucursal Oruro","No disponible",Salida,"Sin evento",
"06/05/2024 19:22",5,,,,Oruro,"Sucursal Oruro","No disponible",Salida,"Sin evento",
"06/05/2024 19:31",1,,,,Oruro,"Sucursal Oruro","No disponible",Salida,"Sin evento",
"06/05/2024 19:44",7281679,,,,Oruro,"Sucursal Oruro","No disponible",Salida,"Sin evento",
"07/05/2024 08:00",4,,,,Oruro,"Sucursal Oruro","No disponible",Salida,"Sin evento",
"07/05/2024 08:21",1,,,,Oruro,"Sucursal Oruro","No disponible",Salida,"Sin evento",
"07/05/2024 08:25",7281679,,,,Oruro,"Sucursal Oruro","No disponible",Salida,"Sin evento",
"07/05/2024 08:29",5,,,,Oruro,"Sucursal Oruro","No disponible",Salida,"Sin evento",
"07/05/2024 08:32",5,,,,Oruro,"Sucursal Oruro","No disponible",Salida,"Sin evento",
"07/05/2024 12:38",1,,,,Oruro,"Sucursal Oruro","No disponible",Salida,"Sin evento",
"07/05/2024 12:49",4,,,,Oruro,"Sucursal Oruro","No disponible",Salida,"Sin evento",
"07/05/2024 14:04",4,,,,Oruro,"Sucursal Oruro","No disponible",Salida,"Sin evento",
"07/05/2024 14:32",1,,,,Oruro,"Sucursal Oruro","No disponible",Salida,"Sin evento",
"07/05/2024 18:40",5,,,,Oruro,"Sucursal Oruro","No disponible",Salida,"Sin evento",
"07/05/2024 19:09",1,,,,Oruro,"Sucursal Oruro","No disponible",Salida,"Sin evento",
"07/05/2024 19:10",4,,,,Oruro,"Sucursal Oruro","No disponible",Salida,"Sin evento",
"07/05/2024 19:10",7281679,,,,Oruro,"Sucursal Oruro","No disponible",Salida,"Sin evento",
"08/05/2024 08:14",4,,,,Oruro,"Sucursal Oruro","No disponible",Salida,"Sin evento",
"08/05/2024 08:22",4,,,,Oruro,"Sucursal Oruro","No disponible",Salida,"Sin evento",
"08/05/2024 08:33",7281679,,,,Oruro,"Sucursal Oruro","No disponible",Salida,"Sin evento",
"08/05/2024 08:33",1,,,,Oruro,"Sucursal Oruro","No disponible",Salida,"Sin evento",
"08/05/2024 08:39",5,,,,Oruro,"Sucursal Oruro","No disponible",Salida,"Sin evento",
"08/05/2024 12:46",1,,,,Oruro,"Sucursal Oruro","No disponible",Salida,"Sin evento",
"08/05/2024 12:49",4,,,,Oruro,"Sucursal Oruro","No disponible",Salida,"Sin evento",
"08/05/2024 12:59",4,,,,Oruro,"Sucursal Oruro","No disponible",Salida,"Sin evento",
"08/05/2024 14:07",4,,,,Oruro,"Sucursal Oruro","No disponible",Salida,"Sin evento",
"08/05/2024 14:26",1,,,,Oruro,"Sucursal Oruro","No disponible",Salida,"Sin evento",
"08/05/2024 18:44",4,,,,Oruro,"Sucursal Oruro","No disponible",Salida,"Sin evento",
"08/05/2024 18:49",1,,,,Oruro,"Sucursal Oruro","No disponible",Salida,"Sin evento",
"08/05/2024 19:06",7281679,,,,Oruro,"Sucursal Oruro","No disponible",Salida,"Sin evento",
"08/05/2024 19:29",5,,,,Oruro,"Sucursal Oruro","No disponible",Salida,"Sin evento",
"08/05/2024 19:29",7281679,,,,Oruro,"Sucursal Oruro","No disponible",Salida,"Sin evento",
"09/05/2024 08:04",4,,,,Oruro,"Sucursal Oruro","No disponible",Salida,"Sin evento",
"09/05/2024 08:21",1,,,,Oruro,"Sucursal Oruro","No disponible",Salida,"Sin evento",
"09/05/2024 08:28",5,,,,Oruro,"Sucursal Oruro","No disponible",Salida,"Sin evento",
"09/05/2024 08:30",7281679,,,,Oruro,"Sucursal Oruro","No disponible",Salida,"Sin evento",
"09/05/2024 12:37",4,,,,Oruro,"Sucursal Oruro","No disponible",Salida,"Sin evento",
"09/05/2024 12:37",1,,,,Oruro,"Sucursal Oruro","No disponible",Salida,"Sin evento",
"09/05/2024 14:17",4,,,,Oruro,"Sucursal Oruro","No disponible",Salida,"Sin evento",
"09/05/2024 14:28",1,,,,Oruro,"Sucursal Oruro","No disponible",Salida,"Sin evento",
"09/05/2024 18:41",5,,,,Oruro,"Sucursal Oruro","No disponible",Salida,"Sin evento",
"09/05/2024 18:51",7281679,,,,Oruro,"Sucursal Oruro","No disponible",Salida,"Sin evento",
"09/05/2024 18:52",4,,,,Oruro,"Sucursal Oruro","No disponible",Salida,"Sin evento",
"09/05/2024 18:53",1,,,,Oruro,"Sucursal Oruro","No disponible",Salida,"Sin evento",
"10/05/2024 08:10",4,,,,Oruro,"Sucursal Oruro","No disponible",Salida,"Sin evento",
"10/05/2024 08:19",5,,,,Oruro,"Sucursal Oruro","No disponible",Salida,"Sin evento",
"10/05/2024 08:29",1,,,,Oruro,"Sucursal Oruro","No disponible",Salida,"Sin evento",
"10/05/2024 08:29",7281679,,,,Oruro,"Sucursal Oruro","No disponible",Salida,"Sin evento",
"10/05/2024 12:38",4,,,,Oruro,"Sucursal Oruro","No disponible",Salida,"Sin evento",
"10/05/2024 12:40",1,,,,Oruro,"Sucursal Oruro","No disponible",Salida,"Sin evento",
"10/05/2024 14:10",4,,,,Oruro,"Sucursal Oruro","No disponible",Salida,"Sin evento",
"10/05/2024 14:16",4,,,,Oruro,"Sucursal Oruro","No disponible",Salida,"Sin evento",
"10/05/2024 14:19",1,,,,Oruro,"Sucursal Oruro","No disponible",Salida,"Sin evento",
"10/05/2024 18:40",5,,,,Oruro,"Sucursal Oruro","No disponible",Salida,"Sin evento",
"10/05/2024 18:44",7281679,,,,Oruro,"Sucursal Oruro","No disponible",Salida,"Sin evento",
"10/05/2024 18:57",4,,,,Oruro,"Sucursal Oruro","No disponible",Salida,"Sin evento",
"10/05/2024 18:57",1,,,,Oruro,"Sucursal Oruro","No disponible",Salida,"Sin evento",
"11/05/2024 08:42",4,,,,Oruro,"Sucursal Oruro","No disponible",Salida,"Sin evento",
"11/05/2024 09:01",7281679,,,,Oruro,"Sucursal Oruro","No disponible",Salida,"Sin evento",
"11/05/2024 09:06",5,,,,Oruro,"Sucursal Oruro","No disponible",Salida,"Sin evento",
"11/05/2024 12:55",7281679,,,,Oruro,"Sucursal Oruro","No disponible",Salida,"Sin evento",
"11/05/2024 13:03",4,,,,Oruro,"Sucursal Oruro","No disponible",Salida,"Sin evento",
"11/05/2024 13:03",1,,,,Oruro,"Sucursal Oruro","No disponible",Salida,"Sin evento",
"13/05/2024 08:07",4,,,,Oruro,"Sucursal Oruro","No disponible",Salida,"Sin evento",
"13/05/2024 08:13",1,,,,Oruro,"Sucursal Oruro","No disponible",Salida,"Sin evento",
"13/05/2024 08:13",4,,,,Oruro,"Sucursal Oruro","No disponible",Salida,"Sin evento",
"13/05/2024 08:28",7281679,,,,Oruro,"Sucursal Oruro","No disponible",Salida,"Sin evento",
"13/05/2024 08:35",5,,,,Oruro,"Sucursal Oruro","No disponible",Salida,"Sin evento",
"13/05/2024 12:42",4,,,,Oruro,"Sucursal Oruro","No disponible",Salida,"Sin evento",
"13/05/2024 13:00",1,,,,Oruro,"Sucursal Oruro","No disponible",Salida,"Sin evento",
"13/05/2024 14:10",1,,,,Oruro,"Sucursal Oruro","No disponible",Salida,"Sin evento",
"13/05/2024 14:21",4,,,,Oruro,"Sucursal Oruro","No disponible",Salida,"Sin evento",
"13/05/2024 19:28",1,,,,Oruro,"Sucursal Oruro","No disponible",Salida,"Sin evento",
"13/05/2024 19:30",4,,,,Oruro,"Sucursal Oruro","No disponible",Salida,"Sin evento",
"13/05/2024 19:30",5,,,,Oruro,"Sucursal Oruro","No disponible",Salida,"Sin evento",
"13/05/2024 19:49",7281679,,,,Oruro,"Sucursal Oruro","No disponible",Salida,"Sin evento",
"14/05/2024 08:02",1,,,,Oruro,"Sucursal Oruro","No disponible",Salida,"Sin evento",
"14/05/2024 08:05",4,,,,Oruro,"Sucursal Oruro","No disponible",Salida,"Sin evento",
"14/05/2024 08:20",5,,,,Oruro,"Sucursal Oruro","No disponible",Salida,"Sin evento",
"14/05/2024 08:24",7281679,,,,Oruro,"Sucursal Oruro","No disponible",Salida,"Sin evento",
"14/05/2024 12:52",4,,,,Oruro,"Sucursal Oruro","No disponible",Salida,"Sin evento",
"14/05/2024 12:57",1,,,,Oruro,"Sucursal Oruro","No disponible",Salida,"Sin evento",
"14/05/2024 14:15",1,,,,Oruro,"Sucursal Oruro","No disponible",Salida,"Sin evento",
"14/05/2024 18:34",5,,,,Oruro,"Sucursal Oruro","No disponible",Salida,"Sin evento",
"14/05/2024 18:56",1,,,,Oruro,"Sucursal Oruro","No disponible",Salida,"Sin evento",
"14/05/2024 19:59",7281679,,,,Oruro,"Sucursal Oruro","No disponible",Salida,"Sin evento",
"15/05/2024 06:34",4,,,,Oruro,"Sucursal Oruro","No disponible",Salida,"Sin evento",
"15/05/2024 07:29",7281679,,,,Oruro,"Sucursal Oruro","No disponible",Salida,"Sin evento",
"15/05/2024 07:55",1,,,,Oruro,"Sucursal Oruro","No disponible",Salida,"Sin evento",
"15/05/2024 08:04",4,,,,Oruro,"Sucursal Oruro","No disponible",Salida,"Sin evento",
"15/05/2024 08:04",5,,,,Oruro,"Sucursal Oruro","No disponible",Salida,"Sin evento",
"15/05/2024 12:40",1,,,,Oruro,"Sucursal Oruro","No disponible",Salida,"Sin evento",
"15/05/2024 12:51",4,,,,Oruro,"Sucursal Oruro","No disponible",Salida,"Sin evento",
"15/05/2024 14:02",1,,,,Oruro,"Sucursal Oruro","No disponible",Salida,"Sin evento",
"15/05/2024 14:14",4,,,,Oruro,"Sucursal Oruro","No disponible",Salida,"Sin evento",
"15/05/2024 14:31",4,,,,Oruro,"Sucursal Oruro","No disponible",Salida,"Sin evento",
"15/05/2024 19:20",5,,,,Oruro,"Sucursal Oruro","No disponible",Salida,"Sin evento",
"15/05/2024 19:34",4,,,,Oruro,"Sucursal Oruro","No disponible",Salida,"Sin evento",
"15/05/2024 19:34",7281679,,,,Oruro,"Sucursal Oruro","No disponible",Salida,"Sin evento",
"15/05/2024 19:34",1,,,,Oruro,"Sucursal Oruro","No disponible",Salida,"Sin evento",
"16/05/2024 07:52",1,,,,Oruro,"Sucursal Oruro","No disponible",Salida,"Sin evento",
"16/05/2024 07:59",5,,,,Oruro,"Sucursal Oruro","No disponible",Salida,"Sin evento",
"16/05/2024 07:59",7281679,,,,Oruro,"Sucursal Oruro","No disponible",Salida,"Sin evento",
"16/05/2024 08:15",4,,,,Oruro,"Sucursal Oruro","No disponible",Salida,"Sin evento",
"16/05/2024 12:47",4,,,,Oruro,"Sucursal Oruro","No disponible",Salida,"Sin evento",
"16/05/2024 12:50",1,,,,Oruro,"Sucursal Oruro","No disponible",Salida,"Sin evento",
"16/05/2024 14:07",1,,,,Oruro,"Sucursal Oruro","No disponible",Salida,"Sin evento",
"16/05/2024 14:26",4,,,,Oruro,"Sucursal Oruro","No disponible",Salida,"Sin evento",
"16/05/2024 18:45",5,,,,Oruro,"Sucursal Oruro","No disponible",Salida,"Sin evento",
"16/05/2024 19:14",4,,,,Oruro,"Sucursal Oruro","No disponible",Salida,"Sin evento",
"16/05/2024 19:15",1,,,,Oruro,"Sucursal Oruro","No disponible",Salida,"Sin evento",
"16/05/2024 19:17",7281679,,,,Oruro,"Sucursal Oruro","No disponible",Salida,"Sin evento",
"17/05/2024 08:19",7281679,,,,Oruro,"Sucursal Oruro","No disponible",Salida,"Sin evento",
"17/05/2024 08:19",4,,,,Oruro,"Sucursal Oruro","No disponible",Salida,"Sin evento",
"17/05/2024 08:30",5,,,,Oruro,"Sucursal Oruro","No disponible",Salida,"Sin evento",
"17/05/2024 08:31",5,,,,Oruro,"Sucursal Oruro","No disponible",Salida,"Sin evento",
"17/05/2024 13:31",4,,,,Oruro,"Sucursal Oruro","No disponible",Salida,"Sin evento",
"17/05/2024 14:12",4,,,,Oruro,"Sucursal Oruro","No disponible",Salida,"Sin evento",
"17/05/2024 18:30",7281679,,,,Oruro,"Sucursal Oruro","No disponible",Salida,"Sin evento",
"17/05/2024 18:34",5,,,,Oruro,"Sucursal Oruro","No disponible",Salida,"Sin evento",
"17/05/2024 18:37",4,,,,Oruro,"Sucursal Oruro","No disponible",Salida,"Sin evento",
"18/05/2024 08:42",4,,,,Oruro,"Sucursal Oruro","No disponible",Salida,"Sin evento",
"18/05/2024 08:50",7281679,,,,Oruro,"Sucursal Oruro","No disponible",Salida,"Sin evento",
"18/05/2024 08:59",5,,,,Oruro,"Sucursal Oruro","No disponible",Salida,"Sin evento",
"18/05/2024 13:04",4,,,,Oruro,"Sucursal Oruro","No disponible",Salida,"Sin evento",
"18/05/2024 13:22",7281679,,,,Oruro,"Sucursal Oruro","No disponible",Salida,"Sin evento",
"18/05/2024 13:23",5,,,,Oruro,"Sucursal Oruro","No disponible",Salida,"Sin evento",
"20/05/2024 08:07",4,,,,Oruro,"Sucursal Oruro","No disponible",Salida,"Sin evento",
"20/05/2024 08:16",4,,,,Oruro,"Sucursal Oruro","No disponible",Salida,"Sin evento",
"20/05/2024 08:18",1,,,,Oruro,"Sucursal Oruro","No disponible",Salida,"Sin evento",
"20/05/2024 08:23",7281679,,,,Oruro,"Sucursal Oruro","No disponible",Salida,"Sin evento",
"20/05/2024 08:40",5,,,,Oruro,"Sucursal Oruro","No disponible",Salida,"Sin evento",
"20/05/2024 12:31",1,,,,Oruro,"Sucursal Oruro","No disponible",Salida,"Sin evento",
"20/05/2024 12:49",4,,,,Oruro,"Sucursal Oruro","No disponible",Salida,"Sin evento",
"20/05/2024 13:04",1,,,,Oruro,"Sucursal Oruro","No disponible",Salida,"Sin evento",
"20/05/2024 14:17",1,,,,Oruro,"Sucursal Oruro","No disponible",Salida,"Sin evento",
"20/05/2024 14:25",4,,,,Oruro,"Sucursal Oruro","No disponible",Salida,"Sin evento",
"20/05/2024 18:50",7281679,,,,Oruro,"Sucursal Oruro","No disponible",Salida,"Sin evento",
"20/05/2024 19:03",4,,,,Oruro,"Sucursal Oruro","No disponible",Salida,"Sin evento",
"20/05/2024 19:03",1,,,,Oruro,"Sucursal Oruro","No disponible",Salida,"Sin evento",
"20/05/2024 19:20",5,,,,Oruro,"Sucursal Oruro","No disponible",Salida,"Sin evento",
"21/05/2024 08:13",1,,,,Oruro,"Sucursal Oruro","No disponible",Salida,"Sin evento",
"21/05/2024 08:19",4,,,,Oruro,"Sucursal Oruro","No disponible",Salida,"Sin evento",
"21/05/2024 08:22",7281679,,,,Oruro,"Sucursal Oruro","No disponible",Salida,"Sin evento",
"21/05/2024 08:23",5,,,,Oruro,"Sucursal Oruro","No disponible",Salida,"Sin evento",
"21/05/2024 12:36",4,,,,Oruro,"Sucursal Oruro","No disponible",Salida,"Sin evento",
"21/05/2024 12:38",1,,,,Oruro,"Sucursal Oruro","No disponible",Salida,"Sin evento",
"21/05/2024 14:05",4,,,,Oruro,"Sucursal Oruro","No disponible",Salida,"Sin evento",
"21/05/2024 14:16",1,,,,Oruro,"Sucursal Oruro","No disponible",Salida,"Sin evento",
"21/05/2024 18:47",7281679,,,,Oruro,"Sucursal Oruro","No disponible",Salida,"Sin evento",
"21/05/2024 19:02",4,,,,Oruro,"Sucursal Oruro","No disponible",Salida,"Sin evento",
"21/05/2024 19:02",1,,,,Oruro,"Sucursal Oruro","No disponible",Salida,"Sin evento",
"21/05/2024 19:26",5,,,,Oruro,"Sucursal Oruro","No disponible",Salida,"Sin evento",
"22/05/2024 08:14",4,,,,Oruro,"Sucursal Oruro","No disponible",Salida,"Sin evento",
"22/05/2024 08:19",7281679,,,,Oruro,"Sucursal Oruro","No disponible",Salida,"Sin evento",
"22/05/2024 08:21",1,,,,Oruro,"Sucursal Oruro","No disponible",Salida,"Sin evento",
"22/05/2024 08:22",4,,,,Oruro,"Sucursal Oruro","No disponible",Salida,"Sin evento",
"22/05/2024 08:26",5,,,,Oruro,"Sucursal Oruro","No disponible",Salida,"Sin evento",
"22/05/2024 12:45",4,,,,Oruro,"Sucursal Oruro","No disponible",Salida,"Sin evento",
"22/05/2024 12:45",1,,,,Oruro,"Sucursal Oruro","No disponible",Salida,"Sin evento",
"22/05/2024 14:18",1,,,,Oruro,"Sucursal Oruro","No disponible",Salida,"Sin evento",
"22/05/2024 14:20",4,,,,Oruro,"Sucursal Oruro","No disponible",Salida,"Sin evento",
"22/05/2024 18:37",5,,,,Oruro,"Sucursal Oruro","No disponible",Salida,"Sin evento",
"22/05/2024 18:48",7281679,,,,Oruro,"Sucursal Oruro","No disponible",Salida,"Sin evento",
"22/05/2024 19:01",4,,,,Oruro,"Sucursal Oruro","No disponible",Salida,"Sin evento",
"22/05/2024 19:01",1,,,,Oruro,"Sucursal Oruro","No disponible",Salida,"Sin evento",
"23/05/2024 08:04",4,,,,Oruro,"Sucursal Oruro","No disponible",Salida,"Sin evento",
"23/05/2024 08:10",7281679,,,,Oruro,"Sucursal Oruro","No disponible",Salida,"Sin evento",
"23/05/2024 08:21",1,,,,Oruro,"Sucursal Oruro","No disponible",Salida,"Sin evento",
"23/05/2024 08:43",5,,,,Oruro,"Sucursal Oruro","No disponible",Salida,"Sin evento",
"23/05/2024 12:45",4,,,,Oruro,"Sucursal Oruro","No disponible",Salida,"Sin evento",
"23/05/2024 12:45",1,,,,Oruro,"Sucursal Oruro","No disponible",Salida,"Sin evento",
"23/05/2024 14:04",4,,,,Oruro,"Sucursal Oruro","No disponible",Salida,"Sin evento",
"23/05/2024 14:25",1,,,,Oruro,"Sucursal Oruro","No disponible",Salida,"Sin evento",
"23/05/2024 18:31",5,,,,Oruro,"Sucursal Oruro","No disponible",Salida,"Sin evento",
"23/05/2024 18:46",7281679,,,,Oruro,"Sucursal Oruro","No disponible",Salida,"Sin evento",
"23/05/2024 19:10",4,,,,Oruro,"Sucursal Oruro","No disponible",Salida,"Sin evento",
"23/05/2024 19:12",1,,,,Oruro,"Sucursal Oruro","No disponible",Salida,"Sin evento",
"24/05/2024 08:18",4,,,,Oruro,"Sucursal Oruro","No disponible",Salida,"Sin evento",
"24/05/2024 08:19",7281679,,,,Oruro,"Sucursal Oruro","No disponible",Salida,"Sin evento",
"24/05/2024 08:28",5,,,,Oruro,"Sucursal Oruro","No disponible",Salida,"Sin evento",
"24/05/2024 08:31",1,,,,Oruro,"Sucursal Oruro","No disponible",Salida,"Sin evento",
"24/05/2024 12:34",1,,,,Oruro,"Sucursal Oruro","No disponible",Salida,"Sin evento",
"24/05/2024 13:08",4,,,,Oruro,"Sucursal Oruro","No disponible",Salida,"Sin evento",
"24/05/2024 14:04",4,,,,Oruro,"Sucursal Oruro","No disponible",Salida,"Sin evento",
"24/05/2024 14:22",1,,,,Oruro,"Sucursal Oruro","No disponible",Salida,"Sin evento",
"24/05/2024 18:28",5,,,,Oruro,"Sucursal Oruro","No disponible",Salida,"Sin evento",
"24/05/2024 18:46",7281679,,,,Oruro,"Sucursal Oruro","No disponible",Salida,"Sin evento",
"24/05/2024 19:11",1,,,,Oruro,"Sucursal Oruro","No disponible",Salida,"Sin evento",
"24/05/2024 19:12",4,,,,Oruro,"Sucursal Oruro","No disponible",Salida,"Sin evento",
"25/05/2024 08:55",7281679,,,,Oruro,"Sucursal Oruro","No disponible",Salida,"Sin evento",
"25/05/2024 08:55",4,,,,Oruro,"Sucursal Oruro","No disponible",Salida,"Sin evento",
"25/05/2024 08:57",5,,,,Oruro,"Sucursal Oruro","No disponible",Salida,"Sin evento",
"25/05/2024 13:10",4,,,,Oruro,"Sucursal Oruro","No disponible",Salida,"Sin evento",
"25/05/2024 13:16",5,,,,Oruro,"Sucursal Oruro","No disponible",Salida,"Sin evento",
"25/05/2024 13:16",7281679,,,,Oruro,"Sucursal Oruro","No disponible",Salida,"Sin evento",
"27/05/2024 08:21",1,,,,Oruro,"Sucursal Oruro","No disponible",Salida,"Sin evento",
"27/05/2024 08:24",5,,,,Oruro,"Sucursal Oruro","No disponible",Salida,"Sin evento",
"27/05/2024 13:08",1,,,,Oruro,"Sucursal Oruro","No disponible",Salida,"Sin evento",
"27/05/2024 14:03",4,,,,Oruro,"Sucursal Oruro","No disponible",Salida,"Sin evento",
"27/05/2024 18:21",7281679,,,,Oruro,"Sucursal Oruro","No disponible",Salida,"Sin evento",
"27/05/2024 18:40",4,,,,Oruro,"Sucursal Oruro","No disponible",Salida,"Sin evento",
"27/05/2024 19:18",7281679,,,,Oruro,"Sucursal Oruro","No disponible",Salida,"Sin evento",
"27/05/2024 19:27",5,,,,Oruro,"Sucursal Oruro","No disponible",Salida,"Sin evento",
"28/05/2024 08:08",1,,,,Oruro,"Sucursal Oruro","No disponible",Salida,"Sin evento",
"28/05/2024 08:18",4,,,,Oruro,"Sucursal Oruro","No disponible",Salida,"Sin evento",
"28/05/2024 08:22",7281679,,,,Oruro,"Sucursal Oruro","No disponible",Salida,"Sin evento",
"28/05/2024 08:23",5,,,,Oruro,"Sucursal Oruro","No disponible",Salida,"Sin evento",
"28/05/2024 12:34",1,,,,Oruro,"Sucursal Oruro","No disponible",Salida,"Sin evento",
"28/05/2024 12:34",4,,,,Oruro,"Sucursal Oruro","No disponible",Salida,"Sin evento",
"28/05/2024 14:23",1,,,,Oruro,"Sucursal Oruro","No disponible",Salida,"Sin evento",
"28/05/2024 14:23",4,,,,Oruro,"Sucursal Oruro","No disponible",Salida,"Sin evento",
"28/05/2024 19:20",7281679,,,,Oruro,"Sucursal Oruro","No disponible",Salida,"Sin evento",
"28/05/2024 19:20",5,,,,Oruro,"Sucursal Oruro","No disponible",Salida,"Sin evento",
"28/05/2024 19:33",1,,,,Oruro,"Sucursal Oruro","No disponible",Salida,"Sin evento",
"28/05/2024 19:34",4,,,,Oruro,"Sucursal Oruro","No disponible",Salida,"Sin evento",
"29/05/2024 08:26",1,,,,Oruro,"Sucursal Oruro","No disponible",Salida,"Sin evento",
"29/05/2024 08:26",4,,,,Oruro,"Sucursal Oruro","No disponible",Salida,"Sin evento",
"29/05/2024 08:26",7281679,,,,Oruro,"Sucursal Oruro","No disponible",Salida,"Sin evento",
"29/05/2024 08:26",5,,,,Oruro,"Sucursal Oruro","No disponible",Salida,"Sin evento",
"29/05/2024 12:31",1,,,,Oruro,"Sucursal Oruro","No disponible",Salida,"Sin evento",
"29/05/2024 12:59",4,,,,Oruro,"Sucursal Oruro","No disponible",Salida,"Sin evento",
"29/05/2024 14:20",4,,,,Oruro,"Sucursal Oruro","No disponible",Salida,"Sin evento",
"29/05/2024 14:26",1,,,,Oruro,"Sucursal Oruro","No disponible",Salida,"Sin evento",
"29/05/2024 19:06",4,,,,Oruro,"Sucursal Oruro","No disponible",Salida,"Sin evento",
"29/05/2024 19:07",5,,,,Oruro,"Sucursal Oruro","No disponible",Salida,"Sin evento",
"29/05/2024 19:21",7281679,,,,Oruro,"Sucursal Oruro","No disponible",Salida,"Sin evento",
"29/05/2024 19:27",1,,,,Oruro,"Sucursal Oruro","No disponible",Salida,"Sin evento",
"31/05/2024 08:08",1,,,,Oruro,"Sucursal Oruro","No disponible",Salida,"Sin evento",
"31/05/2024 08:16",4,,,,Oruro,"Sucursal Oruro","No disponible",Salida,"Sin evento",
"31/05/2024 08:17",7281679,,,,Oruro,"Sucursal Oruro","No disponible",Salida,"Sin evento",
"31/05/2024 08:17",5,,,,Oruro,"Sucursal Oruro","No disponible",Salida,"Sin evento",
"31/05/2024 12:47",4,,,,Oruro,"Sucursal Oruro","No disponible",Salida,"Sin evento",
"31/05/2024 12:52",1,,,,Oruro,"Sucursal Oruro","No disponible",Salida,"Sin evento",
"31/05/2024 14:09",1,,,,Oruro,"Sucursal Oruro","No disponible",Salida,"Sin evento",
"31/05/2024 14:13",4,,,,Oruro,"Sucursal Oruro","No disponible",Salida,"Sin evento",
"31/05/2024 18:36",7281679,,,,Oruro,"Sucursal Oruro","No disponible",Salida,"Sin evento",
"31/05/2024 18:38",5,,,,Oruro,"Sucursal Oruro","No disponible",Salida,"Sin evento",
"31/05/2024 18:51",4,,,,Oruro,"Sucursal Oruro","No disponible",Salida,"Sin evento",
"31/05/2024 19:10",1,,,,Oruro,"Sucursal Oruro","No disponible",Salida,"Sin evento",
"01/06/2024 13:29",5,,,,Oruro,"Sucursal Oruro","No disponible",Salida,"Sin evento",
"01/06/2024 13:30",7281679,,,,Oruro,"Sucursal Oruro","No disponible",Salida,"Sin evento",
"01/06/2024 13:30",4,,,,Oruro,"Sucursal Oruro","No disponible",Salida,"Sin evento",
"01/06/2024 13:45",1,,,,Oruro,"Sucursal Oruro","No disponible",Salida,"Sin evento",
"03/06/2024 07:37",5,,,,Oruro,"Sucursal Oruro","No disponible",Salida,"Sin evento",
"03/06/2024 07:37",4,,,,Oruro,"Sucursal Oruro","No disponible",Salida,"Sin evento",
"03/06/2024 08:00",7281679,,,,Oruro,"Sucursal Oruro","No disponible",Salida,"Sin evento",
"03/06/2024 08:35",1,,,,Oruro,"Sucursal Oruro","No disponible",Salida,"Sin evento",
"03/06/2024 12:40",4,,,,Oruro,"Sucursal Oruro","No disponible",Salida,"Sin evento",
"03/06/2024 12:45",1,,,,Oruro,"Sucursal Oruro","No disponible",Salida,"Sin evento",
"03/06/2024 14:08",1,,,,Oruro,"Sucursal Oruro","No disponible",Salida,"Sin evento",
"03/06/2024 14:38",4,,,,Oruro,"Sucursal Oruro","No disponible",Salida,"Sin evento",
"03/06/2024 20:27",1,,,,Oruro,"Sucursal Oruro","No disponible",Salida,"Sin evento",
"03/06/2024 20:54",7281679,,,,Oruro,"Sucursal Oruro","No disponible",Salida,"Sin evento",
"03/06/2024 22:07",5,,,,Oruro,"Sucursal Oruro","No disponible",Salida,"Sin evento",
"03/06/2024 22:16",4,,,,Oruro,"Sucursal Oruro","No disponible",Salida,"Sin evento",
"04/06/2024 07:40",4,,,,Oruro,"Sucursal Oruro","No disponible",Salida,"Sin evento",
"04/06/2024 08:16",5,,,,Oruro,"Sucursal Oruro","No disponible",Salida,"Sin evento",
"04/06/2024 08:16",1,,,,Oruro,"Sucursal Oruro","No disponible",Salida,"Sin evento",
"04/06/2024 08:17",1,,,,Oruro,"Sucursal Oruro","No disponible",Salida,"Sin evento",
"04/06/2024 08:17",7281679,,,,Oruro,"Sucursal Oruro","No disponible",Salida,"Sin evento",
"04/06/2024 12:38",4,,,,Oruro,"Sucursal Oruro","No disponible",Salida,"Sin evento",
"04/06/2024 12:38",1,,,,Oruro,"Sucursal Oruro","No disponible",Salida,"Sin evento",
"04/06/2024 14:12",1,,,,Oruro,"Sucursal Oruro","No disponible",Salida,"Sin evento",
"04/06/2024 14:14",4,,,,Oruro,"Sucursal Oruro","No disponible",Salida,"Sin evento",
"04/06/2024 18:58",4,,,,Oruro,"Sucursal Oruro","No disponible",Salida,"Sin evento",
"04/06/2024 18:59",7281679,,,,Oruro,"Sucursal Oruro","No disponible",Salida,"Sin evento",
"04/06/2024 19:05",5,,,,Oruro,"Sucursal Oruro","No disponible",Salida,"Sin evento",
"04/06/2024 19:17",1,,,,Oruro,"Sucursal Oruro","No disponible",Salida,"Sin evento",
"05/06/2024 08:14",1,,,,Oruro,"Sucursal Oruro","No disponible",Salida,"Sin evento",
"05/06/2024 08:19",7281679,,,,Oruro,"Sucursal Oruro","No disponible",Salida,"Sin evento",
"05/06/2024 08:19",4,,,,Oruro,"Sucursal Oruro","No disponible",Salida,"Sin evento",
"05/06/2024 08:44",5,,,,Oruro,"Sucursal Oruro","No disponible",Salida,"Sin evento",
"05/06/2024 12:40",4,,,,Oruro,"Sucursal Oruro","No disponible",Salida,"Sin evento",
"05/06/2024 12:43",1,,,,Oruro,"Sucursal Oruro","No disponible",Salida,"Sin evento",
"05/06/2024 14:02",4,,,,Oruro,"Sucursal Oruro","No disponible",Salida,"Sin evento",
"05/06/2024 14:03",1,,,,Oruro,"Sucursal Oruro","No disponible",Salida,"Sin evento",
"05/06/2024 19:08",5,,,,Oruro,"Sucursal Oruro","No disponible",Salida,"Sin evento",
"05/06/2024 19:12",7281679,,,,Oruro,"Sucursal Oruro","No disponible",Salida,"Sin evento",
"05/06/2024 19:13",4,,,,Oruro,"Sucursal Oruro","No disponible",Salida,"Sin evento",
"05/06/2024 19:34",1,,,,Oruro,"Sucursal Oruro","No disponible",Salida,"Sin evento",
"06/06/2024 08:13",1,,,,Oruro,"Sucursal Oruro","No disponible",Salida,"Sin evento",
"06/06/2024 08:21",4,,,,Oruro,"Sucursal Oruro","No disponible",Salida,"Sin evento",
"06/06/2024 08:27",7281679,,,,Oruro,"Sucursal Oruro","No disponible",Salida,"Sin evento",
"06/06/2024 08:31",5,,,,Oruro,"Sucursal Oruro","No disponible",Salida,"Sin evento",
"06/06/2024 12:32",1,,,,Oruro,"Sucursal Oruro","No disponible",Salida,"Apertura con tarjeta de proximidad",
"06/06/2024 13:02",4,,,,Oruro,"Sucursal Oruro","No disponible",Salida,"Sin evento",
"06/06/2024 14:01",1,,,,Oruro,"Sucursal Oruro","No disponible",Salida,"Sin evento",
"06/06/2024 14:05",4,,,,Oruro,"Sucursal Oruro","No disponible",Salida,"Sin evento",
"06/06/2024 14:14",4,,,,Oruro,"Sucursal Oruro","No disponible",Salida,"Sin evento",
"06/06/2024 18:41",5,,,,Oruro,"Sucursal Oruro","No disponible",Salida,"Sin evento",
"06/06/2024 18:54",7281679,,,,Oruro,"Sucursal Oruro","No disponible",Salida,"Sin evento",
"06/06/2024 19:03",4,,,,Oruro,"Sucursal Oruro","No disponible",Salida,"Sin evento",
"06/06/2024 19:06",1,,,,Oruro,"Sucursal Oruro","No disponible",Salida,"Sin evento",
"07/06/2024 08:21",4,,,,Oruro,"Sucursal Oruro","No disponible",Salida,"Sin evento",
"07/06/2024 08:22",1,,,,Oruro,"Sucursal Oruro","No disponible",Salida,"Apertura con tarjeta de proximidad",
"07/06/2024 08:33",5,,,,Oruro,"Sucursal Oruro","No disponible",Salida,"Sin evento",
"07/06/2024 08:40",7281679,,,,Oruro,"Sucursal Oruro","No disponible",Salida,"Sin evento",
"07/06/2024 12:41",1,,,,Oruro,"Sucursal Oruro","No disponible",Salida,"Apertura con tarjeta de proximidad",
"07/06/2024 12:51",4,,,,Oruro,"Sucursal Oruro","No disponible",Salida,"Sin evento",
"07/06/2024 14:03",4,,,,Oruro,"Sucursal Oruro","No disponible",Salida,"Sin evento",
"07/06/2024 14:07",1,,,,Oruro,"Sucursal Oruro","No disponible",Salida,"Sin evento",
"07/06/2024 18:32",5,,,,Oruro,"Sucursal Oruro","No disponible",Salida,"Sin evento",
"07/06/2024 18:39",1,,,,Oruro,"Sucursal Oruro","No disponible",Salida,"Sin evento",
"07/06/2024 18:40",4,,,,Oruro,"Sucursal Oruro","No disponible",Salida,"Sin evento",
"07/06/2024 19:17",7281679,,,,Oruro,"Sucursal Oruro","No disponible",Salida,"Sin evento",
"08/06/2024 08:53",4,,,,Oruro,"Sucursal Oruro","No disponible",Salida,"Sin evento",
"08/06/2024 09:06",5,,,,Oruro,"Sucursal Oruro","No disponible",Salida,"Sin evento",
"08/06/2024 11:16",1,,,,Oruro,"Sucursal Oruro","No disponible",Salida,"Sin evento",
"08/06/2024 12:45",4,,,,Oruro,"Sucursal Oruro","No disponible",Salida,"Apertura con tarjeta de proximidad",
"08/06/2024 12:45",5,,,,Oruro,"Sucursal Oruro","No disponible",Salida,"Apertura con tarjeta de proximidad",
"10/06/2024 08:06",4,,,,Oruro,"Sucursal Oruro","No disponible",Salida,"Apertura con tarjeta de proximidad",
"10/06/2024 08:18",7281679,,,,Oruro,"Sucursal Oruro","No disponible",Salida,"Apertura con tarjeta de proximidad",
"10/06/2024 08:25",1,,,,Oruro,"Sucursal Oruro","No disponible",Salida,"Apertura con tarjeta de proximidad",
"10/06/2024 08:36",5,,,,Oruro,"Sucursal Oruro","No disponible",Salida,"Apertura con tarjeta de proximidad",
"10/06/2024 12:39",4,,,,Oruro,"Sucursal Oruro","No disponible",Salida,"Apertura con tarjeta de proximidad",
"10/06/2024 12:48",1,,,,Oruro,"Sucursal Oruro","No disponible",Salida,"Apertura con tarjeta de proximidad",
"10/06/2024 14:15",4,,,,Oruro,"Sucursal Oruro","No disponible",Salida,"Apertura con tarjeta de proximidad",
"10/06/2024 14:20",1,,,,Oruro,"Sucursal Oruro","No disponible",Salida,"Apertura con tarjeta de proximidad",
"10/06/2024 18:44",5,,,,Oruro,"Sucursal Oruro","No disponible",Salida,"Apertura con tarjeta de proximidad",
"10/06/2024 19:21",4,,,,Oruro,"Sucursal Oruro","No disponible",Salida,"Apertura con tarjeta de proximidad",
"10/06/2024 19:22",7281679,,,,Oruro,"Sucursal Oruro","No disponible",Salida,"Apertura con tarjeta de proximidad",
"10/06/2024 19:25",1,,,,Oruro,"Sucursal Oruro","No disponible",Salida,"Apertura con tarjeta de proximidad",
"11/06/2024 08:13",7281679,,,,Oruro,"Sucursal Oruro","No disponible",Salida,"Apertura con tarjeta de proximidad",
"11/06/2024 08:13",4,,,,Oruro,"Sucursal Oruro","No disponible",Salida,"Apertura con tarjeta de proximidad",
"11/06/2024 08:21",1,,,,Oruro,"Sucursal Oruro","No disponible",Salida,"Apertura con tarjeta de proximidad",
"11/06/2024 08:35",5,,,,Oruro,"Sucursal Oruro","No disponible",Salida,"Apertura con tarjeta de proximidad",
"11/06/2024 12:42",1,,,,Oruro,"Sucursal Oruro","No disponible",Salida,"Apertura con tarjeta de proximidad",
"11/06/2024 12:46",4,,,,Oruro,"Sucursal Oruro","No disponible",Salida,"Apertura con tarjeta de proximidad",
"11/06/2024 14:06",4,,,,Oruro,"Sucursal Oruro","No disponible",Salida,"Apertura con tarjeta de proximidad",
"11/06/2024 14:12",1,,,,Oruro,"Sucursal Oruro","No disponible",Salida,"Apertura con tarjeta de proximidad",
"11/06/2024 19:11",5,,,,Oruro,"Sucursal Oruro","No disponible",Salida,"Apertura con tarjeta de proximidad",
"11/06/2024 19:28",1,,,,Oruro,"Sucursal Oruro","No disponible",Salida,"Apertura con tarjeta de proximidad",
"11/06/2024 19:28",4,,,,Oruro,"Sucursal Oruro","No disponible",Salida,"Apertura con tarjeta de proximidad",
"11/06/2024 19:30",7281679,,,,Oruro,"Sucursal Oruro","No disponible",Salida,"Apertura con tarjeta de proximidad",
"12/06/2024 08:10",1,,,,Oruro,"Sucursal Oruro","No disponible",Salida,"Sin evento",
"12/06/2024 08:17",4,,,,Oruro,"Sucursal Oruro","No disponible",Salida,"Apertura con tarjeta de proximidad",
"12/06/2024 08:24",7281679,,,,Oruro,"Sucursal Oruro","No disponible",Salida,"Apertura con tarjeta de proximidad",
"12/06/2024 08:25",5,,,,Oruro,"Sucursal Oruro","No disponible",Salida,"Apertura con tarjeta de proximidad",
"12/06/2024 12:47",1,,,,Oruro,"Sucursal Oruro","No disponible",Salida,"Apertura con tarjeta de proximidad",
"12/06/2024 12:48",4,,,,Oruro,"Sucursal Oruro","No disponible",Salida,"Apertura con tarjeta de proximidad",
"12/06/2024 14:02",4,,,,Oruro,"Sucursal Oruro","No disponible",Salida,"Apertura con tarjeta de proximidad",
"12/06/2024 14:14",4,,,,Oruro,"Sucursal Oruro","No disponible",Salida,"Apertura con tarjeta de proximidad",
"12/06/2024 14:31",1,,,,Oruro,"Sucursal Oruro","No disponible",Salida,"Apertura con tarjeta de proximidad",
"12/06/2024 18:49",5,,,,Oruro,"Sucursal Oruro","No disponible",Salida,"Apertura con tarjeta de proximidad",
"12/06/2024 19:08",7281679,,,,Oruro,"Sucursal Oruro","No disponible",Salida,"Apertura con tarjeta de proximidad",
"12/06/2024 19:08",4,,,,Oruro,"Sucursal Oruro","No disponible",Salida,"Apertura con tarjeta de proximidad",
"12/06/2024 19:11",1,,,,Oruro,"Sucursal Oruro","No disponible",Salida,"Apertura con tarjeta de proximidad",
"13/06/2024 08:15",1,,,,Oruro,"Sucursal Oruro","No disponible",Salida,"Sin evento",
"13/06/2024 08:24",7281679,,,,Oruro,"Sucursal Oruro","No disponible",Salida,"Apertura con tarjeta de proximidad",
"13/06/2024 08:25",4,,,,Oruro,"Sucursal Oruro","No disponible",Salida,"Apertura con tarjeta de proximidad",
"13/06/2024 08:32",5,,,,Oruro,"Sucursal Oruro","No disponible",Salida,"Apertura con tarjeta de proximidad",
"13/06/2024 12:52",4,,,,Oruro,"Sucursal Oruro","No disponible",Salida,"Apertura con tarjeta de proximidad",
"13/06/2024 12:54",1,,,,Oruro,"Sucursal Oruro","No disponible",Salida,"Apertura con tarjeta de proximidad",
"13/06/2024 14:15",1,,,,Oruro,"Sucursal Oruro","No disponible",Salida,"Sin evento",
"13/06/2024 14:17",4,,,,Oruro,"Sucursal Oruro","No disponible",Salida,"Apertura con tarjeta de proximidad",
"13/06/2024 18:54",5,,,,Oruro,"Sucursal Oruro","No disponible",Salida,"Apertura con tarjeta de proximidad",
"13/06/2024 19:20",7281679,,,,Oruro,"Sucursal Oruro","No disponible",Salida,"Apertura con tarjeta de proximidad",
"13/06/2024 19:26",1,,,,Oruro,"Sucursal Oruro","No disponible",Salida,"Apertura con tarjeta de proximidad",
"13/06/2024 19:27",4,,,,Oruro,"Sucursal Oruro","No disponible",Salida,"Apertura con tarjeta de proximidad",
"14/06/2024 08:16",1,,,,Oruro,"Sucursal Oruro","No disponible",Salida,"Sin evento",
"14/06/2024 08:17",4,,,,Oruro,"Sucursal Oruro","No disponible",Salida,"Apertura con tarjeta de proximidad",
"14/06/2024 08:21",7281679,,,,Oruro,"Sucursal Oruro","No disponible",Salida,"Apertura con tarjeta de proximidad",
"14/06/2024 08:32",5,,,,Oruro,"Sucursal Oruro","No disponible",Salida,"Apertura con tarjeta de proximidad",
"14/06/2024 12:29",1,,,,Oruro,"Sucursal Oruro","No disponible",Salida,"Apertura con tarjeta de proximidad",
"14/06/2024 12:31",4,,,,Oruro,"Sucursal Oruro","No disponible",Salida,"Apertura con tarjeta de proximidad",
"14/06/2024 12:51",4,,,,Oruro,"Sucursal Oruro","No disponible",Salida,"Apertura con tarjeta de proximidad",
"14/06/2024 14:17",4,,,,Oruro,"Sucursal Oruro","No disponible",Salida,"Apertura con tarjeta de proximidad",
"14/06/2024 14:17",1,,,,Oruro,"Sucursal Oruro","No disponible",Salida,"Apertura con tarjeta de proximidad",
"14/06/2024 18:53",5,,,,Oruro,"Sucursal Oruro","No disponible",Salida,"Apertura con tarjeta de proximidad",
"14/06/2024 18:55",7281679,,,,Oruro,"Sucursal Oruro","No disponible",Salida,"Apertura con tarjeta de proximidad",
"14/06/2024 19:14",4,,,,Oruro,"Sucursal Oruro","No disponible",Salida,"Apertura con tarjeta de proximidad",
"14/06/2024 19:16",1,,,,Oruro,"Sucursal Oruro","No disponible",Salida,"Apertura con tarjeta de proximidad",
"15/06/2024 08:52",4,,,,Oruro,"Sucursal Oruro","No disponible",Salida,"Apertura con tarjeta de proximidad",
"15/06/2024 08:53",7281679,,,,Oruro,"Sucursal Oruro","No disponible",Salida,"Apertura con tarjeta de proximidad",
"15/06/2024 08:59",5,,,,Oruro,"Sucursal Oruro","No disponible",Salida,"Apertura con tarjeta de proximidad",
"15/06/2024 13:16",4,,,,Oruro,"Sucursal Oruro","No disponible",Salida,"Apertura con tarjeta de proximidad",
"15/06/2024 13:22",7281679,,,,Oruro,"Sucursal Oruro","No disponible",Salida,"Apertura con tarjeta de proximidad",
"15/06/2024 13:26",5,,,,Oruro,"Sucursal Oruro","No disponible",Salida,"Apertura con tarjeta de proximidad",
"17/06/2024 08:18",7281679,,,,Oruro,"Sucursal Oruro","No disponible",Salida,"Apertura con tarjeta de proximidad",
"17/06/2024 08:18",4,,,,Oruro,"Sucursal Oruro","No disponible",Salida,"Apertura con tarjeta de proximidad",
"17/06/2024 08:20",1,,,,Oruro,"Sucursal Oruro","No disponible",Salida,"Sin evento",
"17/06/2024 08:33",5,,,,Oruro,"Sucursal Oruro","No disponible",Salida,"Apertura con tarjeta de proximidad",
"17/06/2024 12:47",4,,,,Oruro,"Sucursal Oruro","No disponible",Salida,"Apertura con tarjeta de proximidad",
"17/06/2024 13:04",1,,,,Oruro,"Sucursal Oruro","No disponible",Salida,"Apertura con tarjeta de proximidad",
"17/06/2024 14:06",4,,,,Oruro,"Sucursal Oruro","No disponible",Salida,"Apertura con tarjeta de proximidad",
"17/06/2024 14:16",1,,,,Oruro,"Sucursal Oruro","No disponible",Salida,"Sin evento",
"17/06/2024 18:44",5,,,,Oruro,"Sucursal Oruro","No disponible",Salida,"Apertura con tarjeta de proximidad",
"17/06/2024 19:05",4,,,,Oruro,"Sucursal Oruro","No disponible",Salida,"Apertura con tarjeta de proximidad",
"17/06/2024 19:07",7281679,,,,Oruro,"Sucursal Oruro","No disponible",Salida,"Apertura con tarjeta de proximidad",
"17/06/2024 19:18",1,,,,Oruro,"Sucursal Oruro","No disponible",Salida,"Apertura con tarjeta de proximidad",
"18/06/2024 08:23",7281679,,,,Oruro,"Sucursal Oruro","No disponible",Salida,"Apertura con tarjeta de proximidad",
"18/06/2024 08:24",1,,,,Oruro,"Sucursal Oruro","No disponible",Salida,"Sin evento",
"18/06/2024 08:24",4,,,,Oruro,"Sucursal Oruro","No disponible",Salida,"Apertura con tarjeta de proximidad",
"18/06/2024 08:36",5,,,,Oruro,"Sucursal Oruro","No disponible",Salida,"Apertura con tarjeta de proximidad",
"18/06/2024 12:56",1,,,,Oruro,"Sucursal Oruro","No disponible",Salida,"Apertura con tarjeta de proximidad",
"18/06/2024 13:05",4,,,,Oruro,"Sucursal Oruro","No disponible",Salida,"Apertura con tarjeta de proximidad",
"18/06/2024 14:14",1,,,,Oruro,"Sucursal Oruro","No disponible",Salida,"Sin evento",
"18/06/2024 14:16",4,,,,Oruro,"Sucursal Oruro","No disponible",Salida,"Apertura con tarjeta de proximidad",
"18/06/2024 18:44",5,,,,Oruro,"Sucursal Oruro","No disponible",Salida,"Apertura con tarjeta de proximidad",
"18/06/2024 18:58",7281679,,,,Oruro,"Sucursal Oruro","No disponible",Salida,"Apertura con tarjeta de proximidad",
"18/06/2024 19:07",4,,,,Oruro,"Sucursal Oruro","No disponible",Salida,"Apertura con tarjeta de proximidad",
"18/06/2024 19:07",1,,,,Oruro,"Sucursal Oruro","No disponible",Salida,"Apertura con tarjeta de proximidad",
"19/06/2024 08:24",4,,,,Oruro,"Sucursal Oruro","No disponible",Salida,"Apertura con tarjeta de proximidad",
"19/06/2024 08:25",7281679,,,,Oruro,"Sucursal Oruro","No disponible",Salida,"Apertura con tarjeta de proximidad",
"19/06/2024 08:27",1,,,,Oruro,"Sucursal Oruro","No disponible",Salida,"Sin evento",
"19/06/2024 08:37",5,,,,Oruro,"Sucursal Oruro","No disponible",Salida,"Apertura con tarjeta de proximidad",
"19/06/2024 12:39",4,,,,Oruro,"Sucursal Oruro","No disponible",Salida,"Apertura con tarjeta de proximidad",
"19/06/2024 12:52",1,,,,Oruro,"Sucursal Oruro","No disponible",Salida,"Apertura con tarjeta de proximidad",
"19/06/2024 14:21",4,,,,Oruro,"Sucursal Oruro","No disponible",Salida,"Apertura con tarjeta de proximidad",
"19/06/2024 14:23",1,,,,Oruro,"Sucursal Oruro","No disponible",Salida,"Sin evento",
"19/06/2024 18:47",5,,,,Oruro,"Sucursal Oruro","No disponible",Salida,"Apertura con tarjeta de proximidad",
"19/06/2024 19:07",7281679,,,,Oruro,"Sucursal Oruro","No disponible",Salida,"Apertura con tarjeta de proximidad",
"19/06/2024 19:09",4,,,,Oruro,"Sucursal Oruro","No disponible",Salida,"Apertura con tarjeta de proximidad",
"19/06/2024 19:10",1,,,,Oruro,"Sucursal Oruro","No disponible",Salida,"Apertura con tarjeta de proximidad",
"20/06/2024 08:14",7281679,,,,Oruro,"Sucursal Oruro","No disponible",Salida,"Apertura con tarjeta de proximidad",
"20/06/2024 08:14",4,,,,Oruro,"Sucursal Oruro","No disponible",Salida,"Apertura con tarjeta de proximidad",
"20/06/2024 08:29",5,,,,Oruro,"Sucursal Oruro","No disponible",Salida,"Apertura con tarjeta de proximidad",
"20/06/2024 08:31",1,,,,Oruro,"Sucursal Oruro","No disponible",Salida,"Sin evento",
"20/06/2024 12:44",4,,,,Oruro,"Sucursal Oruro","No disponible",Salida,"Apertura con tarjeta de proximidad",
"20/06/2024 12:59",1,,,,Oruro,"Sucursal Oruro","No disponible",Salida,"Apertura con tarjeta de proximidad",
"20/06/2024 14:23",1,,,,Oruro,"Sucursal Oruro","No disponible",Salida,"Sin evento",
"20/06/2024 14:24",4,,,,Oruro,"Sucursal Oruro","No disponible",Salida,"Apertura con tarjeta de proximidad",
"20/06/2024 19:06",5,,,,Oruro,"Sucursal Oruro","No disponible",Salida,"Apertura con tarjeta de proximidad",
"20/06/2024 19:09",7281679,,,,Oruro,"Sucursal Oruro","No disponible",Salida,"Apertura con tarjeta de proximidad",
"20/06/2024 19:18",4,,,,Oruro,"Sucursal Oruro","No disponible",Salida,"Apertura con tarjeta de proximidad",
"20/06/2024 19:21",1,,,,Oruro,"Sucursal Oruro","No disponible",Salida,"Apertura con tarjeta de proximidad",
"22/06/2024 08:47",4,,,,Oruro,"Sucursal Oruro","No disponible",Salida,"Apertura con tarjeta de proximidad",
"22/06/2024 08:54",7281679,,,,Oruro,"Sucursal Oruro","No disponible",Salida,"Apertura con tarjeta de proximidad",
"24/06/2024 08:15",4,,,,Oruro,"Sucursal Oruro","No disponible",Salida,"Apertura con tarjeta de proximidad",
"24/06/2024 08:28",1,,,,Oruro,"Sucursal Oruro","No disponible",Salida,"Sin evento",
"24/06/2024 08:30",7281679,,,,Oruro,"Sucursal Oruro","No disponible",Salida,"Apertura con tarjeta de proximidad",
"24/06/2024 08:31",5,,,,Oruro,"Sucursal Oruro","No disponible",Salida,"Apertura con tarjeta de proximidad",
"24/06/2024 12:43",4,,,,Oruro,"Sucursal Oruro","No disponible",Salida,"Apertura con tarjeta de proximidad",
"24/06/2024 12:44",1,,,,Oruro,"Sucursal Oruro","No disponible",Salida,"Apertura con tarjeta de proximidad",
"24/06/2024 14:01",4,,,,Oruro,"Sucursal Oruro","No disponible",Salida,"Apertura con tarjeta de proximidad",
"24/06/2024 14:20",4,,,,Oruro,"Sucursal Oruro","No disponible",Salida,"Apertura con tarjeta de proximidad",
"24/06/2024 14:29",1,,,,Oruro,"Sucursal Oruro","No disponible",Salida,"Sin evento",
"24/06/2024 19:02",5,,,,Oruro,"Sucursal Oruro","No disponible",Salida,"Apertura con tarjeta de proximidad",
"24/06/2024 19:13",7281679,,,,Oruro,"Sucursal Oruro","No disponible",Salida,"Apertura con tarjeta de proximidad",
"24/06/2024 19:23",4,,,,Oruro,"Sucursal Oruro","No disponible",Salida,"Apertura con tarjeta de proximidad",
"24/06/2024 19:25",1,,,,Oruro,"Sucursal Oruro","No disponible",Salida,"Apertura con tarjeta de proximidad",
"25/06/2024 08:18",7281679,,,,Oruro,"Sucursal Oruro","No disponible",Salida,"Apertura con tarjeta de proximidad",
"25/06/2024 08:18",4,,,,Oruro,"Sucursal Oruro","No disponible",Salida,"Apertura con tarjeta de proximidad",
"25/06/2024 08:26",1,,,,Oruro,"Sucursal Oruro","No disponible",Salida,"Sin evento",
"25/06/2024 08:32",5,,,,Oruro,"Sucursal Oruro","No disponible",Salida,"Apertura con tarjeta de proximidad",
"25/06/2024 12:46",4,,,,Oruro,"Sucursal Oruro","No disponible",Salida,"Apertura con tarjeta de proximidad",
"25/06/2024 12:46",1,,,,Oruro,"Sucursal Oruro","No disponible",Salida,"Apertura con tarjeta de proximidad",
"25/06/2024 14:12",4,,,,Oruro,"Sucursal Oruro","No disponible",Salida,"Apertura con tarjeta de proximidad",
"25/06/2024 14:30",1,,,,Oruro,"Sucursal Oruro","No disponible",Salida,"Sin evento",
"25/06/2024 18:54",4,,,,Oruro,"Sucursal Oruro","No disponible",Salida,"Apertura con tarjeta de proximidad",
"25/06/2024 18:55",5,,,,Oruro,"Sucursal Oruro","No disponible",Salida,"Apertura con tarjeta de proximidad",
"25/06/2024 19:08",7281679,,,,Oruro,"Sucursal Oruro","No disponible",Salida,"Apertura con tarjeta de proximidad",
"25/06/2024 19:23",1,,,,Oruro,"Sucursal Oruro","No disponible",Salida,"Apertura con tarjeta de proximidad",
"26/06/2024 08:14",7281679,,,,Oruro,"Sucursal Oruro","No disponible",Salida,"Apertura con tarjeta de proximidad",
"26/06/2024 08:14",4,,,,Oruro,"Sucursal Oruro","No disponible",Salida,"Apertura con tarjeta de proximidad",
"26/06/2024 08:19",1,,,,Oruro,"Sucursal Oruro","No disponible",Salida,"Sin evento",
"26/06/2024 08:35",5,,,,Oruro,"Sucursal Oruro","No disponible",Salida,"Apertura con tarjeta de proximidad",
"26/06/2024 12:48",4,,,,Oruro,"Sucursal Oruro","No disponible",Salida,"Sin evento",
"26/06/2024 12:49",1,,,,Oruro,"Sucursal Oruro","No disponible",Salida,"Sin evento",
"26/06/2024 14:10",4,,,,Oruro,"Sucursal Oruro","No disponible",Salida,"Sin evento",
"26/06/2024 14:15",1,,,,Oruro,"Sucursal Oruro","No disponible",Salida,"Sin evento",
"26/06/2024 17:51",4,,,,Oruro,"Sucursal Oruro","No disponible",Salida,"Sin evento",
"26/06/2024 17:51",1,,,,Oruro,"Sucursal Oruro","No disponible",Salida,"Sin evento",
"26/06/2024 17:52",5,,,,Oruro,"Sucursal Oruro","No disponible",Salida,"Sin evento",
"26/06/2024 17:58",7281679,,,,Oruro,"Sucursal Oruro","No disponible",Salida,"Sin evento",
"27/06/2024 08:10",4,,,,Oruro,"Sucursal Oruro","No disponible",Salida,"Sin evento",
"27/06/2024 08:11",1,,,,Oruro,"Sucursal Oruro","No disponible",Salida,"Sin evento",
"27/06/2024 08:28",4,,,,Oruro,"Sucursal Oruro","No disponible",Salida,"Sin evento",
"27/06/2024 08:29",7281679,,,,Oruro,"Sucursal Oruro","No disponible",Salida,"Sin evento",
"27/06/2024 08:33",5,,,,Oruro,"Sucursal Oruro","No disponible",Salida,"Sin evento",
"27/06/2024 12:41",4,,,,Oruro,"Sucursal Oruro","No disponible",Salida,"Sin evento",
"27/06/2024 12:48",1,,,,Oruro,"Sucursal Oruro","No disponible",Salida,"Sin evento",
"27/06/2024 14:07",4,,,,Oruro,"Sucursal Oruro","No disponible",Salida,"Sin evento",
"27/06/2024 14:14",1,,,,Oruro,"Sucursal Oruro","No disponible",Salida,"Sin evento",
"27/06/2024 18:44",5,,,,Oruro,"Sucursal Oruro","No disponible",Salida,"Sin evento",
"27/06/2024 19:10",4,,,,Oruro,"Sucursal Oruro","No disponible",Salida,"Sin evento",
"27/06/2024 19:13",1,,,,Oruro,"Sucursal Oruro","No disponible",Salida,"Sin evento",
"27/06/2024 19:53",7281679,,,,Oruro,"Sucursal Oruro","No disponible",Salida,"Sin evento",
"28/06/2024 08:14",4,,,,Oruro,"Sucursal Oruro","No disponible",Salida,"Sin evento",
"28/06/2024 08:14",1,,,,Oruro,"Sucursal Oruro","No disponible",Salida,"Sin evento",
"28/06/2024 08:22",7281679,,,,Oruro,"Sucursal Oruro","No disponible",Salida,"Sin evento",
"28/06/2024 08:33",5,,,,Oruro,"Sucursal Oruro","No disponible",Salida,"Sin evento",
"28/06/2024 12:38",1,,,,Oruro,"Sucursal Oruro","No disponible",Salida,"Sin evento",
"28/06/2024 12:58",4,,,,Oruro,"Sucursal Oruro","No disponible",Salida,"Sin evento",
"28/06/2024 12:59",1,,,,Oruro,"Sucursal Oruro","No disponible",Salida,"Sin evento",
"28/06/2024 14:06",4,,,,Oruro,"Sucursal Oruro","No disponible",Salida,"Sin evento",
"28/06/2024 14:14",1,,,,Oruro,"Sucursal Oruro","No disponible",Salida,"Sin evento",
"28/06/2024 18:31",5,,,,Oruro,"Sucursal Oruro","No disponible",Salida,"Sin evento",
"28/06/2024 18:42",7281679,,,,Oruro,"Sucursal Oruro","No disponible",Salida,"Sin evento",
"28/06/2024 19:12",1,,,,Oruro,"Sucursal Oruro","No disponible",Salida,"Sin evento",
"28/06/2024 19:12",4,,,,Oruro,"Sucursal Oruro","No disponible",Salida,"Sin evento",
"01/07/2024 08:13",4,,,,Oruro,"Sucursal Oruro","No disponible",Salida,"Sin evento",
"01/07/2024 08:17",7281679,,,,Oruro,"Sucursal Oruro","No disponible",Salida,"Sin evento",
"01/07/2024 08:30",1,,,,Oruro,"Sucursal Oruro","No disponible",Salida,"Sin evento",
"01/07/2024 08:35",5,,,,Oruro,"Sucursal Oruro","No disponible",Salida,"Sin evento",
"01/07/2024 12:51",4,,,,Oruro,"Sucursal Oruro","No disponible",Salida,"Sin evento",
"01/07/2024 12:54",1,,,,Oruro,"Sucursal Oruro","No disponible",Salida,"Sin evento",
"01/07/2024 14:14",1,,,,Oruro,"Sucursal Oruro","No disponible",Salida,"Sin evento",
"01/07/2024 14:15",4,,,,Oruro,"Sucursal Oruro","No disponible",Salida,"Sin evento",
"01/07/2024 19:02",7281679,,,,Oruro,"Sucursal Oruro","No disponible",Salida,"Sin evento",
"01/07/2024 19:04",4,,,,Oruro,"Sucursal Oruro","No disponible",Salida,"Sin evento",
"01/07/2024 19:04",1,,,,Oruro,"Sucursal Oruro","No disponible",Salida,"Sin evento",
"02/07/2024 08:20",1,,,,Oruro,"Sucursal Oruro","No disponible",Salida,"Sin evento",
"02/07/2024 08:22",4,,,,Oruro,"Sucursal Oruro","No disponible",Salida,"Sin evento",
"02/07/2024 08:23",7281679,,,,Oruro,"Sucursal Oruro","No disponible",Salida,"Sin evento",
"02/07/2024 08:29",5,,,,Oruro,"Sucursal Oruro","No disponible",Salida,"Sin evento",
"02/07/2024 12:43",1,,,,Oruro,"Sucursal Oruro","No disponible",Salida,"Sin evento",
"02/07/2024 12:44",4,,,,Oruro,"Sucursal Oruro","No disponible",Salida,"Sin evento",
"02/07/2024 14:14",4,,,,Oruro,"Sucursal Oruro","No disponible",Salida,"Sin evento",
"02/07/2024 14:30",1,,,,Oruro,"Sucursal Oruro","No disponible",Salida,"Sin evento",
"02/07/2024 19:31",4,,,,Oruro,"Sucursal Oruro","No disponible",Salida,"Sin evento",
"02/07/2024 19:31",1,,,,Oruro,"Sucursal Oruro","No disponible",Salida,"Sin evento",
"02/07/2024 19:31",5,,,,Oruro,"Sucursal Oruro","No disponible",Salida,"Sin evento",
"02/07/2024 20:26",7281679,,,,Oruro,"Sucursal Oruro","No disponible",Salida,"Sin evento",
"03/07/2024 08:10",1,,,,Oruro,"Sucursal Oruro","No disponible",Salida,"Sin evento",
"03/07/2024 08:15",4,,,,Oruro,"Sucursal Oruro","No disponible",Salida,"Sin evento",
"03/07/2024 08:30",7281679,,,,Oruro,"Sucursal Oruro","No disponible",Salida,"Sin evento",
"03/07/2024 08:36",5,,,,Oruro,"Sucursal Oruro","No disponible",Salida,"Sin evento",
"03/07/2024 12:30",1,,,,Oruro,"Sucursal Oruro","No disponible",Salida,"Sin evento",
"03/07/2024 12:39",4,,,,Oruro,"Sucursal Oruro","No disponible",Salida,"Sin evento",
"03/07/2024 14:14",4,,,,Oruro,"Sucursal Oruro","No disponible",Salida,"Sin evento",
"03/07/2024 14:23",1,,,,Oruro,"Sucursal Oruro","No disponible",Salida,"Sin evento",
"03/07/2024 19:10",7281679,,,,Oruro,"Sucursal Oruro","No disponible",Salida,"Sin evento",
"03/07/2024 19:10",4,,,,Oruro,"Sucursal Oruro","No disponible",Salida,"Sin evento",
"03/07/2024 19:11",1,,,,Oruro,"Sucursal Oruro","No disponible",Salida,"Sin evento",
"04/07/2024 08:15",1,,,,Oruro,"Sucursal Oruro","No disponible",Salida,"Sin evento",
"04/07/2024 08:25",4,,,,Oruro,"Sucursal Oruro","No disponible",Salida,"Sin evento",
"04/07/2024 08:25",7281679,,,,Oruro,"Sucursal Oruro","No disponible",Salida,"Sin evento",
"04/07/2024 08:33",5,,,,Oruro,"Sucursal Oruro","No disponible",Salida,"Sin evento",
"04/07/2024 12:41",1,,,,Oruro,"Sucursal Oruro","No disponible",Salida,"Sin evento",
"04/07/2024 12:50",4,,,,Oruro,"Sucursal Oruro","No disponible",Salida,"Sin evento",
"04/07/2024 12:53",1,,,,Oruro,"Sucursal Oruro","No disponible",Salida,"Sin evento",
"04/07/2024 14:13",1,,,,Oruro,"Sucursal Oruro","No disponible",Salida,"Sin evento",
"04/07/2024 14:13",4,,,,Oruro,"Sucursal Oruro","No disponible",Salida,"Sin evento",
"04/07/2024 19:21",7281679,,,,Oruro,"Sucursal Oruro","No disponible",Salida,"Sin evento",
"04/07/2024 19:41",1,,,,Oruro,"Sucursal Oruro","No disponible",Salida,"Sin evento",
"04/07/2024 20:25",5,,,,Oruro,"Sucursal Oruro","No disponible",Salida,"Sin evento",
"04/07/2024 20:28",4,,,,Oruro,"Sucursal Oruro","No disponible",Salida,"Sin evento",
"05/07/2024 07:38",7281679,,,,Oruro,"Sucursal Oruro","No disponible",Salida,"Sin evento",
"05/07/2024 07:50",5,,,,Oruro,"Sucursal Oruro","No disponible",Salida,"Sin evento",
"05/07/2024 07:51",4,,,,Oruro,"Sucursal Oruro","No disponible",Salida,"Sin evento",
"05/07/2024 08:22",1,,,,Oruro,"Sucursal Oruro","No disponible",Salida,"Sin evento",
"05/07/2024 12:41",1,,,,Oruro,"Sucursal Oruro","No disponible",Salida,"Sin evento",
"05/07/2024 13:12",4,,,,Oruro,"Sucursal Oruro","No disponible",Salida,"Sin evento",
"05/07/2024 14:14",4,,,,Oruro,"Sucursal Oruro","No disponible",Salida,"Sin evento",
"05/07/2024 14:28",1,,,,Oruro,"Sucursal Oruro","No disponible",Salida,"Sin evento",
"05/07/2024 20:14",7281679,,,,Oruro,"Sucursal Oruro","No disponible",Salida,"Sin evento",
"05/07/2024 20:15",5,,,,Oruro,"Sucursal Oruro","No disponible",Salida,"Sin evento",
"05/07/2024 20:16",4,,,,Oruro,"Sucursal Oruro","No disponible",Salida,"Sin evento",
"05/07/2024 20:21",1,,,,Oruro,"Sucursal Oruro","No disponible",Salida,"Sin evento",
"06/07/2024 08:54",4,,,,Oruro,"Sucursal Oruro","No disponible",Salida,"Sin evento",
"06/07/2024 08:54",7281679,,,,Oruro,"Sucursal Oruro","No disponible",Salida,"Sin evento",
"06/07/2024 09:06",5,,,,Oruro,"Sucursal Oruro","No disponible",Salida,"Sin evento",
"06/07/2024 12:30",5,,,,Oruro,"Sucursal Oruro","No disponible",Salida,"Sin evento",
"08/07/2024 08:04",1,,,,Oruro,"Sucursal Oruro","No disponible",Salida,"Sin evento",
"08/07/2024 08:15",4,,,,Oruro,"Sucursal Oruro","No disponible",Salida,"Sin evento",
"08/07/2024 08:29",4,,,,Oruro,"Sucursal Oruro","No disponible",Salida,"Sin evento",
"08/07/2024 08:30",5,,,,Oruro,"Sucursal Oruro","No disponible",Salida,"Sin evento",
"08/07/2024 08:31",7281679,,,,Oruro,"Sucursal Oruro","No disponible",Salida,"Sin evento",
"08/07/2024 12:47",4,,,,Oruro,"Sucursal Oruro","No disponible",Salida,"Sin evento",
"08/07/2024 12:47",1,,,,Oruro,"Sucursal Oruro","No disponible",Salida,"Sin evento",
"08/07/2024 14:13",4,,,,Oruro,"Sucursal Oruro","No disponible",Salida,"Sin evento",
"08/07/2024 14:13",1,,,,Oruro,"Sucursal Oruro","No disponible",Salida,"Sin evento",
"08/07/2024 18:39",1,,,,Oruro,"Sucursal Oruro","No disponible",Salida,"Sin evento",
"08/07/2024 18:49",5,,,,Oruro,"Sucursal Oruro","No disponible",Salida,"Sin evento",
"08/07/2024 18:53",4,,,,Oruro,"Sucursal Oruro","No disponible",Salida,"Sin evento",
"08/07/2024 18:56",7281679,,,,Oruro,"Sucursal Oruro","No disponible",Salida,"Sin evento",
"09/07/2024 08:09",4,,,,Oruro,"Sucursal Oruro","No disponible",Salida,"Sin evento",
"09/07/2024 08:20",1,,,,Oruro,"Sucursal Oruro","No disponible",Salida,"Sin evento",
"09/07/2024 08:25",4,,,,Oruro,"Sucursal Oruro","No disponible",Salida,"Sin evento",
"09/07/2024 08:26",5,,,,Oruro,"Sucursal Oruro","No disponible",Salida,"Sin evento",
"09/07/2024 08:34",7281679,,,,Oruro,"Sucursal Oruro","No disponible",Salida,"Sin evento",
"09/07/2024 12:48",1,,,,Oruro,"Sucursal Oruro","No disponible",Salida,"Sin evento",
"09/07/2024 12:49",4,,,,Oruro,"Sucursal Oruro","No disponible",Salida,"Sin evento",
"09/07/2024 14:03",4,,,,Oruro,"Sucursal Oruro","No disponible",Salida,"Sin evento",
"09/07/2024 14:06",1,,,,Oruro,"Sucursal Oruro","No disponible",Salida,"Sin evento",
"09/07/2024 19:26",5,,,,Oruro,"Sucursal Oruro","No disponible",Salida,"Sin evento",
"09/07/2024 19:35",7281679,,,,Oruro,"Sucursal Oruro","No disponible",Salida,"Sin evento",
"09/07/2024 19:36",4,,,,Oruro,"Sucursal Oruro","No disponible",Salida,"Sin evento",
"09/07/2024 19:36",1,,,,Oruro,"Sucursal Oruro","No disponible",Salida,"Sin evento",
"10/07/2024 08:16",1,,,,Oruro,"Sucursal Oruro","No disponible",Salida,"Sin evento",
"10/07/2024 08:21",4,,,,Oruro,"Sucursal Oruro","No disponible",Salida,"Sin evento",
"10/07/2024 08:22",7281679,,,,Oruro,"Sucursal Oruro","No disponible",Salida,"Sin evento",
"10/07/2024 08:47",5,,,,Oruro,"Sucursal Oruro","No disponible",Salida,"Sin evento",
"10/07/2024 12:35",1,,,,Oruro,"Sucursal Oruro","No disponible",Salida,"Sin evento",
"10/07/2024 12:35",4,,,,Oruro,"Sucursal Oruro","No disponible",Salida,"Sin evento",
"10/07/2024 14:18",4,,,,Oruro,"Sucursal Oruro","No disponible",Salida,"Sin evento",
"10/07/2024 14:18",1,,,,Oruro,"Sucursal Oruro","No disponible",Salida,"Sin evento",
"10/07/2024 18:50",5,,,,Oruro,"Sucursal Oruro","No disponible",Salida,"Sin evento",
"10/07/2024 19:12",4,,,,Oruro,"Sucursal Oruro","No disponible",Salida,"Sin evento",
"10/07/2024 19:15",1,,,,Oruro,"Sucursal Oruro","No disponible",Salida,"Sin evento",
"10/07/2024 19:35",7281679,,,,Oruro,"Sucursal Oruro","No disponible",Salida,"Sin evento",
"11/07/2024 08:25",7281679,,,,Oruro,"Sucursal Oruro","No disponible",Salida,"Sin evento",
"11/07/2024 08:25",4,,,,Oruro,"Sucursal Oruro","No disponible",Salida,"Sin evento",
"11/07/2024 08:29",1,,,,Oruro,"Sucursal Oruro","No disponible",Salida,"Sin evento",
"11/07/2024 08:40",5,,,,Oruro,"Sucursal Oruro","No disponible",Salida,"Sin evento",
"11/07/2024 12:30",4,,,,Oruro,"Sucursal Oruro","No disponible",Salida,"Sin evento",
"11/07/2024 12:37",1,,,,Oruro,"Sucursal Oruro","No disponible",Salida,"Sin evento",
"11/07/2024 14:05",4,,,,Oruro,"Sucursal Oruro","No disponible",Salida,"Sin evento",
"11/07/2024 14:11",1,,,,Oruro,"Sucursal Oruro","No disponible",Salida,"Sin evento",
"11/07/2024 19:19",5,,,,Oruro,"Sucursal Oruro","No disponible",Salida,"Sin evento",
"11/07/2024 19:36",7281679,,,,Oruro,"Sucursal Oruro","No disponible",Salida,"Sin evento",
"11/07/2024 19:36",4,,,,Oruro,"Sucursal Oruro","No disponible",Salida,"Sin evento",
"11/07/2024 19:38",1,,,,Oruro,"Sucursal Oruro","No disponible",Salida,"Sin evento",
"12/07/2024 08:25",1,,,,Oruro,"Sucursal Oruro","No disponible",Salida,"Sin evento",
"12/07/2024 08:27",7281679,,,,Oruro,"Sucursal Oruro","No disponible",Salida,"Sin evento",
"12/07/2024 08:27",4,,,,Oruro,"Sucursal Oruro","No disponible",Salida,"Sin evento",
"12/07/2024 08:32",5,,,,Oruro,"Sucursal Oruro","No disponible",Salida,"Sin evento",
"12/07/2024 12:40",4,,,,Oruro,"Sucursal Oruro","No disponible",Salida,"Sin evento",
"12/07/2024 12:42",1,,,,Oruro,"Sucursal Oruro","No disponible",Salida,"Sin evento",
"12/07/2024 14:04",4,,,,Oruro,"Sucursal Oruro","No disponible",Salida,"Sin evento",
"12/07/2024 14:05",1,,,,Oruro,"Sucursal Oruro","No disponible",Salida,"Sin evento",
"12/07/2024 19:02",7281679,,,,Oruro,"Sucursal Oruro","No disponible",Salida,"Sin evento",
"12/07/2024 19:11",5,,,,Oruro,"Sucursal Oruro","No disponible",Salida,"Sin evento",
"12/07/2024 19:20",4,,,,Oruro,"Sucursal Oruro","No disponible",Salida,"Sin evento",
"12/07/2024 19:24",1,,,,Oruro,"Sucursal Oruro","No disponible",Salida,"Sin evento",
"12/07/2024 19:24",4,,,,Oruro,"Sucursal Oruro","No disponible",Salida,"Sin evento",
"13/07/2024 08:57",4,,,,Oruro,"Sucursal Oruro","No disponible",Salida,"Sin evento",
"13/07/2024 09:05",7281679,,,,Oruro,"Sucursal Oruro","No disponible",Salida,"Sin evento",
"13/07/2024 09:07",5,,,,Oruro,"Sucursal Oruro","No disponible",Salida,"Sin evento",
"15/07/2024 08:26",7281679,,,,Oruro,"Sucursal Oruro","No disponible",Salida,"Sin evento",
"15/07/2024 08:27",4,,,,Oruro,"Sucursal Oruro","No disponible",Salida,"Sin evento",
"15/07/2024 08:27",5,,,,Oruro,"Sucursal Oruro","No disponible",Salida,"Sin evento",
"15/07/2024 08:27",1,,,,Oruro,"Sucursal Oruro","No disponible",Salida,"Sin evento",
"15/07/2024 12:46",4,,,,Oruro,"Sucursal Oruro","No disponible",Salida,"Sin evento",
"15/07/2024 12:49",1,,,,Oruro,"Sucursal Oruro","No disponible",Salida,"Sin evento",
"15/07/2024 14:16",4,,,,Oruro,"Sucursal Oruro","No disponible",Salida,"Sin evento",
"15/07/2024 14:23",1,,,,Oruro,"Sucursal Oruro","No disponible",Salida,"Sin evento",
"15/07/2024 18:54",5,,,,Oruro,"Sucursal Oruro","No disponible",Salida,"Sin evento",
"15/07/2024 18:55",7281679,,,,Oruro,"Sucursal Oruro","No disponible",Salida,"Sin evento",
"15/07/2024 18:58",1,,,,Oruro,"Sucursal Oruro","No disponible",Salida,"Sin evento",
"15/07/2024 18:58",4,,,,Oruro,"Sucursal Oruro","No disponible",Salida,"Sin evento",
"16/07/2024 08:20",1,,,,Oruro,"Sucursal Oruro","No disponible",Salida,"Sin evento",
"16/07/2024 08:25",4,,,,Oruro,"Sucursal Oruro","No disponible",Salida,"Sin evento",
"16/07/2024 08:31",7281679,,,,Oruro,"Sucursal Oruro","No disponible",Salida,"Sin evento",
"16/07/2024 08:37",5,,,,Oruro,"Sucursal Oruro","No disponible",Salida,"Sin evento",
"16/07/2024 12:39",1,,,,Oruro,"Sucursal Oruro","No disponible",Salida,"Sin evento",
"16/07/2024 12:45",4,,,,Oruro,"Sucursal Oruro","No disponible",Salida,"Sin evento",
"16/07/2024 14:11",4,,,,Oruro,"Sucursal Oruro","No disponible",Salida,"Sin evento",
"16/07/2024 14:26",1,,,,Oruro,"Sucursal Oruro","No disponible",Salida,"Sin evento",
"16/07/2024 18:56",7281679,,,,Oruro,"Sucursal Oruro","No disponible",Salida,"Sin evento",
"16/07/2024 19:01",5,,,,Oruro,"Sucursal Oruro","No disponible",Salida,"Sin evento",
"16/07/2024 19:05",4,,,,Oruro,"Sucursal Oruro","No disponible",Salida,"Sin evento",
"16/07/2024 19:19",1,,,,Oruro,"Sucursal Oruro","No disponible",Salida,"Sin evento",
"17/07/2024 08:20",1,,,,Oruro,"Sucursal Oruro","No disponible",Salida,"Sin evento",
"17/07/2024 08:26",4,,,,Oruro,"Sucursal Oruro","No disponible",Salida,"Sin evento",
"17/07/2024 08:31",7281679,,,,Oruro,"Sucursal Oruro","No disponible",Salida,"Sin evento",
"17/07/2024 08:34",5,,,,Oruro,"Sucursal Oruro","No disponible",Salida,"Sin evento",
"17/07/2024 12:48",1,,,,Oruro,"Sucursal Oruro","No disponible",Salida,"Sin evento",
"17/07/2024 13:00",4,,,,Oruro,"Sucursal Oruro","No disponible",Salida,"Sin evento",
"17/07/2024 14:13",1,,,,Oruro,"Sucursal Oruro","No disponible",Salida,"Sin evento",
"17/07/2024 14:14",4,,,,Oruro,"Sucursal Oruro","No disponible",Salida,"Sin evento",
"17/07/2024 18:37",5,,,,Oruro,"Sucursal Oruro","No disponible",Salida,"Sin evento",
"17/07/2024 18:44",7281679,,,,Oruro,"Sucursal Oruro","No disponible",Salida,"Sin evento",
"17/07/2024 18:51",4,,,,Oruro,"Sucursal Oruro","No disponible",Salida,"Sin evento",
"17/07/2024 18:51",1,,,,Oruro,"Sucursal Oruro","No disponible",Salida,"Sin evento",
"18/07/2024 08:25",4,,,,Oruro,"Sucursal Oruro","No disponible",Salida,"Sin evento",
"18/07/2024 08:32",7281679,,,,Oruro,"Sucursal Oruro","No disponible",Salida,"Sin evento",
"18/07/2024 08:37",5,,,,Oruro,"Sucursal Oruro","No disponible",Salida,"Sin evento",
"18/07/2024 08:58",1,,,,Oruro,"Sucursal Oruro","No disponible",Salida,"Sin evento",
"18/07/2024 12:52",4,,,,Oruro,"Sucursal Oruro","No disponible",Salida,"Sin evento",
"18/07/2024 12:53",1,,,,Oruro,"Sucursal Oruro","No disponible",Salida,"Sin evento",
"18/07/2024 14:18",4,,,,Oruro,"Sucursal Oruro","No disponible",Salida,"Sin evento",
"18/07/2024 14:25",1,,,,Oruro,"Sucursal Oruro","No disponible",Salida,"Sin evento",
"18/07/2024 18:51",5,,,,Oruro,"Sucursal Oruro","No disponible",Salida,"Sin evento",
"18/07/2024 18:54",7281679,,,,Oruro,"Sucursal Oruro","No disponible",Salida,"Sin evento",
"18/07/2024 19:18",4,,,,Oruro,"Sucursal Oruro","No disponible",Salida,"Sin evento",
"18/07/2024 19:18",1,,,,Oruro,"Sucursal Oruro","No disponible",Salida,"Sin evento",
"19/07/2024 08:14",4,,,,Oruro,"Sucursal Oruro","No disponible",Salida,"Sin evento",
"19/07/2024 08:19",1,,,,Oruro,"Sucursal Oruro","No disponible",Salida,"Sin evento",
"19/07/2024 08:21",4,,,,Oruro,"Sucursal Oruro","No disponible",Salida,"Sin evento",
"19/07/2024 08:33",5,,,,Oruro,"Sucursal Oruro","No disponible",Salida,"Sin evento",
"19/07/2024 08:34",7281679,,,,Oruro,"Sucursal Oruro","No disponible",Salida,"Sin evento",
"19/07/2024 12:41",4,,,,Oruro,"Sucursal Oruro","No disponible",Salida,"Sin evento",
"19/07/2024 12:43",1,,,,Oruro,"Sucursal Oruro","No disponible",Salida,"Sin evento",
"19/07/2024 14:10",4,,,,Oruro,"Sucursal Oruro","No disponible",Salida,"Sin evento",
"19/07/2024 14:25",1,,,,Oruro,"Sucursal Oruro","No disponible",Salida,"Sin evento",
"19/07/2024 19:31",5,,,,Oruro,"Sucursal Oruro","No disponible",Salida,"Sin evento",
"19/07/2024 19:31",7281679,,,,Oruro,"Sucursal Oruro","No disponible",Salida,"Sin evento",
"19/07/2024 19:31",4,,,,Oruro,"Sucursal Oruro","No disponible",Salida,"Sin evento",
"19/07/2024 19:35",1,,,,Oruro,"Sucursal Oruro","No disponible",Salida,"Sin evento",
"20/07/2024 08:56",4,,,,Oruro,"Sucursal Oruro","No disponible",Salida,"Sin evento",
"20/07/2024 08:56",7281679,,,,Oruro,"Sucursal Oruro","No disponible",Salida,"Sin evento",
"20/07/2024 09:00",5,,,,Oruro,"Sucursal Oruro","No disponible",Salida,"Sin evento",
"22/07/2024 08:15",4,,,,Oruro,"Sucursal Oruro","No disponible",Salida,"Sin evento",
"22/07/2024 08:18",4,,,,Oruro,"Sucursal Oruro","No disponible",Salida,"Sin evento",
"22/07/2024 08:26",1,,,,Oruro,"Sucursal Oruro","No disponible",Salida,"Sin evento",
"22/07/2024 08:32",7281679,,,,Oruro,"Sucursal Oruro","No disponible",Salida,"Sin evento",
"22/07/2024 08:41",5,,,,Oruro,"Sucursal Oruro","No disponible",Salida,"Sin evento",
"22/07/2024 12:35",4,,,,Oruro,"Sucursal Oruro","No disponible",Salida,"Sin evento",
"22/07/2024 12:35",1,,,,Oruro,"Sucursal Oruro","No disponible",Salida,"Sin evento",
"22/07/2024 14:05",4,,,,Oruro,"Sucursal Oruro","No disponible",Salida,"Sin evento",
"22/07/2024 14:31",1,,,,Oruro,"Sucursal Oruro","No disponible",Salida,"Sin evento",
"22/07/2024 19:21",7281679,,,,Oruro,"Sucursal Oruro","No disponible",Salida,"Sin evento",
"22/07/2024 19:26",5,,,,Oruro,"Sucursal Oruro","No disponible",Salida,"Sin evento",
"22/07/2024 19:27",4,,,,Oruro,"Sucursal Oruro","No disponible",Salida,"Sin evento",
"22/07/2024 19:28",1,,,,Oruro,"Sucursal Oruro","No disponible",Salida,"Sin evento",
"23/07/2024 08:19",4,,,,Oruro,"Sucursal Oruro","No disponible",Salida,"Sin evento",
"23/07/2024 08:20",7281679,,,,Oruro,"Sucursal Oruro","No disponible",Salida,"Sin evento",
"23/07/2024 08:26",1,,,,Oruro,"Sucursal Oruro","No disponible",Salida,"Sin evento",
"23/07/2024 08:30",4,,,,Oruro,"Sucursal Oruro","No disponible",Salida,"Sin evento",
"23/07/2024 08:37",5,,,,Oruro,"Sucursal Oruro","No disponible",Salida,"Sin evento",
"23/07/2024 12:44",4,,,,Oruro,"Sucursal Oruro","No disponible",Salida,"Sin evento",
"23/07/2024 12:55",1,,,,Oruro,"Sucursal Oruro","No disponible",Salida,"Sin evento",
"23/07/2024 14:09",1,,,,Oruro,"Sucursal Oruro","No disponible",Salida,"Sin evento",
"23/07/2024 14:12",4,,,,Oruro,"Sucursal Oruro","No disponible",Salida,"Sin evento",
"23/07/2024 18:33",1,,,,Oruro,"Sucursal Oruro","No disponible",Salida,"Sin evento",
"23/07/2024 18:53",7281679,,,,Oruro,"Sucursal Oruro","No disponible",Salida,"Sin evento",
"23/07/2024 20:02",5,,,,Oruro,"Sucursal Oruro","No disponible",Salida,"Sin evento",
"23/07/2024 20:03",4,,,,Oruro,"Sucursal Oruro","No disponible",Salida,"Sin evento",
"24/07/2024 08:22",1,,,,Oruro,"Sucursal Oruro","No disponible",Salida,"Sin evento",
"24/07/2024 08:24",5,,,,Oruro,"Sucursal Oruro","No disponible",Salida,"Sin evento",
"24/07/2024 08:24",7281679,,,,Oruro,"Sucursal Oruro","No disponible",Salida,"Sin evento",
"24/07/2024 08:29",4,,,,Oruro,"Sucursal Oruro","No disponible",Salida,"Sin evento",
"24/07/2024 12:42",1,,,,Oruro,"Sucursal Oruro","No disponible",Salida,"Sin evento",
"24/07/2024 12:43",4,,,,Oruro,"Sucursal Oruro","No disponible",Salida,"Sin evento",
"24/07/2024 14:14",4,,,,Oruro,"Sucursal Oruro","No disponible",Salida,"Sin evento",
"24/07/2024 14:30",1,,,,Oruro,"Sucursal Oruro","No disponible",Salida,"Sin evento",
"24/07/2024 19:08",5,,,,Oruro,"Sucursal Oruro","No disponible",Salida,"Sin evento",
"24/07/2024 19:09",4,,,,Oruro,"Sucursal Oruro","No disponible",Salida,"Sin evento",
"24/07/2024 19:10",1,,,,Oruro,"Sucursal Oruro","No disponible",Salida,"Sin evento",
"24/07/2024 19:38",7281679,,,,Oruro,"Sucursal Oruro","No disponible",Salida,"Sin evento",
"25/07/2024 08:20",1,,,,Oruro,"Sucursal Oruro","No disponible",Salida,"Sin evento",
"25/07/2024 08:23",4,,,,Oruro,"Sucursal Oruro","No disponible",Salida,"Sin evento",
"25/07/2024 08:32",5,,,,Oruro,"Sucursal Oruro","No disponible",Salida,"Sin evento",
"25/07/2024 08:40",7281679,,,,Oruro,"Sucursal Oruro","No disponible",Salida,"Sin evento",
"25/07/2024 12:57",4,,,,Oruro,"Sucursal Oruro","No disponible",Salida,"Sin evento",
"25/07/2024 12:58",1,,,,Oruro,"Sucursal Oruro","No disponible",Salida,"Sin evento",
"25/07/2024 14:16",4,,,,Oruro,"Sucursal Oruro","No disponible",Salida,"Sin evento",
"25/07/2024 14:24",1,,,,Oruro,"Sucursal Oruro","No disponible",Salida,"Sin evento",
"25/07/2024 18:49",5,,,,Oruro,"Sucursal Oruro","No disponible",Salida,"Sin evento",
"25/07/2024 18:56",7281679,,,,Oruro,"Sucursal Oruro","No disponible",Salida,"Sin evento",
"25/07/2024 19:14",4,,,,Oruro,"Sucursal Oruro","No disponible",Salida,"Sin evento",
"25/07/2024 19:26",1,,,,Oruro,"Sucursal Oruro","No disponible",Salida,"Sin evento",
"26/07/2024 08:21",7281679,,,,Oruro,"Sucursal Oruro","No disponible",Salida,"Sin evento",
"26/07/2024 08:21",4,,,,Oruro,"Sucursal Oruro","No disponible",Salida,"Sin evento",
"26/07/2024 08:23",1,,,,Oruro,"Sucursal Oruro","No disponible",Salida,"Sin evento",
"26/07/2024 08:34",5,,,,Oruro,"Sucursal Oruro","No disponible",Salida,"Sin evento",
"26/07/2024 12:39",1,,,,Oruro,"Sucursal Oruro","No disponible",Salida,"Sin evento",
"26/07/2024 12:39",4,,,,Oruro,"Sucursal Oruro","No disponible",Salida,"Sin evento",
"26/07/2024 14:16",4,,,,Oruro,"Sucursal Oruro","No disponible",Salida,"Sin evento",
"26/07/2024 14:22",1,,,,Oruro,"Sucursal Oruro","No disponible",Salida,"Sin evento",
"26/07/2024 18:43",5,,,,Oruro,"Sucursal Oruro","No disponible",Salida,"Sin evento",
"26/07/2024 18:47",7281679,,,,Oruro,"Sucursal Oruro","No disponible",Salida,"Sin evento",
"26/07/2024 18:48",1,,,,Oruro,"Sucursal Oruro","No disponible",Salida,"Sin evento",
"26/07/2024 18:48",4,,,,Oruro,"Sucursal Oruro","No disponible",Salida,"Sin evento",
"27/07/2024 08:58",4,,,,Oruro,"Sucursal Oruro","No disponible",Salida,"Sin evento",
"27/07/2024 09:01",7281679,,,,Oruro,"Sucursal Oruro","No disponible",Salida,"Sin evento",
"27/07/2024 09:08",5,,,,Oruro,"Sucursal Oruro","No disponible",Salida,"Sin evento",
"27/07/2024 13:12",5,,,,Oruro,"Sucursal Oruro","No disponible",Salida,"Sin evento",
"27/07/2024 13:15",7281679,,,,Oruro,"Sucursal Oruro","No disponible",Salida,"Sin evento",
"27/07/2024 13:18",4,,,,Oruro,"Sucursal Oruro","No disponible",Salida,"Sin evento",
"29/07/2024 08:14",4,,,,Oruro,"Sucursal Oruro","No disponible",Salida,"Sin evento",
"29/07/2024 08:21",1,,,,Oruro,"Sucursal Oruro","No disponible",Salida,"Sin evento",
"29/07/2024 08:25",5,,,,Oruro,"Sucursal Oruro","No disponible",Salida,"Sin evento",
"29/07/2024 08:50",7281679,,,,Oruro,"Sucursal Oruro","No disponible",Salida,"Sin evento",
"29/07/2024 12:51",1,,,,Oruro,"Sucursal Oruro","No disponible",Salida,"Sin evento",
"29/07/2024 12:51",4,,,,Oruro,"Sucursal Oruro","No disponible",Salida,"Sin evento",
"29/07/2024 14:09",4,,,,Oruro,"Sucursal Oruro","No disponible",Salida,"Sin evento",
"29/07/2024 14:11",1,,,,Oruro,"Sucursal Oruro","No disponible",Salida,"Sin evento",
"29/07/2024 18:43",5,,,,Oruro,"Sucursal Oruro","No disponible",Salida,"Sin evento",
"29/07/2024 18:43",7281679,,,,Oruro,"Sucursal Oruro","No disponible",Salida,"Sin evento",
"29/07/2024 18:46",4,,,,Oruro,"Sucursal Oruro","No disponible",Salida,"Sin evento",
"29/07/2024 19:15",1,,,,Oruro,"Sucursal Oruro","No disponible",Salida,"Sin evento",
"30/07/2024 08:26",4,,,,Oruro,"Sucursal Oruro","No disponible",Salida,"Sin evento",
"30/07/2024 08:29",1,,,,Oruro,"Sucursal Oruro","No disponible",Salida,"Sin evento",
"30/07/2024 08:35",7281679,,,,Oruro,"Sucursal Oruro","No disponible",Salida,"Sin evento",
"30/07/2024 08:39",5,,,,Oruro,"Sucursal Oruro","No disponible",Salida,"Sin evento",
"30/07/2024 12:42",4,,,,Oruro,"Sucursal Oruro","No disponible",Salida,"Sin evento",
"30/07/2024 12:42",1,,,,Oruro,"Sucursal Oruro","No disponible",Salida,"Sin evento",
"30/07/2024 14:14",1,,,,Oruro,"Sucursal Oruro","No disponible",Salida,"Sin evento",
"30/07/2024 14:16",4,,,,Oruro,"Sucursal Oruro","No disponible",Salida,"Sin evento",
"30/07/2024 18:47",4,,,,Oruro,"Sucursal Oruro","No disponible",Salida,"Sin evento",
"30/07/2024 18:48",1,,,,Oruro,"Sucursal Oruro","No disponible",Salida,"Sin evento",
"30/07/2024 19:00",7281679,,,,Oruro,"Sucursal Oruro","No disponible",Salida,"Sin evento",
"30/07/2024 19:04",5,,,,Oruro,"Sucursal Oruro","No disponible",Salida,"Sin evento",
"31/07/2024 08:18",1,,,,Oruro,"Sucursal Oruro","No disponible",Salida,"Sin evento",
"31/07/2024 08:21",7281679,,,,Oruro,"Sucursal Oruro","No disponible",Salida,"Sin evento",
"31/07/2024 08:21",4,,,,Oruro,"Sucursal Oruro","No disponible",Salida,"Sin evento",
"31/07/2024 08:27",4,,,,Oruro,"Sucursal Oruro","No disponible",Salida,"Sin evento",
"31/07/2024 08:34",5,,,,Oruro,"Sucursal Oruro","No disponible",Salida,"Sin evento",
"31/07/2024 12:37",1,,,,Oruro,"Sucursal Oruro","No disponible",Salida,"Sin evento",
"31/07/2024 12:45",4,,,,Oruro,"Sucursal Oruro","No disponible",Salida,"Sin evento",
"31/07/2024 14:14",4,,,,Oruro,"Sucursal Oruro","No disponible",Salida,"Sin evento",
"31/07/2024 14:14",1,,,,Oruro,"Sucursal Oruro","No disponible",Salida,"Sin evento",
"31/07/2024 18:39",5,,,,Oruro,"Sucursal Oruro","No disponible",Salida,"Sin evento",
"31/07/2024 18:51",4,,,,Oruro,"Sucursal Oruro","No disponible",Salida,"Sin evento",
"31/07/2024 18:52",1,,,,Oruro,"Sucursal Oruro","No disponible",Salida,"Sin evento",
"31/07/2024 18:52",7281679,,,,Oruro,"Sucursal Oruro","No disponible",Salida,"Sin evento",
"01/08/2024 08:25",4,,,,Oruro,"Sucursal Oruro","No disponible",Salida,"Sin evento",
"01/08/2024 08:31",7281679,,,,Oruro,"Sucursal Oruro","No disponible",Salida,"Sin evento",
"01/08/2024 08:34",1,,,,Oruro,"Sucursal Oruro","No disponible",Salida,"Sin evento",
"01/08/2024 08:35",5,,,,Oruro,"Sucursal Oruro","No disponible",Salida,"Sin evento",
"01/08/2024 12:44",4,,,,Oruro,"Sucursal Oruro","No disponible",Salida,"Sin evento",
"01/08/2024 12:45",1,,,,Oruro,"Sucursal Oruro","No disponible",Salida,"Sin evento",
"01/08/2024 14:16",1,,,,Oruro,"Sucursal Oruro","No disponible",Salida,"Sin evento",
"01/08/2024 19:10",4,,,,Oruro,"Sucursal Oruro","No disponible",Salida,"Sin evento",
"01/08/2024 19:10",7281679,,,,Oruro,"Sucursal Oruro","No disponible",Salida,"Sin evento",
"01/08/2024 19:11",5,,,,Oruro,"Sucursal Oruro","No disponible",Salida,"Sin evento",
"01/08/2024 19:11",1,,,,Oruro,"Sucursal Oruro","No disponible",Salida,"Sin evento",
"01/08/2024 19:35",1,,,,Oruro,"Sucursal Oruro","No disponible",Salida,"Sin evento",
"02/08/2024 08:08",4,,,,Oruro,"Sucursal Oruro","No disponible",Salida,"Sin evento",
"02/08/2024 08:17",1,,,,Oruro,"Sucursal Oruro","No disponible",Salida,"Sin evento",
"02/08/2024 08:43",5,,,,Oruro,"Sucursal Oruro","No disponible",Salida,"Sin evento",
"02/08/2024 08:43",7281679,,,,Oruro,"Sucursal Oruro","No disponible",Salida,"Sin evento",
"02/08/2024 12:34",4,,,,Oruro,"Sucursal Oruro","No disponible",Salida,"Sin evento",
"02/08/2024 12:34",1,,,,Oruro,"Sucursal Oruro","No disponible",Salida,"Sin evento",
"02/08/2024 14:20",1,,,,Oruro,"Sucursal Oruro","No disponible",Salida,"Sin evento",
"02/08/2024 14:24",4,,,,Oruro,"Sucursal Oruro","No disponible",Salida,"Sin evento",
"02/08/2024 18:45",7281679,,,,Oruro,"Sucursal Oruro","No disponible",Salida,"Sin evento",
"02/08/2024 18:45",4,,,,Oruro,"Sucursal Oruro","No disponible",Salida,"Sin evento",
"02/08/2024 18:46",1,,,,Oruro,"Sucursal Oruro","No disponible",Salida,"Sin evento",
"03/08/2024 08:54",4,,,,Oruro,"Sucursal Oruro","No disponible",Salida,"Sin evento",
"03/08/2024 08:56",7281679,,,,Oruro,"Sucursal Oruro","No disponible",Salida,"Sin evento",
"03/08/2024 09:08",5,,,,Oruro,"Sucursal Oruro","No disponible",Salida,"Sin evento",
"05/08/2024 08:23",1,,,,Oruro,"Sucursal Oruro","No disponible",Salida,"Sin evento",
"05/08/2024 08:30",7281679,,,,Oruro,"Sucursal Oruro","No disponible",Salida,"Sin evento",
"05/08/2024 08:30",4,,,,Oruro,"Sucursal Oruro","No disponible",Salida,"Sin evento",
"05/08/2024 08:34",5,,,,Oruro,"Sucursal Oruro","No disponible",Salida,"Sin evento",
"05/08/2024 12:40",4,,,,Oruro,"Sucursal Oruro","No disponible",Salida,"Sin evento",
"05/08/2024 12:51",1,,,,Oruro,"Sucursal Oruro","No disponible",Salida,"Sin evento",
"05/08/2024 14:14",4,,,,Oruro,"Sucursal Oruro","No disponible",Salida,"Sin evento",
"05/08/2024 14:32",1,,,,Oruro,"Sucursal Oruro","No disponible",Salida,"Sin evento",
"05/08/2024 18:39",5,,,,Oruro,"Sucursal Oruro","No disponible",Salida,"Sin evento",
"05/08/2024 19:06",4,,,,Oruro,"Sucursal Oruro","No disponible",Salida,"Sin evento",
"05/08/2024 19:07",1,,,,Oruro,"Sucursal Oruro","No disponible",Salida,"Sin evento",
"05/08/2024 19:07",7281679,,,,Oruro,"Sucursal Oruro","No disponible",Salida,"Sin evento",
"07/08/2024 08:16",4,,,,Oruro,"Sucursal Oruro","No disponible",Salida,"Sin evento",
"07/08/2024 08:27",1,,,,Oruro,"Sucursal Oruro","No disponible",Salida,"Sin evento",
"07/08/2024 08:38",7281679,,,,Oruro,"Sucursal Oruro","No disponible",Salida,"Sin evento",
"07/08/2024 08:40",5,,,,Oruro,"Sucursal Oruro","No disponible",Salida,"Sin evento",
"07/08/2024 12:30",4,,,,Oruro,"Sucursal Oruro","No disponible",Salida,"Sin evento",
"07/08/2024 12:34",1,,,,Oruro,"Sucursal Oruro","No disponible",Salida,"Sin evento",
"07/08/2024 14:09",1,,,,Oruro,"Sucursal Oruro","No disponible",Salida,"Sin evento",
"07/08/2024 14:09",4,,,,Oruro,"Sucursal Oruro","No disponible",Salida,"Sin evento",
"07/08/2024 19:01",5,,,,Oruro,"Sucursal Oruro","No disponible",Salida,"Sin evento",
"07/08/2024 19:06",4,,,,Oruro,"Sucursal Oruro","No disponible",Salida,"Sin evento",
"07/08/2024 19:06",1,,,,Oruro,"Sucursal Oruro","No disponible",Salida,"Sin evento",
"07/08/2024 19:14",7281679,,,,Oruro,"Sucursal Oruro","No disponible",Salida,"Sin evento",
"08/08/2024 08:24",7281679,,,,Oruro,"Sucursal Oruro","No disponible",Salida,"Sin evento",
"08/08/2024 08:24",4,,,,Oruro,"Sucursal Oruro","No disponible",Salida,"Sin evento",
"08/08/2024 08:31",1,,,,Oruro,"Sucursal Oruro","No disponible",Salida,"Sin evento",
"08/08/2024 08:36",5,,,,Oruro,"Sucursal Oruro","No disponible",Salida,"Sin evento",
"08/08/2024 12:30",1,,,,Oruro,"Sucursal Oruro","No disponible",Salida,"Sin evento",
"08/08/2024 12:42",4,,,,Oruro,"Sucursal Oruro","No disponible",Salida,"Sin evento",
"08/08/2024 14:17",4,,,,Oruro,"Sucursal Oruro","No disponible",Salida,"Sin evento",
"08/08/2024 14:21",1,,,,Oruro,"Sucursal Oruro","No disponible",Salida,"Sin evento",
"08/08/2024 19:04",5,,,,Oruro,"Sucursal Oruro","No disponible",Salida,"Sin evento",
"08/08/2024 19:06",4,,,,Oruro,"Sucursal Oruro","No disponible",Salida,"Sin evento",
"08/08/2024 19:06",1,,,,Oruro,"Sucursal Oruro","No disponible",Salida,"Sin evento",
"08/08/2024 19:43",7281679,,,,Oruro,"Sucursal Oruro","No disponible",Salida,"Sin evento",
"09/08/2024 08:24",7281679,,,,Oruro,"Sucursal Oruro","No disponible",Salida,"Sin evento",
"09/08/2024 08:24",4,,,,Oruro,"Sucursal Oruro","No disponible",Salida,"Sin evento",
"09/08/2024 08:27",1,,,,Oruro,"Sucursal Oruro","No disponible",Salida,"Sin evento",
"09/08/2024 08:43",5,,,,Oruro,"Sucursal Oruro","No disponible",Salida,"Sin evento",
"09/08/2024 12:36",4,,,,Oruro,"Sucursal Oruro","No disponible",Salida,"Sin evento",
"09/08/2024 12:38",1,,,,Oruro,"Sucursal Oruro","No disponible",Salida,"Sin evento",
"09/08/2024 14:14",4,,,,Oruro,"Sucursal Oruro","No disponible",Salida,"Sin evento",
"09/08/2024 14:34",1,,,,Oruro,"Sucursal Oruro","No disponible",Salida,"Sin evento",
"09/08/2024 18:54",5,,,,Oruro,"Sucursal Oruro","No disponible",Salida,"Sin evento",
"09/08/2024 19:01",7281679,,,,Oruro,"Sucursal Oruro","No disponible",Salida,"Sin evento",
"09/08/2024 19:04",1,,,,Oruro,"Sucursal Oruro","No disponible",Salida,"Sin evento",
"09/08/2024 19:04",4,,,,Oruro,"Sucursal Oruro","No disponible",Salida,"Sin evento",
"10/08/2024 08:55",4,,,,Oruro,"Sucursal Oruro","No disponible",Salida,"Sin evento",
"10/08/2024 09:06",7281679,,,,Oruro,"Sucursal Oruro","No disponible",Salida,"Sin evento",
"10/08/2024 09:12",5,,,,Oruro,"Sucursal Oruro","No disponible",Salida,"Sin evento",
"10/08/2024 12:49",7281679,,,,Oruro,"Sucursal Oruro","No disponible",Salida,"Sin evento",
"10/08/2024 12:49",1,,,,Oruro,"Sucursal Oruro","No disponible",Salida,"Sin evento",
"10/08/2024 12:50",4,,,,Oruro,"Sucursal Oruro","No disponible",Salida,"Sin evento",
"10/08/2024 12:50",5,,,,Oruro,"Sucursal Oruro","No disponible",Salida,"Sin evento",
"12/08/2024 08:19",4,,,,Oruro,"Sucursal Oruro","No disponible",Salida,"Sin evento",
"12/08/2024 08:19",7281679,,,,Oruro,"Sucursal Oruro","No disponible",Salida,"Sin evento",
"12/08/2024 08:30",4,,,,Oruro,"Sucursal Oruro","No disponible",Salida,"Sin evento",
"12/08/2024 08:32",1,,,,Oruro,"Sucursal Oruro","No disponible",Salida,"Sin evento",
"12/08/2024 08:40",5,,,,Oruro,"Sucursal Oruro","No disponible",Salida,"Sin evento",
"12/08/2024 12:31",1,,,,Oruro,"Sucursal Oruro","No disponible",Salida,"Sin evento",
"12/08/2024 12:34",4,,,,Oruro,"Sucursal Oruro","No disponible",Salida,"Sin evento",
"12/08/2024 12:35",4,,,,Oruro,"Sucursal Oruro","No disponible",Salida,"Sin evento",
"12/08/2024 14:10",1,,,,Oruro,"Sucursal Oruro","No disponible",Salida,"Sin evento",
"12/08/2024 14:10",4,,,,Oruro,"Sucursal Oruro","No disponible",Salida,"Sin evento",
"12/08/2024 18:51",5,,,,Oruro,"Sucursal Oruro","No disponible",Salida,"Sin evento",
"12/08/2024 18:58",7281679,,,,Oruro,"Sucursal Oruro","No disponible",Salida,"Sin evento",
"12/08/2024 18:58",4,,,,Oruro,"Sucursal Oruro","No disponible",Salida,"Sin evento",
"12/08/2024 18:59",1,,,,Oruro,"Sucursal Oruro","No disponible",Salida,"Sin evento",
"13/08/2024 08:23",7281679,,,,Oruro,"Sucursal Oruro","No disponible",Salida,"Sin evento",
"13/08/2024 08:23",4,,,,Oruro,"Sucursal Oruro","No disponible",Salida,"Sin evento",
"13/08/2024 08:25",1,,,,Oruro,"Sucursal Oruro","No disponible",Salida,"Sin evento",
"13/08/2024 08:36",5,,,,Oruro,"Sucursal Oruro","No disponible",Salida,"Sin evento",
"13/08/2024 12:32",1,,,,Oruro,"Sucursal Oruro","No disponible",Salida,"Sin evento",
"13/08/2024 12:37",4,,,,Oruro,"Sucursal Oruro","No disponible",Salida,"Sin evento",
"13/08/2024 14:11",4,,,,Oruro,"Sucursal Oruro","No disponible",Salida,"Sin evento",
"13/08/2024 14:14",1,,,,Oruro,"Sucursal Oruro","No disponible",Salida,"Sin evento",
"13/08/2024 19:02",5,,,,Oruro,"Sucursal Oruro","No disponible",Salida,"Sin evento",
"13/08/2024 19:04",7281679,,,,Oruro,"Sucursal Oruro","No disponible",Salida,"Sin evento",
"13/08/2024 19:10",4,,,,Oruro,"Sucursal Oruro","No disponible",Salida,"Sin evento",
"13/08/2024 19:12",1,,,,Oruro,"Sucursal Oruro","No disponible","Estado 15","Sin evento",
"14/08/2024 08:16",7281679,,,,Oruro,"Sucursal Oruro","No disponible",Salida,"Sin evento",
"14/08/2024 08:16",4,,,,Oruro,"Sucursal Oruro","No disponible",Salida,"Sin evento",
"14/08/2024 08:26",1,,,,Oruro,"Sucursal Oruro","No disponible",Salida,"Sin evento",
"14/08/2024 08:41",5,,,,Oruro,"Sucursal Oruro","No disponible",Salida,"Sin evento",
"14/08/2024 12:48",1,,,,Oruro,"Sucursal Oruro","No disponible",Salida,"Sin evento",
"14/08/2024 12:50",4,,,,Oruro,"Sucursal Oruro","No disponible",Salida,"Boton de salida",
"14/08/2024 14:22",4,,,,Oruro,"Sucursal Oruro","No disponible",Salida,"Boton de salida",
"14/08/2024 14:35",1,,,,Oruro,"Sucursal Oruro","No disponible",Salida,"Boton de salida",
"14/08/2024 18:59",5,,,,Oruro,"Sucursal Oruro","No disponible",Salida,"Boton de salida",
"14/08/2024 19:10",4,,,,Oruro,"Sucursal Oruro","No disponible",Salida,"Boton de salida",
"14/08/2024 19:10",1,,,,Oruro,"Sucursal Oruro","No disponible",Salida,"Boton de salida",
"14/08/2024 19:13",7281679,,,,Oruro,"Sucursal Oruro","No disponible",Salida,"Boton de salida",
"15/08/2024 08:18",7281679,,,,Oruro,"Sucursal Oruro","No disponible",Salida,"Boton de salida",
"15/08/2024 08:24",4,,,,Oruro,"Sucursal Oruro","No disponible",Salida,"Boton de salida",
"15/08/2024 08:24",1,,,,Oruro,"Sucursal Oruro","No disponible",Salida,"Boton de salida",
"15/08/2024 08:25",4,,,,Oruro,"Sucursal Oruro","No disponible",Salida,"Apertura con tarjeta de proximidad",
"15/08/2024 08:34",5,,,,Oruro,"Sucursal Oruro","No disponible",Salida,"Apertura con tarjeta de proximidad",
"15/08/2024 12:36",1,,,,Oruro,"Sucursal Oruro","No disponible",Salida,"Apertura con tarjeta de proximidad",
"15/08/2024 12:41",4,,,,Oruro,"Sucursal Oruro","No disponible",Salida,"Apertura con tarjeta de proximidad",
"15/08/2024 14:11",1,,,,Oruro,"Sucursal Oruro","No disponible",Salida,"Apertura con tarjeta de proximidad",
"15/08/2024 14:12",4,,,,Oruro,"Sucursal Oruro","No disponible",Salida,"Apertura con tarjeta de proximidad",
"15/08/2024 18:47",5,,,,Oruro,"Sucursal Oruro","No disponible",Salida,"Apertura con tarjeta de proximidad",
"15/08/2024 18:54",4,,,,Oruro,"Sucursal Oruro","No disponible",Salida,"Apertura con tarjeta de proximidad",
"15/08/2024 18:55",1,,,,Oruro,"Sucursal Oruro","No disponible",Salida,"Apertura con tarjeta de proximidad",
"15/08/2024 19:13",7281679,,,,Oruro,"Sucursal Oruro","No disponible",Salida,"Apertura con tarjeta de proximidad",
"16/08/2024 08:24",4,,,,Oruro,"Sucursal Oruro","No disponible",Salida,"Apertura con tarjeta de proximidad",
"16/08/2024 08:25",7281679,,,,Oruro,"Sucursal Oruro","No disponible",Salida,"Apertura con tarjeta de proximidad",
"16/08/2024 08:25",4,,,,Oruro,"Sucursal Oruro","No disponible",Salida,"Apertura con tarjeta de proximidad",
"16/08/2024 08:26",1,,,,Oruro,"Sucursal Oruro","No disponible",Salida,"Sin evento",
"16/08/2024 08:42",5,,,,Oruro,"Sucursal Oruro","No disponible",Salida,"Apertura con tarjeta de proximidad",
"16/08/2024 12:41",1,,,,Oruro,"Sucursal Oruro","No disponible",Salida,"Apertura con tarjeta de proximidad",
"16/08/2024 12:48",4,,,,Oruro,"Sucursal Oruro","No disponible",Salida,"Apertura con tarjeta de proximidad",
"16/08/2024 14:13",1,,,,Oruro,"Sucursal Oruro","No disponible",Salida,"Apertura con tarjeta de proximidad",
"16/08/2024 18:47",5,,,,Oruro,"Sucursal Oruro","No disponible",Salida,"Apertura con tarjeta de proximidad",
"16/08/2024 19:07",4,,,,Oruro,"Sucursal Oruro","No disponible",Salida,"Apertura con tarjeta de proximidad",
"16/08/2024 19:08",7281679,,,,Oruro,"Sucursal Oruro","No disponible",Salida,"Apertura con tarjeta de proximidad",
"16/08/2024 19:10",1,,,,Oruro,"Sucursal Oruro","No disponible",Salida,"Apertura con tarjeta de proximidad",
"17/08/2024 08:56",4,,,,Oruro,"Sucursal Oruro","No disponible",Salida,"Apertura con tarjeta de proximidad",
"17/08/2024 09:06",7281679,,,,Oruro,"Sucursal Oruro","No disponible",Salida,"Apertura con tarjeta de proximidad",
"17/08/2024 09:10",5,,,,Oruro,"Sucursal Oruro","No disponible",Salida,"Apertura con tarjeta de proximidad",
"17/08/2024 12:22",7281679,,,,Oruro,"Sucursal Oruro","No disponible",Salida,"Apertura con tarjeta de proximidad",
"19/08/2024 08:15",1,,,,Oruro,"Sucursal Oruro","No disponible",Salida,"Sin evento",
"19/08/2024 08:19",4,,,,Oruro,"Sucursal Oruro","No disponible",Salida,"Apertura con tarjeta de proximidad",
"19/08/2024 08:31",7281679,,,,Oruro,"Sucursal Oruro","No disponible",Salida,"Apertura con tarjeta de proximidad",
"19/08/2024 08:31",5,,,,Oruro,"Sucursal Oruro","No disponible",Salida,"Apertura con tarjeta de proximidad",
"19/08/2024 12:33",1,,,,Oruro,"Sucursal Oruro","No disponible",Salida,"Apertura con tarjeta de proximidad",
"19/08/2024 12:38",4,,,,Oruro,"Sucursal Oruro","No disponible",Salida,"Apertura con tarjeta de proximidad",
"19/08/2024 14:02",4,,,,Oruro,"Sucursal Oruro","No disponible",Salida,"Apertura con tarjeta de proximidad",
"19/08/2024 14:12",4,,,,Oruro,"Sucursal Oruro","No disponible",Salida,"Apertura con tarjeta de proximidad",
"19/08/2024 14:15",1,,,,Oruro,"Sucursal Oruro","No disponible",Salida,"Sin evento",
"19/08/2024 18:42",5,,,,Oruro,"Sucursal Oruro","No disponible",Salida,"Apertura con tarjeta de proximidad",
"19/08/2024 18:55",4,,,,Oruro,"Sucursal Oruro","No disponible",Salida,"Apertura con tarjeta de proximidad",
"19/08/2024 18:55",7281679,,,,Oruro,"Sucursal Oruro","No disponible",Salida,"Apertura con tarjeta de proximidad",
"19/08/2024 18:56",1,,,,Oruro,"Sucursal Oruro","No disponible",Salida,"Apertura con tarjeta de proximidad",
"20/08/2024 08:14",1,,,,Oruro,"Sucursal Oruro","No disponible",Salida,"Sin evento",
"20/08/2024 08:29",7281679,,,,Oruro,"Sucursal Oruro","No disponible",Salida,"Apertura con tarjeta de proximidad",
"20/08/2024 08:30",4,,,,Oruro,"Sucursal Oruro","No disponible",Salida,"Apertura con tarjeta de proximidad",
"20/08/2024 08:37",5,,,,Oruro,"Sucursal Oruro","No disponible",Salida,"Apertura con tarjeta de proximidad",
"20/08/2024 12:32",1,,,,Oruro,"Sucursal Oruro","No disponible",Salida,"Apertura con tarjeta de proximidad",
"20/08/2024 12:33",4,,,,Oruro,"Sucursal Oruro","No disponible",Salida,"Apertura con tarjeta de proximidad",
"20/08/2024 14:11",4,,,,Oruro,"Sucursal Oruro","No disponible",Salida,"Apertura con tarjeta de proximidad",
"20/08/2024 14:20",1,,,,Oruro,"Sucursal Oruro","No disponible",Salida,"Apertura con tarjeta de proximidad",
"20/08/2024 19:07",4,,,,Oruro,"Sucursal Oruro","No disponible",Salida,"Apertura con tarjeta de proximidad",
"20/08/2024 19:11",1,,,,Oruro,"Sucursal Oruro","No disponible",Salida,"Apertura con tarjeta de proximidad",
"20/08/2024 19:15",5,,,,Oruro,"Sucursal Oruro","No disponible",Salida,"Apertura con tarjeta de proximidad",
"20/08/2024 19:19",7281679,,,,Oruro,"Sucursal Oruro","No disponible",Salida,"Apertura con tarjeta de proximidad",
"21/08/2024 08:18",7281679,,,,Oruro,"Sucursal Oruro","No disponible",Salida,"Apertura con tarjeta de proximidad",
"21/08/2024 08:19",4,,,,Oruro,"Sucursal Oruro","No disponible",Salida,"Apertura con tarjeta de proximidad",
"21/08/2024 08:21",1,,,,Oruro,"Sucursal Oruro","No disponible",Salida,"Apertura con tarjeta de proximidad",
"21/08/2024 08:24",5,,,,Oruro,"Sucursal Oruro","No disponible",Salida,"Apertura con tarjeta de proximidad",
"21/08/2024 12:31",1,,,,Oruro,"Sucursal Oruro","No disponible",Salida,"Apertura con tarjeta de proximidad",
"21/08/2024 12:49",4,,,,Oruro,"Sucursal Oruro","No disponible",Salida,"Apertura con tarjeta de proximidad",
"21/08/2024 14:14",4,,,,Oruro,"Sucursal Oruro","No disponible",Salida,"Apertura con tarjeta de proximidad",
"21/08/2024 14:15",1,,,,Oruro,"Sucursal Oruro","No disponible",Salida,"Apertura con tarjeta de proximidad",
"21/08/2024 18:54",5,,,,Oruro,"Sucursal Oruro","No disponible",Salida,"Apertura con tarjeta de proximidad",
"21/08/2024 19:03",4,,,,Oruro,"Sucursal Oruro","No disponible",Salida,"Apertura con tarjeta de proximidad",
"21/08/2024 19:06",1,,,,Oruro,"Sucursal Oruro","No disponible",Salida,"Apertura con tarjeta de proximidad",
"21/08/2024 19:33",7281679,,,,Oruro,"Sucursal Oruro","No disponible",Salida,"Apertura con tarjeta de proximidad",
"22/08/2024 08:13",1,,,,Oruro,"Sucursal Oruro","No disponible",Salida,"Sin evento",
"22/08/2024 08:22",4,,,,Oruro,"Sucursal Oruro","No disponible",Salida,"Apertura con tarjeta de proximidad",
"22/08/2024 08:22",7281679,,,,Oruro,"Sucursal Oruro","No disponible",Salida,"Apertura con tarjeta de proximidad",
"22/08/2024 08:37",5,,,,Oruro,"Sucursal Oruro","No disponible",Salida,"Apertura con tarjeta de proximidad",
"22/08/2024 12:34",1,,,,Oruro,"Sucursal Oruro","No disponible",Salida,"Apertura con tarjeta de proximidad",
"22/08/2024 12:37",4,,,,Oruro,"Sucursal Oruro","No disponible",Salida,"Apertura con tarjeta de proximidad",
"22/08/2024 14:09",4,,,,Oruro,"Sucursal Oruro","No disponible",Salida,"Apertura con tarjeta de proximidad",
"22/08/2024 14:26",1,,,,Oruro,"Sucursal Oruro","No disponible",Salida,"Apertura con tarjeta de proximidad",
"22/08/2024 14:26",4,,,,Oruro,"Sucursal Oruro","No disponible",Salida,"Apertura con tarjeta de proximidad",
"22/08/2024 19:03",5,,,,Oruro,"Sucursal Oruro","No disponible",Salida,"Apertura con tarjeta de proximidad",
"22/08/2024 19:06",7281679,,,,Oruro,"Sucursal Oruro","No disponible",Salida,"Apertura con tarjeta de proximidad",
"22/08/2024 19:07",4,,,,Oruro,"Sucursal Oruro","No disponible",Salida,"Apertura con tarjeta de proximidad",
"22/08/2024 19:07",1,,,,Oruro,"Sucursal Oruro","No disponible",Salida,"Apertura con tarjeta de proximidad",
"23/08/2024 08:05",1,,,,Oruro,"Sucursal Oruro","No disponible",Salida,"Sin evento",
"23/08/2024 08:12",1,,,,Oruro,"Sucursal Oruro","No disponible",Salida,"Sin evento",
"23/08/2024 08:19",7281679,,,,Oruro,"Sucursal Oruro","No disponible",Salida,"Apertura con tarjeta de proximidad",
"23/08/2024 08:20",4,,,,Oruro,"Sucursal Oruro","No disponible",Salida,"Apertura con tarjeta de proximidad",
"23/08/2024 08:34",5,,,,Oruro,"Sucursal Oruro","No disponible",Salida,"Apertura con tarjeta de proximidad",
"23/08/2024 12:32",1,,,,Oruro,"Sucursal Oruro","No disponible",Salida,"Sin evento",
"23/08/2024 12:38",4,,,,Oruro,"Sucursal Oruro","No disponible",Salida,"Sin evento",
"23/08/2024 14:09",1,,,,Oruro,"Sucursal Oruro","No disponible",Salida,"Sin evento",
"23/08/2024 14:09",4,,,,Oruro,"Sucursal Oruro","No disponible",Salida,"Sin evento",
"23/08/2024 19:28",4,,,,Oruro,"Sucursal Oruro","No disponible",Salida,"Sin evento",
"23/08/2024 19:32",5,,,,Oruro,"Sucursal Oruro","No disponible",Salida,"Sin evento",
"23/08/2024 19:32",7281679,,,,Oruro,"Sucursal Oruro","No disponible",Salida,"Sin evento",
"23/08/2024 19:33",1,,,,Oruro,"Sucursal Oruro","No disponible",Salida,"Sin evento",
"24/08/2024 09:02",4,,,,Oruro,"Sucursal Oruro","No disponible",Salida,"Sin evento",
"24/08/2024 09:08",5,,,,Oruro,"Sucursal Oruro","No disponible",Salida,"Sin evento",
"24/08/2024 12:57",4,,,,Oruro,"Sucursal Oruro","No disponible",Salida,"Sin evento",
"24/08/2024 12:58",5,,,,Oruro,"Sucursal Oruro","No disponible",Salida,"Sin evento",
"24/08/2024 12:58",7281679,,,,Oruro,"Sucursal Oruro","No disponible",Salida,"Sin evento",
"26/08/2024 08:22",4,,,,Oruro,"Sucursal Oruro","No disponible",Salida,"Sin evento",
"26/08/2024 08:23",7281679,,,,Oruro,"Sucursal Oruro","No disponible",Salida,"Sin evento",
"26/08/2024 08:28",5,,,,Oruro,"Sucursal Oruro","No disponible",Salida,"Sin evento",
"26/08/2024 08:36",1,,,,Oruro,"Sucursal Oruro","No disponible",Salida,"Sin evento",
"26/08/2024 12:30",1,,,,Oruro,"Sucursal Oruro","No disponible",Salida,"Sin evento",
"26/08/2024 12:39",4,,,,Oruro,"Sucursal Oruro","No disponible",Salida,"Sin evento",
"26/08/2024 14:04",4,,,,Oruro,"Sucursal Oruro","No disponible",Salida,"Sin evento",
"26/08/2024 14:08",1,,,,Oruro,"Sucursal Oruro","No disponible",Salida,"Sin evento",
"26/08/2024 18:54",5,,,,Oruro,"Sucursal Oruro","No disponible",Salida,"Sin evento",
"26/08/2024 18:58",7281679,,,,Oruro,"Sucursal Oruro","No disponible",Salida,"Sin evento",
"26/08/2024 19:04",4,,,,Oruro,"Sucursal Oruro","No disponible",Salida,"Sin evento",
"26/08/2024 19:04",1,,,,Oruro,"Sucursal Oruro","No disponible",Salida,"Sin evento",
"27/08/2024 08:18",4,,,,Oruro,"Sucursal Oruro","No disponible",Salida,"Sin evento",
"27/08/2024 08:18",7281679,,,,Oruro,"Sucursal Oruro","No disponible",Salida,"Sin evento",
"27/08/2024 08:28",5,,,,Oruro,"Sucursal Oruro","No disponible",Salida,"Sin evento",
"27/08/2024 08:34",1,,,,Oruro,"Sucursal Oruro","No disponible",Salida,"Sin evento",
"27/08/2024 12:34",1,,,,Oruro,"Sucursal Oruro","No disponible",Salida,"Sin evento",
"27/08/2024 12:44",4,,,,Oruro,"Sucursal Oruro","No disponible",Salida,"Sin evento",
"27/08/2024 14:18",1,,,,Oruro,"Sucursal Oruro","No disponible",Salida,"Sin evento",
"27/08/2024 14:18",4,,,,Oruro,"Sucursal Oruro","No disponible",Salida,"Sin evento",
"27/08/2024 19:18",7281679,,,,Oruro,"Sucursal Oruro","No disponible",Salida,"Sin evento",
"27/08/2024 19:21",4,,,,Oruro,"Sucursal Oruro","No disponible",Salida,"Sin evento",
"27/08/2024 19:21",1,,,,Oruro,"Sucursal Oruro","No disponible",Salida,"Sin evento",
"28/08/2024 08:14",1,,,,Oruro,"Sucursal Oruro","No disponible",Salida,"Sin evento",
"28/08/2024 08:23",7281679,,,,Oruro,"Sucursal Oruro","No disponible",Salida,"Sin evento",
"28/08/2024 08:24",4,,,,Oruro,"Sucursal Oruro","No disponible",Salida,"Sin evento",
"28/08/2024 08:24",5,,,,Oruro,"Sucursal Oruro","No disponible",Salida,"Sin evento",
"28/08/2024 12:33",1,,,,Oruro,"Sucursal Oruro","No disponible",Salida,"Sin evento",
"28/08/2024 14:15",4,,,,Oruro,"Sucursal Oruro","No disponible",Salida,"Sin evento",
"28/08/2024 14:18",1,,,,Oruro,"Sucursal Oruro","No disponible",Salida,"Sin evento",
"28/08/2024 18:55",5,,,,Oruro,"Sucursal Oruro","No disponible",Salida,"Sin evento",
"28/08/2024 19:29",4,,,,Oruro,"Sucursal Oruro","No disponible",Salida,"Sin evento",
"28/08/2024 19:29",1,,,,Oruro,"Sucursal Oruro","No disponible",Salida,"Sin evento",
"28/08/2024 19:30",7281679,,,,Oruro,"Sucursal Oruro","No disponible",Salida,"Sin evento",
"29/08/2024 08:13",1,,,,Oruro,"Sucursal Oruro","No disponible",Salida,"Sin evento",
"29/08/2024 08:22",5,,,,Oruro,"Sucursal Oruro","No disponible",Salida,"Sin evento",
"29/08/2024 08:22",4,,,,Oruro,"Sucursal Oruro","No disponible",Salida,"Sin evento",
"29/08/2024 08:24",7281679,,,,Oruro,"Sucursal Oruro","No disponible",Salida,"Sin evento",
"29/08/2024 12:41",1,,,,Oruro,"Sucursal Oruro","No disponible",Salida,"Sin evento",
"29/08/2024 12:47",4,,,,Oruro,"Sucursal Oruro","No disponible",Salida,"Sin evento",
"29/08/2024 14:14",1,,,,Oruro,"Sucursal Oruro","No disponible",Salida,"Sin evento",
"29/08/2024 14:23",4,,,,Oruro,"Sucursal Oruro","No disponible",Salida,"Sin evento",
"29/08/2024 19:24",5,,,,Oruro,"Sucursal Oruro","No disponible",Salida,"Sin evento",
"29/08/2024 19:25",1,,,,Oruro,"Sucursal Oruro","No disponible",Salida,"Sin evento",
"29/08/2024 19:25",7281679,,,,Oruro,"Sucursal Oruro","No disponible",Salida,"Sin evento",
"29/08/2024 19:25",4,,,,Oruro,"Sucursal Oruro","No disponible",Salida,"Sin evento",
"29/08/2024 20:12",1,,,,Oruro,"Sucursal Oruro","No disponible",Salida,"Sin evento",
"30/08/2024 08:13",1,,,,Oruro,"Sucursal Oruro","No disponible",Salida,"Sin evento",
"30/08/2024 08:22",4,,,,Oruro,"Sucursal Oruro","No disponible",Salida,"Sin evento",
"30/08/2024 08:22",7281679,,,,Oruro,"Sucursal Oruro","No disponible",Salida,"Sin evento",
"30/08/2024 08:36",5,,,,Oruro,"Sucursal Oruro","No disponible",Salida,"Sin evento",
"30/08/2024 12:42",1,,,,Oruro,"Sucursal Oruro","No disponible",Salida,"Sin evento",
"30/08/2024 12:43",4,,,,Oruro,"Sucursal Oruro","No disponible",Salida,"Sin evento",
"30/08/2024 14:11",4,,,,Oruro,"Sucursal Oruro","No disponible",Salida,"Sin evento",
"30/08/2024 14:28",1,,,,Oruro,"Sucursal Oruro","No disponible",Salida,"Sin evento",
"30/08/2024 18:58",4,,,,Oruro,"Sucursal Oruro","No disponible",Salida,"Sin evento",
"30/08/2024 19:01",1,,,,Oruro,"Sucursal Oruro","No disponible",Salida,"Sin evento",
"30/08/2024 19:01",7281679,,,,Oruro,"Sucursal Oruro","No disponible",Salida,"Sin evento",
"30/08/2024 19:02",5,,,,Oruro,"Sucursal Oruro","No disponible",Salida,"Sin evento",
"30/08/2024 20:12",1,,,,Oruro,"Sucursal Oruro","No disponible",Salida,"Sin evento",
"31/08/2024 08:55",4,,,,Oruro,"Sucursal Oruro","No disponible",Salida,"Sin evento",
"31/08/2024 09:00",5,,,,Oruro,"Sucursal Oruro","No disponible",Salida,"Sin evento",
"31/08/2024 09:12",7281679,,,,Oruro,"Sucursal Oruro","No disponible",Salida,"Sin evento",
"02/09/2024 08:11",4,,,,Oruro,"Sucursal Oruro","No disponible",Salida,"Sin evento",
"02/09/2024 08:20",7281679,,,,Oruro,"Sucursal Oruro","No disponible",Salida,"Sin evento",
"02/09/2024 08:24",5,,,,Oruro,"Sucursal Oruro","No disponible",Salida,"Sin evento",
"02/09/2024 08:29",1,,,,Oruro,"Sucursal Oruro","No disponible",Salida,"Sin evento",
"02/09/2024 12:35",1,,,,Oruro,"Sucursal Oruro","No disponible",Salida,"Sin evento",
"02/09/2024 12:36",4,,,,Oruro,"Sucursal Oruro","No disponible",Salida,"Sin evento",
"02/09/2024 14:07",1,,,,Oruro,"Sucursal Oruro","No disponible",Salida,"Sin evento",
"02/09/2024 14:27",4,,,,Oruro,"Sucursal Oruro","No disponible",Salida,"Sin evento",
"02/09/2024 19:24",4,,,,Oruro,"Sucursal Oruro","No disponible",Salida,"Sin evento",
"02/09/2024 19:39",5,,,,Oruro,"Sucursal Oruro","No disponible",Salida,"Sin evento",
"02/09/2024 19:39",1,,,,Oruro,"Sucursal Oruro","No disponible",Salida,"Sin evento",
"02/09/2024 19:39",7281679,,,,Oruro,"Sucursal Oruro","No disponible",Salida,"Sin evento",
"03/09/2024 08:03",4,,,,Oruro,"Sucursal Oruro","No disponible",Salida,"Sin evento",
"03/09/2024 08:26",1,,,,Oruro,"Sucursal Oruro","No disponible",Salida,"Sin evento",
"03/09/2024 08:27",7281679,,,,Oruro,"Sucursal Oruro","No disponible",Salida,"Sin evento",
"03/09/2024 08:28",5,,,,Oruro,"Sucursal Oruro","No disponible",Salida,"Sin evento",
"03/09/2024 12:34",1,,,,Oruro,"Sucursal Oruro","No disponible",Salida,"Sin evento",
"03/09/2024 12:56",4,,,,Oruro,"Sucursal Oruro","No disponible",Salida,"Sin evento",
"03/09/2024 14:05",4,,,,Oruro,"Sucursal Oruro","No disponible",Salida,"Sin evento",
"03/09/2024 14:19",4,,,,Oruro,"Sucursal Oruro","No disponible",Salida,"Sin evento",
"03/09/2024 14:23",4,,,,Oruro,"Sucursal Oruro","No disponible",Salida,"Sin evento",
"03/09/2024 14:28",1,,,,Oruro,"Sucursal Oruro","No disponible",Salida,"Sin evento",
"03/09/2024 18:48",4,,,,Oruro,"Sucursal Oruro","No disponible",Salida,"Sin evento",
"03/09/2024 18:53",5,,,,Oruro,"Sucursal Oruro","No disponible",Salida,"Sin evento",
"03/09/2024 18:55",7281679,,,,Oruro,"Sucursal Oruro","No disponible",Salida,"Sin evento",
"03/09/2024 19:22",1,,,,Oruro,"Sucursal Oruro","No disponible",Salida,"Sin evento",
"04/09/2024 08:07",4,,,,Oruro,"Sucursal Oruro","No disponible",Salida,"Sin evento",
"04/09/2024 08:20",4,,,,Oruro,"Sucursal Oruro","No disponible",Salida,"Sin evento",
"04/09/2024 08:20",1,,,,Oruro,"Sucursal Oruro","No disponible",Salida,"Sin evento",
"04/09/2024 08:22",7281679,,,,Oruro,"Sucursal Oruro","No disponible",Salida,"Sin evento",
"04/09/2024 08:33",5,,,,Oruro,"Sucursal Oruro","No disponible",Salida,"Sin evento",
"04/09/2024 12:34",1,,,,Oruro,"Sucursal Oruro","No disponible",Salida,"Sin evento",
"04/09/2024 12:38",1,,,,Oruro,"Sucursal Oruro","No disponible",Salida,"Sin evento",
"04/09/2024 12:41",4,,,,Oruro,"Sucursal Oruro","No disponible",Salida,"Sin evento",
"04/09/2024 12:47",4,,,,Oruro,"Sucursal Oruro","No disponible",Salida,"Sin evento",
"04/09/2024 14:12",1,,,,Oruro,"Sucursal Oruro","No disponible",Salida,"Sin evento",
"04/09/2024 14:13",4,,,,Oruro,"Sucursal Oruro","No disponible",Salida,"Sin evento",
"04/09/2024 19:14",5,,,,Oruro,"Sucursal Oruro","No disponible",Salida,"Sin evento",
"04/09/2024 19:30",4,,,,Oruro,"Sucursal Oruro","No disponible",Salida,"Sin evento",
"04/09/2024 19:40",1,,,,Oruro,"Sucursal Oruro","No disponible",Salida,"Sin evento",
"04/09/2024 19:53",7281679,,,,Oruro,"Sucursal Oruro","No disponible",Salida,"Sin evento",
"05/09/2024 08:05",4,,,,Oruro,"Sucursal Oruro","No disponible",Salida,"Sin evento",
"05/09/2024 08:15",1,,,,Oruro,"Sucursal Oruro","No disponible",Salida,"Sin evento",
"05/09/2024 08:25",7281679,,,,Oruro,"Sucursal Oruro","No disponible",Salida,"Sin evento",
"05/09/2024 08:35",5,,,,Oruro,"Sucursal Oruro","No disponible",Salida,"Sin evento",
"05/09/2024 12:39",4,,,,Oruro,"Sucursal Oruro","No disponible",Salida,"Sin evento",
"05/09/2024 12:42",1,,,,Oruro,"Sucursal Oruro","No disponible",Salida,"Sin evento",
"05/09/2024 14:05",4,,,,Oruro,"Sucursal Oruro","No disponible",Salida,"Sin evento",
"05/09/2024 14:29",1,,,,Oruro,"Sucursal Oruro","No disponible",Salida,"Sin evento",
"05/09/2024 18:49",4,,,,Oruro,"Sucursal Oruro","No disponible",Salida,"Sin evento",
"05/09/2024 18:53",1,,,,Oruro,"Sucursal Oruro","No disponible",Salida,"Sin evento",
"05/09/2024 19:48",7281679,,,,Oruro,"Sucursal Oruro","No disponible",Salida,"Sin evento",
"06/09/2024 08:05",4,,,,Oruro,"Sucursal Oruro","No disponible",Salida,"Sin evento",
"06/09/2024 08:16",7281679,,,,Oruro,"Sucursal Oruro","No disponible",Salida,"Sin evento",
"06/09/2024 08:20",1,,,,Oruro,"Sucursal Oruro","No disponible",Salida,"Sin evento",
"06/09/2024 08:31",5,,,,Oruro,"Sucursal Oruro","No disponible",Salida,"Sin evento",
"06/09/2024 12:38",1,,,,Oruro,"Sucursal Oruro","No disponible",Salida,"Sin evento",
"06/09/2024 12:38",4,,,,Oruro,"Sucursal Oruro","No disponible",Salida,"Sin evento",
"06/09/2024 14:10",1,,,,Oruro,"Sucursal Oruro","No disponible",Salida,"Sin evento",
"06/09/2024 14:15",4,,,,Oruro,"Sucursal Oruro","No disponible",Salida,"Sin evento",
"06/09/2024 19:20",5,,,,Oruro,"Sucursal Oruro","No disponible",Salida,"Sin evento",
"06/09/2024 19:29",7281679,,,,Oruro,"Sucursal Oruro","No disponible",Salida,"Sin evento",
"06/09/2024 19:29",4,,,,Oruro,"Sucursal Oruro","No disponible",Salida,"Sin evento",
"06/09/2024 19:31",1,,,,Oruro,"Sucursal Oruro","No disponible",Salida,"Sin evento",
"07/09/2024 08:55",4,,,,Oruro,"Sucursal Oruro","No disponible",Salida,"Sin evento",
"07/09/2024 08:56",5,,,,Oruro,"Sucursal Oruro","No disponible",Salida,"Sin evento",
"07/09/2024 09:06",7281679,,,,Oruro,"Sucursal Oruro","No disponible",Salida,"Sin evento",
"07/09/2024 13:00",4,,,,Oruro,"Sucursal Oruro","No disponible",Salida,"Sin evento",
"07/09/2024 13:01",7281679,,,,Oruro,"Sucursal Oruro","No disponible",Salida,"Sin evento",
"07/09/2024 13:01",5,,,,Oruro,"Sucursal Oruro","No disponible",Salida,"Sin evento",
"07/09/2024 13:03",1,,,,Oruro,"Sucursal Oruro","No disponible",Salida,"Sin evento",
"09/09/2024 08:08",1,,,,Oruro,"Sucursal Oruro","No disponible",Salida,"Sin evento",
"09/09/2024 08:20",4,,,,Oruro,"Sucursal Oruro","No disponible",Salida,"Sin evento",
"09/09/2024 08:21",7281679,,,,Oruro,"Sucursal Oruro","No disponible",Salida,"Sin evento",
"09/09/2024 08:38",5,,,,Oruro,"Sucursal Oruro","No disponible",Salida,"Sin evento",
"09/09/2024 12:31",1,,,,Oruro,"Sucursal Oruro","No disponible",Salida,"Sin evento",
"09/09/2024 12:38",4,,,,Oruro,"Sucursal Oruro","No disponible",Salida,"Sin evento",
"09/09/2024 14:16",4,,,,Oruro,"Sucursal Oruro","No disponible",Salida,"Sin evento",
"09/09/2024 14:25",4,,,,Oruro,"Sucursal Oruro","No disponible",Salida,"Sin evento",
"09/09/2024 14:28",1,,,,Oruro,"Sucursal Oruro","No disponible",Salida,"Sin evento",
"09/09/2024 18:48",5,,,,Oruro,"Sucursal Oruro","No disponible",Salida,"Sin evento",
"09/09/2024 19:02",7281679,,,,Oruro,"Sucursal Oruro","No disponible",Salida,"Sin evento",
"09/09/2024 19:04",4,,,,Oruro,"Sucursal Oruro","No disponible",Salida,"Sin evento",
"09/09/2024 19:04",1,,,,Oruro,"Sucursal Oruro","No disponible",Salida,"Sin evento",
"10/09/2024 07:45",7281679,,,,Oruro,"Sucursal Oruro","No disponible",Salida,"Sin evento",
"10/09/2024 08:16",4,,,,Oruro,"Sucursal Oruro","No disponible",Salida,"Sin evento",
"10/09/2024 08:25",1,,,,Oruro,"Sucursal Oruro","No disponible",Salida,"Sin evento",
"10/09/2024 08:38",5,,,,Oruro,"Sucursal Oruro","No disponible",Salida,"Sin evento",
"10/09/2024 12:35",1,,,,Oruro,"Sucursal Oruro","No disponible",Salida,"Sin evento",
"10/09/2024 12:37",4,,,,Oruro,"Sucursal Oruro","No disponible",Salida,"Sin evento",
"10/09/2024 14:13",4,,,,Oruro,"Sucursal Oruro","No disponible",Salida,"Sin evento",
"10/09/2024 14:18",1,,,,Oruro,"Sucursal Oruro","No disponible",Salida,"Sin evento",
"10/09/2024 18:47",5,,,,Oruro,"Sucursal Oruro","No disponible",Salida,"Sin evento",
"10/09/2024 18:51",4,,,,Oruro,"Sucursal Oruro","No disponible",Salida,"Sin evento",
"10/09/2024 18:51",1,,,,Oruro,"Sucursal Oruro","No disponible",Salida,"Sin evento",
"10/09/2024 18:51",7281679,,,,Oruro,"Sucursal Oruro","No disponible",Salida,"Sin evento",
"11/09/2024 08:16",4,,,,Oruro,"Sucursal Oruro","No disponible",Salida,"Sin evento",
"11/09/2024 08:26",1,,,,Oruro,"Sucursal Oruro","No disponible",Salida,"Sin evento",
"11/09/2024 08:26",7281679,,,,Oruro,"Sucursal Oruro","No disponible",Salida,"Sin evento",
"11/09/2024 08:41",5,,,,Oruro,"Sucursal Oruro","No disponible",Salida,"Sin evento",
"11/09/2024 12:32",1,,,,Oruro,"Sucursal Oruro","No disponible",Salida,"Sin evento",
"11/09/2024 13:01",4,,,,Oruro,"Sucursal Oruro","No disponible",Salida,"Sin evento",
"11/09/2024 14:14",4,,,,Oruro,"Sucursal Oruro","No disponible",Salida,"Sin evento",
"11/09/2024 14:32",1,,,,Oruro,"Sucursal Oruro","No disponible",Salida,"Sin evento",
"11/09/2024 18:44",5,,,,Oruro,"Sucursal Oruro","No disponible",Salida,"Sin evento",
"11/09/2024 18:51",4,,,,Oruro,"Sucursal Oruro","No disponible",Salida,"Sin evento",
"11/09/2024 18:52",1,,,,Oruro,"Sucursal Oruro","No disponible",Salida,"Sin evento",
"11/09/2024 18:52",7281679,,,,Oruro,"Sucursal Oruro","No disponible",Salida,"Sin evento",
"12/09/2024 08:09",4,,,,Oruro,"Sucursal Oruro","No disponible",Salida,"Sin evento",
"12/09/2024 08:10",4,,,,Oruro,"Sucursal Oruro","No disponible",Salida,"Sin evento",
"12/09/2024 08:20",1,,,,Oruro,"Sucursal Oruro","No disponible",Salida,"Sin evento",
"12/09/2024 08:25",7281679,,,,Oruro,"Sucursal Oruro","No disponible",Salida,"Sin evento",
"12/09/2024 08:40",5,,,,Oruro,"Sucursal Oruro","No disponible",Salida,"Sin evento",
"12/09/2024 12:31",1,,,,Oruro,"Sucursal Oruro","No disponible",Salida,"Sin evento",
"12/09/2024 12:32",4,,,,Oruro,"Sucursal Oruro","No disponible",Salida,"Sin evento",
"12/09/2024 14:10",1,,,,Oruro,"Sucursal Oruro","No disponible",Salida,"Sin evento",
"12/09/2024 14:10",4,,,,Oruro,"Sucursal Oruro","No disponible",Salida,"Sin evento",
"12/09/2024 14:13",4,,,,Oruro,"Sucursal Oruro","No disponible",Salida,"Sin evento",
"12/09/2024 18:47",5,,,,Oruro,"Sucursal Oruro","No disponible",Salida,"Sin evento",
"12/09/2024 18:49",4,,,,Oruro,"Sucursal Oruro","No disponible",Salida,"Sin evento",
"12/09/2024 18:49",7281679,,,,Oruro,"Sucursal Oruro","No disponible",Salida,"Sin evento",
"12/09/2024 18:53",1,,,,Oruro,"Sucursal Oruro","No disponible",Salida,"Sin evento",
"13/09/2024 08:10",4,,,,Oruro,"Sucursal Oruro","No disponible",Salida,"Sin evento",
"13/09/2024 08:16",7281679,,,,Oruro,"Sucursal Oruro","No disponible",Salida,"Sin evento",
"13/09/2024 08:20",1,,,,Oruro,"Sucursal Oruro","No disponible",Salida,"Sin evento",
"13/09/2024 08:38",5,,,,Oruro,"Sucursal Oruro","No disponible",Salida,"Sin evento",
"13/09/2024 12:33",1,,,,Oruro,"Sucursal Oruro","No disponible",Salida,"Sin evento",
"13/09/2024 12:36",4,,,,Oruro,"Sucursal Oruro","No disponible",Salida,"Sin evento",
"13/09/2024 14:09",4,,,,Oruro,"Sucursal Oruro","No disponible",Salida,"Sin evento",
"13/09/2024 14:09",1,,,,Oruro,"Sucursal Oruro","No disponible",Salida,"Sin evento",
"13/09/2024 18:36",5,,,,Oruro,"Sucursal Oruro","No disponible",Salida,"Sin evento",
"13/09/2024 18:39",4,,,,Oruro,"Sucursal Oruro","No disponible",Salida,"Sin evento",
"13/09/2024 18:40",1,,,,Oruro,"Sucursal Oruro","No disponible",Salida,"Sin evento",
"13/09/2024 19:02",7281679,,,,Oruro,"Sucursal Oruro","No disponible",Salida,"Sin evento",
"14/09/2024 08:52",5,,,,Oruro,"Sucursal Oruro","No disponible",Salida,"Sin evento",
"14/09/2024 08:53",4,,,,Oruro,"Sucursal Oruro","No disponible",Salida,"Sin evento",
"14/09/2024 09:11",7281679,,,,Oruro,"Sucursal Oruro","No disponible",Salida,"Sin evento",
"14/09/2024 13:08",1,,,,Oruro,"Sucursal Oruro","No disponible",Salida,"Sin evento",
"16/09/2024 08:16",4,,,,Oruro,"Sucursal Oruro","No disponible",Salida,"Sin evento",
"16/09/2024 08:19",7281679,,,,Oruro,"Sucursal Oruro","No disponible",Salida,"Sin evento",
"16/09/2024 08:24",1,,,,Oruro,"Sucursal Oruro","No disponible",Salida,"Sin evento",
"16/09/2024 08:29",5,,,,Oruro,"Sucursal Oruro","No disponible",Salida,"Sin evento",
"16/09/2024 12:36",1,,,,Oruro,"Sucursal Oruro","No disponible",Salida,"Sin evento",
"16/09/2024 12:49",4,,,,Oruro,"Sucursal Oruro","No disponible",Salida,"Sin evento",
"16/09/2024 14:08",1,,,,Oruro,"Sucursal Oruro","No disponible",Salida,"Sin evento",
"16/09/2024 14:13",4,,,,Oruro,"Sucursal Oruro","No disponible",Salida,"Sin evento",
"16/09/2024 14:20",4,,,,Oruro,"Sucursal Oruro","No disponible",Salida,"Sin evento",
"16/09/2024 19:14",5,,,,Oruro,"Sucursal Oruro","No disponible",Salida,"Sin evento",
"16/09/2024 19:25",7281679,,,,Oruro,"Sucursal Oruro","No disponible",Salida,"Sin evento",
"16/09/2024 19:26",1,,,,Oruro,"Sucursal Oruro","No disponible",Salida,"Sin evento",
"16/09/2024 19:27",4,,,,Oruro,"Sucursal Oruro","No disponible",Salida,"Sin evento",
"17/09/2024 07:51",5,,,,Oruro,"Sucursal Oruro","No disponible",Salida,"Sin evento",
"17/09/2024 08:08",1,,,,Oruro,"Sucursal Oruro","No disponible",Salida,"Sin evento",
"17/09/2024 08:08",4,,,,Oruro,"Sucursal Oruro","No disponible",Salida,"Sin evento",
"17/09/2024 08:23",7281679,,,,Oruro,"Sucursal Oruro","No disponible",Salida,"Sin evento",
"17/09/2024 12:33",1,,,,Oruro,"Sucursal Oruro","No disponible",Salida,"Sin evento",
"17/09/2024 12:42",4,,,,Oruro,"Sucursal Oruro","No disponible",Salida,"Sin evento",
"17/09/2024 14:06",4,,,,Oruro,"Sucursal Oruro","No disponible",Salida,"Sin evento",
"17/09/2024 14:09",1,,,,Oruro,"Sucursal Oruro","No disponible",Salida,"Sin evento",
"17/09/2024 18:53",5,,,,Oruro,"Sucursal Oruro","No disponible",Salida,"Sin evento",
"17/09/2024 18:54",4,,,,Oruro,"Sucursal Oruro","No disponible",Salida,"Sin evento",
"17/09/2024 18:59",1,,,,Oruro,"Sucursal Oruro","No disponible",Salida,"Sin evento",
"17/09/2024 19:05",7281679,,,,Oruro,"Sucursal Oruro","No disponible",Salida,"Sin evento",
"18/09/2024 07:40",5,,,,Oruro,"Sucursal Oruro","No disponible",Salida,"Sin evento",
"18/09/2024 08:02",4,,,,Oruro,"Sucursal Oruro","No disponible",Salida,"Sin evento",
"18/09/2024 08:03",5,,,,Oruro,"Sucursal Oruro","No disponible",Salida,"Sin evento",
"18/09/2024 08:14",1,,,,Oruro,"Sucursal Oruro","No disponible",Salida,"Sin evento",
"18/09/2024 08:20",7281679,,,,Oruro,"Sucursal Oruro","No disponible",Salida,"Sin evento",
"18/09/2024 12:33",1,,,,Oruro,"Sucursal Oruro","No disponible",Salida,"Sin evento",
"18/09/2024 12:58",4,,,,Oruro,"Sucursal Oruro","No disponible",Salida,"Sin evento",
"18/09/2024 14:00",4,,,,Oruro,"Sucursal Oruro","No disponible",Salida,"Sin evento",
"18/09/2024 14:07",1,,,,Oruro,"Sucursal Oruro","No disponible",Salida,"Sin evento",
"18/09/2024 14:14",1,,,,Oruro,"Sucursal Oruro","No disponible",Salida,"Sin evento",
"18/09/2024 18:57",5,,,,Oruro,"Sucursal Oruro","No disponible",Salida,"Sin evento",
"18/09/2024 19:11",4,,,,Oruro,"Sucursal Oruro","No disponible",Salida,"Sin evento",
"18/09/2024 19:12",1,,,,Oruro,"Sucursal Oruro","No disponible",Salida,"Sin evento",
"18/09/2024 19:35",7281679,,,,Oruro,"Sucursal Oruro","No disponible",Salida,"Sin evento",
"19/09/2024 08:18",4,,,,Oruro,"Sucursal Oruro","No disponible",Salida,"Sin evento",
"19/09/2024 08:20",1,,,,Oruro,"Sucursal Oruro","No disponible",Salida,"Sin evento",
"19/09/2024 08:28",7281679,,,,Oruro,"Sucursal Oruro","No disponible",Salida,"Sin evento",
"19/09/2024 08:34",5,,,,Oruro,"Sucursal Oruro","No disponible",Salida,"Sin evento",
"19/09/2024 12:33",1,,,,Oruro,"Sucursal Oruro","No disponible",Salida,"Sin evento",
"19/09/2024 12:46",4,,,,Oruro,"Sucursal Oruro","No disponible",Salida,"Sin evento",
"19/09/2024 14:06",4,,,,Oruro,"Sucursal Oruro","No disponible",Salida,"Sin evento",
"19/09/2024 14:08",4,,,,Oruro,"Sucursal Oruro","No disponible",Salida,"Sin evento",
"19/09/2024 14:16",1,,,,Oruro,"Sucursal Oruro","No disponible",Salida,"Sin evento",
"19/09/2024 18:39",5,,,,Oruro,"Sucursal Oruro","No disponible",Salida,"Sin evento",
"19/09/2024 18:42",4,,,,Oruro,"Sucursal Oruro","No disponible",Salida,"Sin evento",
"19/09/2024 18:45",4,,,,Oruro,"Sucursal Oruro","No disponible",Salida,"Sin evento",
"19/09/2024 19:00",1,,,,Oruro,"Sucursal Oruro","No disponible",Salida,"Sin evento",
"19/09/2024 19:11",7281679,,,,Oruro,"Sucursal Oruro","No disponible",Salida,"Sin evento",
"20/09/2024 08:17",7281679,,,,Oruro,"Sucursal Oruro","No disponible",Salida,"Sin evento",
"20/09/2024 08:17",4,,,,Oruro,"Sucursal Oruro","No disponible",Salida,"Sin evento",
"20/09/2024 08:20",1,,,,Oruro,"Sucursal Oruro","No disponible",Salida,"Sin evento",
"20/09/2024 08:28",4,,,,Oruro,"Sucursal Oruro","No disponible",Salida,"Sin evento",
"20/09/2024 08:38",5,,,,Oruro,"Sucursal Oruro","No disponible",Salida,"Sin evento",
"20/09/2024 12:30",1,,,,Oruro,"Sucursal Oruro","No disponible",Salida,"Sin evento",
"20/09/2024 12:44",4,,,,Oruro,"Sucursal Oruro","No disponible",Salida,"Sin evento",
"20/09/2024 14:07",4,,,,Oruro,"Sucursal Oruro","No disponible",Salida,"Sin evento",
"20/09/2024 14:18",4,,,,Oruro,"Sucursal Oruro","No disponible",Salida,"Sin evento",
"20/09/2024 14:24",1,,,,Oruro,"Sucursal Oruro","No disponible",Salida,"Sin evento",
"20/09/2024 18:31",4,,,,Oruro,"Sucursal Oruro","No disponible",Salida,"Sin evento",
"20/09/2024 18:34",5,,,,Oruro,"Sucursal Oruro","No disponible",Salida,"Sin evento",
"20/09/2024 18:41",7281679,,,,Oruro,"Sucursal Oruro","No disponible",Salida,"Sin evento",
"20/09/2024 19:31",1,,,,Oruro,"Sucursal Oruro","No disponible",Salida,"Sin evento",
"21/09/2024 08:50",4,,,,Oruro,"Sucursal Oruro","No disponible",Salida,"Sin evento",
"21/09/2024 09:04",5,,,,Oruro,"Sucursal Oruro","No disponible",Salida,"Sin evento",
"21/09/2024 09:13",7281679,,,,Oruro,"Sucursal Oruro","No disponible",Salida,"Sin evento",
"23/09/2024 08:17",4,,,,Oruro,"Sucursal Oruro","No disponible",Salida,"Sin evento",
"23/09/2024 08:20",7281679,,,,Oruro,"Sucursal Oruro","No disponible",Salida,"Sin evento",
"23/09/2024 08:31",1,,,,Oruro,"Sucursal Oruro","No disponible",Salida,"Sin evento",
"23/09/2024 08:33",5,,,,Oruro,"Sucursal Oruro","No disponible",Salida,"Sin evento",
"23/09/2024 12:33",1,,,,Oruro,"Sucursal Oruro","No disponible",Salida,"Sin evento",
"23/09/2024 12:36",4,,,,Oruro,"Sucursal Oruro","No disponible",Salida,"Sin evento",
"23/09/2024 12:57",4,,,,Oruro,"Sucursal Oruro","No disponible",Salida,"Sin evento",
"23/09/2024 14:06",4,,,,Oruro,"Sucursal Oruro","No disponible",Salida,"Sin evento",
"23/09/2024 14:12",4,,,,Oruro,"Sucursal Oruro","No disponible",Salida,"Sin evento",
"23/09/2024 14:18",1,,,,Oruro,"Sucursal Oruro","No disponible",Salida,"Sin evento",
"23/09/2024 18:43",5,,,,Oruro,"Sucursal Oruro","No disponible",Salida,"Sin evento",
"23/09/2024 19:13",7281679,,,,Oruro,"Sucursal Oruro","No disponible",Salida,"Sin evento",
"23/09/2024 19:23",4,,,,Oruro,"Sucursal Oruro","No disponible",Salida,"Sin evento",
"23/09/2024 19:43",1,,,,Oruro,"Sucursal Oruro","No disponible",Salida,"Sin evento",
"24/09/2024 08:08",4,,,,Oruro,"Sucursal Oruro","No disponible",Salida,"Sin evento",
"24/09/2024 08:26",1,,,,Oruro,"Sucursal Oruro","No disponible",Salida,"Sin evento",
"24/09/2024 08:33",7281679,,,,Oruro,"Sucursal Oruro","No disponible",Salida,"Sin evento",
"24/09/2024 08:36",5,,,,Oruro,"Sucursal Oruro","No disponible",Salida,"Sin evento",
"24/09/2024 12:40",4,,,,Oruro,"Sucursal Oruro","No disponible",Salida,"Sin evento",
"24/09/2024 12:46",1,,,,Oruro,"Sucursal Oruro","No disponible",Salida,"Sin evento",
"24/09/2024 14:14",4,,,,Oruro,"Sucursal Oruro","No disponible",Salida,"Sin evento",
"24/09/2024 14:21",1,,,,Oruro,"Sucursal Oruro","No disponible",Salida,"Sin evento",
"24/09/2024 18:38",5,,,,Oruro,"Sucursal Oruro","No disponible",Salida,"Sin evento",
"24/09/2024 18:55",7281679,,,,Oruro,"Sucursal Oruro","No disponible",Salida,"Sin evento",
"24/09/2024 19:02",4,,,,Oruro,"Sucursal Oruro","No disponible",Salida,"Sin evento",
"24/09/2024 19:21",1,,,,Oruro,"Sucursal Oruro","No disponible",Salida,"Sin evento",
"25/09/2024 08:11",4,,,,Oruro,"Sucursal Oruro","No disponible",Salida,"Sin evento",
"25/09/2024 08:21",1,,,,Oruro,"Sucursal Oruro","No disponible",Salida,"Sin evento",
"25/09/2024 08:31",7281679,,,,Oruro,"Sucursal Oruro","No disponible",Salida,"Sin evento",
"25/09/2024 08:39",5,,,,Oruro,"Sucursal Oruro","No disponible",Salida,"Sin evento",
"25/09/2024 12:36",1,,,,Oruro,"Sucursal Oruro","No disponible",Salida,"Sin evento",
"25/09/2024 12:36",4,,,,Oruro,"Sucursal Oruro","No disponible",Salida,"Sin evento",
"25/09/2024 12:39",4,,,,Oruro,"Sucursal Oruro","No disponible",Salida,"Sin evento",
"25/09/2024 14:10",4,,,,Oruro,"Sucursal Oruro","No disponible",Salida,"Sin evento",
"25/09/2024 14:19",1,,,,Oruro,"Sucursal Oruro","No disponible",Salida,"Sin evento",
"25/09/2024 14:32",4,,,,Oruro,"Sucursal Oruro","No disponible",Salida,"Sin evento",
"25/09/2024 19:29",5,,,,Oruro,"Sucursal Oruro","No disponible",Salida,"Sin evento",
"25/09/2024 19:29",7281679,,,,Oruro,"Sucursal Oruro","No disponible",Salida,"Sin evento",
"25/09/2024 19:31",7281679,,,,Oruro,"Sucursal Oruro","No disponible",Salida,"Sin evento",
"25/09/2024 19:43",1,,,,Oruro,"Sucursal Oruro","No disponible",Salida,"Sin evento",
"25/09/2024 20:22",4,,,,Oruro,"Sucursal Oruro","No disponible",Salida,"Sin evento",
"26/09/2024 08:16",4,,,,Oruro,"Sucursal Oruro","No disponible",Salida,"Sin evento",
"26/09/2024 08:17",4,,,,Oruro,"Sucursal Oruro","No disponible",Salida,"Sin evento",
"26/09/2024 08:20",7281679,,,,Oruro,"Sucursal Oruro","No disponible",Salida,"Sin evento",
"26/09/2024 08:26",1,,,,Oruro,"Sucursal Oruro","No disponible",Salida,"Sin evento",
"26/09/2024 08:41",5,,,,Oruro,"Sucursal Oruro","No disponible",Salida,"Sin evento",
"26/09/2024 12:33",1,,,,Oruro,"Sucursal Oruro","No disponible",Salida,"Sin evento",
"26/09/2024 12:35",4,,,,Oruro,"Sucursal Oruro","No disponible",Salida,"Sin evento",
"26/09/2024 14:13",4,,,,Oruro,"Sucursal Oruro","No disponible",Salida,"Sin evento",
"26/09/2024 14:15",1,,,,Oruro,"Sucursal Oruro","No disponible",Salida,"Sin evento",
"26/09/2024 18:37",5,,,,Oruro,"Sucursal Oruro","No disponible",Salida,"Sin evento",
"26/09/2024 18:56",7281679,,,,Oruro,"Sucursal Oruro","No disponible",Salida,"Sin evento",
"26/09/2024 19:18",4,,,,Oruro,"Sucursal Oruro","No disponible",Salida,"Sin evento",
"26/09/2024 19:36",1,,,,Oruro,"Sucursal Oruro","No disponible",Salida,"Sin evento",
"27/09/2024 08:10",1,,,,Oruro,"Sucursal Oruro","No disponible",Salida,"Sin evento",
"27/09/2024 08:15",4,,,,Oruro,"Sucursal Oruro","No disponible",Salida,"Sin evento",
"27/09/2024 08:23",7281679,,,,Oruro,"Sucursal Oruro","No disponible",Salida,"Sin evento",
"27/09/2024 08:40",5,,,,Oruro,"Sucursal Oruro","No disponible",Salida,"Sin evento",
"27/09/2024 12:31",4,,,,Oruro,"Sucursal Oruro","No disponible",Salida,"Sin evento",
"27/09/2024 12:35",1,,,,Oruro,"Sucursal Oruro","No disponible",Salida,"Sin evento",
"27/09/2024 14:16",1,,,,Oruro,"Sucursal Oruro","No disponible",Salida,"Sin evento",
"27/09/2024 14:17",4,,,,Oruro,"Sucursal Oruro","No disponible",Salida,"Sin evento",
"27/09/2024 18:29",7281679,,,,Oruro,"Sucursal Oruro","No disponible",Salida,"Sin evento",
"27/09/2024 18:30",5,,,,Oruro,"Sucursal Oruro","No disponible",Salida,"Sin evento",
"27/09/2024 18:58",4,,,,Oruro,"Sucursal Oruro","No disponible",Salida,"Sin evento",
"27/09/2024 19:12",1,,,,Oruro,"Sucursal Oruro","No disponible",Salida,"Sin evento",
"28/09/2024 08:47",4,,,,Oruro,"Sucursal Oruro","No disponible",Salida,"Sin evento",
"28/09/2024 09:01",5,,,,Oruro,"Sucursal Oruro","No disponible",Salida,"Sin evento",
"28/09/2024 09:09",7281679,,,,Oruro,"Sucursal Oruro","No disponible",Salida,"Sin evento",
"30/09/2024 08:06",4,,,,Oruro,"Sucursal Oruro","No disponible",Salida,"Sin evento",
"30/09/2024 08:21",7281679,,,,Oruro,"Sucursal Oruro","No disponible",Salida,"Sin evento",
"30/09/2024 08:31",5,,,,Oruro,"Sucursal Oruro","No disponible",Salida,"Sin evento",
"30/09/2024 08:38",1,,,,Oruro,"Sucursal Oruro","No disponible",Salida,"Sin evento",
"30/09/2024 12:35",1,,,,Oruro,"Sucursal Oruro","No disponible",Salida,"Sin evento",
"30/09/2024 12:35",4,,,,Oruro,"Sucursal Oruro","No disponible",Salida,"Sin evento",
"30/09/2024 12:56",4,,,,Oruro,"Sucursal Oruro","No disponible",Salida,"Sin evento",
"30/09/2024 14:08",1,,,,Oruro,"Sucursal Oruro","No disponible",Salida,"Sin evento",
"30/09/2024 14:10",4,,,,Oruro,"Sucursal Oruro","No disponible",Salida,"Sin evento",
"30/09/2024 18:54",1,,,,Oruro,"Sucursal Oruro","No disponible",Salida,"Sin evento",
"30/09/2024 18:57",5,,,,Oruro,"Sucursal Oruro","No disponible",Salida,"Sin evento",
"30/09/2024 19:03",4,,,,Oruro,"Sucursal Oruro","No disponible",Salida,"Sin evento",
"30/09/2024 19:17",7281679,,,,Oruro,"Sucursal Oruro","No disponible",Salida,"Sin evento",
"01/10/2024 08:08",4,,,,Oruro,"Sucursal Oruro","No disponible",Salida,"Sin evento",
"01/10/2024 08:17",7281679,,,,Oruro,"Sucursal Oruro","No disponible",Salida,"Sin evento",
"01/10/2024 08:29",1,,,,Oruro,"Sucursal Oruro","No disponible",Salida,"Sin evento",
"01/10/2024 08:39",5,,,,Oruro,"Sucursal Oruro","No disponible",Salida,"Sin evento",
"01/10/2024 12:40",1,,,,Oruro,"Sucursal Oruro","No disponible",Salida,"Sin evento",
"01/10/2024 12:44",4,,,,Oruro,"Sucursal Oruro","No disponible",Salida,"Sin evento",
"01/10/2024 14:02",4,,,,Oruro,"Sucursal Oruro","No disponible",Salida,"Sin evento",
"01/10/2024 14:20",1,,,,Oruro,"Sucursal Oruro","No disponible",Salida,"Sin evento",
"01/10/2024 18:56",4,,,,Oruro,"Sucursal Oruro","No disponible",Salida,"Sin evento",
"01/10/2024 18:56",1,,,,Oruro,"Sucursal Oruro","No disponible",Salida,"Sin evento",
"01/10/2024 19:00",5,,,,Oruro,"Sucursal Oruro","No disponible",Salida,"Sin evento",
"01/10/2024 19:02",4,,,,Oruro,"Sucursal Oruro","No disponible",Salida,"Sin evento",
"01/10/2024 19:16",7281679,,,,Oruro,"Sucursal Oruro","No disponible",Salida,"Sin evento",
"02/10/2024 07:39",1,,,,Oruro,"Sucursal Oruro","No disponible",Salida,"Sin evento",
"02/10/2024 08:02",4,,,,Oruro,"Sucursal Oruro","No disponible",Salida,"Sin evento",
"02/10/2024 08:18",7281679,,,,Oruro,"Sucursal Oruro","No disponible",Salida,"Sin evento",
"02/10/2024 08:45",5,,,,Oruro,"Sucursal Oruro","No disponible",Salida,"Sin evento",
"02/10/2024 12:38",1,,,,Oruro,"Sucursal Oruro","No disponible",Salida,"Sin evento",
"02/10/2024 12:39",4,,,,Oruro,"Sucursal Oruro","No disponible",Salida,"Sin evento",
"02/10/2024 14:08",4,,,,Oruro,"Sucursal Oruro","No disponible",Salida,"Sin evento",
"02/10/2024 14:14",1,,,,Oruro,"Sucursal Oruro","No disponible",Salida,"Sin evento",
"02/10/2024 19:05",4,,,,Oruro,"Sucursal Oruro","No disponible",Salida,"Sin evento",
"02/10/2024 19:08",5,,,,Oruro,"Sucursal Oruro","No disponible",Salida,"Sin evento",
"02/10/2024 19:18",1,,,,Oruro,"Sucursal Oruro","No disponible",Salida,"Sin evento",
"02/10/2024 19:40",7281679,,,,Oruro,"Sucursal Oruro","No disponible",Salida,"Sin evento",
"03/10/2024 08:16",1,,,,Oruro,"Sucursal Oruro","No disponible",Salida,"Sin evento",
"03/10/2024 08:20",4,,,,Oruro,"Sucursal Oruro","No disponible",Salida,"Sin evento",
"03/10/2024 08:23",7281679,,,,Oruro,"Sucursal Oruro","No disponible",Salida,"Sin evento",
"03/10/2024 08:43",5,,,,Oruro,"Sucursal Oruro","No disponible",Salida,"Sin evento",
"03/10/2024 12:38",4,,,,Oruro,"Sucursal Oruro","No disponible",Salida,"Sin evento",
"03/10/2024 12:45",1,,,,Oruro,"Sucursal Oruro","No disponible",Salida,"Sin evento",
"03/10/2024 14:12",4,,,,Oruro,"Sucursal Oruro","No disponible",Salida,"Sin evento",
"03/10/2024 14:15",1,,,,Oruro,"Sucursal Oruro","No disponible",Salida,"Sin evento",
"03/10/2024 18:57",5,,,,Oruro,"Sucursal Oruro","No disponible",Salida,"Sin evento",
"03/10/2024 19:05",4,,,,Oruro,"Sucursal Oruro","No disponible",Salida,"Sin evento",
"03/10/2024 19:15",1,,,,Oruro,"Sucursal Oruro","No disponible",Salida,"Sin evento",
"03/10/2024 19:39",7281679,,,,Oruro,"Sucursal Oruro","No disponible",Salida,"Sin evento",
"04/10/2024 08:05",1,,,,Oruro,"Sucursal Oruro","No disponible",Salida,"Sin evento",
"04/10/2024 08:07",4,,,,Oruro,"Sucursal Oruro","No disponible",Salida,"Sin evento",
"04/10/2024 08:16",7281679,,,,Oruro,"Sucursal Oruro","No disponible",Salida,"Sin evento",
"04/10/2024 08:32",5,,,,Oruro,"Sucursal Oruro","No disponible",Salida,"Sin evento",
"04/10/2024 12:39",4,,,,Oruro,"Sucursal Oruro","No disponible",Salida,"Sin evento",
"04/10/2024 12:50",1,,,,Oruro,"Sucursal Oruro","No disponible",Salida,"Sin evento",
"04/10/2024 14:16",4,,,,Oruro,"Sucursal Oruro","No disponible",Salida,"Sin evento",
"04/10/2024 14:18",1,,,,Oruro,"Sucursal Oruro","No disponible",Salida,"Sin evento",
"04/10/2024 18:52",5,,,,Oruro,"Sucursal Oruro","No disponible",Salida,"Sin evento",
"04/10/2024 18:59",4,,,,Oruro,"Sucursal Oruro","No disponible",Salida,"Sin evento",
"04/10/2024 19:02",7281679,,,,Oruro,"Sucursal Oruro","No disponible",Salida,"Sin evento",
"04/10/2024 19:16",1,,,,Oruro,"Sucursal Oruro","No disponible",Salida,"Sin evento",
"05/10/2024 08:56",4,,,,Oruro,"Sucursal Oruro","No disponible",Salida,"Sin evento",
"05/10/2024 09:06",5,,,,Oruro,"Sucursal Oruro","No disponible",Salida,"Sin evento",
"05/10/2024 09:12",7281679,,,,Oruro,"Sucursal Oruro","No disponible",Salida,"Sin evento",
"07/10/2024 08:13",4,,,,Oruro,"Sucursal Oruro","No disponible",Salida,"Sin evento",
"07/10/2024 08:16",7281679,,,,Oruro,"Sucursal Oruro","No disponible",Salida,"Sin evento",
"07/10/2024 08:27",1,,,,Oruro,"Sucursal Oruro","No disponible",Salida,"Sin evento",
"07/10/2024 08:34",5,,,,Oruro,"Sucursal Oruro","No disponible",Salida,"Sin evento",
"07/10/2024 12:34",1,,,,Oruro,"Sucursal Oruro","No disponible",Salida,"Sin evento",
"07/10/2024 12:36",4,,,,Oruro,"Sucursal Oruro","No disponible",Salida,"Sin evento",
"07/10/2024 12:50",4,,,,Oruro,"Sucursal Oruro","No disponible",Salida,"Sin evento",
"07/10/2024 14:06",4,,,,Oruro,"Sucursal Oruro","No disponible",Salida,"Sin evento",
"07/10/2024 14:11",4,,,,Oruro,"Sucursal Oruro","No disponible",Salida,"Sin evento",
"07/10/2024 14:28",1,,,,Oruro,"Sucursal Oruro","No disponible",Salida,"Sin evento",
"07/10/2024 18:43",5,,,,Oruro,"Sucursal Oruro","No disponible",Salida,"Sin evento",
"07/10/2024 18:51",7281679,,,,Oruro,"Sucursal Oruro","No disponible",Salida,"Sin evento",
"07/10/2024 19:13",1,,,,Oruro,"Sucursal Oruro","No disponible",Salida,"Sin evento",
"07/10/2024 19:14",4,,,,Oruro,"Sucursal Oruro","No disponible",Salida,"Sin evento",
"08/10/2024 08:10",4,,,,Oruro,"Sucursal Oruro","No disponible",Salida,"Sin evento",
"08/10/2024 08:23",7281679,,,,Oruro,"Sucursal Oruro","No disponible",Salida,"Sin evento",
"08/10/2024 08:29",1,,,,Oruro,"Sucursal Oruro","No disponible",Salida,"Sin evento",
"08/10/2024 08:36",5,,,,Oruro,"Sucursal Oruro","No disponible",Salida,"Sin evento",
"08/10/2024 12:33",1,,,,Oruro,"Sucursal Oruro","No disponible",Salida,"Sin evento",
"08/10/2024 12:39",4,,,,Oruro,"Sucursal Oruro","No disponible",Salida,"Sin evento",
"08/10/2024 14:13",4,,,,Oruro,"Sucursal Oruro","No disponible",Salida,"Sin evento",
"08/10/2024 14:28",1,,,,Oruro,"Sucursal Oruro","No disponible",Salida,"Sin evento",
"08/10/2024 18:44",5,,,,Oruro,"Sucursal Oruro","No disponible",Salida,"Sin evento",
"08/10/2024 18:55",4,,,,Oruro,"Sucursal Oruro","No disponible",Salida,"Sin evento",
"08/10/2024 18:58",1,,,,Oruro,"Sucursal Oruro","No disponible",Salida,"Sin evento",
"08/10/2024 18:58",7281679,,,,Oruro,"Sucursal Oruro","No disponible",Salida,"Sin evento",
"09/10/2024 08:05",4,,,,Oruro,"Sucursal Oruro","No disponible",Salida,"Sin evento",
"09/10/2024 08:17",7281679,,,,Oruro,"Sucursal Oruro","No disponible",Salida,"Sin evento",
"09/10/2024 08:19",4,,,,Oruro,"Sucursal Oruro","No disponible",Salida,"Sin evento",
"09/10/2024 08:27",1,,,,Oruro,"Sucursal Oruro","No disponible",Salida,"Sin evento",
"09/10/2024 08:47",5,,,,Oruro,"Sucursal Oruro","No disponible",Salida,"Sin evento",
"09/10/2024 12:33",1,,,,Oruro,"Sucursal Oruro","No disponible",Salida,"Sin evento",
"09/10/2024 14:02",4,,,,Oruro,"Sucursal Oruro","No disponible",Salida,"Sin evento",
"09/10/2024 14:10",4,,,,Oruro,"Sucursal Oruro","No disponible",Salida,"Sin evento",
"09/10/2024 14:27",1,,,,Oruro,"Sucursal Oruro","No disponible",Salida,"Sin evento",
"09/10/2024 18:30",5,,,,Oruro,"Sucursal Oruro","No disponible",Salida,"Sin evento",
"09/10/2024 18:31",4,,,,Oruro,"Sucursal Oruro","No disponible",Salida,"Sin evento",
"09/10/2024 18:32",1,,,,Oruro,"Sucursal Oruro","No disponible",Salida,"Sin evento",
"09/10/2024 18:33",7281679,,,,Oruro,"Sucursal Oruro","No disponible",Salida,"Sin evento",
"10/10/2024 08:05",4,,,,Oruro,"Sucursal Oruro","No disponible",Salida,"Sin evento",
"10/10/2024 08:11",7281679,,,,Oruro,"Sucursal Oruro","No disponible",Salida,"Sin evento",
"10/10/2024 08:16",1,,,,Oruro,"Sucursal Oruro","No disponible",Salida,"Sin evento",
"10/10/2024 08:27",5,,,,Oruro,"Sucursal Oruro","No disponible",Salida,"Sin evento",
"10/10/2024 12:34",4,,,,Oruro,"Sucursal Oruro","No disponible",Salida,"Sin evento",
"10/10/2024 12:37",1,,,,Oruro,"Sucursal Oruro","No disponible",Salida,"Sin evento",
"10/10/2024 14:04",4,,,,Oruro,"Sucursal Oruro","No disponible",Salida,"Sin evento",
"10/10/2024 14:23",1,,,,Oruro,"Sucursal Oruro","No disponible",Salida,"Sin evento",
"10/10/2024 14:31",1,,,,Oruro,"Sucursal Oruro","No disponible",Salida,"Sin evento",
"10/10/2024 18:41",5,,,,Oruro,"Sucursal Oruro","No disponible",Salida,"Sin evento",
"10/10/2024 18:42",7281679,,,,Oruro,"Sucursal Oruro","No disponible",Salida,"Sin evento",
"10/10/2024 18:48",4,,,,Oruro,"Sucursal Oruro","No disponible",Salida,"Sin evento",
"10/10/2024 19:29",1,,,,Oruro,"Sucursal Oruro","No disponible",Salida,"Sin evento",
"11/10/2024 08:07",4,,,,Oruro,"Sucursal Oruro","No disponible",Salida,"Sin evento",
"11/10/2024 08:23",7281679,,,,Oruro,"Sucursal Oruro","No disponible",Salida,"Sin evento",
"11/10/2024 08:24",7281679,,,,Oruro,"Sucursal Oruro","No disponible",Salida,"Sin evento",
"11/10/2024 08:30",5,,,,Oruro,"Sucursal Oruro","No disponible",Salida,"Sin evento",
"11/10/2024 08:32",1,,,,Oruro,"Sucursal Oruro","No disponible",Salida,"Sin evento",
"11/10/2024 12:38",1,,,,Oruro,"Sucursal Oruro","No disponible",Salida,"Sin evento",
"11/10/2024 12:48",4,,,,Oruro,"Sucursal Oruro","No disponible",Salida,"Sin evento",
"11/10/2024 14:20",4,,,,Oruro,"Sucursal Oruro","No disponible",Salida,"Sin evento",
"11/10/2024 14:25",1,,,,Oruro,"Sucursal Oruro","No disponible",Salida,"Sin evento",
"11/10/2024 18:31",5,,,,Oruro,"Sucursal Oruro","No disponible",Salida,"Sin evento",
"11/10/2024 18:47",7281679,,,,Oruro,"Sucursal Oruro","No disponible",Salida,"Sin evento",
"11/10/2024 19:16",1,,,,Oruro,"Sucursal Oruro","No disponible",Salida,"Sin evento",
"11/10/2024 19:19",4,,,,Oruro,"Sucursal Oruro","No disponible",Salida,"Sin evento",
"14/10/2024 08:11",4,,,,Oruro,"Sucursal Oruro","No disponible",Salida,"Sin evento",
"14/10/2024 08:13",7281679,,,,Oruro,"Sucursal Oruro","No disponible",Salida,"Sin evento",
"14/10/2024 08:31",5,,,,Oruro,"Sucursal Oruro","No disponible",Salida,"Sin evento",
"14/10/2024 12:39",4,,,,Oruro,"Sucursal Oruro","No disponible",Salida,"Sin evento",
"14/10/2024 14:12",4,,,,Oruro,"Sucursal Oruro","No disponible",Salida,"Sin evento",
"14/10/2024 19:13",7281679,,,,Oruro,"Sucursal Oruro","No disponible",Salida,"Sin evento",
"14/10/2024 19:13",5,,,,Oruro,"Sucursal Oruro","No disponible",Salida,"Sin evento",
"14/10/2024 19:28",4,,,,Oruro,"Sucursal Oruro","No disponible",Salida,"Sin evento",
"15/10/2024 08:12",4,,,,Oruro,"Sucursal Oruro","No disponible",Salida,"Sin evento",
"15/10/2024 08:23",4,,,,Oruro,"Sucursal Oruro","No disponible",Salida,"Sin evento",
"15/10/2024 08:25",5,,,,Oruro,"Sucursal Oruro","No disponible",Salida,"Sin evento",
"15/10/2024 08:30",7281679,,,,Oruro,"Sucursal Oruro","No disponible",Salida,"Sin evento",
"15/10/2024 08:31",1,,,,Oruro,"Sucursal Oruro","No disponible",Salida,"Sin evento",
"15/10/2024 12:31",1,,,,Oruro,"Sucursal Oruro","No disponible",Salida,"Sin evento",
"15/10/2024 12:34",4,,,,Oruro,"Sucursal Oruro","No disponible",Salida,"Sin evento",
"15/10/2024 14:02",4,,,,Oruro,"Sucursal Oruro","No disponible",Salida,"Sin evento",
"15/10/2024 14:23",1,,,,Oruro,"Sucursal Oruro","No disponible",Salida,"Sin evento",
"15/10/2024 18:34",5,,,,Oruro,"Sucursal Oruro","No disponible",Salida,"Sin evento",
"15/10/2024 18:34",4,,,,Oruro,"Sucursal Oruro","No disponible",Salida,"Sin evento",
"15/10/2024 19:17",1,,,,Oruro,"Sucursal Oruro","No disponible",Salida,"Sin evento",
"15/10/2024 19:27",7281679,,,,Oruro,"Sucursal Oruro","No disponible",Salida,"Sin evento",
"16/10/2024 08:08",7281679,,,,Oruro,"Sucursal Oruro","No disponible",Salida,"Sin evento",
"16/10/2024 08:09",4,,,,Oruro,"Sucursal Oruro","No disponible",Salida,"Sin evento",
"16/10/2024 08:22",1,,,,Oruro,"Sucursal Oruro","No disponible",Salida,"Sin evento",
"16/10/2024 08:40",5,,,,Oruro,"Sucursal Oruro","No disponible",Salida,"Sin evento",
"16/10/2024 12:47",4,,,,Oruro,"Sucursal Oruro","No disponible",Salida,"Sin evento",
"16/10/2024 12:53",1,,,,Oruro,"Sucursal Oruro","No disponible",Salida,"Sin evento",
"16/10/2024 14:10",4,,,,Oruro,"Sucursal Oruro","No disponible",Salida,"Sin evento",
"16/10/2024 14:17",1,,,,Oruro,"Sucursal Oruro","No disponible",Salida,"Sin evento",
"16/10/2024 18:52",5,,,,Oruro,"Sucursal Oruro","No disponible",Salida,"Sin evento",
"16/10/2024 19:08",1,,,,Oruro,"Sucursal Oruro","No disponible",Salida,"Sin evento",
"16/10/2024 19:10",4,,,,Oruro,"Sucursal Oruro","No disponible",Salida,"Sin evento",
"16/10/2024 19:10",7281679,,,,Oruro,"Sucursal Oruro","No disponible",Salida,"Sin evento",
"16/10/2024 19:13",4,,,,Oruro,"Sucursal Oruro","No disponible",Salida,"Sin evento",
"17/10/2024 08:10",7281679,,,,Oruro,"Sucursal Oruro","No disponible",Salida,"Sin evento",
"17/10/2024 08:11",4,,,,Oruro,"Sucursal Oruro","No disponible",Salida,"Sin evento",
"17/10/2024 08:22",1,,,,Oruro,"Sucursal Oruro","No disponible",Salida,"Sin evento",
"17/10/2024 08:39",5,,,,Oruro,"Sucursal Oruro","No disponible",Salida,"Sin evento",
"17/10/2024 12:38",4,,,,Oruro,"Sucursal Oruro","No disponible",Salida,"Sin evento",
"17/10/2024 12:42",1,,,,Oruro,"Sucursal Oruro","No disponible",Salida,"Sin evento",
"17/10/2024 14:03",4,,,,Oruro,"Sucursal Oruro","No disponible",Salida,"Sin evento",
"17/10/2024 14:27",1,,,,Oruro,"Sucursal Oruro","No disponible",Salida,"Sin evento",
"17/10/2024 19:29",1,,,,Oruro,"Sucursal Oruro","No disponible",Salida,"Sin evento",
"17/10/2024 19:29",4,,,,Oruro,"Sucursal Oruro","No disponible",Salida,"Sin evento",
"17/10/2024 19:30",5,,,,Oruro,"Sucursal Oruro","No disponible",Salida,"Sin evento",
"17/10/2024 19:51",7281679,,,,Oruro,"Sucursal Oruro","No disponible",Salida,"Sin evento",
"18/10/2024 08:05",7281679,,,,Oruro,"Sucursal Oruro","No disponible",Salida,"Sin evento",
"18/10/2024 08:08",4,,,,Oruro,"Sucursal Oruro","No disponible",Salida,"Sin evento",
"18/10/2024 08:25",1,,,,Oruro,"Sucursal Oruro","No disponible",Salida,"Sin evento",
"18/10/2024 08:35",5,,,,Oruro,"Sucursal Oruro","No disponible",Salida,"Sin evento",
"18/10/2024 12:36",1,,,,Oruro,"Sucursal Oruro","No disponible",Salida,"Sin evento",
"18/10/2024 12:41",4,,,,Oruro,"Sucursal Oruro","No disponible",Salida,"Sin evento",
"18/10/2024 14:29",1,,,,Oruro,"Sucursal Oruro","No disponible",Salida,"Sin evento",
"18/10/2024 14:31",4,,,,Oruro,"Sucursal Oruro","No disponible",Salida,"Sin evento",
"18/10/2024 18:45",5,,,,Oruro,"Sucursal Oruro","No disponible",Salida,"Sin evento",
"18/10/2024 18:48",1,,,,Oruro,"Sucursal Oruro","No disponible",Salida,"Sin evento",
"18/10/2024 18:56",7281679,,,,Oruro,"Sucursal Oruro","No disponible",Salida,"Sin evento",
"18/10/2024 19:17",4,,,,Oruro,"Sucursal Oruro","No disponible",Salida,"Sin evento",
"18/10/2024 19:18",4,,,,Oruro,"Sucursal Oruro","No disponible",Salida,"Sin evento",
"21/10/2024 08:08",7281679,,,,Oruro,"Sucursal Oruro","No disponible",Salida,"Sin evento",
"21/10/2024 08:14",4,,,,Oruro,"Sucursal Oruro","No disponible",Salida,"Sin evento",
"21/10/2024 08:23",1,,,,Oruro,"Sucursal Oruro","No disponible",Salida,"Sin evento",
"21/10/2024 08:39",5,,,,Oruro,"Sucursal Oruro","No disponible",Salida,"Sin evento",
"21/10/2024 12:45",4,,,,Oruro,"Sucursal Oruro","No disponible",Salida,"Sin evento",
"21/10/2024 12:46",1,,,,Oruro,"Sucursal Oruro","No disponible",Salida,"Sin evento",
"21/10/2024 14:21",4,,,,Oruro,"Sucursal Oruro","No disponible",Salida,"Sin evento",
"21/10/2024 16:48",5,,,,Oruro,"Sucursal Oruro","No disponible",Salida,"Sin evento",
"21/10/2024 17:15",7281679,,,,Oruro,"Sucursal Oruro","No disponible",Salida,"Sin evento",
"21/10/2024 17:18",4,,,,Oruro,"Sucursal Oruro","No disponible",Salida,"Sin evento",
"21/10/2024 17:21",1,,,,Oruro,"Sucursal Oruro","No disponible",Salida,"Sin evento",
"22/10/2024 08:04",7281679,,,,Oruro,"Sucursal Oruro","No disponible",Salida,"Sin evento",
"22/10/2024 08:11",4,,,,Oruro,"Sucursal Oruro","No disponible",Salida,"Sin evento",
"22/10/2024 08:18",5,,,,Oruro,"Sucursal Oruro","No disponible",Salida,"Sin evento",
"22/10/2024 08:22",1,,,,Oruro,"Sucursal Oruro","No disponible",Salida,"Sin evento",
"22/10/2024 12:32",4,,,,Oruro,"Sucursal Oruro","No disponible",Salida,"Sin evento",
"22/10/2024 14:03",4,,,,Oruro,"Sucursal Oruro","No disponible",Salida,"Sin evento",
"22/10/2024 17:08",4,,,,Oruro,"Sucursal Oruro","No disponible",Salida,"Sin evento",
"22/10/2024 17:09",5,,,,Oruro,"Sucursal Oruro","No disponible",Salida,"Sin evento",
"22/10/2024 17:10",1,,,,Oruro,"Sucursal Oruro","No disponible",Salida,"Sin evento",
"22/10/2024 17:11",7281679,,,,Oruro,"Sucursal Oruro","No disponible",Salida,"Sin evento",
"23/10/2024 08:08",4,,,,Oruro,"Sucursal Oruro","No disponible",Salida,"Sin evento",
"23/10/2024 08:13",1,,,,Oruro,"Sucursal Oruro","No disponible",Salida,"Sin evento",
"23/10/2024 08:14",7281679,,,,Oruro,"Sucursal Oruro","No disponible",Salida,"Sin evento",
"23/10/2024 08:19",5,,,,Oruro,"Sucursal Oruro","No disponible",Salida,"Sin evento",
"23/10/2024 12:36",4,,,,Oruro,"Sucursal Oruro","No disponible",Salida,"Sin evento",
"23/10/2024 12:40",4,,,,Oruro,"Sucursal Oruro","No disponible",Salida,"Sin evento",
"23/10/2024 14:06",4,,,,Oruro,"Sucursal Oruro","No disponible",Salida,"Sin evento",
"23/10/2024 16:37",5,,,,Oruro,"Sucursal Oruro","No disponible",Salida,"Sin evento",
"23/10/2024 16:45",7281679,,,,Oruro,"Sucursal Oruro","No disponible",Salida,"Sin evento",
"23/10/2024 17:05",4,,,,Oruro,"Sucursal Oruro","No disponible",Salida,"Sin evento",
"23/10/2024 17:36",1,,,,Oruro,"Sucursal Oruro","No disponible",Salida,"Sin evento",
"24/10/2024 08:07",4,,,,Oruro,"Sucursal Oruro","No disponible",Salida,"Sin evento",
"24/10/2024 08:21",1,,,,Oruro,"Sucursal Oruro","No disponible",Salida,"Sin evento",
"24/10/2024 08:24",5,,,,Oruro,"Sucursal Oruro","No disponible",Salida,"Sin evento",
"24/10/2024 08:28",7281679,,,,Oruro,"Sucursal Oruro","No disponible",Salida,"Sin evento",
"24/10/2024 12:42",4,,,,Oruro,"Sucursal Oruro","No disponible",Salida,"Sin evento",
"24/10/2024 14:27",4,,,,Oruro,"Sucursal Oruro","No disponible",Salida,"Sin evento",
"24/10/2024 18:06",4,,,,Oruro,"Sucursal Oruro","No disponible",Salida,"Sin evento",
"24/10/2024 18:29",5,,,,Oruro,"Sucursal Oruro","No disponible",Salida,"Sin evento",
"24/10/2024 18:32",1,,,,Oruro,"Sucursal Oruro","No disponible",Salida,"Sin evento",
"24/10/2024 19:20",7281679,,,,Oruro,"Sucursal Oruro","No disponible",Salida,"Sin evento",
"25/10/2024 08:07",1,,,,Oruro,"Sucursal Oruro","No disponible",Salida,"Sin evento",
"25/10/2024 08:18",4,,,,Oruro,"Sucursal Oruro","No disponible",Salida,"Sin evento",
"25/10/2024 08:21",4,,,,Oruro,"Sucursal Oruro","No disponible",Salida,"Sin evento",
"25/10/2024 08:29",5,,,,Oruro,"Sucursal Oruro","No disponible",Salida,"Sin evento",
"25/10/2024 08:30",5,,,,Oruro,"Sucursal Oruro","No disponible",Salida,"Sin evento",
"25/10/2024 08:33",7281679,,,,Oruro,"Sucursal Oruro","No disponible",Salida,"Sin evento",
"25/10/2024 16:39",5,,,,Oruro,"Sucursal Oruro","No disponible",Salida,"Sin evento",
"25/10/2024 16:53",4,,,,Oruro,"Sucursal Oruro","No disponible",Salida,"Sin evento",
"25/10/2024 16:54",7281679,,,,Oruro,"Sucursal Oruro","No disponible",Salida,"Sin evento",
"25/10/2024 17:07",1,,,,Oruro,"Sucursal Oruro","No disponible",Salida,"Sin evento",
"26/10/2024 08:58",5,,,,Oruro,"Sucursal Oruro","No disponible",Salida,"Sin evento",
"26/10/2024 08:58",4,,,,Oruro,"Sucursal Oruro","No disponible",Salida,"Sin evento",
"28/10/2024 08:04",4,,,,Oruro,"Sucursal Oruro","No disponible",Salida,"Sin evento",
"28/10/2024 08:26",1,,,,Oruro,"Sucursal Oruro","No disponible",Salida,"Sin evento",
"28/10/2024 08:29",4,,,,Oruro,"Sucursal Oruro","No disponible",Salida,"Sin evento",
"28/10/2024 08:29",7281679,,,,Oruro,"Sucursal Oruro","No disponible",Salida,"Sin evento",
"28/10/2024 08:43",5,,,,Oruro,"Sucursal Oruro","No disponible",Salida,"Sin evento",
"28/10/2024 12:32",4,,,,Oruro,"Sucursal Oruro","No disponible",Salida,"Sin evento",
"28/10/2024 14:07",4,,,,Oruro,"Sucursal Oruro","No disponible",Salida,"Sin evento",
"28/10/2024 19:12",5,,,,Oruro,"Sucursal Oruro","No disponible",Salida,"Sin evento",
"28/10/2024 19:57",7281679,,,,Oruro,"Sucursal Oruro","No disponible",Salida,"Sin evento",
"28/10/2024 20:49",4,,,,Oruro,"Sucursal Oruro","No disponible",Salida,"Sin evento",
"28/10/2024 20:49",1,,,,Oruro,"Sucursal Oruro","No disponible",Salida,"Sin evento",
"29/10/2024 08:02",4,,,,Oruro,"Sucursal Oruro","No disponible",Salida,"Sin evento",
"29/10/2024 08:19",4,,,,Oruro,"Sucursal Oruro","No disponible",Salida,"Sin evento",
"29/10/2024 08:20",1,,,,Oruro,"Sucursal Oruro","No disponible",Salida,"Sin evento",
"29/10/2024 08:29",5,,,,Oruro,"Sucursal Oruro","No disponible",Salida,"Sin evento",
"29/10/2024 08:32",7281679,,,,Oruro,"Sucursal Oruro","No disponible",Salida,"Sin evento",
"29/10/2024 12:40",4,,,,Oruro,"Sucursal Oruro","No disponible",Salida,"Sin evento",
"29/10/2024 14:18",4,,,,Oruro,"Sucursal Oruro","No disponible",Salida,"Sin evento",
"29/10/2024 17:45",7281679,,,,Oruro,"Sucursal Oruro","No disponible",Salida,"Sin evento",
"29/10/2024 17:45",5,,,,Oruro,"Sucursal Oruro","No disponible",Salida,"Sin evento",
"29/10/2024 17:45",4,,,,Oruro,"Sucursal Oruro","No disponible",Salida,"Sin evento",
"29/10/2024 18:44",1,,,,Oruro,"Sucursal Oruro","No disponible",Salida,"Sin evento",
"30/10/2024 08:08",4,,,,Oruro,"Sucursal Oruro","No disponible",Salida,"Sin evento",
"30/10/2024 08:20",1,,,,Oruro,"Sucursal Oruro","No disponible",Salida,"Sin evento",
"30/10/2024 08:30",7281679,,,,Oruro,"Sucursal Oruro","No disponible",Salida,"Sin evento",
"30/10/2024 08:32",7281679,,,,Oruro,"Sucursal Oruro","No disponible",Salida,"Sin evento",
"30/10/2024 08:39",5,,,,Oruro,"Sucursal Oruro","No disponible",Salida,"Sin evento",
"30/10/2024 17:23",5,,,,Oruro,"Sucursal Oruro","No disponible",Salida,"Sin evento",
"30/10/2024 17:32",7281679,,,,Oruro,"Sucursal Oruro","No disponible",Salida,"Sin evento",
"30/10/2024 17:43",1,,,,Oruro,"Sucursal Oruro","No disponible",Salida,"Sin evento",
"30/10/2024 17:58",4,,,,Oruro,"Sucursal Oruro","No disponible",Salida,"Sin evento",
"30/10/2024 17:58",1,,,,Oruro,"Sucursal Oruro","No disponible",Salida,"Sin evento",
"31/10/2024 08:26",1,,,,Oruro,"Sucursal Oruro","No disponible",Salida,"Sin evento",
"31/10/2024 17:12",4,,,,Oruro,"Sucursal Oruro","No disponible",Salida,"Sin evento",
"31/10/2024 17:24",5,,,,Oruro,"Sucursal Oruro","No disponible",Salida,"Sin evento",
"31/10/2024 17:35",1,,,,Oruro,"Sucursal Oruro","No disponible",Salida,"Sin evento",
"31/10/2024 17:59",7281679,,,,Oruro,"Sucursal Oruro","No disponible",Salida,"Sin evento",
"01/11/2024 08:08",4,,,,Oruro,"Sucursal Oruro","No disponible",Salida,"Sin evento",
"01/11/2024 08:23",1,,,,Oruro,"Sucursal Oruro","No disponible",Salida,"Sin evento",
"01/11/2024 08:24",5,,,,Oruro,"Sucursal Oruro","No disponible",Salida,"Sin evento",
"01/11/2024 08:27",7281679,,,,Oruro,"Sucursal Oruro","No disponible",Salida,"Sin evento",
"01/11/2024 12:57",4,,,,Oruro,"Sucursal Oruro","No disponible",Salida,"Sin evento",
"01/11/2024 12:58",7281679,,,,Oruro,"Sucursal Oruro","No disponible",Salida,"Sin evento",
"01/11/2024 13:02",5,,,,Oruro,"Sucursal Oruro","No disponible",Salida,"Sin evento",
"01/11/2024 15:08",1,,,,Oruro,"Sucursal Oruro","No disponible",Salida,"Sin evento",
"04/11/2024 08:17",7281679,,,,Oruro,"Sucursal Oruro","No disponible",Salida,"Sin evento",
"04/11/2024 08:17",4,,,,Oruro,"Sucursal Oruro","No disponible",Salida,"Sin evento",
"04/11/2024 08:21",1,,,,Oruro,"Sucursal Oruro","No disponible",Salida,"Sin evento",
"04/11/2024 08:39",5,,,,Oruro,"Sucursal Oruro","No disponible",Salida,"Sin evento",
"04/11/2024 18:01",5,,,,Oruro,"Sucursal Oruro","No disponible",Salida,"Sin evento",
"04/11/2024 18:14",4,,,,Oruro,"Sucursal Oruro","No disponible",Salida,"Sin evento",
"04/11/2024 18:21",1,,,,Oruro,"Sucursal Oruro","No disponible",Salida,"Sin evento",
"04/11/2024 18:22",7281679,,,,Oruro,"Sucursal Oruro","No disponible",Salida,"Sin evento",
"05/11/2024 08:09",4,,,,Oruro,"Sucursal Oruro","No disponible",Salida,"Sin evento",
"05/11/2024 08:13",7281679,,,,Oruro,"Sucursal Oruro","No disponible",Salida,"Sin evento",
"05/11/2024 08:20",4,,,,Oruro,"Sucursal Oruro","No disponible",Salida,"Sin evento",
"05/11/2024 08:24",1,,,,Oruro,"Sucursal Oruro","No disponible",Salida,"Sin evento",
"05/11/2024 08:27",5,,,,Oruro,"Sucursal Oruro","No disponible",Salida,"Sin evento",
"05/11/2024 17:18",5,,,,Oruro,"Sucursal Oruro","No disponible",Salida,"Sin evento",
"05/11/2024 17:29",1,,,,Oruro,"Sucursal Oruro","No disponible",Salida,"Sin evento",
"05/11/2024 19:10",4,,,,Oruro,"Sucursal Oruro","No disponible",Salida,"Sin evento",
"05/11/2024 19:39",7281679,,,,Oruro,"Sucursal Oruro","No disponible",Salida,"Sin evento",
"06/11/2024 08:09",4,,,,Oruro,"Sucursal Oruro","No disponible",Salida,"Sin evento",
"06/11/2024 08:11",7281679,,,,Oruro,"Sucursal Oruro","No disponible",Salida,"Sin evento",
"06/11/2024 08:19",5,,,,Oruro,"Sucursal Oruro","No disponible",Salida,"Sin evento",
"06/11/2024 08:21",1,,,,Oruro,"Sucursal Oruro","No disponible",Salida,"Sin evento",
"06/11/2024 17:15",5,,,,Oruro,"Sucursal Oruro","No disponible",Salida,"Sin evento",
"06/11/2024 17:22",7281679,,,,Oruro,"Sucursal Oruro","No disponible",Salida,"Sin evento",
"06/11/2024 17:38",4,,,,Oruro,"Sucursal Oruro","No disponible",Salida,"Sin evento",
"06/11/2024 18:25",1,,,,Oruro,"Sucursal Oruro","No disponible",Salida,"Sin evento",
"07/11/2024 08:05",4,,,,Oruro,"Sucursal Oruro","No disponible",Salida,"Sin evento",
"07/11/2024 08:06",4,,,,Oruro,"Sucursal Oruro","No disponible",Salida,"Sin evento",
"07/11/2024 08:11",7281679,,,,Oruro,"Sucursal Oruro","No disponible",Salida,"Sin evento",
"07/11/2024 08:29",5,,,,Oruro,"Sucursal Oruro","No disponible",Salida,"Sin evento",
"07/11/2024 08:29",1,,,,Oruro,"Sucursal Oruro","No disponible",Salida,"Sin evento",
"07/11/2024 17:25",5,,,,Oruro,"Sucursal Oruro","No disponible",Salida,"Sin evento",
"07/11/2024 17:27",4,,,,Oruro,"Sucursal Oruro","No disponible",Salida,"Sin evento",
"07/11/2024 17:27",7281679,,,,Oruro,"Sucursal Oruro","No disponible",Salida,"Sin evento",
"07/11/2024 17:33",1,,,,Oruro,"Sucursal Oruro","No disponible",Salida,"Sin evento",
"08/11/2024 08:07",4,,,,Oruro,"Sucursal Oruro","No disponible",Salida,"Sin evento",
"08/11/2024 08:08",7281679,,,,Oruro,"Sucursal Oruro","No disponible",Salida,"Sin evento",
"08/11/2024 08:22",1,,,,Oruro,"Sucursal Oruro","No disponible",Salida,"Sin evento",
"08/11/2024 08:40",5,,,,Oruro,"Sucursal Oruro","No disponible",Salida,"Sin evento",
"08/11/2024 16:44",7281679,,,,Oruro,"Sucursal Oruro","No disponible",Salida,"Sin evento",
"08/11/2024 16:54",4,,,,Oruro,"Sucursal Oruro","No disponible",Salida,"Sin evento",
"08/11/2024 16:54",5,,,,Oruro,"Sucursal Oruro","No disponible",Salida,"Sin evento",
"08/11/2024 18:29",1,,,,Oruro,"Sucursal Oruro","No disponible",Salida,"Sin evento",
"09/11/2024 08:58",7281679,,,,Oruro,"Sucursal Oruro","No disponible",Salida,"Sin evento",
"09/11/2024 08:59",4,,,,Oruro,"Sucursal Oruro","No disponible",Salida,"Sin evento",
"09/11/2024 09:15",5,,,,Oruro,"Sucursal Oruro","No disponible",Salida,"Sin evento",
"11/11/2024 08:13",4,,,,Oruro,"Sucursal Oruro","No disponible",Salida,"Sin evento",
"11/11/2024 08:20",1,,,,Oruro,"Sucursal Oruro","No disponible",Salida,"Sin evento",
"11/11/2024 08:27",5,,,,Oruro,"Sucursal Oruro","No disponible",Salida,"Sin evento",
"11/11/2024 08:29",7281679,,,,Oruro,"Sucursal Oruro","No disponible",Salida,"Sin evento",
"11/11/2024 17:31",7281679,,,,Oruro,"Sucursal Oruro","No disponible",Salida,"Sin evento",
"11/11/2024 17:42",5,,,,Oruro,"Sucursal Oruro","No disponible",Salida,"Sin evento",
"11/11/2024 17:55",4,,,,Oruro,"Sucursal Oruro","No disponible",Salida,"Sin evento",
"11/11/2024 17:56",1,,,,Oruro,"Sucursal Oruro","No disponible",Salida,"Sin evento",
"12/11/2024 08:14",4,,,,Oruro,"Sucursal Oruro","No disponible",Salida,"Sin evento",
"12/11/2024 08:27",1,,,,Oruro,"Sucursal Oruro","No disponible",Salida,"Sin evento",
"12/11/2024 08:28",7281679,,,,Oruro,"Sucursal Oruro","No disponible",Salida,"Sin evento",
"12/11/2024 08:30",5,,,,Oruro,"Sucursal Oruro","No disponible",Salida,"Sin evento",
"12/11/2024 17:14",7281679,,,,Oruro,"Sucursal Oruro","No disponible",Salida,"Sin evento",
"12/11/2024 17:31",1,,,,Oruro,"Sucursal Oruro","No disponible",Salida,"Sin evento",
"12/11/2024 17:38",4,,,,Oruro,"Sucursal Oruro","No disponible",Salida,"Sin evento",
"12/11/2024 17:39",5,,,,Oruro,"Sucursal Oruro","No disponible",Salida,"Sin evento",
"13/11/2024 08:12",4,,,,Oruro,"Sucursal Oruro","No disponible",Salida,"Sin evento",
"13/11/2024 08:13",4,,,,Oruro,"Sucursal Oruro","No disponible",Salida,"Sin evento",
"13/11/2024 08:22",7281679,,,,Oruro,"Sucursal Oruro","No disponible",Salida,"Sin evento",
"13/11/2024 08:33",1,,,,Oruro,"Sucursal Oruro","No disponible",Salida,"Sin evento",
"13/11/2024 08:41",5,,,,Oruro,"Sucursal Oruro","No disponible",Salida,"Sin evento",
"13/11/2024 17:41",5,,,,Oruro,"Sucursal Oruro","No disponible",Salida,"Sin evento",
"13/11/2024 17:42",4,,,,Oruro,"Sucursal Oruro","No disponible",Salida,"Sin evento",
"13/11/2024 17:49",7281679,,,,Oruro,"Sucursal Oruro","No disponible",Salida,"Sin evento",
"13/11/2024 17:52",1,,,,Oruro,"Sucursal Oruro","No disponible",Salida,"Sin evento",
"14/11/2024 08:07",4,,,,Oruro,"Sucursal Oruro","No disponible",Salida,"Sin evento",
"14/11/2024 08:14",7281679,,,,Oruro,"Sucursal Oruro","No disponible",Salida,"Sin evento",
"14/11/2024 08:29",5,,,,Oruro,"Sucursal Oruro","No disponible",Salida,"Sin evento",
"14/11/2024 08:29",1,,,,Oruro,"Sucursal Oruro","No disponible",Salida,"Sin evento",
"14/11/2024 16:50",1,,,,Oruro,"Sucursal Oruro","No disponible",Salida,"Sin evento",
"14/11/2024 17:19",7281679,,,,Oruro,"Sucursal Oruro","No disponible",Salida,"Sin evento",
"14/11/2024 17:21",4,,,,Oruro,"Sucursal Oruro","No disponible",Salida,"Sin evento",
"14/11/2024 17:21",5,,,,Oruro,"Sucursal Oruro","No disponible",Salida,"Sin evento",
"15/11/2024 08:08",4,,,,Oruro,"Sucursal Oruro","No disponible",Salida,"Sin evento",
"15/11/2024 08:08",7281679,,,,Oruro,"Sucursal Oruro","No disponible",Salida,"Sin evento",
"15/11/2024 08:22",1,,,,Oruro,"Sucursal Oruro","No disponible",Salida,"Sin evento",
"15/11/2024 08:44",5,,,,Oruro,"Sucursal Oruro","No disponible",Salida,"Sin evento",
"15/11/2024 16:46",5,,,,Oruro,"Sucursal Oruro","No disponible",Salida,"Sin evento",
"15/11/2024 16:47",4,,,,Oruro,"Sucursal Oruro","No disponible",Salida,"Sin evento",
"15/11/2024 17:32",7281679,,,,Oruro,"Sucursal Oruro","No disponible",Salida,"Sin evento",
"15/11/2024 17:45",1,,,,Oruro,"Sucursal Oruro","No disponible",Salida,"Sin evento",
"16/11/2024 09:04",4,,,,Oruro,"Sucursal Oruro","No disponible",Salida,"Sin evento",
"16/11/2024 09:04",7281679,,,,Oruro,"Sucursal Oruro","No disponible",Salida,"Sin evento",
"16/11/2024 09:08",5,,,,Oruro,"Sucursal Oruro","No disponible",Salida,"Sin evento",
"18/11/2024 08:04",4,,,,Oruro,"Sucursal Oruro","No disponible",Salida,"Sin evento",
"18/11/2024 08:16",7281679,,,,Oruro,"Sucursal Oruro","No disponible",Salida,"Sin evento",
"18/11/2024 08:27",1,,,,Oruro,"Sucursal Oruro","No disponible",Salida,"Sin evento",
"18/11/2024 08:37",5,,,,Oruro,"Sucursal Oruro","No disponible",Salida,"Sin evento",
"18/11/2024 16:42",5,,,,Oruro,"Sucursal Oruro","No disponible",Salida,"Sin evento",
"18/11/2024 16:46",4,,,,Oruro,"Sucursal Oruro","No disponible",Salida,"Sin evento",
"18/11/2024 16:52",7281679,,,,Oruro,"Sucursal Oruro","No disponible",Salida,"Sin evento",
"18/11/2024 17:20",1,,,,Oruro,"Sucursal Oruro","No disponible",Salida,"Sin evento",
"19/11/2024 08:09",4,,,,Oruro,"Sucursal Oruro","No disponible",Salida,"Sin evento",
"19/11/2024 08:11",7281679,,,,Oruro,"Sucursal Oruro","No disponible",Salida,"Sin evento",
"19/11/2024 08:18",4,,,,Oruro,"Sucursal Oruro","No disponible",Salida,"Sin evento",
"19/11/2024 08:19",1,,,,Oruro,"Sucursal Oruro","No disponible",Salida,"Sin evento",
"19/11/2024 08:23",5,,,,Oruro,"Sucursal Oruro","No disponible",Salida,"Sin evento",
"19/11/2024 16:48",4,,,,Oruro,"Sucursal Oruro","No disponible",Salida,"Sin evento",
"19/11/2024 16:48",7281679,,,,Oruro,"Sucursal Oruro","No disponible",Salida,"Sin evento",
"19/11/2024 16:49",5,,,,Oruro,"Sucursal Oruro","No disponible",Salida,"Sin evento",
"19/11/2024 18:18",1,,,,Oruro,"Sucursal Oruro","No disponible",Salida,"Sin evento",
"20/11/2024 08:01",7281679,,,,Oruro,"Sucursal Oruro","No disponible",Salida,"Sin evento",
"20/11/2024 08:08",4,,,,Oruro,"Sucursal Oruro","No disponible",Salida,"Sin evento",
"20/11/2024 08:19",1,,,,Oruro,"Sucursal Oruro","No disponible",Salida,"Sin evento",
"20/11/2024 08:40",5,,,,Oruro,"Sucursal Oruro","No disponible",Salida,"Sin evento",
"20/11/2024 13:25",7281679,,,,Oruro,"Sucursal Oruro","No disponible",Salida,"Sin evento",
"20/11/2024 17:46",5,,,,Oruro,"Sucursal Oruro","No disponible",Salida,"Sin evento",
"20/11/2024 19:21",1,,,,Oruro,"Sucursal Oruro","No disponible",Salida,"Sin evento",
"20/11/2024 19:21",4,,,,Oruro,"Sucursal Oruro","No disponible",Salida,"Sin evento",
"21/11/2024 08:04",7281679,,,,Oruro,"Sucursal Oruro","No disponible",Salida,"Sin evento",
"21/11/2024 08:12",4,,,,Oruro,"Sucursal Oruro","No disponible",Salida,"Sin evento",
"21/11/2024 08:25",1,,,,Oruro,"Sucursal Oruro","No disponible",Salida,"Sin evento",
"21/11/2024 08:35",5,,,,Oruro,"Sucursal Oruro","No disponible",Salida,"Sin evento",
"21/11/2024 17:29",5,,,,Oruro,"Sucursal Oruro","No disponible",Salida,"Sin evento",
"21/11/2024 17:38",4,,,,Oruro,"Sucursal Oruro","No disponible",Salida,"Sin evento",
"21/11/2024 17:43",1,,,,Oruro,"Sucursal Oruro","No disponible",Salida,"Sin evento",
"21/11/2024 17:46",7281679,,,,Oruro,"Sucursal Oruro","No disponible",Salida,"Sin evento",
"22/11/2024 08:03",7281679,,,,Oruro,"Sucursal Oruro","No disponible",Salida,"Sin evento",
"22/11/2024 08:05",4,,,,Oruro,"Sucursal Oruro","No disponible",Salida,"Sin evento",
"22/11/2024 08:30",1,,,,Oruro,"Sucursal Oruro","No disponible",Salida,"Sin evento",
"22/11/2024 08:44",5,,,,Oruro,"Sucursal Oruro","No disponible",Salida,"Sin evento",
"22/11/2024 16:29",4,,,,Oruro,"Sucursal Oruro","No disponible",Salida,"Sin evento",
"22/11/2024 16:29",7281679,,,,Oruro,"Sucursal Oruro","No disponible",Salida,"Sin evento",
"22/11/2024 16:30",5,,,,Oruro,"Sucursal Oruro","No disponible",Salida,"Sin evento",
"22/11/2024 16:31",4,,,,Oruro,"Sucursal Oruro","No disponible",Salida,"Sin evento",
"22/11/2024 18:21",1,,,,Oruro,"Sucursal Oruro","No disponible",Salida,"Sin evento",
"23/11/2024 08:51",4,,,,Oruro,"Sucursal Oruro","No disponible",Salida,"Sin evento",
"23/11/2024 08:58",7281679,,,,Oruro,"Sucursal Oruro","No disponible",Salida,"Sin evento",
"23/11/2024 09:10",5,,,,Oruro,"Sucursal Oruro","No disponible",Salida,"Sin evento",
"23/11/2024 12:49",7281679,,,,Oruro,"Sucursal Oruro","No disponible",Salida,"Sin evento",
"23/11/2024 12:51",4,,,,Oruro,"Sucursal Oruro","No disponible",Salida,"Sin evento",
"23/11/2024 12:53",5,,,,Oruro,"Sucursal Oruro","No disponible",Salida,"Sin evento",
"25/11/2024 08:01",4,,,,Oruro,"Sucursal Oruro","No disponible",Salida,"Sin evento",
"25/11/2024 08:06",7281679,,,,Oruro,"Sucursal Oruro","No disponible",Salida,"Sin evento",
"25/11/2024 08:22",1,,,,Oruro,"Sucursal Oruro","No disponible",Salida,"Sin evento",
"25/11/2024 08:33",5,,,,Oruro,"Sucursal Oruro","No disponible",Salida,"Sin evento",
"25/11/2024 16:56",5,,,,Oruro,"Sucursal Oruro","No disponible",Salida,"Sin evento",
"25/11/2024 16:56",7281679,,,,Oruro,"Sucursal Oruro","No disponible",Salida,"Sin evento",
"25/11/2024 16:57",4,,,,Oruro,"Sucursal Oruro","No disponible",Salida,"Sin evento",
"25/11/2024 18:55",1,,,,Oruro,"Sucursal Oruro","No disponible",Salida,"Sin evento",
"26/11/2024 08:09",4,,,,Oruro,"Sucursal Oruro","No disponible",Salida,"Sin evento",
"26/11/2024 08:12",7281679,,,,Oruro,"Sucursal Oruro","No disponible",Salida,"Sin evento",
"26/11/2024 08:24",1,,,,Oruro,"Sucursal Oruro","No disponible",Salida,"Sin evento",
"26/11/2024 08:44",5,,,,Oruro,"Sucursal Oruro","No disponible",Salida,"Sin evento",
"26/11/2024 18:07",4,,,,Oruro,"Sucursal Oruro","No disponible",Salida,"Sin evento",
"26/11/2024 18:09",5,,,,Oruro,"Sucursal Oruro","No disponible",Salida,"Sin evento",
"26/11/2024 18:20",1,,,,Oruro,"Sucursal Oruro","No disponible",Salida,"Sin evento",
"26/11/2024 18:25",7281679,,,,Oruro,"Sucursal Oruro","No disponible",Salida,"Sin evento",
"27/11/2024 08:07",4,,,,Oruro,"Sucursal Oruro","No disponible",Salida,"Sin evento",
"27/11/2024 08:10",7281679,,,,Oruro,"Sucursal Oruro","No disponible",Salida,"Sin evento",
"27/11/2024 08:13",4,,,,Oruro,"Sucursal Oruro","No disponible",Salida,"Sin evento",
"27/11/2024 08:21",1,,,,Oruro,"Sucursal Oruro","No disponible",Salida,"Sin evento",
"27/11/2024 08:36",5,,,,Oruro,"Sucursal Oruro","No disponible",Salida,"Sin evento",
"27/11/2024 17:25",5,,,,Oruro,"Sucursal Oruro","No disponible",Salida,"Sin evento",
"27/11/2024 17:25",4,,,,Oruro,"Sucursal Oruro","No disponible",Salida,"Sin evento",
"27/11/2024 17:27",1,,,,Oruro,"Sucursal Oruro","No disponible",Salida,"Sin evento",
"27/11/2024 17:30",7281679,,,,Oruro,"Sucursal Oruro","No disponible",Salida,"Sin evento",
"28/11/2024 08:10",4,,,,Oruro,"Sucursal Oruro","No disponible",Salida,"Sin evento",
"28/11/2024 08:10",7281679,,,,Oruro,"Sucursal Oruro","No disponible",Salida,"Sin evento",
"28/11/2024 08:23",1,,,,Oruro,"Sucursal Oruro","No disponible",Salida,"Sin evento",
"28/11/2024 08:33",5,,,,Oruro,"Sucursal Oruro","No disponible",Salida,"Sin evento",
"28/11/2024 17:31",7281679,,,,Oruro,"Sucursal Oruro","No disponible",Salida,"Sin evento",
"28/11/2024 17:35",5,,,,Oruro,"Sucursal Oruro","No disponible",Salida,"Sin evento",
"28/11/2024 17:35",4,,,,Oruro,"Sucursal Oruro","No disponible",Salida,"Sin evento",
"28/11/2024 17:35",1,,,,Oruro,"Sucursal Oruro","No disponible",Salida,"Sin evento",
"29/11/2024 08:03",7281679,,,,Oruro,"Sucursal Oruro","No disponible",Salida,"Sin evento",
"29/11/2024 08:13",4,,,,Oruro,"Sucursal Oruro","No disponible",Salida,"Sin evento",
"29/11/2024 08:14",1,,,,Oruro,"Sucursal Oruro","No disponible",Salida,"Sin evento",
"29/11/2024 08:36",5,,,,Oruro,"Sucursal Oruro","No disponible",Salida,"Sin evento",
"29/11/2024 16:56",4,,,,Oruro,"Sucursal Oruro","No disponible",Salida,"Sin evento",
"29/11/2024 17:52",5,,,,Oruro,"Sucursal Oruro","No disponible",Salida,"Sin evento",
"29/11/2024 18:09",1,,,,Oruro,"Sucursal Oruro","No disponible",Salida,"Sin evento",
"29/11/2024 18:12",7281679,,,,Oruro,"Sucursal Oruro","No disponible",Salida,"Sin evento",
"30/11/2024 08:56",4,,,,Oruro,"Sucursal Oruro","No disponible",Salida,"Sin evento",
"30/11/2024 08:56",7281679,,,,Oruro,"Sucursal Oruro","No disponible",Salida,"Sin evento",
"30/11/2024 09:05",5,,,,Oruro,"Sucursal Oruro","No disponible",Salida,"Sin evento",
"30/11/2024 13:14",5,,,,Oruro,"Sucursal Oruro","No disponible",Salida,"Sin evento",
"30/11/2024 13:15",4,,,,Oruro,"Sucursal Oruro","No disponible",Salida,"Sin evento",
"02/12/2024 08:09",4,,,,Oruro,"Sucursal Oruro","No disponible",Salida,"Sin evento",
"02/12/2024 08:13",7281679,,,,Oruro,"Sucursal Oruro","No disponible",Salida,"Sin evento",
"02/12/2024 08:23",1,,,,Oruro,"Sucursal Oruro","No disponible",Salida,"Sin evento",
"02/12/2024 08:28",5,,,,Oruro,"Sucursal Oruro","No disponible",Salida,"Sin evento",
"02/12/2024 19:04",5,,,,Oruro,"Sucursal Oruro","No disponible",Salida,"Sin evento",
"02/12/2024 19:04",7281679,,,,Oruro,"Sucursal Oruro","No disponible",Salida,"Sin evento",
"02/12/2024 19:07",4,,,,Oruro,"Sucursal Oruro","No disponible",Salida,"Sin evento",
"02/12/2024 19:07",1,,,,Oruro,"Sucursal Oruro","No disponible",Salida,"Sin evento",
"03/12/2024 08:06",4,,,,Oruro,"Sucursal Oruro","No disponible",Salida,"Sin evento",
"03/12/2024 08:08",7281679,,,,Oruro,"Sucursal Oruro","No disponible",Salida,"Sin evento",
"03/12/2024 08:16",1,,,,Oruro,"Sucursal Oruro","No disponible",Salida,"Sin evento",
"03/12/2024 08:35",5,,,,Oruro,"Sucursal Oruro","No disponible",Salida,"Sin evento",
"03/12/2024 17:58",1,,,,Oruro,"Sucursal Oruro","No disponible",Salida,"Sin evento",
"03/12/2024 18:06",7281679,,,,Oruro,"Sucursal Oruro","No disponible",Salida,"Sin evento",
"03/12/2024 18:09",5,,,,Oruro,"Sucursal Oruro","No disponible",Salida,"Sin evento",
"03/12/2024 18:11",4,,,,Oruro,"Sucursal Oruro","No disponible",Salida,"Sin evento",
"04/12/2024 08:03",7281679,,,,Oruro,"Sucursal Oruro","No disponible",Salida,"Sin evento",
"04/12/2024 08:16",4,,,,Oruro,"Sucursal Oruro","No disponible",Salida,"Sin evento",
"04/12/2024 08:20",1,,,,Oruro,"Sucursal Oruro","No disponible",Salida,"Sin evento",
"04/12/2024 08:32",5,,,,Oruro,"Sucursal Oruro","No disponible",Salida,"Sin evento",
"04/12/2024 18:43",5,,,,Oruro,"Sucursal Oruro","No disponible",Salida,"Sin evento",
"04/12/2024 18:45",1,,,,Oruro,"Sucursal Oruro","No disponible",Salida,"Sin evento",
"04/12/2024 18:46",4,,,,Oruro,"Sucursal Oruro","No disponible",Salida,"Sin evento",
"04/12/2024 19:24",7281679,,,,Oruro,"Sucursal Oruro","No disponible",Salida,"Sin evento",
"05/12/2024 08:15",4,,,,Oruro,"Sucursal Oruro","No disponible",Salida,"Sin evento",
"05/12/2024 08:23",5,,,,Oruro,"Sucursal Oruro","No disponible",Salida,"Sin evento",
"05/12/2024 08:29",5,,,,Oruro,"Sucursal Oruro","No disponible",Salida,"Sin evento",
"05/12/2024 08:29",4,,,,Oruro,"Sucursal Oruro","No disponible",Salida,"Sin evento",
"05/12/2024 08:30",1,,,,Oruro,"Sucursal Oruro","No disponible",Salida,"Sin evento",
"05/12/2024 19:13",5,,,,Oruro,"Sucursal Oruro","No disponible",Salida,"Sin evento",
"05/12/2024 19:13",7281679,,,,Oruro,"Sucursal Oruro","No disponible",Salida,"Sin evento",
"05/12/2024 19:28",1,,,,Oruro,"Sucursal Oruro","No disponible",Salida,"Sin evento",
"05/12/2024 19:28",4,,,,Oruro,"Sucursal Oruro","No disponible",Salida,"Sin evento",
"06/12/2024 07:59",7281679,,,,Oruro,"Sucursal Oruro","No disponible",Salida,"Sin evento",
"06/12/2024 08:01",4,,,,Oruro,"Sucursal Oruro","No disponible",Salida,"Sin evento",
"06/12/2024 08:15",5,,,,Oruro,"Sucursal Oruro","No disponible",Salida,"Sin evento",
"06/12/2024 17:09",7281679,,,,Oruro,"Sucursal Oruro","No disponible",Salida,"Sin evento",
"06/12/2024 17:13",5,,,,Oruro,"Sucursal Oruro","No disponible",Salida,"Sin evento",
"06/12/2024 17:13",4,,,,Oruro,"Sucursal Oruro","No disponible",Salida,"Sin evento",
"06/12/2024 17:29",5,,,,Oruro,"Sucursal Oruro","No disponible",Salida,"Sin evento",
"07/12/2024 08:52",4,,,,Oruro,"Sucursal Oruro","No disponible",Salida,"Sin evento",
"07/12/2024 09:15",5,,,,Oruro,"Sucursal Oruro","No disponible",Salida,"Sin evento",
"07/12/2024 09:19",5,,,,Oruro,"Sucursal Oruro","No disponible",Salida,"Sin evento",
"07/12/2024 13:59",4,,,,Oruro,"Sucursal Oruro","No disponible",Salida,"Sin evento",
"07/12/2024 13:59",1,,,,Oruro,"Sucursal Oruro","No disponible",Salida,"Sin evento",
"09/12/2024 08:16",4,,,,Oruro,"Sucursal Oruro","No disponible",Salida,"Sin evento",
"09/12/2024 08:17",7281679,,,,Oruro,"Sucursal Oruro","No disponible",Salida,"Sin evento",
"09/12/2024 08:24",4,,,,Oruro,"Sucursal Oruro","No disponible",Salida,"Sin evento",
"09/12/2024 08:24",1,,,,Oruro,"Sucursal Oruro","No disponible",Salida,"Sin evento",
"09/12/2024 08:39",5,,,,Oruro,"Sucursal Oruro","No disponible",Salida,"Sin evento",
"09/12/2024 18:02",7281679,,,,Oruro,"Sucursal Oruro","No disponible",Salida,"Sin evento",
"09/12/2024 18:09",5,,,,Oruro,"Sucursal Oruro","No disponible",Salida,"Sin evento",
"09/12/2024 18:13",1,,,,Oruro,"Sucursal Oruro","No disponible",Salida,"Sin evento",
"09/12/2024 18:13",4,,,,Oruro,"Sucursal Oruro","No disponible",Salida,"Sin evento",
"10/12/2024 08:23",7281679,,,,Oruro,"Sucursal Oruro","No disponible",Salida,"Sin evento",
"10/12/2024 08:24",4,,,,Oruro,"Sucursal Oruro","No disponible",Salida,"Sin evento",
"10/12/2024 08:25",1,,,,Oruro,"Sucursal Oruro","No disponible",Salida,"Sin evento",
"10/12/2024 08:33",5,,,,Oruro,"Sucursal Oruro","No disponible",Salida,"Sin evento",
"10/12/2024 18:04",1,,,,Oruro,"Sucursal Oruro","No disponible",Salida,"Sin evento",
"10/12/2024 18:24",4,,,,Oruro,"Sucursal Oruro","No disponible",Salida,"Sin evento",
"10/12/2024 18:24",5,,,,Oruro,"Sucursal Oruro","No disponible",Salida,"Sin evento",
"10/12/2024 18:26",7281679,,,,Oruro,"Sucursal Oruro","No disponible",Salida,"Sin evento",
"11/12/2024 08:17",7281679,,,,Oruro,"Sucursal Oruro","No disponible",Salida,"Sin evento",
"11/12/2024 08:18",4,,,,Oruro,"Sucursal Oruro","No disponible",Salida,"Sin evento",
"11/12/2024 08:28",1,,,,Oruro,"Sucursal Oruro","No disponible",Salida,"Sin evento",
"11/12/2024 08:35",5,,,,Oruro,"Sucursal Oruro","No disponible",Salida,"Sin evento",
"11/12/2024 18:17",7281679,,,,Oruro,"Sucursal Oruro","No disponible",Salida,"Sin evento",
"11/12/2024 18:23",5,,,,Oruro,"Sucursal Oruro","No disponible",Salida,"Sin evento",
"11/12/2024 18:23",4,,,,Oruro,"Sucursal Oruro","No disponible",Salida,"Sin evento",
"11/12/2024 18:24",1,,,,Oruro,"Sucursal Oruro","No disponible",Salida,"Sin evento",
"12/12/2024 08:15",4,,,,Oruro,"Sucursal Oruro","No disponible",Salida,"Sin evento",
"12/12/2024 08:16",7281679,,,,Oruro,"Sucursal Oruro","No disponible",Salida,"Sin evento",
"12/12/2024 08:23",1,,,,Oruro,"Sucursal Oruro","No disponible",Salida,"Sin evento",
"12/12/2024 08:41",5,,,,Oruro,"Sucursal Oruro","No disponible",Salida,"Sin evento",
"12/12/2024 17:45",5,,,,Oruro,"Sucursal Oruro","No disponible",Salida,"Sin evento",
"12/12/2024 17:46",7281679,,,,Oruro,"Sucursal Oruro","No disponible",Salida,"Sin evento",
"12/12/2024 17:49",4,,,,Oruro,"Sucursal Oruro","No disponible",Salida,"Sin evento",
"12/12/2024 18:31",1,,,,Oruro,"Sucursal Oruro","No disponible",Salida,"Sin evento",
"13/12/2024 08:13",4,,,,Oruro,"Sucursal Oruro","No disponible",Salida,"Sin evento",
"13/12/2024 08:15",7281679,,,,Oruro,"Sucursal Oruro","No disponible",Salida,"Sin evento",
"13/12/2024 08:24",5,,,,Oruro,"Sucursal Oruro","No disponible",Salida,"Sin evento",
"13/12/2024 08:30",1,,,,Oruro,"Sucursal Oruro","No disponible",Salida,"Sin evento",
"13/12/2024 17:19",7281679,,,,Oruro,"Sucursal Oruro","No disponible",Salida,"Sin evento",
"13/12/2024 17:53",4,,,,Oruro,"Sucursal Oruro","No disponible",Salida,"Sin evento",
"13/12/2024 17:54",1,,,,Oruro,"Sucursal Oruro","No disponible",Salida,"Sin evento",
"13/12/2024 17:58",5,,,,Oruro,"Sucursal Oruro","No disponible",Salida,"Sin evento",
"14/12/2024 08:44",4,,,,Oruro,"Sucursal Oruro","No disponible",Salida,"Sin evento",
"14/12/2024 09:01",5,,,,Oruro,"Sucursal Oruro","No disponible",Salida,"Sin evento",
"14/12/2024 09:04",7281679,,,,Oruro,"Sucursal Oruro","No disponible",Salida,"Sin evento",
"16/12/2024 08:18",7281679,,,,Oruro,"Sucursal Oruro","No disponible",Salida,"Sin evento",
"16/12/2024 08:18",5,,,,Oruro,"Sucursal Oruro","No disponible",Salida,"Sin evento",
"16/12/2024 08:19",4,,,,Oruro,"Sucursal Oruro","No disponible",Salida,"Sin evento",
"16/12/2024 08:26",1,,,,Oruro,"Sucursal Oruro","No disponible",Salida,"Sin evento",
"16/12/2024 17:20",5,,,,Oruro,"Sucursal Oruro","No disponible",Salida,"Sin evento",
"16/12/2024 17:29",7281679,,,,Oruro,"Sucursal Oruro","No disponible",Salida,"Sin evento",
"16/12/2024 17:47",4,,,,Oruro,"Sucursal Oruro","No disponible",Salida,"Sin evento",
"16/12/2024 17:55",1,,,,Oruro,"Sucursal Oruro","No disponible",Salida,"Sin evento",
"17/12/2024 08:16",1,,,,Oruro,"Sucursal Oruro","No disponible",Salida,"Sin evento",
"17/12/2024 08:24",7281679,,,,Oruro,"Sucursal Oruro","No disponible",Salida,"Sin evento",
"17/12/2024 08:25",4,,,,Oruro,"Sucursal Oruro","No disponible",Salida,"Sin evento",
"17/12/2024 08:25",5,,,,Oruro,"Sucursal Oruro","No disponible",Salida,"Sin evento",
"17/12/2024 17:38",7281679,,,,Oruro,"Sucursal Oruro","No disponible",Salida,"Sin evento",
"17/12/2024 17:39",5,,,,Oruro,"Sucursal Oruro","No disponible",Salida,"Sin evento",
"17/12/2024 17:42",5,,,,Oruro,"Sucursal Oruro","No disponible",Salida,"Sin evento",
"17/12/2024 17:43",4,,,,Oruro,"Sucursal Oruro","No disponible",Salida,"Sin evento",
"17/12/2024 18:05",1,,,,Oruro,"Sucursal Oruro","No disponible",Salida,"Sin evento",
"18/12/2024 08:10",1,,,,Oruro,"Sucursal Oruro","No disponible",Salida,"Sin evento",
"18/12/2024 08:28",7281679,,,,Oruro,"Sucursal Oruro","No disponible",Salida,"Sin evento",
"18/12/2024 08:28",4,,,,Oruro,"Sucursal Oruro","No disponible",Salida,"Sin evento",
"18/12/2024 08:32",5,,,,Oruro,"Sucursal Oruro","No disponible",Salida,"Sin evento",
"18/12/2024 17:29",5,,,,Oruro,"Sucursal Oruro","No disponible",Salida,"Sin evento",
"18/12/2024 17:31",5,,,,Oruro,"Sucursal Oruro","No disponible",Salida,"Sin evento",
"18/12/2024 17:31",4,,,,Oruro,"Sucursal Oruro","No disponible",Salida,"Sin evento",
"18/12/2024 17:34",7281679,,,,Oruro,"Sucursal Oruro","No disponible",Salida,"Sin evento",
"18/12/2024 18:08",1,,,,Oruro,"Sucursal Oruro","No disponible",Salida,"Sin evento",
"19/12/2024 08:10",1,,,,Oruro,"Sucursal Oruro","No disponible",Salida,"Sin evento",
"19/12/2024 08:28",7281679,,,,Oruro,"Sucursal Oruro","No disponible",Salida,"Sin evento",
"19/12/2024 08:28",4,,,,Oruro,"Sucursal Oruro","No disponible",Salida,"Sin evento",
"19/12/2024 08:39",5,,,,Oruro,"Sucursal Oruro","No disponible",Salida,"Sin evento",
"19/12/2024 17:33",5,,,,Oruro,"Sucursal Oruro","No disponible",Salida,"Sin evento",
"19/12/2024 17:38",4,,,,Oruro,"Sucursal Oruro","No disponible",Salida,"Sin evento",
"19/12/2024 17:43",7281679,,,,Oruro,"Sucursal Oruro","No disponible",Salida,"Sin evento",
"19/12/2024 18:12",1,,,,Oruro,"Sucursal Oruro","No disponible",Salida,"Sin evento",
"20/12/2024 08:21",1,,,,Oruro,"Sucursal Oruro","No disponible",Salida,"Sin evento",
"20/12/2024 08:30",7281679,,,,Oruro,"Sucursal Oruro","No disponible",Salida,"Sin evento",
"20/12/2024 08:31",4,,,,Oruro,"Sucursal Oruro","No disponible",Salida,"Sin evento",
"20/12/2024 08:37",5,,,,Oruro,"Sucursal Oruro","No disponible",Salida,"Sin evento",
"20/12/2024 17:14",4,,,,Oruro,"Sucursal Oruro","No disponible",Salida,"Sin evento",
"20/12/2024 17:14",5,,,,Oruro,"Sucursal Oruro","No disponible",Salida,"Sin evento",
"20/12/2024 17:23",7281679,,,,Oruro,"Sucursal Oruro","No disponible",Salida,"Sin evento",
"20/12/2024 18:25",1,,,,Oruro,"Sucursal Oruro","No disponible",Salida,"Sin evento",
"20/12/2024 18:25",1,,,,Oruro,"Sucursal Oruro","No disponible",Salida,"Sin evento",
"21/12/2024 08:57",4,,,,Oruro,"Sucursal Oruro","No disponible",Salida,"Sin evento",
"21/12/2024 08:58",5,,,,Oruro,"Sucursal Oruro","No disponible",Salida,"Sin evento",
"23/12/2024 08:09",4,,,,Oruro,"Sucursal Oruro","No disponible",Salida,"Sin evento",
"23/12/2024 08:23",7281679,,,,Oruro,"Sucursal Oruro","No disponible",Salida,"Sin evento",
"23/12/2024 08:27",5,,,,Oruro,"Sucursal Oruro","No disponible",Salida,"Sin evento",
"23/12/2024 17:45",4,,,,Oruro,"Sucursal Oruro","No disponible",Salida,"Sin evento",
"23/12/2024 17:45",5,,,,Oruro,"Sucursal Oruro","No disponible",Salida,"Sin evento",
"23/12/2024 17:49",7281679,,,,Oruro,"Sucursal Oruro","No disponible",Salida,"Sin evento",
"24/12/2024 08:21",4,,,,Oruro,"Sucursal Oruro","No disponible",Salida,"Sin evento",
"24/12/2024 08:29",7281679,,,,Oruro,"Sucursal Oruro","No disponible",Salida,"Sin evento",
"24/12/2024 08:36",5,,,,Oruro,"Sucursal Oruro","No disponible",Salida,"Sin evento",
"24/12/2024 14:28",4,,,,Oruro,"Sucursal Oruro","No disponible",Salida,"Sin evento",
"24/12/2024 15:35",5,,,,Oruro,"Sucursal Oruro","No disponible",Salida,"Sin evento",
"24/12/2024 16:56",7281679,,,,Oruro,"Sucursal Oruro","No disponible",Salida,"Sin evento",
"26/12/2024 08:17",7281679,,,,Oruro,"Sucursal Oruro","No disponible",Salida,"Sin evento",
"26/12/2024 08:17",4,,,,Oruro,"Sucursal Oruro","No disponible",Salida,"Sin evento",
"26/12/2024 08:29",5,,,,Oruro,"Sucursal Oruro","No disponible",Salida,"Sin evento",
"26/12/2024 16:55",7281679,,,,Oruro,"Sucursal Oruro","No disponible",Salida,"Sin evento",
"26/12/2024 16:56",5,,,,Oruro,"Sucursal Oruro","No disponible",Salida,"Sin evento",
"26/12/2024 17:01",4,,,,Oruro,"Sucursal Oruro","No disponible",Salida,"Sin evento",
"27/12/2024 08:19",7281679,,,,Oruro,"Sucursal Oruro","No disponible",Salida,"Sin evento",
"27/12/2024 08:20",4,,,,Oruro,"Sucursal Oruro","No disponible",Salida,"Sin evento",
"27/12/2024 08:34",5,,,,Oruro,"Sucursal Oruro","No disponible",Salida,"Sin evento",
"27/12/2024 18:46",5,,,,Oruro,"Sucursal Oruro","No disponible",Salida,"Sin evento",
"27/12/2024 19:09",4,,,,Oruro,"Sucursal Oruro","No disponible",Salida,"Sin evento",
"27/12/2024 19:14",7281679,,,,Oruro,"Sucursal Oruro","No disponible",Salida,"Sin evento",
"28/12/2024 09:08",5,,,,Oruro,"Sucursal Oruro","No disponible",Salida,"Sin evento",
"28/12/2024 09:08",4,,,,Oruro,"Sucursal Oruro","No disponible",Salida,"Sin evento",
"28/12/2024 09:09",7281679,,,,Oruro,"Sucursal Oruro","No disponible",Salida,"Sin evento",
"30/12/2024 08:19",4,,,,Oruro,"Sucursal Oruro","No disponible",Salida,"Sin evento",
"30/12/2024 08:20",7281679,,,,Oruro,"Sucursal Oruro","No disponible",Salida,"Sin evento",
"30/12/2024 08:27",5,,,,Oruro,"Sucursal Oruro","No disponible",Salida,"Sin evento",
"30/12/2024 17:41",5,,,,Oruro,"Sucursal Oruro","No disponible",Salida,"Sin evento",
"30/12/2024 19:07",4,,,,Oruro,"Sucursal Oruro","No disponible",Salida,"Sin evento",
"30/12/2024 19:22",7281679,,,,Oruro,"Sucursal Oruro","No disponible",Salida,"Sin evento",
"30/12/2024 19:22",1,,,,Oruro,"Sucursal Oruro","No disponible",Salida,"Sin evento",
"31/12/2024 08:11",1,,,,Oruro,"Sucursal Oruro","No disponible",Salida,"Sin evento",
"31/12/2024 08:25",7281679,,,,Oruro,"Sucursal Oruro","No disponible",Salida,"Sin evento",
"31/12/2024 08:27",4,,,,Oruro,"Sucursal Oruro","No disponible",Salida,"Sin evento",
"31/12/2024 08:33",5,,,,Oruro,"Sucursal Oruro","No disponible",Salida,"Sin evento",
"31/12/2024 15:23",7281679,,,,Oruro,"Sucursal Oruro","No disponible",Salida,"Sin evento",
"31/12/2024 15:24",5,,,,Oruro,"Sucursal Oruro","No disponible",Salida,"Sin evento",
"31/12/2024 15:24",4,,,,Oruro,"Sucursal Oruro","No disponible",Salida,"Sin evento",
"31/12/2024 15:25",1,,,,Oruro,"Sucursal Oruro","No disponible",Salida,"Sin evento",
"02/01/2025 08:19",4,,,,Oruro,"Sucursal Oruro","No disponible",Salida,"Sin evento",
"02/01/2025 08:22",1,,,,Oruro,"Sucursal Oruro","No disponible",Salida,"Sin evento",
"02/01/2025 08:27",7281679,,,,Oruro,"Sucursal Oruro","No disponible",Salida,"Sin evento",
"02/01/2025 08:33",5,,,,Oruro,"Sucursal Oruro","No disponible",Salida,"Sin evento",
"02/01/2025 17:33",4,,,,Oruro,"Sucursal Oruro","No disponible",Salida,"Sin evento",
"02/01/2025 17:44",7281679,,,,Oruro,"Sucursal Oruro","No disponible",Salida,"Sin evento",
"02/01/2025 17:45",5,,,,Oruro,"Sucursal Oruro","No disponible",Salida,"Sin evento",
"02/01/2025 18:33",1,,,,Oruro,"Sucursal Oruro","No disponible",Salida,"Sin evento",
"03/01/2025 08:12",1,,,,Oruro,"Sucursal Oruro","No disponible",Salida,"Sin evento",
"03/01/2025 08:17",7281679,,,,Oruro,"Sucursal Oruro","No disponible",Salida,"Sin evento",
"03/01/2025 08:18",4,,,,Oruro,"Sucursal Oruro","No disponible",Salida,"Sin evento",
"03/01/2025 08:30",5,,,,Oruro,"Sucursal Oruro","No disponible",Salida,"Sin evento",
"03/01/2025 16:48",7281679,,,,Oruro,"Sucursal Oruro","No disponible",Salida,"Sin evento",
"03/01/2025 17:06",1,,,,Oruro,"Sucursal Oruro","No disponible",Salida,"Sin evento",
"03/01/2025 17:10",5,,,,Oruro,"Sucursal Oruro","No disponible",Salida,"Sin evento",
"03/01/2025 17:28",4,,,,Oruro,"Sucursal Oruro","No disponible",Salida,"Sin evento",
"03/01/2025 17:28",5,,,,Oruro,"Sucursal Oruro","No disponible",Salida,"Sin evento",
"04/01/2025 08:55",4,,,,Oruro,"Sucursal Oruro","No disponible",Salida,"Sin evento",
"04/01/2025 08:58",7281679,,,,Oruro,"Sucursal Oruro","No disponible",Salida,"Sin evento",
"04/01/2025 09:05",5,,,,Oruro,"Sucursal Oruro","No disponible",Salida,"Sin evento",
"06/01/2025 07:50",1,,,,Oruro,"Sucursal Oruro","No disponible",Salida,"Sin evento",
"06/01/2025 08:18",5,,,,Oruro,"Sucursal Oruro","No disponible",Salida,"Sin evento",
"06/01/2025 08:18",4,,,,Oruro,"Sucursal Oruro","No disponible",Salida,"Sin evento",
"06/01/2025 08:27",7281679,,,,Oruro,"Sucursal Oruro","No disponible",Salida,"Sin evento",
"06/01/2025 17:27",5,,,,Oruro,"Sucursal Oruro","No disponible",Salida,"Sin evento",
"06/01/2025 17:43",7281679,,,,Oruro,"Sucursal Oruro","No disponible",Salida,"Sin evento",
"06/01/2025 18:02",4,,,,Oruro,"Sucursal Oruro","No disponible",Salida,"Sin evento",
"06/01/2025 18:14",1,,,,Oruro,"Sucursal Oruro","No disponible",Salida,"Sin evento",
"07/01/2025 07:53",1,,,,Oruro,"Sucursal Oruro","No disponible",Salida,"Sin evento",
"07/01/2025 08:10",5,,,,Oruro,"Sucursal Oruro","No disponible",Salida,"Sin evento",
"07/01/2025 08:21",4,,,,Oruro,"Sucursal Oruro","No disponible",Salida,"Sin evento",
"07/01/2025 08:38",7281679,,,,Oruro,"Sucursal Oruro","No disponible",Salida,"Sin evento",
"07/01/2025 18:22",7281679,,,,Oruro,"Sucursal Oruro","No disponible",Salida,"Sin evento",
"07/01/2025 18:53",5,,,,Oruro,"Sucursal Oruro","No disponible",Salida,"Sin evento",
"07/01/2025 18:53",4,,,,Oruro,"Sucursal Oruro","No disponible",Salida,"Sin evento",
"07/01/2025 19:13",1,,,,Oruro,"Sucursal Oruro","No disponible",Salida,"Sin evento",
"08/01/2025 08:16",1,,,,Oruro,"Sucursal Oruro","No disponible",Salida,"Sin evento",
"08/01/2025 08:26",4,,,,Oruro,"Sucursal Oruro","No disponible",Salida,"Sin evento",
"08/01/2025 08:26",7281679,,,,Oruro,"Sucursal Oruro","No disponible",Salida,"Sin evento",
"08/01/2025 08:26",5,,,,Oruro,"Sucursal Oruro","No disponible",Salida,"Sin evento",
"08/01/2025 17:42",7281679,,,,Oruro,"Sucursal Oruro","No disponible",Salida,"Sin evento",
"08/01/2025 17:45",5,,,,Oruro,"Sucursal Oruro","No disponible",Salida,"Sin evento",
"08/01/2025 17:51",4,,,,Oruro,"Sucursal Oruro","No disponible",Salida,"Sin evento",
"08/01/2025 18:58",1,,,,Oruro,"Sucursal Oruro","No disponible",Salida,"Sin evento",
"09/01/2025 07:49",1,,,,Oruro,"Sucursal Oruro","No disponible",Salida,"Sin evento",
"09/01/2025 08:16",4,,,,Oruro,"Sucursal Oruro","No disponible",Salida,"Sin evento",
"09/01/2025 08:26",7281679,,,,Oruro,"Sucursal Oruro","No disponible",Salida,"Sin evento",
"09/01/2025 08:30",5,,,,Oruro,"Sucursal Oruro","No disponible",Salida,"Sin evento",
"09/01/2025 17:28",4,,,,Oruro,"Sucursal Oruro","No disponible",Salida,"Sin evento",
"09/01/2025 17:36",5,,,,Oruro,"Sucursal Oruro","No disponible",Salida,"Sin evento",
"09/01/2025 17:42",7281679,,,,Oruro,"Sucursal Oruro","No disponible",Salida,"Sin evento",
"09/01/2025 18:33",1,,,,Oruro,"Sucursal Oruro","No disponible",Salida,"Sin evento",
"10/01/2025 08:04",1,,,,Oruro,"Sucursal Oruro","No disponible",Salida,"Sin evento",
"10/01/2025 08:22",7281679,,,,Oruro,"Sucursal Oruro","No disponible",Salida,"Sin evento",
"10/01/2025 08:29",5,,,,Oruro,"Sucursal Oruro","No disponible",Salida,"Sin evento",
"10/01/2025 08:29",4,,,,Oruro,"Sucursal Oruro","No disponible",Salida,"Sin evento",
"10/01/2025 18:22",4,,,,Oruro,"Sucursal Oruro","No disponible",Salida,"Sin evento",
"10/01/2025 18:32",5,,,,Oruro,"Sucursal Oruro","No disponible",Salida,"Sin evento",
"10/01/2025 18:36",7281679,,,,Oruro,"Sucursal Oruro","No disponible",Salida,"Sin evento",
"10/01/2025 18:47",1,,,,Oruro,"Sucursal Oruro","No disponible",Salida,"Sin evento",
"11/01/2025 08:39",4,,,,Oruro,"Sucursal Oruro","No disponible",Salida,"Sin evento",
"11/01/2025 08:39",7281679,,,,Oruro,"Sucursal Oruro","No disponible",Salida,"Sin evento",
"11/01/2025 08:53",5,,,,Oruro,"Sucursal Oruro","No disponible",Salida,"Sin evento",
"13/01/2025 07:59",1,,,,Oruro,"Sucursal Oruro","No disponible",Salida,"Sin evento",
"13/01/2025 08:22",4,,,,Oruro,"Sucursal Oruro","No disponible",Salida,"Sin evento",
"13/01/2025 08:23",7281679,,,,Oruro,"Sucursal Oruro","No disponible",Salida,"Sin evento",
"13/01/2025 08:29",5,,,,Oruro,"Sucursal Oruro","No disponible",Salida,"Sin evento",
"13/01/2025 17:50",5,,,,Oruro,"Sucursal Oruro","No disponible",Salida,"Sin evento",
"13/01/2025 18:36",1,,,,Oruro,"Sucursal Oruro","No disponible",Salida,"Sin evento",
"13/01/2025 18:43",4,,,,Oruro,"Sucursal Oruro","No disponible",Salida,"Sin evento",
"13/01/2025 18:47",7281679,,,,Oruro,"Sucursal Oruro","No disponible",Salida,"Sin evento",
"14/01/2025 07:58",1,,,,Oruro,"Sucursal Oruro","No disponible",Salida,"Sin evento",
"14/01/2025 08:21",7281679,,,,Oruro,"Sucursal Oruro","No disponible",Salida,"Sin evento",
"14/01/2025 08:21",4,,,,Oruro,"Sucursal Oruro","No disponible",Salida,"Sin evento",
"14/01/2025 08:21",5,,,,Oruro,"Sucursal Oruro","No disponible",Salida,"Sin evento",
"14/01/2025 17:41",5,,,,Oruro,"Sucursal Oruro","No disponible",Salida,"Sin evento",
"14/01/2025 17:54",4,,,,Oruro,"Sucursal Oruro","No disponible",Salida,"Sin evento",
"14/01/2025 17:58",7281679,,,,Oruro,"Sucursal Oruro","No disponible",Salida,"Sin evento",
"14/01/2025 18:39",1,,,,Oruro,"Sucursal Oruro","No disponible",Salida,"Sin evento",
"15/01/2025 07:54",1,,,,Oruro,"Sucursal Oruro","No disponible",Salida,"Sin evento",
"15/01/2025 08:31",4,,,,Oruro,"Sucursal Oruro","No disponible",Salida,"Sin evento",
"15/01/2025 08:32",5,,,,Oruro,"Sucursal Oruro","No disponible",Salida,"Sin evento",
"15/01/2025 08:34",7281679,,,,Oruro,"Sucursal Oruro","No disponible",Salida,"Sin evento",
"15/01/2025 18:38",5,,,,Oruro,"Sucursal Oruro","No disponible",Salida,"Sin evento",
"15/01/2025 18:38",4,,,,Oruro,"Sucursal Oruro","No disponible",Salida,"Sin evento",
"15/01/2025 18:39",7281679,,,,Oruro,"Sucursal Oruro","No disponible",Salida,"Sin evento",
"15/01/2025 19:19",1,,,,Oruro,"Sucursal Oruro","No disponible",Salida,"Sin evento",
"16/01/2025 07:44",1,,,,Oruro,"Sucursal Oruro","No disponible",Salida,"Sin evento",
"16/01/2025 08:23",4,,,,Oruro,"Sucursal Oruro","No disponible",Salida,"Sin evento",
"16/01/2025 08:24",7281679,,,,Oruro,"Sucursal Oruro","No disponible",Salida,"Sin evento",
"16/01/2025 08:34",5,,,,Oruro,"Sucursal Oruro","No disponible",Salida,"Sin evento",
"16/01/2025 17:23",5,,,,Oruro,"Sucursal Oruro","No disponible",Salida,"Sin evento",
"16/01/2025 17:39",7281679,,,,Oruro,"Sucursal Oruro","No disponible",Salida,"Sin evento",
"16/01/2025 18:31",4,,,,Oruro,"Sucursal Oruro","No disponible",Salida,"Sin evento",
"16/01/2025 18:52",1,,,,Oruro,"Sucursal Oruro","No disponible",Salida,"Sin evento",
"17/01/2025 07:54",1,,,,Oruro,"Sucursal Oruro","No disponible",Salida,"Sin evento",
"17/01/2025 08:24",7281679,,,,Oruro,"Sucursal Oruro","No disponible",Salida,"Sin evento",
"17/01/2025 08:30",5,,,,Oruro,"Sucursal Oruro","No disponible",Salida,"Sin evento",
"17/01/2025 08:32",4,,,,Oruro,"Sucursal Oruro","No disponible",Salida,"Sin evento",
"17/01/2025 18:33",7281679,,,,Oruro,"Sucursal Oruro","No disponible",Salida,"Sin evento",
"17/01/2025 18:36",5,,,,Oruro,"Sucursal Oruro","No disponible",Salida,"Sin evento",
"17/01/2025 18:49",4,,,,Oruro,"Sucursal Oruro","No disponible",Salida,"Sin evento",
"17/01/2025 19:00",1,,,,Oruro,"Sucursal Oruro","No disponible",Salida,"Sin evento",
"18/01/2025 08:49",4,,,,Oruro,"Sucursal Oruro","No disponible",Salida,"Sin evento",
"18/01/2025 08:52",5,,,,Oruro,"Sucursal Oruro","No disponible",Salida,"Sin evento",
"18/01/2025 09:06",7281679,,,,Oruro,"Sucursal Oruro","No disponible",Salida,"Sin evento",
"18/01/2025 13:01",7281679,,,,Oruro,"Sucursal Oruro","No disponible",Salida,"Sin evento",
"20/01/2025 08:01",1,,,,Oruro,"Sucursal Oruro","No disponible",Salida,"Sin evento",
"20/01/2025 08:20",4,,,,Oruro,"Sucursal Oruro","No disponible",Salida,"Sin evento",
"20/01/2025 08:21",5,,,,Oruro,"Sucursal Oruro","No disponible",Salida,"Sin evento",
"20/01/2025 08:33",7281679,,,,Oruro,"Sucursal Oruro","No disponible",Salida,"Sin evento",
"20/01/2025 16:43",5,,,,Oruro,"Sucursal Oruro","No disponible",Salida,"Sin evento",
"20/01/2025 17:30",7281679,,,,Oruro,"Sucursal Oruro","No disponible",Salida,"Sin evento",
"20/01/2025 18:53",4,,,,Oruro,"Sucursal Oruro","No disponible",Salida,"Sin evento",
"20/01/2025 18:56",1,,,,Oruro,"Sucursal Oruro","No disponible",Salida,"Sin evento",
"21/01/2025 07:51",1,,,,Oruro,"Sucursal Oruro","No disponible",Salida,"Sin evento",
"21/01/2025 08:17",4,,,,Oruro,"Sucursal Oruro","No disponible",Salida,"Sin evento",
"21/01/2025 08:19",5,,,,Oruro,"Sucursal Oruro","No disponible",Salida,"Sin evento",
"21/01/2025 08:22",7281679,,,,Oruro,"Sucursal Oruro","No disponible",Salida,"Sin evento",
"21/01/2025 17:38",4,,,,Oruro,"Sucursal Oruro","No disponible",Salida,"Sin evento",
"21/01/2025 17:38",5,,,,Oruro,"Sucursal Oruro","No disponible",Salida,"Sin evento",
"21/01/2025 18:23",7281679,,,,Oruro,"Sucursal Oruro","No disponible",Salida,"Sin evento",
"21/01/2025 18:33",1,,,,Oruro,"Sucursal Oruro","No disponible",Salida,"Sin evento",
"23/01/2025 07:57",1,,,,Oruro,"Sucursal Oruro","No disponible",Salida,"Sin evento",
"23/01/2025 08:18",4,,,,Oruro,"Sucursal Oruro","No disponible",Salida,"Sin evento",
"23/01/2025 08:20",7281679,,,,Oruro,"Sucursal Oruro","No disponible",Salida,"Sin evento",
"23/01/2025 08:26",5,,,,Oruro,"Sucursal Oruro","No disponible",Salida,"Sin evento",
"23/01/2025 17:48",7281679,,,,Oruro,"Sucursal Oruro","No disponible",Salida,"Sin evento",
"23/01/2025 17:49",5,,,,Oruro,"Sucursal Oruro","No disponible",Salida,"Sin evento",
"23/01/2025 18:01",4,,,,Oruro,"Sucursal Oruro","No disponible",Salida,"Sin evento",
"23/01/2025 18:36",1,,,,Oruro,"Sucursal Oruro","No disponible",Salida,"Sin evento",
"24/01/2025 07:53",1,,,,Oruro,"Sucursal Oruro","No disponible",Salida,"Sin evento",
"24/01/2025 08:18",7281679,,,,Oruro,"Sucursal Oruro","No disponible",Salida,"Sin evento",
"24/01/2025 08:18",4,,,,Oruro,"Sucursal Oruro","No disponible",Salida,"Sin evento",
"24/01/2025 08:23",5,,,,Oruro,"Sucursal Oruro","No disponible",Salida,"Sin evento",
"24/01/2025 17:02",5,,,,Oruro,"Sucursal Oruro","No disponible",Salida,"Sin evento",
"24/01/2025 17:24",7281679,,,,Oruro,"Sucursal Oruro","No disponible",Salida,"Sin evento",
"24/01/2025 18:00",4,,,,Oruro,"Sucursal Oruro","No disponible",Salida,"Sin evento",
"24/01/2025 18:41",1,,,,Oruro,"Sucursal Oruro","No disponible",Salida,"Sin evento",
"25/01/2025 08:51",4,,,,Oruro,"Sucursal Oruro","No disponible",Salida,"Sin evento",
"25/01/2025 08:51",7281679,,,,Oruro,"Sucursal Oruro","No disponible",Salida,"Sin evento",
"25/01/2025 08:57",5,,,,Oruro,"Sucursal Oruro","No disponible",Salida,"Sin evento",
"27/01/2025 07:41",1,,,,Oruro,"Sucursal Oruro","No disponible",Salida,"Sin evento",
"27/01/2025 08:07",4,,,,Oruro,"Sucursal Oruro","No disponible",Salida,"Sin evento",
"27/01/2025 08:21",5,,,,Oruro,"Sucursal Oruro","No disponible",Salida,"Sin evento",
"27/01/2025 08:32",7281679,,,,Oruro,"Sucursal Oruro","No disponible",Salida,"Sin evento",
"27/01/2025 17:00",5,,,,Oruro,"Sucursal Oruro","No disponible",Salida,"Sin evento",
"27/01/2025 17:02",7281679,,,,Oruro,"Sucursal Oruro","No disponible",Salida,"Sin evento",
"27/01/2025 18:04",4,,,,Oruro,"Sucursal Oruro","No disponible",Salida,"Sin evento",
"27/01/2025 18:06",1,,,,Oruro,"Sucursal Oruro","No disponible",Salida,"Sin evento",
"28/01/2025 08:14",1,,,,Oruro,"Sucursal Oruro","No disponible",Salida,"Sin evento",
"28/01/2025 08:22",4,,,,Oruro,"Sucursal Oruro","No disponible",Salida,"Sin evento",
"28/01/2025 08:26",7281679,,,,Oruro,"Sucursal Oruro","No disponible",Salida,"Sin evento",
"28/01/2025 08:30",5,,,,Oruro,"Sucursal Oruro","No disponible",Salida,"Sin evento",
"28/01/2025 17:29",7281679,,,,Oruro,"Sucursal Oruro","No disponible",Salida,"Sin evento",
"28/01/2025 18:19",4,,,,Oruro,"Sucursal Oruro","No disponible",Salida,"Sin evento",
"28/01/2025 18:21",1,,,,Oruro,"Sucursal Oruro","No disponible",Salida,"Sin evento",
"28/01/2025 18:32",5,,,,Oruro,"Sucursal Oruro","No disponible",Salida,"Sin evento",
"29/01/2025 08:05",1,,,,Oruro,"Sucursal Oruro","No disponible",Salida,"Sin evento",
"29/01/2025 08:31",4,,,,Oruro,"Sucursal Oruro","No disponible",Salida,"Sin evento",
"29/01/2025 08:32",5,,,,Oruro,"Sucursal Oruro","No disponible",Salida,"Sin evento",
"29/01/2025 08:37",7281679,,,,Oruro,"Sucursal Oruro","No disponible",Salida,"Sin evento",
"29/01/2025 19:43",4,,,,Oruro,"Sucursal Oruro","No disponible",Salida,"Sin evento",
"29/01/2025 19:43",7281679,,,,Oruro,"Sucursal Oruro","No disponible",Salida,"Sin evento",
"29/01/2025 19:43",5,,,,Oruro,"Sucursal Oruro","No disponible",Salida,"Sin evento",
"29/01/2025 19:51",1,,,,Oruro,"Sucursal Oruro","No disponible",Salida,"Sin evento",
"30/01/2025 07:53",1,,,,Oruro,"Sucursal Oruro","No disponible",Salida,"Sin evento",
"30/01/2025 08:22",4,,,,Oruro,"Sucursal Oruro","No disponible",Salida,"Sin evento",
"30/01/2025 08:30",7281679,,,,Oruro,"Sucursal Oruro","No disponible",Salida,"Sin evento",
"30/01/2025 08:33",5,,,,Oruro,"Sucursal Oruro","No disponible",Salida,"Sin evento",
"30/01/2025 17:23",7281679,,,,Oruro,"Sucursal Oruro","No disponible",Salida,"Sin evento",
"30/01/2025 17:26",5,,,,Oruro,"Sucursal Oruro","No disponible",Salida,"Sin evento",
"30/01/2025 17:59",4,,,,Oruro,"Sucursal Oruro","No disponible",Salida,"Sin evento",
"31/01/2025 08:28",5,,,,Oruro,"Sucursal Oruro","No disponible",Salida,"Sin evento",
"31/01/2025 08:29",4,,,,Oruro,"Sucursal Oruro","No disponible",Salida,"Sin evento",
"31/01/2025 08:30",7281679,,,,Oruro,"Sucursal Oruro","No disponible",Salida,"Sin evento",
"31/01/2025 17:37",4,,,,Oruro,"Sucursal Oruro","No disponible",Salida,"Sin evento",
"31/01/2025 17:37",7281679,,,,Oruro,"Sucursal Oruro","No disponible",Salida,"Sin evento",
"31/01/2025 17:37",5,,,,Oruro,"Sucursal Oruro","No disponible",Salida,"Sin evento",
"01/02/2025 08:35",4,,,,Oruro,"Sucursal Oruro","No disponible",Salida,"Sin evento",
"01/02/2025 09:07",5,,,,Oruro,"Sucursal Oruro","No disponible",Salida,"Sin evento",
"01/02/2025 13:06",4,,,,Oruro,"Sucursal Oruro","No disponible",Salida,"Sin evento",
"03/02/2025 08:06",4,,,,Oruro,"Sucursal Oruro","No disponible",Salida,"Sin evento",
"03/02/2025 08:29",7281679,,,,Oruro,"Sucursal Oruro","No disponible",Salida,"Sin evento",
"03/02/2025 08:42",5,,,,Oruro,"Sucursal Oruro","No disponible",Salida,"Sin evento",
"03/02/2025 17:22",7281679,,,,Oruro,"Sucursal Oruro","No disponible",Salida,"Sin evento",
"03/02/2025 17:24",5,,,,Oruro,"Sucursal Oruro","No disponible",Salida,"Sin evento",
"03/02/2025 17:57",4,,,,Oruro,"Sucursal Oruro","No disponible",Salida,"Sin evento",
"03/02/2025 18:00",5,,,,Oruro,"Sucursal Oruro","No disponible",Salida,"Sin evento",
"04/02/2025 08:15",4,,,,Oruro,"Sucursal Oruro","No disponible",Salida,"Sin evento",
"04/02/2025 08:15",7281679,,,,Oruro,"Sucursal Oruro","No disponible",Salida,"Sin evento",
"04/02/2025 08:33",5,,,,Oruro,"Sucursal Oruro","No disponible",Salida,"Sin evento",
"04/02/2025 17:50",7281679,,,,Oruro,"Sucursal Oruro","No disponible",Salida,"Sin evento",
"04/02/2025 18:05",5,,,,Oruro,"Sucursal Oruro","No disponible",Salida,"Sin evento",
"04/02/2025 18:13",4,,,,Oruro,"Sucursal Oruro","No disponible",Salida,"Sin evento",
"05/02/2025 08:02",4,,,,Oruro,"Sucursal Oruro","No disponible",Salida,"Sin evento",
"05/02/2025 08:06",4,,,,Oruro,"Sucursal Oruro","No disponible",Salida,"Sin evento",
"05/02/2025 08:27",1,,,,Oruro,"Sucursal Oruro","No disponible",Salida,"Sin evento",
"05/02/2025 08:33",7281679,,,,Oruro,"Sucursal Oruro","No disponible",Salida,"Sin evento",
"05/02/2025 08:35",5,,,,Oruro,"Sucursal Oruro","No disponible",Salida,"Sin evento",
"05/02/2025 17:13",5,,,,Oruro,"Sucursal Oruro","No disponible",Salida,"Sin evento",
"05/02/2025 17:13",7281679,,,,Oruro,"Sucursal Oruro","No disponible",Salida,"Sin evento",
"05/02/2025 17:18",4,,,,Oruro,"Sucursal Oruro","No disponible",Salida,"Sin evento",
"05/02/2025 17:27",1,,,,Oruro,"Sucursal Oruro","No disponible",Salida,"Sin evento",
"06/02/2025 07:58",1,,,,Oruro,"Sucursal Oruro","No disponible",Salida,"Sin evento",
"06/02/2025 08:12",4,,,,Oruro,"Sucursal Oruro","No disponible",Salida,"Sin evento",
"06/02/2025 08:20",7281679,,,,Oruro,"Sucursal Oruro","No disponible",Salida,"Sin evento",
"06/02/2025 08:38",5,,,,Oruro,"Sucursal Oruro","No disponible",Salida,"Sin evento",
"06/02/2025 17:15",7281679,,,,Oruro,"Sucursal Oruro","No disponible",Salida,"Sin evento",
"06/02/2025 18:24",1,,,,Oruro,"Sucursal Oruro","No disponible",Salida,"Sin evento",
"06/02/2025 19:53",4,,,,Oruro,"Sucursal Oruro","No disponible",Salida,"Sin evento",
"06/02/2025 20:04",4,,,,Oruro,"Sucursal Oruro","No disponible",Salida,"Sin evento",
"07/02/2025 08:06",1,,,,Oruro,"Sucursal Oruro","No disponible",Salida,"Sin evento",
"07/02/2025 08:19",7281679,,,,Oruro,"Sucursal Oruro","No disponible",Salida,"Sin evento",
"07/02/2025 08:20",4,,,,Oruro,"Sucursal Oruro","No disponible",Salida,"Sin evento",
"07/02/2025 08:24",7281679,,,,Oruro,"Sucursal Oruro","No disponible",Salida,"Sin evento",
"07/02/2025 08:37",5,,,,Oruro,"Sucursal Oruro","No disponible",Salida,"Sin evento",
"07/02/2025 17:00",1,,,,Oruro,"Sucursal Oruro","No disponible",Salida,"Sin evento",
"07/02/2025 19:13",5,,,,Oruro,"Sucursal Oruro","No disponible",Salida,"Sin evento",
"07/02/2025 19:16",1,,,,Oruro,"Sucursal Oruro","No disponible",Salida,"Sin evento",
"07/02/2025 19:16",4,,,,Oruro,"Sucursal Oruro","No disponible",Salida,"Sin evento",
"07/02/2025 19:30",7281679,,,,Oruro,"Sucursal Oruro","No disponible",Salida,"Sin evento",
"11/02/2025 08:00",4,,,,Oruro,"Sucursal Oruro","No disponible",Salida,"Sin evento",
"11/02/2025 08:00",5,,,,Oruro,"Sucursal Oruro","No disponible",Salida,"Sin evento",
"11/02/2025 08:28",7281679,,,,Oruro,"Sucursal Oruro","No disponible",Salida,"Sin evento",
"11/02/2025 08:28",1,,,,Oruro,"Sucursal Oruro","No disponible",Salida,"Sin evento",
"11/02/2025 18:05",5,,,,Oruro,"Sucursal Oruro","No disponible",Salida,"Sin evento",
"11/02/2025 18:12",7281679,,,,Oruro,"Sucursal Oruro","No disponible",Salida,"Sin evento",
"11/02/2025 18:25",4,,,,Oruro,"Sucursal Oruro","No disponible",Salida,"Sin evento",
"11/02/2025 18:28",1,,,,Oruro,"Sucursal Oruro","No disponible",Salida,"Sin evento",
"12/02/2025 07:52",1,,,,Oruro,"Sucursal Oruro","No disponible",Salida,"Sin evento",
"12/02/2025 08:32",4,,,,Oruro,"Sucursal Oruro","No disponible",Salida,"Sin evento",
"12/02/2025 08:42",5,,,,Oruro,"Sucursal Oruro","No disponible",Salida,"Sin evento",
"12/02/2025 08:50",7281679,,,,Oruro,"Sucursal Oruro","No disponible",Salida,"Sin evento",
"12/02/2025 17:40",5,,,,Oruro,"Sucursal Oruro","No disponible",Salida,"Sin evento",
"12/02/2025 17:40",7281679,,,,Oruro,"Sucursal Oruro","No disponible",Salida,"Sin evento",
"12/02/2025 18:31",4,,,,Oruro,"Sucursal Oruro","No disponible",Salida,"Sin evento",
"12/02/2025 18:55",1,,,,Oruro,"Sucursal Oruro","No disponible",Salida,"Sin evento",
"13/02/2025 08:01",1,,,,Oruro,"Sucursal Oruro","No disponible",Salida,"Sin evento",
"13/02/2025 08:02",4,,,,Oruro,"Sucursal Oruro","No disponible",Salida,"Sin evento",
"13/02/2025 08:14",7281679,,,,Oruro,"Sucursal Oruro","No disponible",Salida,"Sin evento",
"13/02/2025 08:40",5,,,,Oruro,"Sucursal Oruro","No disponible",Salida,"Sin evento",
"13/02/2025 17:25",5,,,,Oruro,"Sucursal Oruro","No disponible",Salida,"Sin evento",
"13/02/2025 17:30",7281679,,,,Oruro,"Sucursal Oruro","No disponible",Salida,"Sin evento",
"13/02/2025 18:35",4,,,,Oruro,"Sucursal Oruro","No disponible",Salida,"Sin evento",
"13/02/2025 19:11",1,,,,Oruro,"Sucursal Oruro","No disponible",Salida,"Sin evento",
"14/02/2025 08:02",4,,,,Oruro,"Sucursal Oruro","No disponible",Salida,"Sin evento",
"14/02/2025 08:11",1,,,,Oruro,"Sucursal Oruro","No disponible",Salida,"Sin evento",
"14/02/2025 08:37",7281679,,,,Oruro,"Sucursal Oruro","No disponible",Salida,"Sin evento",
"14/02/2025 08:41",5,,,,Oruro,"Sucursal Oruro","No disponible",Salida,"Sin evento",
"14/02/2025 17:47",7281679,,,,Oruro,"Sucursal Oruro","No disponible",Salida,"Sin evento",
"14/02/2025 17:47",5,,,,Oruro,"Sucursal Oruro","No disponible",Salida,"Sin evento",
"14/02/2025 17:50",4,,,,Oruro,"Sucursal Oruro","No disponible",Salida,"Sin evento",
"14/02/2025 19:27",1,,,,Oruro,"Sucursal Oruro","No disponible",Salida,"Sin evento",
"15/02/2025 08:40",4,,,,Oruro,"Sucursal Oruro","No disponible",Salida,"Sin evento",
"15/02/2025 09:00",7281679,,,,Oruro,"Sucursal Oruro","No disponible",Salida,"Sin evento",
"15/02/2025 09:11",5,,,,Oruro,"Sucursal Oruro","No disponible",Salida,"Sin evento",
"15/02/2025 14:09",5,,,,Oruro,"Sucursal Oruro","No disponible",Salida,"Sin evento",
"15/02/2025 14:09",4,,,,Oruro,"Sucursal Oruro","No disponible",Salida,"Sin evento",
"17/02/2025 07:52",4,,,,Oruro,"Sucursal Oruro","No disponible",Salida,"Sin evento",
"17/02/2025 07:53",1,,,,Oruro,"Sucursal Oruro","No disponible",Salida,"Sin evento",
"17/02/2025 08:24",4,,,,Oruro,"Sucursal Oruro","No disponible",Salida,"Sin evento",
"17/02/2025 08:37",7281679,,,,Oruro,"Sucursal Oruro","No disponible",Salida,"Sin evento",
"17/02/2025 08:41",5,,,,Oruro,"Sucursal Oruro","No disponible",Salida,"Sin evento",
"17/02/2025 17:46",7281679,,,,Oruro,"Sucursal Oruro","No disponible",Salida,"Sin evento",
"17/02/2025 17:47",5,,,,Oruro,"Sucursal Oruro","No disponible",Salida,"Sin evento",
"17/02/2025 17:52",4,,,,Oruro,"Sucursal Oruro","No disponible",Salida,"Sin evento",
"17/02/2025 18:44",1,,,,Oruro,"Sucursal Oruro","No disponible",Salida,"Sin evento",
"18/02/2025 07:48",4,,,,Oruro,"Sucursal Oruro","No disponible",Salida,"Sin evento",
"18/02/2025 07:52",1,,,,Oruro,"Sucursal Oruro","No disponible",Salida,"Sin evento",
"18/02/2025 08:11",4,,,,Oruro,"Sucursal Oruro","No disponible",Salida,"Sin evento",
"18/02/2025 08:38",7281679,,,,Oruro,"Sucursal Oruro","No disponible",Salida,"Sin evento",
"18/02/2025 08:39",5,,,,Oruro,"Sucursal Oruro","No disponible",Salida,"Sin evento",
"18/02/2025 17:37",4,,,,Oruro,"Sucursal Oruro","No disponible",Salida,"Sin evento",
"18/02/2025 17:52",5,,,,Oruro,"Sucursal Oruro","No disponible",Salida,"Sin evento",
"18/02/2025 18:01",7281679,,,,Oruro,"Sucursal Oruro","No disponible",Salida,"Sin evento",
"18/02/2025 18:54",1,,,,Oruro,"Sucursal Oruro","No disponible",Salida,"Sin evento",
"19/02/2025 07:58",1,,,,Oruro,"Sucursal Oruro","No disponible",Salida,"Sin evento",
"19/02/2025 08:04",4,,,,Oruro,"Sucursal Oruro","No disponible",Salida,"Sin evento",
"19/02/2025 08:15",4,,,,Oruro,"Sucursal Oruro","No disponible",Salida,"Sin evento",
"19/02/2025 08:23",7281679,,,,Oruro,"Sucursal Oruro","No disponible",Salida,"Sin evento",
"19/02/2025 08:36",5,,,,Oruro,"Sucursal Oruro","No disponible",Salida,"Sin evento",
"19/02/2025 17:56",5,,,,Oruro,"Sucursal Oruro","No disponible",Salida,"Sin evento",
"19/02/2025 18:08",7281679,,,,Oruro,"Sucursal Oruro","No disponible",Salida,"Sin evento",
"19/02/2025 18:12",4,,,,Oruro,"Sucursal Oruro","No disponible",Salida,"Sin evento",
"19/02/2025 19:34",1,,,,Oruro,"Sucursal Oruro","No disponible",Salida,"Sin evento",
"20/02/2025 08:05",4,,,,Oruro,"Sucursal Oruro","No disponible",Salida,"Sin evento",
"20/02/2025 08:06",1,,,,Oruro,"Sucursal Oruro","No disponible",Salida,"Sin evento",
"20/02/2025 08:19",7281679,,,,Oruro,"Sucursal Oruro","No disponible",Salida,"Sin evento",
"20/02/2025 08:33",5,,,,Oruro,"Sucursal Oruro","No disponible",Salida,"Sin evento",
"20/02/2025 18:28",7281679,,,,Oruro,"Sucursal Oruro","No disponible",Salida,"Sin evento",
"20/02/2025 18:30",5,,,,Oruro,"Sucursal Oruro","No disponible",Salida,"Sin evento",
"20/02/2025 19:03",4,,,,Oruro,"Sucursal Oruro","No disponible",Salida,"Sin evento",
"20/02/2025 19:07",1,,,,Oruro,"Sucursal Oruro","No disponible",Salida,"Sin evento",
"21/02/2025 08:06",1,,,,Oruro,"Sucursal Oruro","No disponible",Salida,"Sin evento",
"21/02/2025 08:08",4,,,,Oruro,"Sucursal Oruro","No disponible",Salida,"Sin evento",
"21/02/2025 08:31",5,,,,Oruro,"Sucursal Oruro","No disponible",Salida,"Sin evento",
"21/02/2025 08:37",7281679,,,,Oruro,"Sucursal Oruro","No disponible",Salida,"Sin evento",
"21/02/2025 17:10",7281679,,,,Oruro,"Sucursal Oruro","No disponible",Salida,"Sin evento",
"21/02/2025 17:17",5,,,,Oruro,"Sucursal Oruro","No disponible",Salida,"Sin evento",
"21/02/2025 17:30",4,,,,Oruro,"Sucursal Oruro","No disponible",Salida,"Sin evento",
"21/02/2025 19:11",1,,,,Oruro,"Sucursal Oruro","No disponible",Salida,"Sin evento",
"22/02/2025 08:55",4,,,,Oruro,"Sucursal Oruro","No disponible",Salida,"Sin evento",
"22/02/2025 08:55",7281679,,,,Oruro,"Sucursal Oruro","No disponible",Salida,"Sin evento",
"22/02/2025 09:13",5,,,,Oruro,"Sucursal Oruro","No disponible",Salida,"Sin evento",
"22/02/2025 12:55",7281679,,,,Oruro,"Sucursal Oruro","No disponible",Salida,"Sin evento",
"22/02/2025 13:33",5,,,,Oruro,"Sucursal Oruro","No disponible",Salida,"Sin evento",
"22/02/2025 13:34",4,,,,Oruro,"Sucursal Oruro","No disponible",Salida,"Sin evento",
"24/02/2025 07:56",1,,,,Oruro,"Sucursal Oruro","No disponible",Salida,"Sin evento",
"24/02/2025 07:59",4,,,,Oruro,"Sucursal Oruro","No disponible",Salida,"Sin evento",
"24/02/2025 08:10",4,,,,Oruro,"Sucursal Oruro","No disponible",Salida,"Sin evento",
"24/02/2025 08:27",5,,,,Oruro,"Sucursal Oruro","No disponible",Salida,"Sin evento",
"24/02/2025 08:27",7281679,,,,Oruro,"Sucursal Oruro","No disponible",Salida,"Sin evento",
"24/02/2025 18:04",5,,,,Oruro,"Sucursal Oruro","No disponible",Salida,"Sin evento",
"24/02/2025 18:05",7281679,,,,Oruro,"Sucursal Oruro","No disponible",Salida,"Sin evento",
"24/02/2025 18:50",1,,,,Oruro,"Sucursal Oruro","No disponible",Salida,"Sin evento",
"24/02/2025 19:54",4,,,,Oruro,"Sucursal Oruro","No disponible",Salida,"Sin evento",
"25/02/2025 07:56",1,,,,Oruro,"Sucursal Oruro","No disponible",Salida,"Sin evento",
"25/02/2025 08:04",4,,,,Oruro,"Sucursal Oruro","No disponible",Salida,"Sin evento",
"25/02/2025 08:04",7281679,,,,Oruro,"Sucursal Oruro","No disponible",Salida,"Sin evento",
"25/02/2025 08:37",5,,,,Oruro,"Sucursal Oruro","No disponible",Salida,"Sin evento",
"25/02/2025 17:35",5,,,,Oruro,"Sucursal Oruro","No disponible",Salida,"Sin evento",
"25/02/2025 17:38",5,,,,Oruro,"Sucursal Oruro","No disponible",Salida,"Sin evento",
"25/02/2025 17:41",7281679,,,,Oruro,"Sucursal Oruro","No disponible",Salida,"Sin evento",
"25/02/2025 18:32",4,,,,Oruro,"Sucursal Oruro","No disponible",Salida,"Sin evento",
"25/02/2025 18:34",1,,,,Oruro,"Sucursal Oruro","No disponible",Salida,"Sin evento",
"26/02/2025 08:25",4,,,,Oruro,"Sucursal Oruro","No disponible",Salida,"Sin evento",
"26/02/2025 08:29",1,,,,Oruro,"Sucursal Oruro","No disponible",Salida,"Sin evento",
"26/02/2025 08:31",7281679,,,,Oruro,"Sucursal Oruro","No disponible",Salida,"Sin evento",
"26/02/2025 08:38",5,,,,Oruro,"Sucursal Oruro","No disponible",Salida,"Sin evento",
"26/02/2025 17:40",7281679,,,,Oruro,"Sucursal Oruro","No disponible",Salida,"Sin evento",
"26/02/2025 17:47",5,,,,Oruro,"Sucursal Oruro","No disponible",Salida,"Sin evento",
"26/02/2025 18:38",4,,,,Oruro,"Sucursal Oruro","No disponible",Salida,"Sin evento",
"26/02/2025 19:40",1,,,,Oruro,"Sucursal Oruro","No disponible",Salida,"Sin evento",
"27/02/2025 07:50",5,,,,Oruro,"Sucursal Oruro","No disponible",Salida,"Sin evento",
"27/02/2025 07:50",4,,,,Oruro,"Sucursal Oruro","No disponible",Salida,"Sin evento",
"27/02/2025 08:07",1,,,,Oruro,"Sucursal Oruro","No disponible",Salida,"Sin evento",
"27/02/2025 08:32",7281679,,,,Oruro,"Sucursal Oruro","No disponible",Salida,"Sin evento",
"27/02/2025 18:59",7281679,,,,Oruro,"Sucursal Oruro","No disponible",Salida,"Sin evento",
"27/02/2025 18:59",5,,,,Oruro,"Sucursal Oruro","No disponible",Salida,"Sin evento",
"27/02/2025 19:00",4,,,,Oruro,"Sucursal Oruro","No disponible",Salida,"Sin evento",
"27/02/2025 19:30",1,,,,Oruro,"Sucursal Oruro","No disponible",Salida,"Sin evento",
"28/02/2025 08:17",4,,,,Oruro,"Sucursal Oruro","No disponible",Salida,"Sin evento",
"28/02/2025 08:29",7281679,,,,Oruro,"Sucursal Oruro","No disponible",Salida,"Sin evento",
"28/02/2025 08:33",1,,,,Oruro,"Sucursal Oruro","No disponible",Salida,"Sin evento",
"28/02/2025 08:45",5,,,,Oruro,"Sucursal Oruro","No disponible",Salida,"Sin evento",
"28/02/2025 18:34",5,,,,Oruro,"Sucursal Oruro","No disponible",Salida,"Sin evento",
"28/02/2025 18:41",4,,,,Oruro,"Sucursal Oruro","No disponible",Salida,"Sin evento",
"28/02/2025 18:42",7281679,,,,Oruro,"Sucursal Oruro","No disponible",Salida,"Sin evento",
"28/02/2025 19:22",1,,,,Oruro,"Sucursal Oruro","No disponible",Salida,"Sin evento",
"05/03/2025 07:33",1,,,,Oruro,"Sucursal Oruro","No disponible",Salida,"Sin evento",
"05/03/2025 08:16",4,,,,Oruro,"Sucursal Oruro","No disponible",Salida,"Sin evento",
"05/03/2025 08:21",7281679,,,,Oruro,"Sucursal Oruro","No disponible",Salida,"Sin evento",
"05/03/2025 08:30",5,,,,Oruro,"Sucursal Oruro","No disponible",Salida,"Sin evento",
"05/03/2025 17:47",7281679,,,,Oruro,"Sucursal Oruro","No disponible",Salida,"Sin evento",
"05/03/2025 17:49",5,,,,Oruro,"Sucursal Oruro","No disponible",Salida,"Sin evento",
"05/03/2025 18:38",1,,,,Oruro,"Sucursal Oruro","No disponible",Salida,"Sin evento",
"05/03/2025 18:39",4,,,,Oruro,"Sucursal Oruro","No disponible",Salida,"Sin evento",
"06/03/2025 07:36",1,,,,Oruro,"Sucursal Oruro","No disponible",Salida,"Sin evento",
"06/03/2025 08:22",4,,,,Oruro,"Sucursal Oruro","No disponible",Salida,"Sin evento",
"06/03/2025 08:30",7281679,,,,Oruro,"Sucursal Oruro","No disponible",Salida,"Sin evento",
"06/03/2025 08:35",5,,,,Oruro,"Sucursal Oruro","No disponible",Salida,"Sin evento",
"06/03/2025 19:06",5,,,,Oruro,"Sucursal Oruro","No disponible",Salida,"Sin evento",
"06/03/2025 19:06",4,,,,Oruro,"Sucursal Oruro","No disponible",Salida,"Sin evento",
"06/03/2025 19:09",7281679,,,,Oruro,"Sucursal Oruro","No disponible",Salida,"Sin evento",
"06/03/2025 19:09",1,,,,Oruro,"Sucursal Oruro","No disponible",Salida,"Sin evento",
"07/03/2025 07:34",5,,,,Oruro,"Sucursal Oruro","No disponible",Salida,"Sin evento",
"07/03/2025 07:52",4,,,,Oruro,"Sucursal Oruro","No disponible",Salida,"Sin evento",
"07/03/2025 08:11",1,,,,Oruro,"Sucursal Oruro","No disponible",Salida,"Sin evento",
"07/03/2025 08:17",7281679,,,,Oruro,"Sucursal Oruro","No disponible",Salida,"Sin evento",
"07/03/2025 17:19",7281679,,,,Oruro,"Sucursal Oruro","No disponible",Salida,"Sin evento",
"07/03/2025 18:17",5,,,,Oruro,"Sucursal Oruro","No disponible",Salida,"Sin evento",
"07/03/2025 18:29",4,,,,Oruro,"Sucursal Oruro","No disponible",Salida,"Sin evento",
"07/03/2025 18:39",1,,,,Oruro,"Sucursal Oruro","No disponible",Salida,"Sin evento",
"08/03/2025 08:57",4,,,,Oruro,"Sucursal Oruro","No disponible",Salida,"Sin evento",
"08/03/2025 08:57",5,,,,Oruro,"Sucursal Oruro","No disponible",Salida,"Sin evento",
"08/03/2025 08:57",7281679,,,,Oruro,"Sucursal Oruro","No disponible",Salida,"Sin evento",
"10/03/2025 08:01",4,,,,Oruro,"Sucursal Oruro","No disponible",Salida,"Sin evento",
"10/03/2025 08:22",1,,,,Oruro,"Sucursal Oruro","No disponible",Salida,"Sin evento",
"10/03/2025 08:26",7281679,,,,Oruro,"Sucursal Oruro","No disponible",Salida,"Sin evento",
"10/03/2025 08:35",5,,,,Oruro,"Sucursal Oruro","No disponible",Salida,"Sin evento",
"10/03/2025 17:23",5,,,,Oruro,"Sucursal Oruro","No disponible",Salida,"Sin evento",
"10/03/2025 17:26",7281679,,,,Oruro,"Sucursal Oruro","No disponible",Salida,"Sin evento",
"10/03/2025 18:37",4,,,,Oruro,"Sucursal Oruro","No disponible",Salida,"Sin evento",
"10/03/2025 18:38",1,,,,Oruro,"Sucursal Oruro","No disponible",Salida,"Sin evento",
"11/03/2025 07:44",1,,,,Oruro,"Sucursal Oruro","No disponible",Salida,"Sin evento",
"11/03/2025 07:56",4,,,,Oruro,"Sucursal Oruro","No disponible",Salida,"Sin evento",
"11/03/2025 08:16",7281679,,,,Oruro,"Sucursal Oruro","No disponible",Salida,"Sin evento",
"11/03/2025 08:28",5,,,,Oruro,"Sucursal Oruro","No disponible",Salida,"Sin evento",
"11/03/2025 17:04",5,,,,Oruro,"Sucursal Oruro","No disponible",Salida,"Sin evento",
"11/03/2025 17:06",7281679,,,,Oruro,"Sucursal Oruro","No disponible",Salida,"Sin evento",
"11/03/2025 17:36",4,,,,Oruro,"Sucursal Oruro","No disponible",Salida,"Sin evento",
"11/03/2025 18:23",1,,,,Oruro,"Sucursal Oruro","No disponible",Salida,"Sin evento",
"12/03/2025 07:56",4,,,,Oruro,"Sucursal Oruro","No disponible",Salida,"Sin evento",
"12/03/2025 07:57",7281679,,,,Oruro,"Sucursal Oruro","No disponible",Salida,"Sin evento",
"12/03/2025 08:24",1,,,,Oruro,"Sucursal Oruro","No disponible",Salida,"Sin evento",
"12/03/2025 17:26",5,,,,Oruro,"Sucursal Oruro","No disponible",Salida,"Sin evento",
"12/03/2025 17:44",7281679,,,,Oruro,"Sucursal Oruro","No disponible",Salida,"Sin evento",
"12/03/2025 18:18",4,,,,Oruro,"Sucursal Oruro","No disponible",Salida,"Sin evento",
"12/03/2025 18:25",1,,,,Oruro,"Sucursal Oruro","No disponible",Salida,"Sin evento",
"13/03/2025 07:49",4,,,,Oruro,"Sucursal Oruro","No disponible",Salida,"Sin evento",
"13/03/2025 08:21",7281679,,,,Oruro,"Sucursal Oruro","No disponible",Salida,"Sin evento",
"13/03/2025 08:28",1,,,,Oruro,"Sucursal Oruro","No disponible",Salida,"Sin evento",
"13/03/2025 08:30",5,,,,Oruro,"Sucursal Oruro","No disponible",Salida,"Sin evento",
"13/03/2025 17:28",1,,,,Oruro,"Sucursal Oruro","No disponible",Salida,"Sin evento",
"13/03/2025 17:30",1,,,,Oruro,"Sucursal Oruro","No disponible",Salida,"Sin evento",
"13/03/2025 17:33",7281679,,,,Oruro,"Sucursal Oruro","No disponible",Salida,"Sin evento",
"13/03/2025 17:58",5,,,,Oruro,"Sucursal Oruro","No disponible",Salida,"Sin evento",
"13/03/2025 18:03",4,,,,Oruro,"Sucursal Oruro","No disponible",Salida,"Sin evento",
"14/03/2025 07:52",4,,,,Oruro,"Sucursal Oruro","No disponible",Salida,"Sin evento",
"14/03/2025 08:08",1,,,,Oruro,"Sucursal Oruro","No disponible",Salida,"Sin evento",
"14/03/2025 08:10",4,,,,Oruro,"Sucursal Oruro","No disponible",Salida,"Sin evento",
"14/03/2025 08:30",7281679,,,,Oruro,"Sucursal Oruro","No disponible",Salida,"Sin evento",
"14/03/2025 08:32",5,,,,Oruro,"Sucursal Oruro","No disponible",Salida,"Sin evento",
"14/03/2025 17:04",4,,,,Oruro,"Sucursal Oruro","No disponible",Salida,"Sin evento",
"14/03/2025 17:08",5,,,,Oruro,"Sucursal Oruro","No disponible",Salida,"Sin evento",
"14/03/2025 17:32",7281679,,,,Oruro,"Sucursal Oruro","No disponible",Salida,"Sin evento",
"14/03/2025 19:05",1,,,,Oruro,"Sucursal Oruro","No disponible",Salida,"Sin evento",
"15/03/2025 09:02",4,,,,Oruro,"Sucursal Oruro","No disponible",Salida,"Sin evento",
"15/03/2025 09:03",7281679,,,,Oruro,"Sucursal Oruro","No disponible",Salida,"Sin evento",
"15/03/2025 09:07",5,,,,Oruro,"Sucursal Oruro","No disponible",Salida,"Sin evento",
"17/03/2025 08:00",1,,,,Oruro,"Sucursal Oruro","No disponible",Salida,"Sin evento",
"17/03/2025 08:09",7281679,,,,Oruro,"Sucursal Oruro","No disponible",Salida,"Sin evento",
"17/03/2025 08:10",4,,,,Oruro,"Sucursal Oruro","No disponible",Salida,"Sin evento",
"17/03/2025 08:24",5,,,,Oruro,"Sucursal Oruro","No disponible",Salida,"Sin evento",
"17/03/2025 17:13",4,,,,Oruro,"Sucursal Oruro","No disponible",Salida,"Sin evento",
"17/03/2025 17:17",5,,,,Oruro,"Sucursal Oruro","No disponible",Salida,"Sin evento",
"17/03/2025 17:19",7281679,,,,Oruro,"Sucursal Oruro","No disponible",Salida,"Sin evento",
"17/03/2025 18:01",1,,,,Oruro,"Sucursal Oruro","No disponible",Salida,"Sin evento",
"18/03/2025 07:59",4,,,,Oruro,"Sucursal Oruro","No disponible",Salida,"Sin evento",
"18/03/2025 08:12",1,,,,Oruro,"Sucursal Oruro","No disponible",Salida,"Sin evento",
"18/03/2025 08:15",7281679,,,,Oruro,"Sucursal Oruro","No disponible",Salida,"Sin evento",
"18/03/2025 08:34",5,,,,Oruro,"Sucursal Oruro","No disponible",Salida,"Sin evento",
"18/03/2025 17:27",4,,,,Oruro,"Sucursal Oruro","No disponible",Salida,"Sin evento",
"18/03/2025 17:30",5,,,,Oruro,"Sucursal Oruro","No disponible",Salida,"Sin evento",
"18/03/2025 17:43",7281679,,,,Oruro,"Sucursal Oruro","No disponible",Salida,"Sin evento",
"18/03/2025 17:46",1,,,,Oruro,"Sucursal Oruro","No disponible",Salida,"Sin evento",
"19/03/2025 08:00",7281679,,,,Oruro,"Sucursal Oruro","No disponible",Salida,"Sin evento",
"19/03/2025 08:04",4,,,,Oruro,"Sucursal Oruro","No disponible",Salida,"Sin evento",
"19/03/2025 08:26",1,,,,Oruro,"Sucursal Oruro","No disponible",Salida,"Sin evento",
"19/03/2025 08:34",5,,,,Oruro,"Sucursal Oruro","No disponible",Salida,"Sin evento",
"19/03/2025 17:00",5,,,,Oruro,"Sucursal Oruro","No disponible",Salida,"Sin evento",
"19/03/2025 17:49",4,,,,Oruro,"Sucursal Oruro","No disponible",Salida,"Sin evento",
"19/03/2025 18:42",1,,,,Oruro,"Sucursal Oruro","No disponible",Salida,"Sin evento",
"20/03/2025 07:51",1,,,,Oruro,"Sucursal Oruro","No disponible",Salida,"Sin evento",
"20/03/2025 08:01",4,,,,Oruro,"Sucursal Oruro","No disponible",Salida,"Sin evento",
"20/03/2025 08:10",7281679,,,,Oruro,"Sucursal Oruro","No disponible",Salida,"Sin evento",
"20/03/2025 08:37",5,,,,Oruro,"Sucursal Oruro","No disponible",Salida,"Sin evento",
"20/03/2025 17:30",5,,,,Oruro,"Sucursal Oruro","No disponible",Salida,"Sin evento",
"20/03/2025 17:33",7281679,,,,Oruro,"Sucursal Oruro","No disponible",Salida,"Sin evento",
"20/03/2025 17:51",4,,,,Oruro,"Sucursal Oruro","No disponible",Salida,"Sin evento",
"20/03/2025 17:52",1,,,,Oruro,"Sucursal Oruro","No disponible",Salida,"Sin evento",
"21/03/2025 07:58",1,,,,Oruro,"Sucursal Oruro","No disponible",Salida,"Sin evento",
"21/03/2025 08:01",4,,,,Oruro,"Sucursal Oruro","No disponible",Salida,"Sin evento",
"21/03/2025 08:09",4,,,,Oruro,"Sucursal Oruro","No disponible",Salida,"Sin evento",
"21/03/2025 08:22",7281679,,,,Oruro,"Sucursal Oruro","No disponible",Salida,"Sin evento",
"21/03/2025 08:33",5,,,,Oruro,"Sucursal Oruro","No disponible",Salida,"Sin evento",
"21/03/2025 17:22",5,,,,Oruro,"Sucursal Oruro","No disponible",Salida,"Sin evento",
"21/03/2025 17:29",4,,,,Oruro,"Sucursal Oruro","No disponible",Salida,"Sin evento",
"21/03/2025 17:46",7281679,,,,Oruro,"Sucursal Oruro","No disponible",Salida,"Sin evento",
"21/03/2025 17:59",1,,,,Oruro,"Sucursal Oruro","No disponible",Salida,"Sin evento",
"22/03/2025 08:56",4,,,,Oruro,"Sucursal Oruro","No disponible",Salida,"Sin evento",
"22/03/2025 08:56",5,,,,Oruro,"Sucursal Oruro","No disponible",Salida,"Sin evento",
"22/03/2025 09:03",7281679,,,,Oruro,"Sucursal Oruro","No disponible",Salida,"Sin evento",
"24/03/2025 07:48",4,,,,Oruro,"Sucursal Oruro","No disponible",Salida,"Sin evento",
"24/03/2025 07:48",5,,,,Oruro,"Sucursal Oruro","No disponible",Salida,"Sin evento",
"24/03/2025 08:31",7281679,,,,Oruro,"Sucursal Oruro","No disponible",Salida,"Sin evento",
"24/03/2025 17:16",5,,,,Oruro,"Sucursal Oruro","No disponible",Salida,"Sin evento",
"24/03/2025 17:20",7281679,,,,Oruro,"Sucursal Oruro","No disponible",Salida,"Sin evento",
"24/03/2025 18:07",4,,,,Oruro,"Sucursal Oruro","No disponible",Salida,"Sin evento",
"25/03/2025 08:03",4,,,,Oruro,"Sucursal Oruro","No disponible",Salida,"Sin evento",
"25/03/2025 08:11",7281679,,,,Oruro,"Sucursal Oruro","No disponible",Salida,"Sin evento",
"25/03/2025 08:29",5,,,,Oruro,"Sucursal Oruro","No disponible",Salida,"Sin evento",
"25/03/2025 17:05",7281679,,,,Oruro,"Sucursal Oruro","No disponible",Salida,"Sin evento",
"25/03/2025 17:18",5,,,,Oruro,"Sucursal Oruro","No disponible",Salida,"Sin evento",
"25/03/2025 18:09",4,,,,Oruro,"Sucursal Oruro","No disponible",Salida,"Sin evento",
"26/03/2025 08:02",4,,,,Oruro,"Sucursal Oruro","No disponible",Salida,"Sin evento",
"26/03/2025 08:15",7281679,,,,Oruro,"Sucursal Oruro","No disponible",Salida,"Sin evento",
"26/03/2025 08:33",5,,,,Oruro,"Sucursal Oruro","No disponible",Salida,"Sin evento",
"26/03/2025 17:19",5,,,,Oruro,"Sucursal Oruro","No disponible",Salida,"Sin evento",
"26/03/2025 17:32",7281679,,,,Oruro,"Sucursal Oruro","No disponible",Salida,"Sin evento",
"26/03/2025 18:34",5,,,,Oruro,"Sucursal Oruro","No disponible",Salida,"Sin evento",
"26/03/2025 18:34",4,,,,Oruro,"Sucursal Oruro","No disponible",Salida,"Sin evento",
"27/03/2025 08:07",4,,,,Oruro,"Sucursal Oruro","No disponible",Salida,"Sin evento",
"27/03/2025 08:20",7281679,,,,Oruro,"Sucursal Oruro","No disponible",Salida,"Sin evento",
"27/03/2025 08:33",5,,,,Oruro,"Sucursal Oruro","No disponible",Salida,"Sin evento",
"27/03/2025 16:49",7281679,,,,Oruro,"Sucursal Oruro","No disponible",Salida,"Sin evento",
"27/03/2025 18:05",4,,,,Oruro,"Sucursal Oruro","No disponible",Salida,"Sin evento",
"27/03/2025 18:06",5,,,,Oruro,"Sucursal Oruro","No disponible",Salida,"Sin evento",
"28/03/2025 08:02",4,,,,Oruro,"Sucursal Oruro","No disponible",Salida,"Sin evento",
"28/03/2025 08:08",4,,,,Oruro,"Sucursal Oruro","No disponible",Salida,"Sin evento",
"28/03/2025 08:21",7281679,,,,Oruro,"Sucursal Oruro","No disponible",Salida,"Sin evento",
"28/03/2025 08:28",5,,,,Oruro,"Sucursal Oruro","No disponible",Salida,"Sin evento",
"28/03/2025 16:57",5,,,,Oruro,"Sucursal Oruro","No disponible",Salida,"Sin evento",
"28/03/2025 16:57",7281679,,,,Oruro,"Sucursal Oruro","No disponible",Salida,"Sin evento",
"28/03/2025 18:48",4,,,,Oruro,"Sucursal Oruro","No disponible",Salida,"Sin evento",
"29/03/2025 08:56",5,,,,Oruro,"Sucursal Oruro","No disponible",Salida,"Sin evento",
"29/03/2025 08:56",4,,,,Oruro,"Sucursal Oruro","No disponible",Salida,"Sin evento",
"29/03/2025 08:59",7281679,,,,Oruro,"Sucursal Oruro","No disponible",Salida,"Sin evento",
"31/03/2025 08:03",4,,,,Oruro,"Sucursal Oruro","No disponible",Salida,"Sin evento",
"31/03/2025 08:18",7281679,,,,Oruro,"Sucursal Oruro","No disponible",Salida,"Sin evento",
"31/03/2025 08:29",5,,,,Oruro,"Sucursal Oruro","No disponible",Salida,"Sin evento",
"31/03/2025 17:18",7281679,,,,Oruro,"Sucursal Oruro","No disponible",Salida,"Sin evento",
"31/03/2025 17:19",5,,,,Oruro,"Sucursal Oruro","No disponible",Salida,"Sin evento",
"31/03/2025 18:02",4,,,,Oruro,"Sucursal Oruro","No disponible",Salida,"Sin evento",
"01/04/2025 08:05",4,,,,Oruro,"Sucursal Oruro","No disponible",Salida,"Sin evento",
"01/04/2025 08:31",5,,,,Oruro,"Sucursal Oruro","No disponible",Salida,"Sin evento",
"01/04/2025 08:33",7281679,,,,Oruro,"Sucursal Oruro","No disponible",Salida,"Sin evento",
"01/04/2025 17:53",4,,,,Oruro,"Sucursal Oruro","No disponible",Salida,"Sin evento",
"01/04/2025 17:55",7281679,,,,Oruro,"Sucursal Oruro","No disponible",Salida,"Sin evento",
"01/04/2025 17:55",5,,,,Oruro,"Sucursal Oruro","No disponible",Salida,"Sin evento",
"01/04/2025 18:31",4,,,,Oruro,"Sucursal Oruro","No disponible",Salida,"Sin evento",
"02/04/2025 07:55",4,,,,Oruro,"Sucursal Oruro","No disponible",Salida,"Sin evento",
"02/04/2025 07:55",7281679,,,,Oruro,"Sucursal Oruro","No disponible",Salida,"Sin evento",
"02/04/2025 08:16",4,,,,Oruro,"Sucursal Oruro","No disponible",Salida,"Sin evento",
"02/04/2025 08:33",5,,,,Oruro,"Sucursal Oruro","No disponible",Salida,"Sin evento",
"02/04/2025 17:23",7281679,,,,Oruro,"Sucursal Oruro","No disponible",Salida,"Sin evento",
"02/04/2025 17:33",1,,,,Oruro,"Sucursal Oruro","No disponible",Salida,"Sin evento",
"02/04/2025 18:18",5,,,,Oruro,"Sucursal Oruro","No disponible",Salida,"Sin evento",
"02/04/2025 18:18",4,,,,Oruro,"Sucursal Oruro","No disponible",Salida,"Sin evento",
"03/04/2025 07:54",4,,,,Oruro,"Sucursal Oruro","No disponible",Salida,"Sin evento",
"03/04/2025 08:13",7281679,,,,Oruro,"Sucursal Oruro","No disponible",Salida,"Sin evento",
"03/04/2025 08:33",5,,,,Oruro,"Sucursal Oruro","No disponible",Salida,"Sin evento",
"03/04/2025 08:33",1,,,,Oruro,"Sucursal Oruro","No disponible",Salida,"Sin evento",
"03/04/2025 16:57",5,,,,Oruro,"Sucursal Oruro","No disponible",Salida,"Sin evento",
"03/04/2025 17:31",7281679,,,,Oruro,"Sucursal Oruro","No disponible",Salida,"Sin evento",
"03/04/2025 17:38",4,,,,Oruro,"Sucursal Oruro","No disponible",Salida,"Sin evento",
"03/04/2025 17:41",1,,,,Oruro,"Sucursal Oruro","No disponible",Salida,"Sin evento",
"04/04/2025 08:00",4,,,,Oruro,"Sucursal Oruro","No disponible",Salida,"Sin evento",
"04/04/2025 08:13",7281679,,,,Oruro,"Sucursal Oruro","No disponible",Salida,"Sin evento",
"04/04/2025 08:21",1,,,,Oruro,"Sucursal Oruro","No disponible",Salida,"Sin evento",
"04/04/2025 08:38",5,,,,Oruro,"Sucursal Oruro","No disponible",Salida,"Sin evento",
"04/04/2025 18:20",1,,,,Oruro,"Sucursal Oruro","No disponible",Salida,"Sin evento",
"04/04/2025 18:25",7281679,,,,Oruro,"Sucursal Oruro","No disponible",Salida,"Sin evento",
"04/04/2025 18:38",5,,,,Oruro,"Sucursal Oruro","No disponible",Salida,"Sin evento",
"04/04/2025 18:38",4,,,,Oruro,"Sucursal Oruro","No disponible",Salida,"Sin evento",
"05/04/2025 08:47",4,,,,Oruro,"Sucursal Oruro","No disponible",Salida,"Sin evento",
"05/04/2025 08:54",7281679,,,,Oruro,"Sucursal Oruro","No disponible",Salida,"Sin evento",
"05/04/2025 08:59",5,,,,Oruro,"Sucursal Oruro","No disponible",Salida,"Sin evento",
"07/04/2025 07:49",4,,,,Oruro,"Sucursal Oruro","No disponible",Salida,"Sin evento",
"07/04/2025 08:08",7281679,,,,Oruro,"Sucursal Oruro","No disponible",Salida,"Sin evento",
"07/04/2025 08:08",4,,,,Oruro,"Sucursal Oruro","No disponible",Salida,"Sin evento",
"07/04/2025 08:26",1,,,,Oruro,"Sucursal Oruro","No disponible",Salida,"Sin evento",
"07/04/2025 08:31",5,,,,Oruro,"Sucursal Oruro","No disponible",Salida,"Sin evento",
"07/04/2025 18:29",5,,,,Oruro,"Sucursal Oruro","No disponible",Salida,"Sin evento",
"07/04/2025 18:30",4,,,,Oruro,"Sucursal Oruro","No disponible",Salida,"Sin evento",
"07/04/2025 18:30",7281679,,,,Oruro,"Sucursal Oruro","No disponible",Salida,"Sin evento",
"07/04/2025 18:32",1,,,,Oruro,"Sucursal Oruro","No disponible",Salida,"Sin evento",
"08/04/2025 07:58",4,,,,Oruro,"Sucursal Oruro","No disponible",Salida,"Sin evento",
"08/04/2025 08:13",7281679,,,,Oruro,"Sucursal Oruro","No disponible",Salida,"Sin evento",
"08/04/2025 08:31",1,,,,Oruro,"Sucursal Oruro","No disponible",Salida,"Sin evento",
"08/04/2025 08:37",5,,,,Oruro,"Sucursal Oruro","No disponible",Salida,"Sin evento",
"08/04/2025 18:26",1,,,,Oruro,"Sucursal Oruro","No disponible",Salida,"Sin evento",
"08/04/2025 18:27",7281679,,,,Oruro,"Sucursal Oruro","No disponible",Salida,"Sin evento",
"08/04/2025 18:30",4,,,,Oruro,"Sucursal Oruro","No disponible",Salida,"Sin evento",
"08/04/2025 18:30",5,,,,Oruro,"Sucursal Oruro","No disponible",Salida,"Sin evento",
"09/04/2025 08:01",4,,,,Oruro,"Sucursal Oruro","No disponible",Salida,"Sin evento",
"09/04/2025 08:15",7281679,,,,Oruro,"Sucursal Oruro","No disponible",Salida,"Sin evento",
"09/04/2025 08:23",1,,,,Oruro,"Sucursal Oruro","No disponible",Salida,"Sin evento",
"09/04/2025 18:31",5,,,,Oruro,"Sucursal Oruro","No disponible",Salida,"Sin evento",
"09/04/2025 18:31",7281679,,,,Oruro,"Sucursal Oruro","No disponible",Salida,"Sin evento",
"09/04/2025 18:35",5,,,,Oruro,"Sucursal Oruro","No disponible",Salida,"Sin evento",
"09/04/2025 18:37",7281679,,,,Oruro,"Sucursal Oruro","No disponible",Salida,"Sin evento",
"09/04/2025 18:37",4,,,,Oruro,"Sucursal Oruro","No disponible",Salida,"Sin evento",
"09/04/2025 18:42",1,,,,Oruro,"Sucursal Oruro","No disponible",Salida,"Sin evento",
"09/04/2025 18:42",1,,,,Oruro,"Sucursal Oruro","No disponible",Salida,"Sin evento",
"10/04/2025 07:42",1,,,,Oruro,"Sucursal Oruro","No disponible",Salida,"Sin evento",
"10/04/2025 08:00",4,,,,Oruro,"Sucursal Oruro","No disponible",Salida,"Sin evento",
"10/04/2025 08:14",7281679,,,,Oruro,"Sucursal Oruro","No disponible",Salida,"Sin evento",
"10/04/2025 08:31",5,,,,Oruro,"Sucursal Oruro","No disponible",Salida,"Sin evento",
"10/04/2025 18:42",5,,,,Oruro,"Sucursal Oruro","No disponible",Salida,"Sin evento",
"10/04/2025 18:45",4,,,,Oruro,"Sucursal Oruro","No disponible",Salida,"Sin evento",
"10/04/2025 18:46",7281679,,,,Oruro,"Sucursal Oruro","No disponible",Salida,"Sin evento",
"10/04/2025 18:53",1,,,,Oruro,"Sucursal Oruro","No disponible",Salida,"Sin evento",
"11/04/2025 08:01",1,,,,Oruro,"Sucursal Oruro","No disponible",Salida,"Sin evento",
"11/04/2025 08:14",4,,,,Oruro,"Sucursal Oruro","No disponible",Salida,"Sin evento",
"11/04/2025 08:18",7281679,,,,Oruro,"Sucursal Oruro","No disponible",Salida,"Sin evento",
"11/04/2025 08:20",7281679,,,,Oruro,"Sucursal Oruro","No disponible",Salida,"Sin evento",
"11/04/2025 08:32",5,,,,Oruro,"Sucursal Oruro","No disponible",Salida,"Sin evento",
"11/04/2025 18:30",5,,,,Oruro,"Sucursal Oruro","No disponible",Salida,"Sin evento",
"11/04/2025 18:30",1,,,,Oruro,"Sucursal Oruro","No disponible",Salida,"Sin evento",
"11/04/2025 18:30",7281679,,,,Oruro,"Sucursal Oruro","No disponible",Salida,"Sin evento",
"11/04/2025 18:30",4,,,,Oruro,"Sucursal Oruro","No disponible",Salida,"Sin evento",
"12/04/2025 08:51",4,,,,Oruro,"Sucursal Oruro","No disponible",Salida,"Sin evento",
"12/04/2025 08:51",5,,,,Oruro,"Sucursal Oruro","No disponible",Salida,"Sin evento",
"12/04/2025 08:55",7281679,,,,Oruro,"Sucursal Oruro","No disponible",Salida,"Sin evento",
"14/04/2025 07:42",1,,,,Oruro,"Sucursal Oruro","No disponible",Salida,"Sin evento",
"14/04/2025 07:59",4,,,,Oruro,"Sucursal Oruro","No disponible",Salida,"Sin evento",
"14/04/2025 08:06",7281679,,,,Oruro,"Sucursal Oruro","No disponible",Salida,"Sin evento",
"14/04/2025 08:16",5,,,,Oruro,"Sucursal Oruro","No disponible",Salida,"Sin evento",
"14/04/2025 18:30",7281679,,,,Oruro,"Sucursal Oruro","No disponible",Salida,"Sin evento",
"14/04/2025 18:30",5,,,,Oruro,"Sucursal Oruro","No disponible",Salida,"Sin evento",
"14/04/2025 18:30",4,,,,Oruro,"Sucursal Oruro","No disponible",Salida,"Sin evento",
"14/04/2025 18:57",1,,,,Oruro,"Sucursal Oruro","No disponible",Salida,"Sin evento",
"15/04/2025 08:07",4,,,,Oruro,"Sucursal Oruro","No disponible",Salida,"Sin evento",
"15/04/2025 08:17",1,,,,Oruro,"Sucursal Oruro","No disponible",Salida,"Sin evento",
"15/04/2025 08:18",7281679,,,,Oruro,"Sucursal Oruro","No disponible",Salida,"Sin evento",
"15/04/2025 08:23",5,,,,Oruro,"Sucursal Oruro","No disponible",Salida,"Sin evento",
"15/04/2025 18:34",5,,,,Oruro,"Sucursal Oruro","No disponible",Salida,"Sin evento",
"15/04/2025 18:37",7281679,,,,Oruro,"Sucursal Oruro","No disponible",Salida,"Sin evento",
"15/04/2025 18:41",1,,,,Oruro,"Sucursal Oruro","No disponible",Salida,"Sin evento",
"15/04/2025 18:41",4,,,,Oruro,"Sucursal Oruro","No disponible",Salida,"Sin evento",
"16/04/2025 08:07",4,,,,Oruro,"Sucursal Oruro","No disponible",Salida,"Sin evento",
"16/04/2025 08:17",7281679,,,,Oruro,"Sucursal Oruro","No disponible",Salida,"Sin evento",
"16/04/2025 08:27",5,,,,Oruro,"Sucursal Oruro","No disponible",Salida,"Sin evento",
"16/04/2025 18:24",7281679,,,,Oruro,"Sucursal Oruro","No disponible",Salida,"Sin evento",
"16/04/2025 18:30",5,,,,Oruro,"Sucursal Oruro","No disponible",Salida,"Sin evento",
"16/04/2025 18:57",1,,,,Oruro,"Sucursal Oruro","No disponible",Salida,"Sin evento",
"16/04/2025 18:58",4,,,,Oruro,"Sucursal Oruro","No disponible",Salida,"Sin evento",
"16/04/2025 19:03",1,,,,Oruro,"Sucursal Oruro","No disponible",Salida,"Sin evento",
"17/04/2025 08:21",4,,,,Oruro,"Sucursal Oruro","No disponible",Salida,"Sin evento",
"17/04/2025 08:21",7281679,,,,Oruro,"Sucursal Oruro","No disponible",Salida,"Sin evento",
"17/04/2025 08:32",1,,,,Oruro,"Sucursal Oruro","No disponible",Salida,"Sin evento",
"17/04/2025 08:36",5,,,,Oruro,"Sucursal Oruro","No disponible",Salida,"Sin evento",
"17/04/2025 17:27",1,,,,Oruro,"Sucursal Oruro","No disponible",Salida,"Sin evento",
"17/04/2025 17:57",5,,,,Oruro,"Sucursal Oruro","No disponible",Salida,"Sin evento",
"17/04/2025 17:57",7281679,,,,Oruro,"Sucursal Oruro","No disponible",Salida,"Sin evento",
"17/04/2025 17:57",4,,,,Oruro,"Sucursal Oruro","No disponible",Salida,"Sin evento",
"21/04/2025 07:48",4,,,,Oruro,"Sucursal Oruro","No disponible",Salida,"Sin evento",
"21/04/2025 08:14",4,,,,Oruro,"Sucursal Oruro","No disponible",Salida,"Sin evento",
"21/04/2025 08:15",1,,,,Oruro,"Sucursal Oruro","No disponible",Salida,"Sin evento",
"21/04/2025 08:16",7281679,,,,Oruro,"Sucursal Oruro","No disponible",Salida,"Sin evento",
"21/04/2025 08:20",5,,,,Oruro,"Sucursal Oruro","No disponible",Salida,"Sin evento",
"21/04/2025 18:31",5,,,,Oruro,"Sucursal Oruro","No disponible",Salida,"Sin evento",
"21/04/2025 18:35",7281679,,,,Oruro,"Sucursal Oruro","No disponible",Salida,"Sin evento",
"21/04/2025 18:46",1,,,,Oruro,"Sucursal Oruro","No disponible",Salida,"Sin evento",
"21/04/2025 19:34",4,,,,Oruro,"Sucursal Oruro","No disponible",Salida,"Sin evento",
"22/04/2025 08:13",4,,,,Oruro,"Sucursal Oruro","No disponible",Salida,"Sin evento",
"22/04/2025 08:18",5,,,,Oruro,"Sucursal Oruro","No disponible",Salida,"Sin evento",
"22/04/2025 08:25",1,,,,Oruro,"Sucursal Oruro","No disponible",Salida,"Sin evento",
"22/04/2025 08:36",7281679,,,,Oruro,"Sucursal Oruro","No disponible",Salida,"Sin evento",
"22/04/2025 18:33",5,,,,Oruro,"Sucursal Oruro","No disponible",Salida,"Sin evento",
"22/04/2025 18:34",7281679,,,,Oruro,"Sucursal Oruro","No disponible",Salida,"Sin evento",
"22/04/2025 18:35",4,,,,Oruro,"Sucursal Oruro","No disponible",Salida,"Sin evento",
"22/04/2025 18:37",1,,,,Oruro,"Sucursal Oruro","No disponible",Salida,"Sin evento",
"22/04/2025 18:37",1,,,,Oruro,"Sucursal Oruro","No disponible",Salida,"Sin evento",
"23/04/2025 08:10",4,,,,Oruro,"Sucursal Oruro","No disponible",Salida,"Sin evento",
"23/04/2025 08:15",1,,,,Oruro,"Sucursal Oruro","No disponible",Salida,"Sin evento",
"23/04/2025 08:16",7281679,,,,Oruro,"Sucursal Oruro","No disponible",Salida,"Sin evento",
"23/04/2025 08:37",5,,,,Oruro,"Sucursal Oruro","No disponible",Salida,"Sin evento",
"23/04/2025 18:33",5,,,,Oruro,"Sucursal Oruro","No disponible",Salida,"Sin evento",
"23/04/2025 18:37",7281679,,,,Oruro,"Sucursal Oruro","No disponible",Salida,"Sin evento",
"23/04/2025 18:42",1,,,,Oruro,"Sucursal Oruro","No disponible",Salida,"Sin evento",
"23/04/2025 18:42",4,,,,Oruro,"Sucursal Oruro","No disponible",Salida,"Sin evento",
"24/04/2025 07:49",4,,,,Oruro,"Sucursal Oruro","No disponible",Salida,"Sin evento",
"24/04/2025 07:54",5,,,,Oruro,"Sucursal Oruro","No disponible",Salida,"Sin evento",
"24/04/2025 08:21",7281679,,,,Oruro,"Sucursal Oruro","No disponible",Salida,"Sin evento",
"24/04/2025 08:30",1,,,,Oruro,"Sucursal Oruro","No disponible",Salida,"Sin evento",
"24/04/2025 18:31",4,,,,Oruro,"Sucursal Oruro","No disponible",Salida,"Sin evento",
"24/04/2025 18:31",5,,,,Oruro,"Sucursal Oruro","No disponible",Salida,"Sin evento",
"24/04/2025 18:38",1,,,,Oruro,"Sucursal Oruro","No disponible",Salida,"Sin evento",
"24/04/2025 18:38",7281679,,,,Oruro,"Sucursal Oruro","No disponible",Salida,"Sin evento",
"25/04/2025 08:16",4,,,,Oruro,"Sucursal Oruro","No disponible",Salida,"Sin evento",
"25/04/2025 08:21",1,,,,Oruro,"Sucursal Oruro","No disponible",Salida,"Sin evento",
"25/04/2025 08:23",7281679,,,,Oruro,"Sucursal Oruro","No disponible",Salida,"Sin evento",
"25/04/2025 08:31",5,,,,Oruro,"Sucursal Oruro","No disponible",Salida,"Sin evento",
"25/04/2025 18:32",5,,,,Oruro,"Sucursal Oruro","No disponible",Salida,"Sin evento",
"25/04/2025 18:33",4,,,,Oruro,"Sucursal Oruro","No disponible",Salida,"Sin evento",
"25/04/2025 18:33",7281679,,,,Oruro,"Sucursal Oruro","No disponible",Salida,"Sin evento",
"25/04/2025 18:35",1,,,,Oruro,"Sucursal Oruro","No disponible",Salida,"Sin evento",
"26/04/2025 09:01",4,,,,Oruro,"Sucursal Oruro","No disponible",Salida,"Sin evento",
"26/04/2025 09:02",5,,,,Oruro,"Sucursal Oruro","No disponible",Salida,"Sin evento",
"26/04/2025 09:02",7281679,,,,Oruro,"Sucursal Oruro","No disponible",Salida,"Sin evento",
"28/04/2025 07:40",1,,,,Oruro,"Sucursal Oruro","No disponible",Salida,"Sin evento",
"28/04/2025 07:53",4,,,,Oruro,"Sucursal Oruro","No disponible",Salida,"Sin evento",
"28/04/2025 08:25",7281679,,,,Oruro,"Sucursal Oruro","No disponible",Salida,"Sin evento",
"28/04/2025 08:29",5,,,,Oruro,"Sucursal Oruro","No disponible",Salida,"Sin evento",
"28/04/2025 18:30",7281679,,,,Oruro,"Sucursal Oruro","No disponible",Salida,"Sin evento",
"28/04/2025 18:47",1,,,,Oruro,"Sucursal Oruro","No disponible",Salida,"Sin evento",
"28/04/2025 18:47",5,,,,Oruro,"Sucursal Oruro","No disponible",Salida,"Sin evento",
"28/04/2025 18:48",4,,,,Oruro,"Sucursal Oruro","No disponible",Salida,"Sin evento",
"29/04/2025 07:48",4,,,,Oruro,"Sucursal Oruro","No disponible",Salida,"Sin evento",
"29/04/2025 07:48",1,,,,Oruro,"Sucursal Oruro","No disponible",Salida,"Sin evento",
"29/04/2025 07:52",5,,,,Oruro,"Sucursal Oruro","No disponible",Salida,"Sin evento",
"29/04/2025 08:18",7281679,,,,Oruro,"Sucursal Oruro","No disponible",Salida,"Sin evento",
"29/04/2025 18:36",7281679,,,,Oruro,"Sucursal Oruro","No disponible",Salida,"Sin evento",
"29/04/2025 18:36",5,,,,Oruro,"Sucursal Oruro","No disponible",Salida,"Sin evento",
"29/04/2025 18:44",1,,,,Oruro,"Sucursal Oruro","No disponible",Salida,"Sin evento",
"29/04/2025 18:44",4,,,,Oruro,"Sucursal Oruro","No disponible",Salida,"Sin evento",
"30/04/2025 08:04",4,,,,Oruro,"Sucursal Oruro","No disponible",Salida,"Sin evento",
"30/04/2025 08:11",7281679,,,,Oruro,"Sucursal Oruro","No disponible",Salida,"Sin evento",
"30/04/2025 08:28",1,,,,Oruro,"Sucursal Oruro","No disponible",Salida,"Sin evento",
"30/04/2025 08:37",5,,,,Oruro,"Sucursal Oruro","No disponible",Salida,"Sin evento",
"30/04/2025 18:35",4,,,,Oruro,"Sucursal Oruro","No disponible",Salida,"Sin evento",
"30/04/2025 18:35",1,,,,Oruro,"Sucursal Oruro","No disponible",Salida,"Sin evento",
"30/04/2025 18:36",5,,,,Oruro,"Sucursal Oruro","No disponible",Salida,"Sin evento",
"30/04/2025 18:36",7281679,,,,Oruro,"Sucursal Oruro","No disponible",Salida,"Sin evento",
"02/05/2025 07:46",4,,,,Oruro,"Sucursal Oruro","No disponible",Salida,"Sin evento",
"02/05/2025 08:04",5,,,,Oruro,"Sucursal Oruro","No disponible",Salida,"Sin evento",
"02/05/2025 08:22",7281679,,,,Oruro,"Sucursal Oruro","No disponible",Salida,"Sin evento",
"02/05/2025 08:26",1,,,,Oruro,"Sucursal Oruro","No disponible",Salida,"Sin evento",
"02/05/2025 17:08",1,,,,Oruro,"Sucursal Oruro","No disponible",Salida,"Sin evento",
"02/05/2025 17:09",4,,,,Oruro,"Sucursal Oruro","No disponible",Salida,"Sin evento",
"02/05/2025 17:10",7281679,,,,Oruro,"Sucursal Oruro","No disponible",Salida,"Sin evento",
"02/05/2025 17:11",5,,,,Oruro,"Sucursal Oruro","No disponible",Salida,"Sin evento",
"03/05/2025 09:10",5,,,,Oruro,"Sucursal Oruro","No disponible",Salida,"Sin evento",
"03/05/2025 09:10",4,,,,Oruro,"Sucursal Oruro","No disponible",Salida,"Sin evento",
"03/05/2025 09:10",7281679,,,,Oruro,"Sucursal Oruro","No disponible",Salida,"Sin evento",
"03/05/2025 13:45",5,,,,Oruro,"Sucursal Oruro","No disponible",Salida,"Sin evento",
"05/05/2025 07:32",1,,,,Oruro,"Sucursal Oruro","No disponible",Salida,"Sin evento",
"05/05/2025 07:50",4,,,,Oruro,"Sucursal Oruro","No disponible",Salida,"Sin evento",
"05/05/2025 08:27",7281679,,,,Oruro,"Sucursal Oruro","No disponible",Salida,"Sin evento",
"05/05/2025 08:29",5,,,,Oruro,"Sucursal Oruro","No disponible",Salida,"Sin evento",
"05/05/2025 18:32",1,,,,Oruro,"Sucursal Oruro","No disponible",Salida,"Sin evento",
"05/05/2025 18:32",7281679,,,,Oruro,"Sucursal Oruro","No disponible",Salida,"Sin evento",
"05/05/2025 18:32",5,,,,Oruro,"Sucursal Oruro","No disponible",Salida,"Sin evento",
"05/05/2025 18:32",4,,,,Oruro,"Sucursal Oruro","No disponible",Salida,"Sin evento",
"06/05/2025 07:45",4,,,,Oruro,"Sucursal Oruro","No disponible",Salida,"Sin evento",
"06/05/2025 08:03",4,,,,Oruro,"Sucursal Oruro","No disponible",Salida,"Sin evento",
"06/05/2025 08:14",7281679,,,,Oruro,"Sucursal Oruro","No disponible",Salida,"Sin evento",
"06/05/2025 08:31",1,,,,Oruro,"Sucursal Oruro","No disponible",Salida,"Sin evento",
"06/05/2025 08:35",5,,,,Oruro,"Sucursal Oruro","No disponible",Salida,"Sin evento",
"06/05/2025 18:37",4,,,,Oruro,"Sucursal Oruro","No disponible",Salida,"Sin evento",
"06/05/2025 18:40",7281679,,,,Oruro,"Sucursal Oruro","No disponible",Salida,"Sin evento",
"06/05/2025 18:40",5,,,,Oruro,"Sucursal Oruro","No disponible",Salida,"Sin evento",
"06/05/2025 18:41",1,,,,Oruro,"Sucursal Oruro","No disponible",Salida,"Sin evento",
"07/05/2025 08:01",5,,,,Oruro,"Sucursal Oruro","No disponible",Salida,"Sin evento",
"07/05/2025 08:02",1,,,,Oruro,"Sucursal Oruro","No disponible",Salida,"Sin evento",
"07/05/2025 08:02",4,,,,Oruro,"Sucursal Oruro","No disponible",Salida,"Sin evento",
"07/05/2025 08:13",7281679,,,,Oruro,"Sucursal Oruro","No disponible",Salida,"Sin evento",
"07/05/2025 18:19",5,,,,Oruro,"Sucursal Oruro","No disponible",Salida,"Sin evento",
"07/05/2025 18:20",7281679,,,,Oruro,"Sucursal Oruro","No disponible",Salida,"Sin evento",
"07/05/2025 18:32",4,,,,Oruro,"Sucursal Oruro","No disponible",Salida,"Sin evento",
"07/05/2025 18:33",1,,,,Oruro,"Sucursal Oruro","No disponible",Salida,"Sin evento",
"08/05/2025 07:53",1,,,,Oruro,"Sucursal Oruro","No disponible",Salida,"Sin evento",
"08/05/2025 08:08",4,,,,Oruro,"Sucursal Oruro","No disponible",Salida,"Sin evento",
"08/05/2025 08:11",7281679,,,,Oruro,"Sucursal Oruro","No disponible",Salida,"Sin evento",
"08/05/2025 08:12",4,,,,Oruro,"Sucursal Oruro","No disponible",Salida,"Sin evento",
"08/05/2025 08:24",5,,,,Oruro,"Sucursal Oruro","No disponible",Salida,"Sin evento",
"08/05/2025 18:32",5,,,,Oruro,"Sucursal Oruro","No disponible",Salida,"Sin evento",
"08/05/2025 18:39",7281679,,,,Oruro,"Sucursal Oruro","No disponible",Salida,"Sin evento",
"08/05/2025 18:44",4,,,,Oruro,"Sucursal Oruro","No disponible",Salida,"Sin evento",
"08/05/2025 18:44",1,,,,Oruro,"Sucursal Oruro","No disponible",Salida,"Sin evento",
"09/05/2025 07:57",4,,,,Oruro,"Sucursal Oruro","No disponible",Salida,"Sin evento",
"09/05/2025 08:25",5,,,,Oruro,"Sucursal Oruro","No disponible",Salida,"Sin evento",
"09/05/2025 08:27",1,,,,Oruro,"Sucursal Oruro","No disponible",Salida,"Sin evento",
"09/05/2025 08:30",7281679,,,,Oruro,"Sucursal Oruro","No disponible",Salida,"Sin evento",
"09/05/2025 18:41",5,,,,Oruro,"Sucursal Oruro","No disponible",Salida,"Sin evento",
"09/05/2025 18:45",7281679,,,,Oruro,"Sucursal Oruro","No disponible",Salida,"Sin evento",
"09/05/2025 19:02",1,,,,Oruro,"Sucursal Oruro","No disponible",Salida,"Sin evento",
"09/05/2025 19:16",4,,,,Oruro,"Sucursal Oruro","No disponible",Salida,"Sin evento",
"09/05/2025 19:23",4,,,,Oruro,"Sucursal Oruro","No disponible",Salida,"Sin evento",
"10/05/2025 07:16",5,,,,Oruro,"Sucursal Oruro","No disponible",Salida,"Sin evento",
"12/05/2025 07:40",4,,,,Oruro,"Sucursal Oruro","No disponible",Salida,"Sin evento",
"12/05/2025 08:14",7281679,,,,Oruro,"Sucursal Oruro","No disponible",Salida,"Sin evento",
"12/05/2025 08:20",1,,,,Oruro,"Sucursal Oruro","No disponible",Salida,"Sin evento",
"12/05/2025 08:30",5,,,,Oruro,"Sucursal Oruro","No disponible",Salida,"Sin evento",
"12/05/2025 18:27",7281679,,,,Oruro,"Sucursal Oruro","No disponible",Salida,"Sin evento",
"12/05/2025 18:30",5,,,,Oruro,"Sucursal Oruro","No disponible",Salida,"Sin evento",
"12/05/2025 18:30",4,,,,Oruro,"Sucursal Oruro","No disponible",Salida,"Sin evento",
"12/05/2025 18:31",1,,,,Oruro,"Sucursal Oruro","No disponible",Salida,"Sin evento",
"13/05/2025 07:46",4,,,,Oruro,"Sucursal Oruro","No disponible",Salida,"Sin evento",
"13/05/2025 08:17",1,,,,Oruro,"Sucursal Oruro","No disponible",Salida,"Sin evento",
"13/05/2025 08:25",5,,,,Oruro,"Sucursal Oruro","No disponible",Salida,"Sin evento",
"13/05/2025 08:25",7281679,,,,Oruro,"Sucursal Oruro","No disponible",Salida,"Sin evento",
"13/05/2025 18:34",5,,,,Oruro,"Sucursal Oruro","No disponible",Salida,"Sin evento",
"13/05/2025 18:51",1,,,,Oruro,"Sucursal Oruro","No disponible",Salida,"Sin evento",
"13/05/2025 18:51",4,,,,Oruro,"Sucursal Oruro","No disponible",Salida,"Sin evento",
"13/05/2025 19:11",7281679,,,,Oruro,"Sucursal Oruro","No disponible",Salida,"Sin evento",
"14/05/2025 07:54",4,,,,Oruro,"Sucursal Oruro","No disponible",Salida,"Sin evento",
"14/05/2025 08:17",7281679,,,,Oruro,"Sucursal Oruro","No disponible",Salida,"Sin evento",
"14/05/2025 08:25",1,,,,Oruro,"Sucursal Oruro","No disponible",Salida,"Sin evento",
"14/05/2025 08:29",1,,,,Oruro,"Sucursal Oruro","No disponible",Salida,"Sin evento",
"14/05/2025 08:31",5,,,,Oruro,"Sucursal Oruro","No disponible",Salida,"Sin evento",
"14/05/2025 18:31",4,,,,Oruro,"Sucursal Oruro","No disponible",Salida,"Sin evento",
"14/05/2025 18:32",7281679,,,,Oruro,"Sucursal Oruro","No disponible",Salida,"Sin evento",
"14/05/2025 18:35",5,,,,Oruro,"Sucursal Oruro","No disponible",Salida,"Sin evento",
"14/05/2025 18:57",1,,,,Oruro,"Sucursal Oruro","No disponible",Salida,"Sin evento",
"15/05/2025 07:55",1,,,,Oruro,"Sucursal Oruro","No disponible",Salida,"Sin evento",
"15/05/2025 08:02",4,,,,Oruro,"Sucursal Oruro","No disponible",Salida,"Sin evento",
"15/05/2025 08:13",7281679,,,,Oruro,"Sucursal Oruro","No disponible",Salida,"Sin evento",
"15/05/2025 08:28",5,,,,Oruro,"Sucursal Oruro","No disponible",Salida,"Sin evento",
"15/05/2025 08:32",5,,,,Oruro,"Sucursal Oruro","No disponible",Salida,"Sin evento",
"15/05/2025 18:29",1,,,,Oruro,"Sucursal Oruro","No disponible",Salida,"Sin evento",
"15/05/2025 18:29",4,,,,Oruro,"Sucursal Oruro","No disponible",Salida,"Sin evento",
"15/05/2025 18:29",5,,,,Oruro,"Sucursal Oruro","No disponible",Salida,"Sin evento",
"15/05/2025 18:30",7281679,,,,Oruro,"Sucursal Oruro","No disponible",Salida,"Sin evento",
"16/05/2025 07:52",4,,,,Oruro,"Sucursal Oruro","No disponible",Salida,"Sin evento",
"16/05/2025 08:02",4,,,,Oruro,"Sucursal Oruro","No disponible",Salida,"Sin evento",
"16/05/2025 08:11",7281679,,,,Oruro,"Sucursal Oruro","No disponible",Salida,"Sin evento",
"16/05/2025 08:29",5,,,,Oruro,"Sucursal Oruro","No disponible",Salida,"Sin evento",
"16/05/2025 08:52",1,,,,Oruro,"Sucursal Oruro","No disponible",Salida,"Sin evento",
"16/05/2025 18:37",5,,,,Oruro,"Sucursal Oruro","No disponible",Salida,"Sin evento",
"16/05/2025 18:38",7281679,,,,Oruro,"Sucursal Oruro","No disponible",Salida,"Sin evento",
"16/05/2025 19:09",4,,,,Oruro,"Sucursal Oruro","No disponible",Salida,"Sin evento",
"16/05/2025 19:09",1,,,,Oruro,"Sucursal Oruro","No disponible",Salida,"Sin evento",
"17/05/2025 08:56",5,,,,Oruro,"Sucursal Oruro","No disponible",Salida,"Sin evento",
"17/05/2025 08:58",7281679,,,,Oruro,"Sucursal Oruro","No disponible",Salida,"Sin evento",
"17/05/2025 14:00",1,,,,Oruro,"Sucursal Oruro","No disponible",Salida,"Sin evento",
"19/05/2025 07:49",1,,,,Oruro,"Sucursal Oruro","No disponible",Salida,"Sin evento",
"19/05/2025 08:10",4,,,,Oruro,"Sucursal Oruro","No disponible",Salida,"Sin evento",
"19/05/2025 08:25",7281679,,,,Oruro,"Sucursal Oruro","No disponible",Salida,"Sin evento",
"19/05/2025 08:33",5,,,,Oruro,"Sucursal Oruro","No disponible",Salida,"Sin evento",
"19/05/2025 18:31",5,,,,Oruro,"Sucursal Oruro","No disponible",Salida,"Sin evento",
"19/05/2025 18:40",7281679,,,,Oruro,"Sucursal Oruro","No disponible",Salida,"Sin evento",
"19/05/2025 18:43",1,,,,Oruro,"Sucursal Oruro","No disponible",Salida,"Sin evento",
"19/05/2025 18:43",4,,,,Oruro,"Sucursal Oruro","No disponible",Salida,"Sin evento",
"20/05/2025 08:11",4,,,,Oruro,"Sucursal Oruro","No disponible",Salida,"Sin evento",
"20/05/2025 08:14",1,,,,Oruro,"Sucursal Oruro","No disponible",Salida,"Sin evento",
"20/05/2025 08:23",7281679,,,,Oruro,"Sucursal Oruro","No disponible",Salida,"Sin evento",
"20/05/2025 08:24",5,,,,Oruro,"Sucursal Oruro","No disponible",Salida,"Sin evento",
"20/05/2025 08:30",5,,,,Oruro,"Sucursal Oruro","No disponible",Salida,"Sin evento",
"20/05/2025 18:32",5,,,,Oruro,"Sucursal Oruro","No disponible",Salida,"Sin evento",
"20/05/2025 18:37",4,,,,Oruro,"Sucursal Oruro","No disponible",Salida,"Sin evento",
"20/05/2025 18:40",7281679,,,,Oruro,"Sucursal Oruro","No disponible",Salida,"Sin evento",
"20/05/2025 18:57",1,,,,Oruro,"Sucursal Oruro","No disponible",Salida,"Sin evento",
"21/05/2025 08:05",1,,,,Oruro,"Sucursal Oruro","No disponible",Salida,"Sin evento",
"21/05/2025 08:18",4,,,,Oruro,"Sucursal Oruro","No disponible",Salida,"Sin evento",
"21/05/2025 08:24",7281679,,,,Oruro,"Sucursal Oruro","No disponible",Salida,"Sin evento",
"21/05/2025 08:29",5,,,,Oruro,"Sucursal Oruro","No disponible",Salida,"Sin evento",
"21/05/2025 18:39",4,,,,Oruro,"Sucursal Oruro","No disponible",Salida,"Sin evento",
"21/05/2025 18:39",5,,,,Oruro,"Sucursal Oruro","No disponible",Salida,"Sin evento",
"21/05/2025 18:40",7281679,,,,Oruro,"Sucursal Oruro","No disponible",Salida,"Sin evento",
"21/05/2025 18:48",1,,,,Oruro,"Sucursal Oruro","No disponible",Salida,"Sin evento",
"22/05/2025 07:46",1,,,,Oruro,"Sucursal Oruro","No disponible",Salida,"Sin evento",
"22/05/2025 08:05",4,,,,Oruro,"Sucursal Oruro","No disponible",Salida,"Sin evento",
"22/05/2025 08:10",4,,,,Oruro,"Sucursal Oruro","No disponible",Salida,"Sin evento",
"22/05/2025 08:17",7281679,,,,Oruro,"Sucursal Oruro","No disponible",Salida,"Sin evento",
"22/05/2025 08:25",5,,,,Oruro,"Sucursal Oruro","No disponible",Salida,"Sin evento",
"22/05/2025 18:33",5,,,,Oruro,"Sucursal Oruro","No disponible",Salida,"Sin evento",
"22/05/2025 18:33",7281679,,,,Oruro,"Sucursal Oruro","No disponible",Salida,"Sin evento",
"22/05/2025 18:57",1,,,,Oruro,"Sucursal Oruro","No disponible",Salida,"Sin evento",
"22/05/2025 18:57",4,,,,Oruro,"Sucursal Oruro","No disponible",Salida,"Sin evento",
"23/05/2025 08:09",1,,,,Oruro,"Sucursal Oruro","No disponible",Salida,"Sin evento",
"23/05/2025 08:11",4,,,,Oruro,"Sucursal Oruro","No disponible",Salida,"Sin evento",
"23/05/2025 08:11",7281679,,,,Oruro,"Sucursal Oruro","No disponible",Salida,"Sin evento",
"23/05/2025 08:28",5,,,,Oruro,"Sucursal Oruro","No disponible",Salida,"Sin evento",
"23/05/2025 18:31",5,,,,Oruro,"Sucursal Oruro","No disponible",Salida,"Sin evento",
"23/05/2025 18:31",4,,,,Oruro,"Sucursal Oruro","No disponible",Salida,"Sin evento",
"23/05/2025 18:32",1,,,,Oruro,"Sucursal Oruro","No disponible",Salida,"Sin evento",
"23/05/2025 18:32",7281679,,,,Oruro,"Sucursal Oruro","No disponible",Salida,"Sin evento",
"24/05/2025 08:51",4,,,,Oruro,"Sucursal Oruro","No disponible",Salida,"Sin evento",
"24/05/2025 08:51",5,,,,Oruro,"Sucursal Oruro","No disponible",Salida,"Sin evento",
"24/05/2025 08:58",7281679,,,,Oruro,"Sucursal Oruro","No disponible",Salida,"Sin evento",
"26/05/2025 08:08",4,,,,Oruro,"Sucursal Oruro","No disponible",Salida,"Sin evento",
"26/05/2025 08:14",1,,,,Oruro,"Sucursal Oruro","No disponible",Salida,"Sin evento",
"26/05/2025 08:24",4,,,,Oruro,"Sucursal Oruro","No disponible",Salida,"Sin evento",
"26/05/2025 08:27",7281679,,,,Oruro,"Sucursal Oruro","No disponible",Salida,"Sin evento",
"26/05/2025 08:33",5,,,,Oruro,"Sucursal Oruro","No disponible",Salida,"Sin evento",
"26/05/2025 18:28",7281679,,,,Oruro,"Sucursal Oruro","No disponible",Salida,"Sin evento",
"26/05/2025 18:37",4,,,,Oruro,"Sucursal Oruro","No disponible",Salida,"Sin evento",
"26/05/2025 18:38",5,,,,Oruro,"Sucursal Oruro","No disponible",Salida,"Sin evento",
"26/05/2025 19:10",1,,,,Oruro,"Sucursal Oruro","No disponible",Salida,"Sin evento",
"27/05/2025 08:05",4,,,,Oruro,"Sucursal Oruro","No disponible",Salida,"Sin evento",
"27/05/2025 08:24",1,,,,Oruro,"Sucursal Oruro","No disponible",Salida,"Sin evento",
"27/05/2025 08:30",5,,,,Oruro,"Sucursal Oruro","No disponible",Salida,"Sin evento",
"27/05/2025 08:32",7281679,,,,Oruro,"Sucursal Oruro","No disponible",Salida,"Sin evento",
"27/05/2025 16:32",1,,,,Oruro,"Sucursal Oruro","No disponible",Salida,"Sin evento",
"27/05/2025 16:34",7281679,,,,Oruro,"Sucursal Oruro","No disponible",Salida,"Sin evento",
"27/05/2025 17:12",5,,,,Oruro,"Sucursal Oruro","No disponible",Salida,"Sin evento",
"27/05/2025 17:13",4,,,,Oruro,"Sucursal Oruro","No disponible",Salida,"Sin evento",
"28/05/2025 08:10",4,,,,Oruro,"Sucursal Oruro","No disponible",Salida,"Sin evento",
"28/05/2025 08:16",7281679,,,,Oruro,"Sucursal Oruro","No disponible",Salida,"Sin evento",
"28/05/2025 08:33",5,,,,Oruro,"Sucursal Oruro","No disponible",Salida,"Sin evento",
"28/05/2025 08:33",1,,,,Oruro,"Sucursal Oruro","No disponible",Salida,"Sin evento",
"28/05/2025 18:32",5,,,,Oruro,"Sucursal Oruro","No disponible",Salida,"Sin evento",
"28/05/2025 18:36",4,,,,Oruro,"Sucursal Oruro","No disponible",Salida,"Sin evento",
"28/05/2025 18:37",7281679,,,,Oruro,"Sucursal Oruro","No disponible",Salida,"Sin evento",
"28/05/2025 18:41",1,,,,Oruro,"Sucursal Oruro","No disponible",Salida,"Sin evento",
"29/05/2025 08:03",1,,,,Oruro,"Sucursal Oruro","No disponible",Salida,"Sin evento",
"29/05/2025 08:26",7281679,,,,Oruro,"Sucursal Oruro","No disponible",Salida,"Sin evento",
"29/05/2025 08:27",4,,,,Oruro,"Sucursal Oruro","No disponible",Salida,"Sin evento",
"29/05/2025 08:33",5,,,,Oruro,"Sucursal Oruro","No disponible",Salida,"Sin evento",
"29/05/2025 18:35",5,,,,Oruro,"Sucursal Oruro","No disponible",Salida,"Sin evento",
"29/05/2025 18:37",7281679,,,,Oruro,"Sucursal Oruro","No disponible",Salida,"Sin evento",
"29/05/2025 18:38",1,,,,Oruro,"Sucursal Oruro","No disponible",Salida,"Sin evento",
"29/05/2025 18:38",4,,,,Oruro,"Sucursal Oruro","No disponible",Salida,"Sin evento",
"30/05/2025 08:17",4,,,,Oruro,"Sucursal Oruro","No disponible",Salida,"Sin evento",
"30/05/2025 08:22",7281679,,,,Oruro,"Sucursal Oruro","No disponible",Salida,"Sin evento",
"30/05/2025 08:26",1,,,,Oruro,"Sucursal Oruro","No disponible",Salida,"Sin evento",
"30/05/2025 08:31",5,,,,Oruro,"Sucursal Oruro","No disponible",Salida,"Sin evento",
"30/05/2025 18:48",5,,,,Oruro,"Sucursal Oruro","No disponible",Salida,"Sin evento",
"30/05/2025 18:48",7281679,,,,Oruro,"Sucursal Oruro","No disponible",Salida,"Sin evento",
"30/05/2025 18:52",1,,,,Oruro,"Sucursal Oruro","No disponible",Salida,"Sin evento",
"30/05/2025 18:53",4,,,,Oruro,"Sucursal Oruro","No disponible",Salida,"Sin evento",
"31/05/2025 09:03",4,,,,Oruro,"Sucursal Oruro","No disponible",Salida,"Sin evento",
"31/05/2025 09:04",5,,,,Oruro,"Sucursal Oruro","No disponible",Salida,"Sin evento",
"02/06/2025 08:07",4,,,,Oruro,"Sucursal Oruro","No disponible",Salida,"Sin evento",
"02/06/2025 08:12",4,,,,Oruro,"Sucursal Oruro","No disponible",Salida,"Sin evento",
"02/06/2025 08:26",1,,,,Oruro,"Sucursal Oruro","No disponible",Salida,"Sin evento",
"02/06/2025 08:31",7281679,,,,Oruro,"Sucursal Oruro","No disponible",Salida,"Sin evento",
"02/06/2025 08:36",5,,,,Oruro,"Sucursal Oruro","No disponible",Salida,"Sin evento",
"02/06/2025 18:37",5,,,,Oruro,"Sucursal Oruro","No disponible",Salida,"Sin evento",
"02/06/2025 18:38",7281679,,,,Oruro,"Sucursal Oruro","No disponible",Salida,"Sin evento",
"02/06/2025 18:39",1,,,,Oruro,"Sucursal Oruro","No disponible",Salida,"Sin evento",
"02/06/2025 18:39",4,,,,Oruro,"Sucursal Oruro","No disponible",Salida,"Sin evento",
"03/06/2025 08:12",4,,,,Oruro,"Sucursal Oruro","No disponible",Salida,"Sin evento",
"03/06/2025 08:18",7281679,,,,Oruro,"Sucursal Oruro","No disponible",Salida,"Sin evento",
"03/06/2025 08:19",1,,,,Oruro,"Sucursal Oruro","No disponible",Salida,"Sin evento",
"03/06/2025 08:31",5,,,,Oruro,"Sucursal Oruro","No disponible",Salida,"Sin evento",
"03/06/2025 18:33",5,,,,Oruro,"Sucursal Oruro","No disponible",Salida,"Sin evento",
"03/06/2025 18:34",4,,,,Oruro,"Sucursal Oruro","No disponible",Salida,"Sin evento",
"03/06/2025 18:34",1,,,,Oruro,"Sucursal Oruro","No disponible",Salida,"Sin evento",
"03/06/2025 18:34",7281679,,,,Oruro,"Sucursal Oruro","No disponible",Salida,"Sin evento",
"04/06/2025 07:32",1,,,,Oruro,"Sucursal Oruro","No disponible",Salida,"Sin evento",
"04/06/2025 08:14",7281679,,,,Oruro,"Sucursal Oruro","No disponible",Salida,"Sin evento",
"04/06/2025 08:16",4,,,,Oruro,"Sucursal Oruro","No disponible",Salida,"Sin evento",
"04/06/2025 08:27",5,,,,Oruro,"Sucursal Oruro","No disponible",Salida,"Sin evento",
"04/06/2025 18:31",5,,,,Oruro,"Sucursal Oruro","No disponible",Salida,"Sin evento",
"04/06/2025 18:35",4,,,,Oruro,"Sucursal Oruro","No disponible",Salida,"Sin evento",
"04/06/2025 18:36",7281679,,,,Oruro,"Sucursal Oruro","No disponible",Salida,"Sin evento",
"04/06/2025 18:39",1,,,,Oruro,"Sucursal Oruro","No disponible",Salida,"Sin evento",
"05/06/2025 08:14",4,,,,Oruro,"Sucursal Oruro","No disponible",Salida,"Sin evento",
"05/06/2025 08:18",1,,,,Oruro,"Sucursal Oruro","No disponible",Salida,"Sin evento",
"05/06/2025 08:21",7281679,,,,Oruro,"Sucursal Oruro","No disponible",Salida,"Sin evento",
"05/06/2025 08:33",5,,,,Oruro,"Sucursal Oruro","No disponible",Salida,"Sin evento",
"05/06/2025 18:34",5,,,,Oruro,"Sucursal Oruro","No disponible",Salida,"Sin evento",
"05/06/2025 18:35",7281679,,,,Oruro,"Sucursal Oruro","No disponible",Salida,"Sin evento",
"05/06/2025 18:41",1,,,,Oruro,"Sucursal Oruro","No disponible",Salida,"Sin evento",
"05/06/2025 18:41",4,,,,Oruro,"Sucursal Oruro","No disponible",Salida,"Sin evento",
"06/06/2025 08:11",5,,,,Oruro,"Sucursal Oruro","No disponible",Salida,"Sin evento",
"06/06/2025 08:12",4,,,,Oruro,"Sucursal Oruro","No disponible",Salida,"Sin evento",
"06/06/2025 08:25",1,,,,Oruro,"Sucursal Oruro","No disponible",Salida,"Sin evento",
"06/06/2025 08:26",7281679,,,,Oruro,"Sucursal Oruro","No disponible",Salida,"Sin evento",
"06/06/2025 18:38",5,,,,Oruro,"Sucursal Oruro","No disponible",Salida,"Sin evento",
"06/06/2025 18:45",1,,,,Oruro,"Sucursal Oruro","No disponible",Salida,"Sin evento",
"06/06/2025 18:45",4,,,,Oruro,"Sucursal Oruro","No disponible",Salida,"Sin evento",
"06/06/2025 18:45",7281679,,,,Oruro,"Sucursal Oruro","No disponible",Salida,"Sin evento",
"07/06/2025 08:59",4,,,,Oruro,"Sucursal Oruro","No disponible",Salida,"Sin evento",
"07/06/2025 08:59",5,,,,Oruro,"Sucursal Oruro","No disponible",Salida,"Sin evento",
"09/06/2025 07:47",1,,,,Oruro,"Sucursal Oruro","No disponible",Salida,"Sin evento",
"09/06/2025 08:18",4,,,,Oruro,"Sucursal Oruro","No disponible",Salida,"Sin evento",
"09/06/2025 08:22",4,,,,Oruro,"Sucursal Oruro","No disponible",Salida,"Sin evento",
"09/06/2025 08:34",5,,,,Oruro,"Sucursal Oruro","No disponible",Salida,"Sin evento",
"09/06/2025 08:37",7281679,,,,Oruro,"Sucursal Oruro","No disponible",Salida,"Sin evento",
"09/06/2025 18:33",1,,,,Oruro,"Sucursal Oruro","No disponible",Salida,"Sin evento",
"09/06/2025 18:33",5,,,,Oruro,"Sucursal Oruro","No disponible",Salida,"Sin evento",
"09/06/2025 18:35",7281679,,,,Oruro,"Sucursal Oruro","No disponible",Salida,"Sin evento",
"09/06/2025 18:39",4,,,,Oruro,"Sucursal Oruro","No disponible",Salida,"Sin evento",
"10/06/2025 08:02",4,,,,Oruro,"Sucursal Oruro","No disponible",Salida,"Sin evento",
"10/06/2025 08:16",7281679,,,,Oruro,"Sucursal Oruro","No disponible",Salida,"Sin evento",
"10/06/2025 08:17",5,,,,Oruro,"Sucursal Oruro","No disponible",Salida,"Sin evento",
"10/06/2025 08:17",4,,,,Oruro,"Sucursal Oruro","No disponible",Salida,"Sin evento",
"10/06/2025 08:30",1,,,,Oruro,"Sucursal Oruro","No disponible",Salida,"Sin evento",
"10/06/2025 18:35",7281679,,,,Oruro,"Sucursal Oruro","No disponible",Salida,"Sin evento",
"10/06/2025 18:37",5,,,,Oruro,"Sucursal Oruro","No disponible",Salida,"Sin evento",
"10/06/2025 18:37",1,,,,Oruro,"Sucursal Oruro","No disponible",Salida,"Sin evento",
"10/06/2025 18:38",4,,,,Oruro,"Sucursal Oruro","No disponible",Salida,"Sin evento",
"11/06/2025 08:09",5,,,,Oruro,"Sucursal Oruro","No disponible",Salida,"Sin evento",
"11/06/2025 08:09",1,,,,Oruro,"Sucursal Oruro","No disponible",Salida,"Sin evento",
"11/06/2025 08:18",4,,,,Oruro,"Sucursal Oruro","No disponible",Salida,"Sin evento",
"11/06/2025 08:31",7281679,,,,Oruro,"Sucursal Oruro","No disponible",Salida,"Sin evento",
"11/06/2025 08:41",5,,,,Oruro,"Sucursal Oruro","No disponible",Salida,"Sin evento",
"11/06/2025 18:45",5,,,,Oruro,"Sucursal Oruro","No disponible",Salida,"Sin evento",
"11/06/2025 18:47",7281679,,,,Oruro,"Sucursal Oruro","No disponible",Salida,"Sin evento",
"11/06/2025 18:53",4,,,,Oruro,"Sucursal Oruro","No disponible",Salida,"Sin evento",
"11/06/2025 18:53",1,,,,Oruro,"Sucursal Oruro","No disponible",Salida,"Sin evento",
"12/06/2025 08:11",4,,,,Oruro,"Sucursal Oruro","No disponible",Salida,"Sin evento",
"12/06/2025 08:20",1,,,,Oruro,"Sucursal Oruro","No disponible",Salida,"Sin evento",
"12/06/2025 08:32",7281679,,,,Oruro,"Sucursal Oruro","No disponible",Salida,"Sin evento",
"12/06/2025 18:40",5,,,,Oruro,"Sucursal Oruro","No disponible",Salida,"Sin evento",
"12/06/2025 18:48",7281679,,,,Oruro,"Sucursal Oruro","No disponible",Salida,"Sin evento",
"12/06/2025 18:49",1,,,,Oruro,"Sucursal Oruro","No disponible",Salida,"Sin evento",
"12/06/2025 18:49",4,,,,Oruro,"Sucursal Oruro","No disponible",Salida,"Sin evento",
"13/06/2025 07:10",5,,,,Oruro,"Sucursal Oruro","No disponible",Salida,"Sin evento",
"13/06/2025 07:11",4,,,,Oruro,"Sucursal Oruro","No disponible",Salida,"Sin evento",
"13/06/2025 08:22",7281679,,,,Oruro,"Sucursal Oruro","No disponible",Salida,"Sin evento",
"13/06/2025 08:31",1,,,,Oruro,"Sucursal Oruro","No disponible",Salida,"Sin evento",
"13/06/2025 19:01",5,,,,Oruro,"Sucursal Oruro","No disponible",Salida,"Sin evento",
"13/06/2025 19:04",1,,,,Oruro,"Sucursal Oruro","No disponible",Salida,"Sin evento",
"13/06/2025 19:05",7281679,,,,Oruro,"Sucursal Oruro","No disponible",Salida,"Sin evento",
"13/06/2025 19:17",4,,,,Oruro,"Sucursal Oruro","No disponible",Salida,"Sin evento",
"14/06/2025 09:05",5,,,,Oruro,"Sucursal Oruro","No disponible",Salida,"Sin evento",
"14/06/2025 09:05",4,,,,Oruro,"Sucursal Oruro","No disponible",Salida,"Sin evento",
"16/06/2025 07:42",4,,,,Oruro,"Sucursal Oruro","No disponible",Salida,"Sin evento",
"16/06/2025 07:42",5,,,,Oruro,"Sucursal Oruro","No disponible",Salida,"Sin evento",
"16/06/2025 08:19",1,,,,Oruro,"Sucursal Oruro","No disponible",Salida,"Sin evento",
"16/06/2025 08:23",5,,,,Oruro,"Sucursal Oruro","No disponible",Salida,"Sin evento",
"16/06/2025 08:24",7281679,,,,Oruro,"Sucursal Oruro","No disponible",Salida,"Sin evento",
"16/06/2025 18:30",7281679,,,,Oruro,"Sucursal Oruro","No disponible",Salida,"Sin evento",
"16/06/2025 18:30",4,,,,Oruro,"Sucursal Oruro","No disponible",Salida,"Sin evento",
"16/06/2025 18:31",5,,,,Oruro,"Sucursal Oruro","No disponible",Salida,"Sin evento",
"16/06/2025 18:50",1,,,,Oruro,"Sucursal Oruro","No disponible",Salida,"Sin evento",
"17/06/2025 08:12",4,,,,Oruro,"Sucursal Oruro","No disponible",Salida,"Sin evento",
"17/06/2025 08:18",1,,,,Oruro,"Sucursal Oruro","No disponible",Salida,"Sin evento",
"17/06/2025 08:19",7281679,,,,Oruro,"Sucursal Oruro","No disponible",Salida,"Sin evento",
"17/06/2025 08:19",5,,,,Oruro,"Sucursal Oruro","No disponible",Salida,"Sin evento",
"17/06/2025 18:29",7281679,,,,Oruro,"Sucursal Oruro","No disponible",Salida,"Sin evento",
"17/06/2025 18:32",5,,,,Oruro,"Sucursal Oruro","No disponible",Salida,"Sin evento",
"17/06/2025 18:51",1,,,,Oruro,"Sucursal Oruro","No disponible",Salida,"Sin evento",
"17/06/2025 18:58",4,,,,Oruro,"Sucursal Oruro","No disponible",Salida,"Sin evento",
"18/06/2025 08:05",1,,,,Oruro,"Sucursal Oruro","No disponible",Salida,"Sin evento",
"18/06/2025 08:12",4,,,,Oruro,"Sucursal Oruro","No disponible",Salida,"Sin evento",
"18/06/2025 08:24",7281679,,,,Oruro,"Sucursal Oruro","No disponible",Salida,"Sin evento",
"18/06/2025 08:31",5,,,,Oruro,"Sucursal Oruro","No disponible",Salida,"Sin evento",
"18/06/2025 19:00",1,,,,Oruro,"Sucursal Oruro","No disponible",Salida,"Sin evento",
"18/06/2025 19:01",4,,,,Oruro,"Sucursal Oruro","No disponible",Salida,"Sin evento",
"18/06/2025 19:01",7281679,,,,Oruro,"Sucursal Oruro","No disponible",Salida,"Sin evento",
"18/06/2025 19:07",5,,,,Oruro,"Sucursal Oruro","No disponible",Salida,"Sin evento",
"20/06/2025 08:11",1,,,,Oruro,"Sucursal Oruro","No disponible",Salida,"Sin evento",
"20/06/2025 08:25",5,,,,Oruro,"Sucursal Oruro","No disponible",Salida,"Sin evento",
"20/06/2025 08:25",4,,,,Oruro,"Sucursal Oruro","No disponible",Salida,"Sin evento",
"20/06/2025 08:25",7281679,,,,Oruro,"Sucursal Oruro","No disponible",Salida,"Sin evento",
"20/06/2025 18:30",5,,,,Oruro,"Sucursal Oruro","No disponible",Salida,"Sin evento",
"20/06/2025 18:30",4,,,,Oruro,"Sucursal Oruro","No disponible",Salida,"Sin evento",
"20/06/2025 18:30",7281679,,,,Oruro,"Sucursal Oruro","No disponible",Salida,"Sin evento",
"20/06/2025 18:52",1,,,,Oruro,"Sucursal Oruro","No disponible",Salida,"Sin evento",
"23/06/2025 08:19",4,,,,Oruro,"Sucursal Oruro","No disponible",Salida,"Sin evento",
"23/06/2025 08:20",7281679,,,,Oruro,"Sucursal Oruro","No disponible",Salida,"Sin evento",
"23/06/2025 08:25",5,,,,Oruro,"Sucursal Oruro","No disponible",Salida,"Sin evento",
"23/06/2025 08:29",1,,,,Oruro,"Sucursal Oruro","No disponible",Salida,"Sin evento",
"23/06/2025 18:38",5,,,,Oruro,"Sucursal Oruro","No disponible",Salida,"Sin evento",
"23/06/2025 18:41",7281679,,,,Oruro,"Sucursal Oruro","No disponible",Salida,"Sin evento",
"23/06/2025 18:43",1,,,,Oruro,"Sucursal Oruro","No disponible",Salida,"Sin evento",
"23/06/2025 18:43",4,,,,Oruro,"Sucursal Oruro","No disponible",Salida,"Sin evento",
"24/06/2025 07:56",1,,,,Oruro,"Sucursal Oruro","No disponible",Salida,"Sin evento",
"24/06/2025 08:19",4,,,,Oruro,"Sucursal Oruro","No disponible",Salida,"Sin evento",
"24/06/2025 08:20",7281679,,,,Oruro,"Sucursal Oruro","No disponible",Salida,"Sin evento",
"24/06/2025 08:34",5,,,,Oruro,"Sucursal Oruro","No disponible",Salida,"Sin evento",
"24/06/2025 18:30",4,,,,Oruro,"Sucursal Oruro","No disponible",Salida,"Sin evento",
"24/06/2025 18:31",7281679,,,,Oruro,"Sucursal Oruro","No disponible",Salida,"Sin evento",
"24/06/2025 18:32",5,,,,Oruro,"Sucursal Oruro","No disponible",Salida,"Sin evento",
"24/06/2025 19:00",1,,,,Oruro,"Sucursal Oruro","No disponible",Salida,"Sin evento",
"25/06/2025 08:03",1,,,,Oruro,"Sucursal Oruro","No disponible",Salida,"Sin evento",
"25/06/2025 08:07",4,,,,Oruro,"Sucursal Oruro","No disponible",Salida,"Sin evento",
"25/06/2025 08:17",7281679,,,,Oruro,"Sucursal Oruro","No disponible",Salida,"Sin evento",
"25/06/2025 08:25",5,,,,Oruro,"Sucursal Oruro","No disponible",Salida,"Sin evento",
"25/06/2025 18:33",5,,,,Oruro,"Sucursal Oruro","No disponible",Salida,"Sin evento",
"25/06/2025 18:35",7281679,,,,Oruro,"Sucursal Oruro","No disponible",Salida,"Sin evento",
"25/06/2025 18:37",4,,,,Oruro,"Sucursal Oruro","No disponible",Salida,"Sin evento",
"25/06/2025 18:39",1,,,,Oruro,"Sucursal Oruro","No disponible",Salida,"Sin evento",
"26/06/2025 08:22",4,,,,Oruro,"Sucursal Oruro","No disponible",Salida,"Sin evento",
"26/06/2025 08:28",1,,,,Oruro,"Sucursal Oruro","No disponible",Salida,"Sin evento",
"26/06/2025 08:28",5,,,,Oruro,"Sucursal Oruro","No disponible",Salida,"Sin evento",
"26/06/2025 08:30",7281679,,,,Oruro,"Sucursal Oruro","No disponible",Salida,"Sin evento",
"26/06/2025 18:36",1,,,,Oruro,"Sucursal Oruro","No disponible",Salida,"Sin evento",
"26/06/2025 18:37",7281679,,,,Oruro,"Sucursal Oruro","No disponible",Salida,"Sin evento",
"26/06/2025 18:44",4,,,,Oruro,"Sucursal Oruro","No disponible",Salida,"Sin evento",
"26/06/2025 18:44",5,,,,Oruro,"Sucursal Oruro","No disponible",Salida,"Sin evento",
"27/06/2025 07:50",1,,,,Oruro,"Sucursal Oruro","No disponible",Salida,"Sin evento",
"27/06/2025 08:27",4,,,,Oruro,"Sucursal Oruro","No disponible",Salida,"Sin evento",
"27/06/2025 08:27",7281679,,,,Oruro,"Sucursal Oruro","No disponible",Salida,"Sin evento",
"27/06/2025 08:31",5,,,,Oruro,"Sucursal Oruro","No disponible",Salida,"Sin evento",
"27/06/2025 18:45",7281679,,,,Oruro,"Sucursal Oruro","No disponible",Salida,"Sin evento",
"27/06/2025 18:45",5,,,,Oruro,"Sucursal Oruro","No disponible",Salida,"Sin evento",
"27/06/2025 18:48",4,,,,Oruro,"Sucursal Oruro","No disponible",Salida,"Sin evento",
"27/06/2025 18:49",1,,,,Oruro,"Sucursal Oruro","No disponible",Salida,"Sin evento",
"28/06/2025 08:57",4,,,,Oruro,"Sucursal Oruro","No disponible",Salida,"Sin evento",
"28/06/2025 08:58",7281679,,,,Oruro,"Sucursal Oruro","No disponible",Salida,"Sin evento",
"30/06/2025 07:45",1,,,,Oruro,"Sucursal Oruro","No disponible",Salida,"Sin evento",
"30/06/2025 08:21",4,,,,Oruro,"Sucursal Oruro","No disponible",Salida,"Sin evento",
"30/06/2025 08:22",7281679,,,,Oruro,"Sucursal Oruro","No disponible",Salida,"Sin evento",
"30/06/2025 08:35",5,,,,Oruro,"Sucursal Oruro","No disponible",Salida,"Sin evento",
"30/06/2025 18:48",5,,,,Oruro,"Sucursal Oruro","No disponible",Salida,"Sin evento",
"30/06/2025 18:48",4,,,,Oruro,"Sucursal Oruro","No disponible",Salida,"Sin evento",
"30/06/2025 18:49",7281679,,,,Oruro,"Sucursal Oruro","No disponible",Salida,"Sin evento",
"30/06/2025 18:49",1,,,,Oruro,"Sucursal Oruro","No disponible",Salida,"Sin evento",
"01/07/2025 08:00",1,,,,Oruro,"Sucursal Oruro","No disponible",Salida,"Sin evento",
"01/07/2025 08:21",4,,,,Oruro,"Sucursal Oruro","No disponible",Salida,"Sin evento",
"01/07/2025 08:21",7281679,,,,Oruro,"Sucursal Oruro","No disponible",Salida,"Sin evento",
"01/07/2025 08:35",5,,,,Oruro,"Sucursal Oruro","No disponible",Salida,"Sin evento",
"01/07/2025 18:45",1,,,,Oruro,"Sucursal Oruro","No disponible",Salida,"Sin evento",
"01/07/2025 18:52",7281679,,,,Oruro,"Sucursal Oruro","No disponible",Salida,"Sin evento",
"01/07/2025 18:53",5,,,,Oruro,"Sucursal Oruro","No disponible",Salida,"Sin evento",
"01/07/2025 19:01",4,,,,Oruro,"Sucursal Oruro","No disponible",Salida,"Sin evento",
"02/07/2025 08:04",1,,,,Oruro,"Sucursal Oruro","No disponible",Salida,"Sin evento",
"02/07/2025 08:31",7281679,,,,Oruro,"Sucursal Oruro","No disponible",Salida,"Sin evento",
"02/07/2025 08:31",4,,,,Oruro,"Sucursal Oruro","No disponible",Salida,"Sin evento",
"02/07/2025 08:34",5,,,,Oruro,"Sucursal Oruro","No disponible",Salida,"Sin evento",
"02/07/2025 18:26",7281679,,,,Oruro,"Sucursal Oruro","No disponible",Salida,"Sin evento",
"02/07/2025 18:31",4,,,,Oruro,"Sucursal Oruro","No disponible",Salida,"Sin evento",
"02/07/2025 18:33",5,,,,Oruro,"Sucursal Oruro","No disponible",Salida,"Sin evento",
"02/07/2025 19:13",1,,,,Oruro,"Sucursal Oruro","No disponible",Salida,"Sin evento",
"03/07/2025 08:10",1,,,,Oruro,"Sucursal Oruro","No disponible",Salida,"Sin evento",
"03/07/2025 08:25",4,,,,Oruro,"Sucursal Oruro","No disponible",Salida,"Sin evento",
"03/07/2025 08:31",7281679,,,,Oruro,"Sucursal Oruro","No disponible",Salida,"Sin evento",
"03/07/2025 08:32",5,,,,Oruro,"Sucursal Oruro","No disponible",Salida,"Sin evento",
"03/07/2025 18:32",1,,,,Oruro,"Sucursal Oruro","No disponible","Estado 15","Sin evento",
"03/07/2025 18:33",7281679,,,,Oruro,"Sucursal Oruro","No disponible",Salida,"Sin evento",
"03/07/2025 18:33",5,,,,Oruro,"Sucursal Oruro","No disponible",Salida,"Sin evento",
"03/07/2025 18:34",4,,,,Oruro,"Sucursal Oruro","No disponible",Salida,"Sin evento",
"04/07/2025 07:48",1,,,,Oruro,"Sucursal Oruro","No disponible",Salida,"Sin evento",
"04/07/2025 08:26",4,,,,Oruro,"Sucursal Oruro","No disponible",Salida,"Sin evento",
"04/07/2025 08:28",7281679,,,,Oruro,"Sucursal Oruro","No disponible",Salida,"Sin evento",
"04/07/2025 08:32",5,,,,Oruro,"Sucursal Oruro","No disponible",Salida,"Sin evento",
"04/07/2025 18:44",7281679,,,,Oruro,"Sucursal Oruro","No disponible",Salida,"Sin evento",
"04/07/2025 18:51",1,,,,Oruro,"Sucursal Oruro","No disponible",Salida,"Sin evento",
"04/07/2025 18:51",4,,,,Oruro,"Sucursal Oruro","No disponible",Salida,"Sin evento",
"04/07/2025 18:51",5,,,,Oruro,"Sucursal Oruro","No disponible",Salida,"Sin evento",
"05/07/2025 08:56",4,,,,Oruro,"Sucursal Oruro","No disponible",Salida,"Sin evento",
"05/07/2025 08:57",5,,,,Oruro,"Sucursal Oruro","No disponible",Salida,"Sin evento",
"07/07/2025 08:16",4,,,,Oruro,"Sucursal Oruro","No disponible",Salida,"Sin evento",
"07/07/2025 08:24",1,,,,Oruro,"Sucursal Oruro","No disponible",Salida,"Sin evento",
"07/07/2025 08:26",7281679,,,,Oruro,"Sucursal Oruro","No disponible",Salida,"Sin evento",
"07/07/2025 08:34",5,,,,Oruro,"Sucursal Oruro","No disponible",Salida,"Sin evento",
"07/07/2025 18:53",1,,,,Oruro,"Sucursal Oruro","No disponible",Salida,"Sin evento",
"07/07/2025 18:56",7281679,,,,Oruro,"Sucursal Oruro","No disponible",Salida,"Sin evento",
"07/07/2025 18:58",4,,,,Oruro,"Sucursal Oruro","No disponible",Salida,"Sin evento",
"07/07/2025 19:13",5,,,,Oruro,"Sucursal Oruro","No disponible",Salida,"Sin evento",
"08/07/2025 08:22",1,,,,Oruro,"Sucursal Oruro","No disponible",Salida,"Sin evento",
"08/07/2025 08:22",4,,,,Oruro,"Sucursal Oruro","No disponible",Salida,"Sin evento",
"08/07/2025 08:29",7281679,,,,Oruro,"Sucursal Oruro","No disponible",Salida,"Sin evento",
"08/07/2025 08:33",5,,,,Oruro,"Sucursal Oruro","No disponible",Salida,"Sin evento",
"08/07/2025 18:32",5,,,,Oruro,"Sucursal Oruro","No disponible",Salida,"Sin evento",
"08/07/2025 18:32",4,,,,Oruro,"Sucursal Oruro","No disponible",Salida,"Sin evento",
"08/07/2025 18:33",7281679,,,,Oruro,"Sucursal Oruro","No disponible",Salida,"Sin evento",
"08/07/2025 18:33",1,,,,Oruro,"Sucursal Oruro","No disponible",Salida,"Sin evento",
"09/07/2025 08:21",1,,,,Oruro,"Sucursal Oruro","No disponible",Salida,"Sin evento",
"09/07/2025 08:21",4,,,,Oruro,"Sucursal Oruro","No disponible",Salida,"Sin evento",
"09/07/2025 08:29",7281679,,,,Oruro,"Sucursal Oruro","No disponible",Salida,"Sin evento",
"09/07/2025 08:31",5,,,,Oruro,"Sucursal Oruro","No disponible",Salida,"Sin evento",
"09/07/2025 18:38",7281679,,,,Oruro,"Sucursal Oruro","No disponible",Salida,"Sin evento",
"09/07/2025 18:40",5,,,,Oruro,"Sucursal Oruro","No disponible",Salida,"Sin evento",
"09/07/2025 18:40",4,,,,Oruro,"Sucursal Oruro","No disponible",Salida,"Sin evento",
"09/07/2025 19:01",1,,,,Oruro,"Sucursal Oruro","No disponible",Salida,"Sin evento",
"10/07/2025 08:21",4,,,,Oruro,"Sucursal Oruro","No disponible",Salida,"Sin evento",
"10/07/2025 08:24",1,,,,Oruro,"Sucursal Oruro","No disponible",Salida,"Sin evento",
"10/07/2025 08:30",7281679,,,,Oruro,"Sucursal Oruro","No disponible",Salida,"Sin evento",
"10/07/2025 08:31",5,,,,Oruro,"Sucursal Oruro","No disponible",Salida,"Sin evento",
"10/07/2025 18:32",1,,,,Oruro,"Sucursal Oruro","No disponible",Salida,"Sin evento",
"10/07/2025 18:34",7281679,,,,Oruro,"Sucursal Oruro","No disponible",Salida,"Sin evento",
"10/07/2025 18:40",5,,,,Oruro,"Sucursal Oruro","No disponible",Salida,"Sin evento",
"10/07/2025 18:48",4,,,,Oruro,"Sucursal Oruro","No disponible",Salida,"Sin evento",
"11/07/2025 08:25",7281679,,,,Oruro,"Sucursal Oruro","No disponible",Salida,"Sin evento",
"11/07/2025 08:25",4,,,,Oruro,"Sucursal Oruro","No disponible",Salida,"Sin evento",
"11/07/2025 08:33",1,,,,Oruro,"Sucursal Oruro","No disponible",Salida,"Sin evento",
"11/07/2025 08:35",5,,,,Oruro,"Sucursal Oruro","No disponible",Salida,"Sin evento",
"11/07/2025 18:30",7281679,,,,Oruro,"Sucursal Oruro","No disponible",Salida,"Sin evento",
"11/07/2025 18:35",1,,,,Oruro,"Sucursal Oruro","No disponible",Salida,"Sin evento",
"11/07/2025 18:38",5,,,,Oruro,"Sucursal Oruro","No disponible",Salida,"Sin evento",
"11/07/2025 18:46",4,,,,Oruro,"Sucursal Oruro","No disponible",Salida,"Sin evento",
"12/07/2025 08:59",4,,,,Oruro,"Sucursal Oruro","No disponible",Salida,"Sin evento",
"12/07/2025 08:59",5,,,,Oruro,"Sucursal Oruro","No disponible",Salida,"Sin evento",
"14/07/2025 08:20",1,,,,Oruro,"Sucursal Oruro","No disponible",Salida,"Sin evento",
"14/07/2025 08:22",7281679,,,,Oruro,"Sucursal Oruro","No disponible",Salida,"Sin evento",
"14/07/2025 08:23",5,,,,Oruro,"Sucursal Oruro","No disponible",Salida,"Sin evento",
"14/07/2025 08:26",4,,,,Oruro,"Sucursal Oruro","No disponible",Salida,"Sin evento",
"14/07/2025 18:35",5,,,,Oruro,"Sucursal Oruro","No disponible",Salida,"Sin evento",
"14/07/2025 18:36",7281679,,,,Oruro,"Sucursal Oruro","No disponible",Salida,"Sin evento",
"14/07/2025 18:38",4,,,,Oruro,"Sucursal Oruro","No disponible",Salida,"Sin evento",
"14/07/2025 18:41",1,,,,Oruro,"Sucursal Oruro","No disponible",Salida,"Sin evento",
"15/07/2025 08:23",1,,,,Oruro,"Sucursal Oruro","No disponible",Salida,"Sin evento",
"15/07/2025 08:23",4,,,,Oruro,"Sucursal Oruro","No disponible",Salida,"Sin evento",
"15/07/2025 08:27",7281679,,,,Oruro,"Sucursal Oruro","No disponible",Salida,"Sin evento",
"15/07/2025 08:28",5,,,,Oruro,"Sucursal Oruro","No disponible",Salida,"Sin evento",
"15/07/2025 18:31",7281679,,,,Oruro,"Sucursal Oruro","No disponible",Salida,"Sin evento",
"15/07/2025 18:31",5,,,,Oruro,"Sucursal Oruro","No disponible",Salida,"Sin evento",
"15/07/2025 18:31",4,,,,Oruro,"Sucursal Oruro","No disponible",Salida,"Sin evento",
"15/07/2025 18:31",1,,,,Oruro,"Sucursal Oruro","No disponible",Salida,"Sin evento",
"16/07/2025 08:18",1,,,,Oruro,"Sucursal Oruro","No disponible",Salida,"Sin evento",
"16/07/2025 08:18",4,,,,Oruro,"Sucursal Oruro","No disponible",Salida,"Sin evento",
"16/07/2025 08:26",5,,,,Oruro,"Sucursal Oruro","No disponible",Salida,"Sin evento",
"16/07/2025 08:30",7281679,,,,Oruro,"Sucursal Oruro","No disponible",Salida,"Sin evento",
"16/07/2025 18:37",4,,,,Oruro,"Sucursal Oruro","No disponible",Salida,"Sin evento",
"16/07/2025 18:37",5,,,,Oruro,"Sucursal Oruro","No disponible",Salida,"Sin evento",
"16/07/2025 18:37",1,,,,Oruro,"Sucursal Oruro","No disponible",Salida,"Sin evento",
"16/07/2025 18:38",7281679,,,,Oruro,"Sucursal Oruro","No disponible",Salida,"Sin evento",
"17/07/2025 08:14",1,,,,Oruro,"Sucursal Oruro","No disponible",Salida,"Sin evento",
"17/07/2025 08:22",4,,,,Oruro,"Sucursal Oruro","No disponible",Salida,"Sin evento",
"17/07/2025 08:29",5,,,,Oruro,"Sucursal Oruro","No disponible",Salida,"Sin evento",
"17/07/2025 08:30",7281679,,,,Oruro,"Sucursal Oruro","No disponible",Salida,"Sin evento",
"17/07/2025 19:09",5,,,,Oruro,"Sucursal Oruro","No disponible",Salida,"Sin evento",
"17/07/2025 19:11",7281679,,,,Oruro,"Sucursal Oruro","No disponible",Salida,"Sin evento",
"17/07/2025 19:13",1,,,,Oruro,"Sucursal Oruro","No disponible",Salida,"Sin evento",
"17/07/2025 19:15",4,,,,Oruro,"Sucursal Oruro","No disponible",Salida,"Sin evento",
"18/07/2025 08:22",4,,,,Oruro,"Sucursal Oruro","No disponible",Salida,"Sin evento",
"18/07/2025 08:22",5,,,,Oruro,"Sucursal Oruro","No disponible",Salida,"Sin evento",
"18/07/2025 08:30",7281679,,,,Oruro,"Sucursal Oruro","No disponible",Salida,"Sin evento",
"18/07/2025 08:30",1,,,,Oruro,"Sucursal Oruro","No disponible",Salida,"Sin evento",
"18/07/2025 18:30",4,,,,Oruro,"Sucursal Oruro","No disponible",Salida,"Sin evento",
"18/07/2025 18:30",5,,,,Oruro,"Sucursal Oruro","No disponible",Salida,"Sin evento",
"18/07/2025 18:30",7281679,,,,Oruro,"Sucursal Oruro","No disponible",Salida,"Sin evento",
"18/07/2025 18:30",1,,,,Oruro,"Sucursal Oruro","No disponible",Salida,"Sin evento",
"19/07/2025 08:54",4,,,,Oruro,"Sucursal Oruro","No disponible",Salida,"Sin evento",
"21/07/2025 08:16",4,,,,Oruro,"Sucursal Oruro","No disponible",Salida,"Sin evento",
"21/07/2025 08:24",7281679,,,,Oruro,"Sucursal Oruro","No disponible",Salida,"Sin evento",
"21/07/2025 08:25",1,,,,Oruro,"Sucursal Oruro","No disponible",Salida,"Sin evento",
"21/07/2025 08:30",5,,,,Oruro,"Sucursal Oruro","No disponible",Salida,"Sin evento",
"21/07/2025 18:37",7281679,,,,Oruro,"Sucursal Oruro","No disponible",Salida,"Sin evento",
"21/07/2025 18:51",5,,,,Oruro,"Sucursal Oruro","No disponible",Salida,"Sin evento",
"21/07/2025 19:02",1,,,,Oruro,"Sucursal Oruro","No disponible",Salida,"Sin evento",
"21/07/2025 19:11",4,,,,Oruro,"Sucursal Oruro","No disponible",Salida,"Sin evento",
"22/07/2025 08:23",4,,,,Oruro,"Sucursal Oruro","No disponible",Salida,"Sin evento",
"22/07/2025 08:25",5,,,,Oruro,"Sucursal Oruro","No disponible",Salida,"Sin evento",
"22/07/2025 08:28",7281679,,,,Oruro,"Sucursal Oruro","No disponible",Salida,"Sin evento",
"22/07/2025 08:28",1,,,,Oruro,"Sucursal Oruro","No disponible",Salida,"Sin evento",
"22/07/2025 18:30",5,,,,Oruro,"Sucursal Oruro","No disponible",Salida,"Sin evento",
"22/07/2025 18:38",7281679,,,,Oruro,"Sucursal Oruro","No disponible",Salida,"Sin evento",
"22/07/2025 18:52",4,,,,Oruro,"Sucursal Oruro","No disponible",Salida,"Sin evento",
"22/07/2025 19:00",1,,,,Oruro,"Sucursal Oruro","No disponible",Salida,"Sin evento",
"23/07/2025 08:12",1,,,,Oruro,"Sucursal Oruro","No disponible",Salida,"Sin evento",
"23/07/2025 08:24",4,,,,Oruro,"Sucursal Oruro","No disponible",Salida,"Sin evento",
"23/07/2025 08:25",7281679,,,,Oruro,"Sucursal Oruro","No disponible",Salida,"Sin evento",
"23/07/2025 08:33",5,,,,Oruro,"Sucursal Oruro","No disponible",Salida,"Sin evento",
"23/07/2025 18:38",5,,,,Oruro,"Sucursal Oruro","No disponible",Salida,"Sin evento",
"23/07/2025 18:38",4,,,,Oruro,"Sucursal Oruro","No disponible",Salida,"Sin evento",
"23/07/2025 18:41",7281679,,,,Oruro,"Sucursal Oruro","No disponible",Salida,"Sin evento",
"23/07/2025 18:53",1,,,,Oruro,"Sucursal Oruro","No disponible",Salida,"Sin evento",
"24/07/2025 08:26",1,,,,Oruro,"Sucursal Oruro","No disponible",Salida,"Sin evento",
"24/07/2025 08:26",7281679,,,,Oruro,"Sucursal Oruro","No disponible",Salida,"Sin evento",
"24/07/2025 08:27",4,,,,Oruro,"Sucursal Oruro","No disponible",Salida,"Sin evento",
"24/07/2025 08:29",5,,,,Oruro,"Sucursal Oruro","No disponible",Salida,"Sin evento",
"24/07/2025 18:42",5,,,,Oruro,"Sucursal Oruro","No disponible",Salida,"Sin evento",
"24/07/2025 18:46",7281679,,,,Oruro,"Sucursal Oruro","No disponible",Salida,"Sin evento",
"24/07/2025 18:56",4,,,,Oruro,"Sucursal Oruro","No disponible",Salida,"Sin evento",
"24/07/2025 18:56",1,,,,Oruro,"Sucursal Oruro","No disponible",Salida,"Sin evento",
"25/07/2025 08:25",1,,,,Oruro,"Sucursal Oruro","No disponible",Salida,"Sin evento",
"25/07/2025 08:29",4,,,,Oruro,"Sucursal Oruro","No disponible",Salida,"Sin evento",
"25/07/2025 08:30",7281679,,,,Oruro,"Sucursal Oruro","No disponible",Salida,"Sin evento",
"25/07/2025 08:35",5,,,,Oruro,"Sucursal Oruro","No disponible",Salida,"Sin evento",
"25/07/2025 18:53",7281679,,,,Oruro,"Sucursal Oruro","No disponible",Salida,"Sin evento",
"25/07/2025 18:53",4,,,,Oruro,"Sucursal Oruro","No disponible",Salida,"Sin evento",
"25/07/2025 18:53",1,,,,Oruro,"Sucursal Oruro","No disponible",Salida,"Sin evento",
"25/07/2025 18:54",5,,,,Oruro,"Sucursal Oruro","No disponible",Salida,"Sin evento",
"26/07/2025 09:03",5,,,,Oruro,"Sucursal Oruro","No disponible",Salida,"Sin evento",
"26/07/2025 09:04",4,,,,Oruro,"Sucursal Oruro","No disponible",Salida,"Sin evento",
"26/07/2025 09:04",7281679,,,,Oruro,"Sucursal Oruro","No disponible",Salida,"Sin evento",
"26/07/2025 12:57",7281679,,,,Oruro,"Sucursal Oruro","No disponible",Salida,"Sin evento",
"28/07/2025 07:47",1,,,,Oruro,"Sucursal Oruro","No disponible",Salida,"Sin evento",
"28/07/2025 08:14",4,,,,Oruro,"Sucursal Oruro","No disponible",Salida,"Sin evento",
"28/07/2025 08:25",7281679,,,,Oruro,"Sucursal Oruro","No disponible",Salida,"Sin evento",
"28/07/2025 08:34",5,,,,Oruro,"Sucursal Oruro","No disponible",Salida,"Sin evento",
"28/07/2025 18:36",7281679,,,,Oruro,"Sucursal Oruro","No disponible",Salida,"Sin evento",
"28/07/2025 18:42",5,,,,Oruro,"Sucursal Oruro","No disponible",Salida,"Sin evento",
"28/07/2025 19:13",4,,,,Oruro,"Sucursal Oruro","No disponible",Salida,"Sin evento",
"28/07/2025 19:37",1,,,,Oruro,"Sucursal Oruro","No disponible",Salida,"Sin evento",
"29/07/2025 08:10",1,,,,Oruro,"Sucursal Oruro","No disponible",Salida,"Sin evento",
"29/07/2025 08:18",4,,,,Oruro,"Sucursal Oruro","No disponible",Salida,"Sin evento",
"29/07/2025 08:27",7281679,,,,Oruro,"Sucursal Oruro","No disponible",Salida,"Sin evento",
"29/07/2025 08:32",5,,,,Oruro,"Sucursal Oruro","No disponible",Salida,"Sin evento",
"29/07/2025 18:33",1,,,,Oruro,"Sucursal Oruro","No disponible",Salida,"Sin evento",
"29/07/2025 18:34",7281679,,,,Oruro,"Sucursal Oruro","No disponible",Salida,"Sin evento",
"29/07/2025 18:36",4,,,,Oruro,"Sucursal Oruro","No disponible",Salida,"Sin evento",
"29/07/2025 18:36",5,,,,Oruro,"Sucursal Oruro","No disponible",Salida,"Sin evento",
"30/07/2025 08:12",1,,,,Oruro,"Sucursal Oruro","No disponible",Salida,"Sin evento",
"30/07/2025 08:21",7281679,,,,Oruro,"Sucursal Oruro","No disponible",Salida,"Sin evento",
"30/07/2025 08:22",4,,,,Oruro,"Sucursal Oruro","No disponible",Salida,"Sin evento",
"30/07/2025 08:35",5,,,,Oruro,"Sucursal Oruro","No disponible",Salida,"Sin evento",
"30/07/2025 18:33",1,,,,Oruro,"Sucursal Oruro","No disponible",Salida,"Sin evento",
"30/07/2025 18:38",7281679,,,,Oruro,"Sucursal Oruro","No disponible",Salida,"Sin evento",
"30/07/2025 18:50",4,,,,Oruro,"Sucursal Oruro","No disponible",Salida,"Sin evento",
"30/07/2025 19:11",5,,,,Oruro,"Sucursal Oruro","No disponible",Salida,"Sin evento",
"31/07/2025 08:26",4,,,,Oruro,"Sucursal Oruro","No disponible",Salida,"Sin evento",
"31/07/2025 08:27",7281679,,,,Oruro,"Sucursal Oruro","No disponible",Salida,"Sin evento",
"31/07/2025 08:28",1,,,,Oruro,"Sucursal Oruro","No disponible",Salida,"Sin evento",
"31/07/2025 08:31",5,,,,Oruro,"Sucursal Oruro","No disponible",Salida,"Sin evento",
"31/07/2025 18:33",5,,,,Oruro,"Sucursal Oruro","No disponible",Salida,"Sin evento",
"31/07/2025 18:36",7281679,,,,Oruro,"Sucursal Oruro","No disponible",Salida,"Sin evento",
"31/07/2025 18:48",4,,,,Oruro,"Sucursal Oruro","No disponible",Salida,"Sin evento",
"01/08/2025 08:23",4,,,,Oruro,"Sucursal Oruro","No disponible",Salida,"Sin evento",
"01/08/2025 08:23",7281679,,,,Oruro,"Sucursal Oruro","No disponible",Salida,"Sin evento",
"01/08/2025 08:25",1,,,,Oruro,"Sucursal Oruro","No disponible",Salida,"Sin evento",
"01/08/2025 08:34",5,,,,Oruro,"Sucursal Oruro","No disponible",Salida,"Sin evento",
"01/08/2025 19:19",5,,,,Oruro,"Sucursal Oruro","No disponible",Salida,"Sin evento",
"01/08/2025 19:26",1,,,,Oruro,"Sucursal Oruro","No disponible",Salida,"Sin evento",
"01/08/2025 19:26",7281679,,,,Oruro,"Sucursal Oruro","No disponible",Salida,"Sin evento",
"01/08/2025 19:26",4,,,,Oruro,"Sucursal Oruro","No disponible",Salida,"Sin evento",
"02/08/2025 08:58",5,,,,Oruro,"Sucursal Oruro","No disponible",Salida,"Sin evento",
"02/08/2025 08:58",4,,,,Oruro,"Sucursal Oruro","No disponible",Salida,"Sin evento",
"02/08/2025 19:29",5,,,,Oruro,"Sucursal Oruro","No disponible",Salida,"Sin evento",
"04/08/2025 08:17",1,,,,Oruro,"Sucursal Oruro","No disponible",Salida,"Sin evento",
"04/08/2025 08:32",4,,,,Oruro,"Sucursal Oruro","No disponible",Salida,"Sin evento",
"04/08/2025 08:32",5,,,,Oruro,"Sucursal Oruro","No disponible",Salida,"Sin evento",
"04/08/2025 08:34",7281679,,,,Oruro,"Sucursal Oruro","No disponible",Salida,"Sin evento",
"04/08/2025 18:36",5,,,,Oruro,"Sucursal Oruro","No disponible",Salida,"Sin evento",
"04/08/2025 18:36",4,,,,Oruro,"Sucursal Oruro","No disponible",Salida,"Sin evento",
"04/08/2025 18:37",7281679,,,,Oruro,"Sucursal Oruro","No disponible",Salida,"Sin evento",
"04/08/2025 18:39",1,,,,Oruro,"Sucursal Oruro","No disponible",Salida,"Sin evento",
"05/08/2025 08:26",4,,,,Oruro,"Sucursal Oruro","No disponible",Salida,"Sin evento",
"05/08/2025 08:27",1,,,,Oruro,"Sucursal Oruro","No disponible",Salida,"Sin evento",
"05/08/2025 08:29",7281679,,,,Oruro,"Sucursal Oruro","No disponible",Salida,"Sin evento",
"05/08/2025 08:31",5,,,,Oruro,"Sucursal Oruro","No disponible",Salida,"Sin evento",
"05/08/2025 18:30",4,,,,Oruro,"Sucursal Oruro","No disponible",Salida,"Sin evento",
"05/08/2025 18:30",5,,,,Oruro,"Sucursal Oruro","No disponible",Salida,"Sin evento",
"05/08/2025 18:30",7281679,,,,Oruro,"Sucursal Oruro","No disponible",Salida,"Sin evento",
"05/08/2025 18:30",1,,,,Oruro,"Sucursal Oruro","No disponible",Salida,"Sin evento",
"08/08/2025 07:53",1,,,,Oruro,"Sucursal Oruro","No disponible",Salida,"Sin evento",
"08/08/2025 08:29",4,,,,Oruro,"Sucursal Oruro","No disponible",Salida,"Sin evento",
"08/08/2025 08:29",7281679,,,,Oruro,"Sucursal Oruro","No disponible",Salida,"Sin evento",
"08/08/2025 08:31",5,,,,Oruro,"Sucursal Oruro","No disponible",Salida,"Sin evento",
"08/08/2025 18:40",7281679,,,,Oruro,"Sucursal Oruro","No disponible",Salida,"Sin evento",
"08/08/2025 18:42",5,,,,Oruro,"Sucursal Oruro","No disponible",Salida,"Sin evento",
"08/08/2025 19:13",1,,,,Oruro,"Sucursal Oruro","No disponible",Salida,"Sin evento",
"08/08/2025 19:20",4,,,,Oruro,"Sucursal Oruro","No disponible",Salida,"Sin evento",
"09/08/2025 08:59",4,,,,Oruro,"Sucursal Oruro","No disponible",Salida,"Sin evento",
"09/08/2025 09:00",7281679,,,,Oruro,"Sucursal Oruro","No disponible",Salida,"Sin evento",
"09/08/2025 09:00",5,,,,Oruro,"Sucursal Oruro","No disponible",Salida,"Sin evento",
"11/08/2025 07:57",1,,,,Oruro,"Sucursal Oruro","No disponible",Salida,"Sin evento",
"11/08/2025 08:19",4,,,,Oruro,"Sucursal Oruro","No disponible",Salida,"Sin evento",
"11/08/2025 08:25",7281679,,,,Oruro,"Sucursal Oruro","No disponible",Salida,"Sin evento",
"11/08/2025 08:29",5,,,,Oruro,"Sucursal Oruro","No disponible",Salida,"Sin evento",
"11/08/2025 18:40",5,,,,Oruro,"Sucursal Oruro","No disponible",Salida,"Sin evento",
"11/08/2025 18:46",7281679,,,,Oruro,"Sucursal Oruro","No disponible",Salida,"Sin evento",
"11/08/2025 19:01",1,,,,Oruro,"Sucursal Oruro","No disponible",Salida,"Sin evento",
"11/08/2025 19:02",4,,,,Oruro,"Sucursal Oruro","No disponible",Salida,"Sin evento",
"12/08/2025 07:57",4,,,,Oruro,"Sucursal Oruro","No disponible",Salida,"Sin evento",
"12/08/2025 08:05",1,,,,Oruro,"Sucursal Oruro","No disponible",Salida,"Sin evento",
"12/08/2025 08:28",7281679,,,,Oruro,"Sucursal Oruro","No disponible",Salida,"Sin evento",
"12/08/2025 08:29",5,,,,Oruro,"Sucursal Oruro","No disponible",Salida,"Sin evento",
"12/08/2025 18:48",7281679,,,,Oruro,"Sucursal Oruro","No disponible",Salida,"Sin evento",
"12/08/2025 18:48",5,,,,Oruro,"Sucursal Oruro","No disponible",Salida,"Sin evento",
"12/08/2025 18:59",1,,,,Oruro,"Sucursal Oruro","No disponible",Salida,"Sin evento",
"12/08/2025 19:14",4,,,,Oruro,"Sucursal Oruro","No disponible",Salida,"Sin evento",
"13/08/2025 08:12",1,,,,Oruro,"Sucursal Oruro","No disponible",Salida,"Sin evento",
"13/08/2025 08:24",5,,,,Oruro,"Sucursal Oruro","No disponible",Salida,"Sin evento",
"13/08/2025 08:25",4,,,,Oruro,"Sucursal Oruro","No disponible",Salida,"Sin evento",
"13/08/2025 08:25",7281679,,,,Oruro,"Sucursal Oruro","No disponible",Salida,"Sin evento",
"13/08/2025 18:32",7281679,,,,Oruro,"Sucursal Oruro","No disponible",Salida,"Sin evento",
"13/08/2025 18:33",1,,,,Oruro,"Sucursal Oruro","No disponible",Salida,"Sin evento",
"13/08/2025 18:34",5,,,,Oruro,"Sucursal Oruro","No disponible",Salida,"Sin evento",
"13/08/2025 18:34",4,,,,Oruro,"Sucursal Oruro","No disponible",Salida,"Sin evento",
"14/08/2025 07:43",1,,,,Oruro,"Sucursal Oruro","No disponible",Salida,"Sin evento",
"14/08/2025 08:24",4,,,,Oruro,"Sucursal Oruro","No disponible",Salida,"Sin evento",
"14/08/2025 08:32",7281679,,,,Oruro,"Sucursal Oruro","No disponible",Salida,"Sin evento",
"14/08/2025 08:36",5,,,,Oruro,"Sucursal Oruro","No disponible",Salida,"Sin evento",
"14/08/2025 18:53",7281679,,,,Oruro,"Sucursal Oruro","No disponible",Salida,"Sin evento",
"14/08/2025 18:53",4,,,,Oruro,"Sucursal Oruro","No disponible",Salida,"Sin evento",
"14/08/2025 18:53",5,,,,Oruro,"Sucursal Oruro","No disponible",Salida,"Sin evento",
"14/08/2025 18:54",1,,,,Oruro,"Sucursal Oruro","No disponible",Salida,"Sin evento",
"15/08/2025 08:07",4,,,,Oruro,"Sucursal Oruro","No disponible",Salida,"Sin evento",
"15/08/2025 08:07",5,,,,Oruro,"Sucursal Oruro","No disponible",Salida,"Sin evento",
"15/08/2025 08:07",7281679,,,,Oruro,"Sucursal Oruro","No disponible",Salida,"Sin evento",
"15/08/2025 08:32",1,,,,Oruro,"Sucursal Oruro","No disponible",Salida,"Sin evento",
"15/08/2025 18:45",5,,,,Oruro,"Sucursal Oruro","No disponible",Salida,"Sin evento",
"15/08/2025 18:47",7281679,,,,Oruro,"Sucursal Oruro","No disponible",Salida,"Sin evento",
"15/08/2025 18:56",1,,,,Oruro,"Sucursal Oruro","No disponible",Salida,"Sin evento",
"15/08/2025 18:57",4,,,,Oruro,"Sucursal Oruro","No disponible",Salida,"Sin evento",
"16/08/2025 08:24",4,,,,Oruro,"Sucursal Oruro","No disponible",Salida,"Sin evento",
"16/08/2025 09:04",5,,,,Oruro,"Sucursal Oruro","No disponible",Salida,"Sin evento",
"18/08/2025 07:44",1,,,,Oruro,"Sucursal Oruro","No disponible",Salida,"Sin evento",
"18/08/2025 08:29",4,,,,Oruro,"Sucursal Oruro","No disponible",Salida,"Sin evento",
"18/08/2025 08:30",5,,,,Oruro,"Sucursal Oruro","No disponible",Salida,"Sin evento",
"18/08/2025 08:36",7281679,,,,Oruro,"Sucursal Oruro","No disponible",Salida,"Sin evento",
"18/08/2025 18:35",5,,,,Oruro,"Sucursal Oruro","No disponible",Salida,"Sin evento",
"18/08/2025 18:36",7281679,,,,Oruro,"Sucursal Oruro","No disponible",Salida,"Sin evento",
"18/08/2025 19:46",4,,,,Oruro,"Sucursal Oruro","No disponible",Salida,"Sin evento",
"18/08/2025 19:46",1,,,,Oruro,"Sucursal Oruro","No disponible",Salida,"Sin evento",
"19/08/2025 08:29",1,,,,Oruro,"Sucursal Oruro","No disponible",Salida,"Sin evento",
"19/08/2025 08:30",4,,,,Oruro,"Sucursal Oruro","No disponible",Salida,"Sin evento",
"19/08/2025 08:30",5,,,,Oruro,"Sucursal Oruro","No disponible",Salida,"Sin evento",
"19/08/2025 08:32",7281679,,,,Oruro,"Sucursal Oruro","No disponible",Salida,"Sin evento",
"19/08/2025 18:36",1,,,,Oruro,"Sucursal Oruro","No disponible",Salida,"Sin evento",
"19/08/2025 18:36",4,,,,Oruro,"Sucursal Oruro","No disponible",Salida,"Sin evento",
"19/08/2025 18:37",5,,,,Oruro,"Sucursal Oruro","No disponible",Salida,"Sin evento",
"19/08/2025 18:37",7281679,,,,Oruro,"Sucursal Oruro","No disponible",Salida,"Sin evento",
"20/08/2025 08:28",4,,,,Oruro,"Sucursal Oruro","No disponible",Salida,"Sin evento",
"20/08/2025 08:29",7281679,,,,Oruro,"Sucursal Oruro","No disponible",Salida,"Sin evento",
"20/08/2025 08:31",1,,,,Oruro,"Sucursal Oruro","No disponible",Salida,"Sin evento",
"20/08/2025 08:35",5,,,,Oruro,"Sucursal Oruro","No disponible",Salida,"Sin evento",
"20/08/2025 18:35",4,,,,Oruro,"Sucursal Oruro","No disponible",Salida,"Sin evento",
"20/08/2025 18:39",5,,,,Oruro,"Sucursal Oruro","No disponible",Salida,"Sin evento",
"20/08/2025 18:42",7281679,,,,Oruro,"Sucursal Oruro","No disponible",Salida,"Sin evento",
"20/08/2025 18:50",1,,,,Oruro,"Sucursal Oruro","No disponible",Salida,"Sin evento",
"21/08/2025 07:46",1,,,,Oruro,"Sucursal Oruro","No disponible",Salida,"Sin evento",
"21/08/2025 08:19",4,,,,Oruro,"Sucursal Oruro","No disponible",Salida,"Sin evento",
"21/08/2025 08:25",7281679,,,,Oruro,"Sucursal Oruro","No disponible",Salida,"Sin evento",
"21/08/2025 08:27",5,,,,Oruro,"Sucursal Oruro","No disponible",Salida,"Sin evento",
"21/08/2025 18:35",4,,,,Oruro,"Sucursal Oruro","No disponible",Salida,"Sin evento",
"21/08/2025 18:37",1,,,,Oruro,"Sucursal Oruro","No disponible",Salida,"Sin evento",
"21/08/2025 18:38",7281679,,,,Oruro,"Sucursal Oruro","No disponible",Salida,"Sin evento",
"21/08/2025 18:38",5,,,,Oruro,"Sucursal Oruro","No disponible",Salida,"Sin evento",
"22/08/2025 08:16",7281679,,,,Oruro,"Sucursal Oruro","No disponible",Salida,"Sin evento",
"22/08/2025 08:16",5,,,,Oruro,"Sucursal Oruro","No disponible",Salida,"Sin evento",
"22/08/2025 08:16",4,,,,Oruro,"Sucursal Oruro","No disponible",Salida,"Sin evento",
"22/08/2025 08:17",1,,,,Oruro,"Sucursal Oruro","No disponible",Salida,"Sin evento",
"22/08/2025 18:46",5,,,,Oruro,"Sucursal Oruro","No disponible",Salida,"Sin evento",
"22/08/2025 18:48",7281679,,,,Oruro,"Sucursal Oruro","No disponible",Salida,"Sin evento",
"22/08/2025 18:52",1,,,,Oruro,"Sucursal Oruro","No disponible",Salida,"Sin evento",
"22/08/2025 18:52",4,,,,Oruro,"Sucursal Oruro","No disponible",Salida,"Sin evento",
"23/08/2025 09:02",4,,,,Oruro,"Sucursal Oruro","No disponible",Salida,"Sin evento",
"23/08/2025 09:02",5,,,,Oruro,"Sucursal Oruro","No disponible",Salida,"Sin evento",
"25/08/2025 08:17",4,,,,Oruro,"Sucursal Oruro","No disponible",Salida,"Sin evento",
"25/08/2025 08:24",7281679,,,,Oruro,"Sucursal Oruro","No disponible",Salida,"Sin evento",
"25/08/2025 08:24",5,,,,Oruro,"Sucursal Oruro","No disponible",Salida,"Sin evento",
"25/08/2025 08:26",1,,,,Oruro,"Sucursal Oruro","No disponible",Salida,"Sin evento",
"25/08/2025 18:42",7281679,,,,Oruro,"Sucursal Oruro","No disponible",Salida,"Sin evento",
"25/08/2025 18:42",4,,,,Oruro,"Sucursal Oruro","No disponible",Salida,"Sin evento",
"25/08/2025 18:42",5,,,,Oruro,"Sucursal Oruro","No disponible",Salida,"Sin evento",
"25/08/2025 18:45",1,,,,Oruro,"Sucursal Oruro","No disponible",Salida,"Sin evento",
"25/08/2025 18:45",4,,,,Oruro,"Sucursal Oruro","No disponible",Salida,"Sin evento",
"26/08/2025 08:17",1,,,,Oruro,"Sucursal Oruro","No disponible",Salida,"Sin evento",
"26/08/2025 08:24",4,,,,Oruro,"Sucursal Oruro","No disponible",Salida,"Sin evento",
"26/08/2025 08:25",7281679,,,,Oruro,"Sucursal Oruro","No disponible",Salida,"Sin evento",
"26/08/2025 08:33",5,,,,Oruro,"Sucursal Oruro","No disponible",Salida,"Sin evento",
"26/08/2025 18:39",5,,,,Oruro,"Sucursal Oruro","No disponible",Salida,"Sin evento",
"26/08/2025 18:39",7281679,,,,Oruro,"Sucursal Oruro","No disponible",Salida,"Sin evento",
"26/08/2025 18:41",1,,,,Oruro,"Sucursal Oruro","No disponible",Salida,"Sin evento",
"26/08/2025 18:41",4,,,,Oruro,"Sucursal Oruro","No disponible",Salida,"Sin evento",
"27/08/2025 07:31",1,,,,Oruro,"Sucursal Oruro","No disponible",Salida,"Sin evento",
"27/08/2025 08:17",4,,,,Oruro,"Sucursal Oruro","No disponible",Salida,"Sin evento",
"27/08/2025 08:20",7281679,,,,Oruro,"Sucursal Oruro","No disponible",Salida,"Sin evento",
"27/08/2025 08:30",5,,,,Oruro,"Sucursal Oruro","No disponible",Salida,"Sin evento",
"27/08/2025 18:32",7281679,,,,Oruro,"Sucursal Oruro","No disponible",Salida,"Sin evento",
"27/08/2025 18:35",5,,,,Oruro,"Sucursal Oruro","No disponible",Salida,"Sin evento",
"27/08/2025 19:16",1,,,,Oruro,"Sucursal Oruro","No disponible",Salida,"Sin evento",
"27/08/2025 19:17",4,,,,Oruro,"Sucursal Oruro","No disponible",Salida,"Sin evento",
"28/08/2025 07:44",1,,,,Oruro,"Sucursal Oruro","No disponible",Salida,"Sin evento",
"28/08/2025 08:22",4,,,,Oruro,"Sucursal Oruro","No disponible",Salida,"Sin evento",
"28/08/2025 08:24",7281679,,,,Oruro,"Sucursal Oruro","No disponible",Salida,"Sin evento",
"28/08/2025 08:34",5,,,,Oruro,"Sucursal Oruro","No disponible",Salida,"Sin evento",
"28/08/2025 18:35",5,,,,Oruro,"Sucursal Oruro","No disponible",Salida,"Sin evento",
"28/08/2025 18:41",7281679,,,,Oruro,"Sucursal Oruro","No disponible",Salida,"Sin evento",
"28/08/2025 18:45",1,,,,Oruro,"Sucursal Oruro","No disponible",Salida,"Sin evento",
"28/08/2025 18:45",4,,,,Oruro,"Sucursal Oruro","No disponible",Salida,"Sin evento",
"29/08/2025 08:24",4,,,,Oruro,"Sucursal Oruro","No disponible",Salida,"Sin evento",
"29/08/2025 08:25",7281679,,,,Oruro,"Sucursal Oruro","No disponible",Salida,"Sin evento",
"29/08/2025 08:32",5,,,,Oruro,"Sucursal Oruro","No disponible",Salida,"Sin evento",
"29/08/2025 08:34",1,,,,Oruro,"Sucursal Oruro","No disponible",Salida,"Sin evento",
"29/08/2025 18:58",7281679,,,,Oruro,"Sucursal Oruro","No disponible",Salida,"Sin evento",
"29/08/2025 18:58",5,,,,Oruro,"Sucursal Oruro","No disponible",Salida,"Sin evento",
"29/08/2025 18:58",1,,,,Oruro,"Sucursal Oruro","No disponible",Salida,"Sin evento",
"29/08/2025 18:58",4,,,,Oruro,"Sucursal Oruro","No disponible",Salida,"Sin evento",
"30/08/2025 08:55",4,,,,Oruro,"Sucursal Oruro","No disponible",Salida,"Sin evento",
"30/08/2025 08:56",5,,,,Oruro,"Sucursal Oruro","No disponible",Salida,"Sin evento",
"01/09/2025 07:55",1,,,,Oruro,"Sucursal Oruro","No disponible",Salida,"Sin evento",
"01/09/2025 08:18",4,,,,Oruro,"Sucursal Oruro","No disponible",Salida,"Sin evento",
"01/09/2025 08:21",7281679,,,,Oruro,"Sucursal Oruro","No disponible",Salida,"Sin evento",
"01/09/2025 08:33",5,,,,Oruro,"Sucursal Oruro","No disponible",Salida,"Sin evento",
"01/09/2025 18:44",5,,,,Oruro,"Sucursal Oruro","No disponible",Salida,"Sin evento",
"01/09/2025 18:53",4,,,,Oruro,"Sucursal Oruro","No disponible",Salida,"Sin evento",
"01/09/2025 18:54",7281679,,,,Oruro,"Sucursal Oruro","No disponible",Salida,"Sin evento",
"01/09/2025 18:58",1,,,,Oruro,"Sucursal Oruro","No disponible",Salida,"Sin evento",
"02/09/2025 08:14",4,,,,Oruro,"Sucursal Oruro","No disponible",Salida,"Sin evento",
"02/09/2025 08:16",7281679,,,,Oruro,"Sucursal Oruro","No disponible",Salida,"Sin evento",
"02/09/2025 08:28",1,,,,Oruro,"Sucursal Oruro","No disponible",Salida,"Sin evento",
"02/09/2025 08:30",5,,,,Oruro,"Sucursal Oruro","No disponible",Salida,"Sin evento",
"02/09/2025 18:40",4,,,,Oruro,"Sucursal Oruro","No disponible",Salida,"Sin evento",
"02/09/2025 18:42",7281679,,,,Oruro,"Sucursal Oruro","No disponible",Salida,"Sin evento",
"02/09/2025 18:42",5,,,,Oruro,"Sucursal Oruro","No disponible",Salida,"Sin evento",
"02/09/2025 18:47",1,,,,Oruro,"Sucursal Oruro","No disponible",Salida,"Sin evento",
"03/09/2025 08:17",7281679,,,,Oruro,"Sucursal Oruro","No disponible",Salida,"Sin evento",
"03/09/2025 08:17",4,,,,Oruro,"Sucursal Oruro","No disponible",Salida,"Sin evento",
"03/09/2025 08:31",1,,,,Oruro,"Sucursal Oruro","No disponible",Salida,"Sin evento",
"03/09/2025 08:32",5,,,,Oruro,"Sucursal Oruro","No disponible",Salida,"Sin evento",
"03/09/2025 18:38",5,,,,Oruro,"Sucursal Oruro","No disponible",Salida,"Sin evento",
"03/09/2025 19:00",1,,,,Oruro,"Sucursal Oruro","No disponible",Salida,"Sin evento",
"03/09/2025 19:01",4,,,,Oruro,"Sucursal Oruro","No disponible",Salida,"Sin evento",
"03/09/2025 19:19",7281679,,,,Oruro,"Sucursal Oruro","No disponible",Salida,"Sin evento",
"04/09/2025 08:07",1,,,,Oruro,"Sucursal Oruro","No disponible",Salida,"Sin evento",
"04/09/2025 08:16",4,,,,Oruro,"Sucursal Oruro","No disponible",Salida,"Sin evento",
"04/09/2025 08:17",5,,,,Oruro,"Sucursal Oruro","No disponible",Salida,"Sin evento",
"04/09/2025 08:24",7281679,,,,Oruro,"Sucursal Oruro","No disponible",Salida,"Sin evento",
"04/09/2025 19:07",5,,,,Oruro,"Sucursal Oruro","No disponible",Salida,"Sin evento",
"04/09/2025 19:07",7281679,,,,Oruro,"Sucursal Oruro","No disponible",Salida,"Sin evento",
"04/09/2025 19:09",4,,,,Oruro,"Sucursal Oruro","No disponible",Salida,"Sin evento",
"04/09/2025 19:09",1,,,,Oruro,"Sucursal Oruro","No disponible",Salida,"Sin evento",
"05/09/2025 08:16",1,,,,Oruro,"Sucursal Oruro","No disponible",Salida,"Sin evento",
"05/09/2025 08:19",7281679,,,,Oruro,"Sucursal Oruro","No disponible",Salida,"Sin evento",
"05/09/2025 18:32",5,,,,Oruro,"Sucursal Oruro","No disponible",Salida,"Sin evento",
"05/09/2025 18:35",4,,,,Oruro,"Sucursal Oruro","No disponible",Salida,"Sin evento",
"05/09/2025 18:36",7281679,,,,Oruro,"Sucursal Oruro","No disponible",Salida,"Sin evento",
"05/09/2025 18:49",1,,,,Oruro,"Sucursal Oruro","No disponible",Salida,"Sin evento",
"06/09/2025 09:00",4,,,,Oruro,"Sucursal Oruro","No disponible",Salida,"Sin evento",
"06/09/2025 09:00",5,,,,Oruro,"Sucursal Oruro","No disponible",Salida,"Sin evento",
"08/09/2025 07:55",4,,,,Oruro,"Sucursal Oruro","No disponible",Salida,"Sin evento",
"08/09/2025 08:16",7281679,,,,Oruro,"Sucursal Oruro","No disponible",Salida,"Sin evento",
"08/09/2025 08:23",1,,,,Oruro,"Sucursal Oruro","No disponible",Salida,"Sin evento",
"08/09/2025 08:28",5,,,,Oruro,"Sucursal Oruro","No disponible",Salida,"Sin evento",
"08/09/2025 18:32",5,,,,Oruro,"Sucursal Oruro","No disponible",Salida,"Sin evento",
"08/09/2025 18:37",1,,,,Oruro,"Sucursal Oruro","No disponible",Salida,"Sin evento",
"08/09/2025 18:37",4,,,,Oruro,"Sucursal Oruro","No disponible",Salida,"Sin evento",
"08/09/2025 18:38",7281679,,,,Oruro,"Sucursal Oruro","No disponible",Salida,"Sin evento",
"09/09/2025 07:47",1,,,,Oruro,"Sucursal Oruro","No disponible",Salida,"Sin evento",
"09/09/2025 08:02",4,,,,Oruro,"Sucursal Oruro","No disponible",Salida,"Sin evento",
"09/09/2025 08:16",7281679,,,,Oruro,"Sucursal Oruro","No disponible",Salida,"Sin evento",
"09/09/2025 08:29",5,,,,Oruro,"Sucursal Oruro","No disponible",Salida,"Sin evento",
"09/09/2025 18:37",7281679,,,,Oruro,"Sucursal Oruro","No disponible",Salida,"Sin evento",
"09/09/2025 18:43",5,,,,Oruro,"Sucursal Oruro","No disponible",Salida,"Sin evento",
"09/09/2025 18:47",1,,,,Oruro,"Sucursal Oruro","No disponible",Salida,"Sin evento",
"09/09/2025 18:47",4,,,,Oruro,"Sucursal Oruro","No disponible",Salida,"Sin evento",
"10/09/2025 07:50",1,,,,Oruro,"Sucursal Oruro","No disponible",Salida,"Sin evento",
"10/09/2025 07:52",4,,,,Oruro,"Sucursal Oruro","No disponible",Salida,"Sin evento",
"10/09/2025 08:17",7281679,,,,Oruro,"Sucursal Oruro","No disponible",Salida,"Sin evento",
"10/09/2025 08:34",5,,,,Oruro,"Sucursal Oruro","No disponible",Salida,"Sin evento",
"10/09/2025 18:41",5,,,,Oruro,"Sucursal Oruro","No disponible",Salida,"Sin evento",
"10/09/2025 18:48",7281679,,,,Oruro,"Sucursal Oruro","No disponible",Salida,"Sin evento",
"10/09/2025 18:52",4,,,,Oruro,"Sucursal Oruro","No disponible",Salida,"Sin evento",
"10/09/2025 19:49",1,,,,Oruro,"Sucursal Oruro","No disponible",Salida,"Sin evento",
"11/09/2025 07:20",1,,,,Oruro,"Sucursal Oruro","No disponible",Salida,"Sin evento",
"11/09/2025 07:59",4,,,,Oruro,"Sucursal Oruro","No disponible",Salida,"Sin evento",
"11/09/2025 08:10",7281679,,,,Oruro,"Sucursal Oruro","No disponible",Salida,"Sin evento",
"11/09/2025 08:33",5,,,,Oruro,"Sucursal Oruro","No disponible",Salida,"Sin evento",
"11/09/2025 18:35",5,,,,Oruro,"Sucursal Oruro","No disponible",Salida,"Sin evento",
"11/09/2025 18:42",4,,,,Oruro,"Sucursal Oruro","No disponible",Salida,"Sin evento",
"11/09/2025 18:42",7281679,,,,Oruro,"Sucursal Oruro","No disponible",Salida,"Sin evento",
"11/09/2025 18:49",1,,,,Oruro,"Sucursal Oruro","No disponible",Salida,"Sin evento",
"11/09/2025 19:00",1,,,,Oruro,"Sucursal Oruro","No disponible",Salida,"Sin evento",
"12/09/2025 08:24",1,,,,Oruro,"Sucursal Oruro","No disponible",Salida,"Sin evento",
"12/09/2025 08:29",7281679,,,,Oruro,"Sucursal Oruro","No disponible",Salida,"Sin evento",
"12/09/2025 08:29",4,,,,Oruro,"Sucursal Oruro","No disponible",Salida,"Sin evento",
"12/09/2025 08:35",5,,,,Oruro,"Sucursal Oruro","No disponible",Salida,"Sin evento",
"12/09/2025 18:30",4,,,,Oruro,"Sucursal Oruro","No disponible",Salida,"Sin evento",
"12/09/2025 18:34",5,,,,Oruro,"Sucursal Oruro","No disponible",Salida,"Sin evento",
"12/09/2025 18:35",7281679,,,,Oruro,"Sucursal Oruro","No disponible",Salida,"Sin evento",
"12/09/2025 19:22",1,,,,Oruro,"Sucursal Oruro","No disponible",Salida,"Sin evento",
"13/09/2025 08:12",7281679,,,,Oruro,"Sucursal Oruro","No disponible",Salida,"Sin evento",
"13/09/2025 09:00",5,,,,Oruro,"Sucursal Oruro","No disponible",Salida,"Sin evento",
"13/09/2025 12:37",5,,,,Oruro,"Sucursal Oruro","No disponible",Salida,"Sin evento",
"15/09/2025 07:49",1,,,,Oruro,"Sucursal Oruro","No disponible",Salida,"Sin evento",
"15/09/2025 08:01",4,,,,Oruro,"Sucursal Oruro","No disponible",Salida,"Sin evento",
"15/09/2025 08:10",7281679,,,,Oruro,"Sucursal Oruro","No disponible",Salida,"Sin evento",
"15/09/2025 08:26",5,,,,Oruro,"Sucursal Oruro","No disponible",Salida,"Sin evento",
"15/09/2025 18:36",5,,,,Oruro,"Sucursal Oruro","No disponible",Salida,"Sin evento",
"15/09/2025 18:38",7281679,,,,Oruro,"Sucursal Oruro","No disponible",Salida,"Sin evento",
"15/09/2025 18:40",1,,,,Oruro,"Sucursal Oruro","No disponible",Salida,"Sin evento",
"15/09/2025 18:41",4,,,,Oruro,"Sucursal Oruro","No disponible",Salida,"Sin evento",
"16/09/2025 07:52",4,,,,Oruro,"Sucursal Oruro","No disponible",Salida,"Sin evento",
"16/09/2025 08:07",1,,,,Oruro,"Sucursal Oruro","No disponible",Salida,"Sin evento",
"16/09/2025 08:24",7281679,,,,Oruro,"Sucursal Oruro","No disponible",Salida,"Sin evento",
"16/09/2025 08:34",5,,,,Oruro,"Sucursal Oruro","No disponible",Salida,"Sin evento",
"16/09/2025 18:41",7281679,,,,Oruro,"Sucursal Oruro","No disponible",Salida,"Sin evento",
"16/09/2025 18:41",4,,,,Oruro,"Sucursal Oruro","No disponible",Salida,"Sin evento",
"16/09/2025 18:42",5,,,,Oruro,"Sucursal Oruro","No disponible",Salida,"Sin evento",
"16/09/2025 18:43",4,,,,Oruro,"Sucursal Oruro","No disponible",Salida,"Sin evento",
"16/09/2025 18:45",1,,,,Oruro,"Sucursal Oruro","No disponible",Salida,"Sin evento",
"17/09/2025 07:59",1,,,,Oruro,"Sucursal Oruro","No disponible",Salida,"Sin evento",
"17/09/2025 08:11",4,,,,Oruro,"Sucursal Oruro","No disponible",Salida,"Sin evento",
"17/09/2025 08:18",7281679,,,,Oruro,"Sucursal Oruro","No disponible",Salida,"Sin evento",
"17/09/2025 08:39",5,,,,Oruro,"Sucursal Oruro","No disponible",Salida,"Sin evento",
"17/09/2025 18:34",5,,,,Oruro,"Sucursal Oruro","No disponible",Salida,"Sin evento",
"17/09/2025 18:43",7281679,,,,Oruro,"Sucursal Oruro","No disponible",Salida,"Sin evento",
"17/09/2025 18:58",4,,,,Oruro,"Sucursal Oruro","No disponible",Salida,"Sin evento",
"17/09/2025 18:59",1,,,,Oruro,"Sucursal Oruro","No disponible",Salida,"Sin evento",
"18/09/2025 07:54",1,,,,Oruro,"Sucursal Oruro","No disponible",Salida,"Sin evento",
"18/09/2025 08:04",4,,,,Oruro,"Sucursal Oruro","No disponible",Salida,"Sin evento",
"18/09/2025 08:17",4,,,,Oruro,"Sucursal Oruro","No disponible",Salida,"Sin evento",
"18/09/2025 08:24",5,,,,Oruro,"Sucursal Oruro","No disponible",Salida,"Sin evento",
"18/09/2025 08:25",7281679,,,,Oruro,"Sucursal Oruro","No disponible",Salida,"Sin evento",
"18/09/2025 18:35",1,,,,Oruro,"Sucursal Oruro","No disponible",Salida,"Sin evento",
"18/09/2025 18:35",5,,,,Oruro,"Sucursal Oruro","No disponible",Salida,"Sin evento",
"18/09/2025 18:36",4,,,,Oruro,"Sucursal Oruro","No disponible",Salida,"Sin evento",
"18/09/2025 18:37",7281679,,,,Oruro,"Sucursal Oruro","No disponible",Salida,"Sin evento",
"18/09/2025 19:51",1,,,,Oruro,"Sucursal Oruro","No disponible",Salida,"Sin evento",
"19/09/2025 07:51",1,,,,Oruro,"Sucursal Oruro","No disponible",Salida,"Sin evento",
"19/09/2025 08:02",5,,,,Oruro,"Sucursal Oruro","No disponible",Salida,"Sin evento",
"19/09/2025 08:09",4,,,,Oruro,"Sucursal Oruro","No disponible",Salida,"Sin evento",
"19/09/2025 08:15",7281679,,,,Oruro,"Sucursal Oruro","No disponible",Salida,"Sin evento",
"19/09/2025 18:49",7281679,,,,Oruro,"Sucursal Oruro","No disponible",Salida,"Sin evento",
"19/09/2025 18:49",5,,,,Oruro,"Sucursal Oruro","No disponible",Salida,"Sin evento",
"19/09/2025 18:51",1,,,,Oruro,"Sucursal Oruro","No disponible",Salida,"Sin evento",
"19/09/2025 18:51",4,,,,Oruro,"Sucursal Oruro","No disponible",Salida,"Sin evento",
"22/09/2025 07:59",4,,,,Oruro,"Sucursal Oruro","No disponible",Salida,"Sin evento",
"22/09/2025 08:03",1,,,,Oruro,"Sucursal Oruro","No disponible",Salida,"Sin evento",
"22/09/2025 08:20",7281679,,,,Oruro,"Sucursal Oruro","No disponible",Salida,"Sin evento",
"22/09/2025 08:21",7281679,,,,Oruro,"Sucursal Oruro","No disponible",Salida,"Sin evento",
"22/09/2025 08:30",5,,,,Oruro,"Sucursal Oruro","No disponible",Salida,"Sin evento",
"22/09/2025 18:35",5,,,,Oruro,"Sucursal Oruro","No disponible",Salida,"Sin evento",
"22/09/2025 18:39",7281679,,,,Oruro,"Sucursal Oruro","No disponible",Salida,"Sin evento",
"22/09/2025 18:52",4,,,,Oruro,"Sucursal Oruro","No disponible",Salida,"Sin evento",
"22/09/2025 19:08",1,,,,Oruro,"Sucursal Oruro","No disponible",Salida,"Sin evento",
"23/09/2025 08:05",4,,,,Oruro,"Sucursal Oruro","No disponible",Salida,"Sin evento",
"23/09/2025 08:07",5,,,,Oruro,"Sucursal Oruro","No disponible",Salida,"Sin evento",
"23/09/2025 08:13",1,,,,Oruro,"Sucursal Oruro","No disponible",Salida,"Sin evento",
"23/09/2025 08:27",7281679,,,,Oruro,"Sucursal Oruro","No disponible",Salida,"Sin evento",
"23/09/2025 18:35",5,,,,Oruro,"Sucursal Oruro","No disponible",Salida,"Sin evento",
"23/09/2025 18:45",7281679,,,,Oruro,"Sucursal Oruro","No disponible",Salida,"Sin evento",
"23/09/2025 18:48",1,,,,Oruro,"Sucursal Oruro","No disponible",Salida,"Sin evento",
"23/09/2025 19:15",4,,,,Oruro,"Sucursal Oruro","No disponible",Salida,"Sin evento",
"24/09/2025 08:07",4,,,,Oruro,"Sucursal Oruro","No disponible",Salida,"Sin evento",
"24/09/2025 08:14",1,,,,Oruro,"Sucursal Oruro","No disponible",Salida,"Sin evento",
"24/09/2025 08:28",7281679,,,,Oruro,"Sucursal Oruro","No disponible",Salida,"Sin evento",
"24/09/2025 08:31",5,,,,Oruro,"Sucursal Oruro","No disponible",Salida,"Sin evento",
"24/09/2025 18:42",7281679,,,,Oruro,"Sucursal Oruro","No disponible",Salida,"Sin evento",
"24/09/2025 18:42",4,,,,Oruro,"Sucursal Oruro","No disponible",Salida,"Sin evento",
"24/09/2025 18:43",5,,,,Oruro,"Sucursal Oruro","No disponible",Salida,"Sin evento",
"24/09/2025 18:48",1,,,,Oruro,"Sucursal Oruro","No disponible",Salida,"Sin evento",
"25/09/2025 07:50",4,,,,Oruro,"Sucursal Oruro","No disponible",Salida,"Sin evento",
"25/09/2025 08:05",1,,,,Oruro,"Sucursal Oruro","No disponible",Salida,"Sin evento",
"25/09/2025 08:10",7281679,,,,Oruro,"Sucursal Oruro","No disponible",Salida,"Sin evento",
"25/09/2025 08:30",5,,,,Oruro,"Sucursal Oruro","No disponible",Salida,"Sin evento",
"25/09/2025 18:33",5,,,,Oruro,"Sucursal Oruro","No disponible",Salida,"Sin evento",
"25/09/2025 18:33",7281679,,,,Oruro,"Sucursal Oruro","No disponible",Salida,"Sin evento",
"25/09/2025 18:33",4,,,,Oruro,"Sucursal Oruro","No disponible",Salida,"Sin evento",
"25/09/2025 19:22",1,,,,Oruro,"Sucursal Oruro","No disponible",Salida,"Sin evento",
"26/09/2025 08:16",4,,,,Oruro,"Sucursal Oruro","No disponible",Salida,"Sin evento",
"26/09/2025 08:24",5,,,,Oruro,"Sucursal Oruro","No disponible",Salida,"Sin evento",
"26/09/2025 08:24",7281679,,,,Oruro,"Sucursal Oruro","No disponible",Salida,"Sin evento",
"26/09/2025 08:29",4,,,,Oruro,"Sucursal Oruro","No disponible",Salida,"Sin evento",
"26/09/2025 08:33",1,,,,Oruro,"Sucursal Oruro","No disponible",Salida,"Sin evento",
"26/09/2025 18:31",1,,,,Oruro,"Sucursal Oruro","No disponible",Salida,"Sin evento",
"26/09/2025 18:32",5,,,,Oruro,"Sucursal Oruro","No disponible",Salida,"Sin evento",
"26/09/2025 18:33",7281679,,,,Oruro,"Sucursal Oruro","No disponible",Salida,"Sin evento",
"26/09/2025 19:05",4,,,,Oruro,"Sucursal Oruro","No disponible",Salida,"Sin evento",
"27/09/2025 08:56",5,,,,Oruro,"Sucursal Oruro","No disponible",Salida,"Sin evento",
"27/09/2025 08:57",4,,,,Oruro,"Sucursal Oruro","No disponible",Salida,"Sin evento",
"29/09/2025 07:52",4,,,,Oruro,"Sucursal Oruro","No disponible",Salida,"Sin evento",
"29/09/2025 08:08",1,,,,Oruro,"Sucursal Oruro","No disponible",Salida,"Sin evento",
"29/09/2025 08:17",7281679,,,,Oruro,"Sucursal Oruro","No disponible",Salida,"Sin evento",
"29/09/2025 08:32",5,,,,Oruro,"Sucursal Oruro","No disponible",Salida,"Sin evento",
"29/09/2025 18:53",7281679,,,,Oruro,"Sucursal Oruro","No disponible",Salida,"Sin evento",
"29/09/2025 19:02",1,,,,Oruro,"Sucursal Oruro","No disponible",Salida,"Sin evento",
"29/09/2025 19:09",5,,,,Oruro,"Sucursal Oruro","No disponible",Salida,"Sin evento",
"29/09/2025 19:18",4,,,,Oruro,"Sucursal Oruro","No disponible",Salida,"Sin evento",
"30/09/2025 08:07",4,,,,Oruro,"Sucursal Oruro","No disponible",Salida,"Sin evento",
"30/09/2025 08:14",4,,,,Oruro,"Sucursal Oruro","No disponible",Salida,"Sin evento",
"30/09/2025 08:17",1,,,,Oruro,"Sucursal Oruro","No disponible",Salida,"Sin evento",
"30/09/2025 08:19",7281679,,,,Oruro,"Sucursal Oruro","No disponible",Salida,"Sin evento",
"30/09/2025 08:23",7281679,,,,Oruro,"Sucursal Oruro","No disponible",Salida,"Sin evento",
"30/09/2025 08:28",5,,,,Oruro,"Sucursal Oruro","No disponible",Salida,"Sin evento",
"30/09/2025 18:47",7281679,,,,Oruro,"Sucursal Oruro","No disponible",Salida,"Sin evento",
"30/09/2025 18:59",5,,,,Oruro,"Sucursal Oruro","No disponible",Salida,"Sin evento",
"30/09/2025 19:01",1,,,,Oruro,"Sucursal Oruro","No disponible",Salida,"Sin evento",
"30/09/2025 19:01",4,,,,Oruro,"Sucursal Oruro","No disponible",Salida,"Sin evento",
"01/10/2025 07:43",5,,,,Oruro,"Sucursal Oruro","No disponible",Salida,"Sin evento",
"01/10/2025 08:06",4,,,,Oruro,"Sucursal Oruro","No disponible",Salida,"Sin evento",
"01/10/2025 08:18",7281679,,,,Oruro,"Sucursal Oruro","No disponible",Salida,"Sin evento",
"01/10/2025 08:23",1,,,,Oruro,"Sucursal Oruro","No disponible",Salida,"Sin evento",
"01/10/2025 18:33",5,,,,Oruro,"Sucursal Oruro","No disponible",Salida,"Sin evento",
"01/10/2025 18:36",7281679,,,,Oruro,"Sucursal Oruro","No disponible",Salida,"Sin evento",
"01/10/2025 19:06",1,,,,Oruro,"Sucursal Oruro","No disponible",Salida,"Sin evento",
"01/10/2025 19:07",4,,,,Oruro,"Sucursal Oruro","No disponible",Salida,"Sin evento",
"02/10/2025 08:17",4,,,,Oruro,"Sucursal Oruro","No disponible",Salida,"Sin evento",
"02/10/2025 08:17",7281679,,,,Oruro,"Sucursal Oruro","No disponible",Salida,"Sin evento",
"02/10/2025 08:32",5,,,,Oruro,"Sucursal Oruro","No disponible",Salida,"Sin evento",
"02/10/2025 08:34",1,,,,Oruro,"Sucursal Oruro","No disponible",Salida,"Sin evento",
"02/10/2025 18:37",7281679,,,,Oruro,"Sucursal Oruro","No disponible",Salida,"Sin evento",
"02/10/2025 18:49",4,,,,Oruro,"Sucursal Oruro","No disponible",Salida,"Sin evento",
"02/10/2025 18:49",1,,,,Oruro,"Sucursal Oruro","No disponible",Salida,"Sin evento",
"02/10/2025 18:51",5,,,,Oruro,"Sucursal Oruro","No disponible",Salida,"Sin evento",
"03/10/2025 08:02",1,,,,Oruro,"Sucursal Oruro","No disponible",Salida,"Sin evento",
"03/10/2025 08:03",4,,,,Oruro,"Sucursal Oruro","No disponible",Salida,"Sin evento",
"03/10/2025 08:13",7281679,,,,Oruro,"Sucursal Oruro","No disponible",Salida,"Sin evento",
"03/10/2025 08:34",5,,,,Oruro,"Sucursal Oruro","No disponible",Salida,"Sin evento",
"03/10/2025 18:37",7281679,,,,Oruro,"Sucursal Oruro","No disponible",Salida,"Sin evento",
"03/10/2025 18:42",5,,,,Oruro,"Sucursal Oruro","No disponible",Salida,"Sin evento",
"03/10/2025 19:13",1,,,,Oruro,"Sucursal Oruro","No disponible",Salida,"Sin evento",
"03/10/2025 19:13",4,,,,Oruro,"Sucursal Oruro","No disponible",Salida,"Sin evento",
"04/10/2025 09:03",5,,,,Oruro,"Sucursal Oruro","No disponible",Salida,"Sin evento",
"04/10/2025 09:03",4,,,,Oruro,"Sucursal Oruro","No disponible",Salida,"Sin evento",
"07/10/2025 08:00",4,,,,Oruro,"Sucursal Oruro","No disponible",Salida,"Sin evento",
"07/10/2025 08:04",7281679,,,,Oruro,"Sucursal Oruro","No disponible",Salida,"Sin evento",
"07/10/2025 08:30",5,,,,Oruro,"Sucursal Oruro","No disponible",Salida,"Sin evento",
"07/10/2025 08:33",1,,,,Oruro,"Sucursal Oruro","No disponible",Salida,"Sin evento",
"07/10/2025 19:08",7281679,,,,Oruro,"Sucursal Oruro","No disponible",Salida,"Sin evento",
"07/10/2025 19:10",5,,,,Oruro,"Sucursal Oruro","No disponible",Salida,"Sin evento",
"07/10/2025 19:10",4,,,,Oruro,"Sucursal Oruro","No disponible",Salida,"Sin evento",
"07/10/2025 19:11",1,,,,Oruro,"Sucursal Oruro","No disponible",Salida,"Sin evento",
"08/10/2025 08:03",4,,,,Oruro,"Sucursal Oruro","No disponible",Salida,"Sin evento",
"08/10/2025 08:21",7281679,,,,Oruro,"Sucursal Oruro","No disponible",Salida,"Sin evento",
"08/10/2025 08:27",1,,,,Oruro,"Sucursal Oruro","No disponible",Salida,"Sin evento",
"08/10/2025 08:29",5,,,,Oruro,"Sucursal Oruro","No disponible",Salida,"Sin evento",
"08/10/2025 18:48",5,,,,Oruro,"Sucursal Oruro","No disponible",Salida,"Sin evento",
"08/10/2025 18:48",7281679,,,,Oruro,"Sucursal Oruro","No disponible",Salida,"Sin evento",
"08/10/2025 18:50",1,,,,Oruro,"Sucursal Oruro","No disponible",Salida,"Sin evento",
"08/10/2025 18:50",4,,,,Oruro,"Sucursal Oruro","No disponible",Salida,"Sin evento",
"09/10/2025 07:29",1,,,,Oruro,"Sucursal Oruro","No disponible",Salida,"Sin evento",
"09/10/2025 08:02",4,,,,Oruro,"Sucursal Oruro","No disponible",Salida,"Sin evento",
"09/10/2025 08:26",7281679,,,,Oruro,"Sucursal Oruro","No disponible",Salida,"Sin evento",
"09/10/2025 08:34",5,,,,Oruro,"Sucursal Oruro","No disponible",Salida,"Sin evento",
"09/10/2025 18:38",5,,,,Oruro,"Sucursal Oruro","No disponible",Salida,"Sin evento",
"09/10/2025 18:39",7281679,,,,Oruro,"Sucursal Oruro","No disponible",Salida,"Sin evento",
"09/10/2025 18:43",4,,,,Oruro,"Sucursal Oruro","No disponible",Salida,"Sin evento",
"09/10/2025 18:44",1,,,,Oruro,"Sucursal Oruro","No disponible",Salida,"Sin evento",
"10/10/2025 08:06",4,,,,Oruro,"Sucursal Oruro","No disponible",Salida,"Sin evento",
"10/10/2025 08:18",1,,,,Oruro,"Sucursal Oruro","No disponible",Salida,"Sin evento",
"10/10/2025 08:20",7281679,,,,Oruro,"Sucursal Oruro","No disponible",Salida,"Sin evento",
"10/10/2025 08:33",5,,,,Oruro,"Sucursal Oruro","No disponible",Salida,"Sin evento",
"10/10/2025 18:58",7281679,,,,Oruro,"Sucursal Oruro","No disponible",Salida,"Sin evento",
"10/10/2025 18:58",5,,,,Oruro,"Sucursal Oruro","No disponible",Salida,"Sin evento",
"10/10/2025 18:59",1,,,,Oruro,"Sucursal Oruro","No disponible",Salida,"Sin evento",
"10/10/2025 18:59",4,,,,Oruro,"Sucursal Oruro","No disponible",Salida,"Sin evento",
"13/10/2025 07:54",1,,,,Oruro,"Sucursal Oruro","No disponible",Salida,"Sin evento",
"13/10/2025 08:04",4,,,,Oruro,"Sucursal Oruro","No disponible",Salida,"Sin evento",
"13/10/2025 08:13",7281679,,,,Oruro,"Sucursal Oruro","No disponible",Salida,"Sin evento",
"13/10/2025 08:29",5,,,,Oruro,"Sucursal Oruro","No disponible",Salida,"Sin evento",
"13/10/2025 18:39",5,,,,Oruro,"Sucursal Oruro","No disponible",Salida,"Sin evento",
"13/10/2025 18:49",7281679,,,,Oruro,"Sucursal Oruro","No disponible",Salida,"Sin evento",
"13/10/2025 18:51",1,,,,Oruro,"Sucursal Oruro","No disponible",Salida,"Sin evento",
"13/10/2025 18:52",4,,,,Oruro,"Sucursal Oruro","No disponible",Salida,"Sin evento",
"14/10/2025 08:08",4,,,,Oruro,"Sucursal Oruro","No disponible",Salida,"Sin evento",
"14/10/2025 08:22",7281679,,,,Oruro,"Sucursal Oruro","No disponible",Salida,"Sin evento",
"14/10/2025 08:25",1,,,,Oruro,"Sucursal Oruro","No disponible",Salida,"Sin evento",
"14/10/2025 08:32",5,,,,Oruro,"Sucursal Oruro","No disponible",Salida,"Sin evento",
"14/10/2025 18:38",1,,,,Oruro,"Sucursal Oruro","No disponible",Salida,"Sin evento",
"14/10/2025 18:39",4,,,,Oruro,"Sucursal Oruro","No disponible",Salida,"Sin evento",
"14/10/2025 18:42",5,,,,Oruro,"Sucursal Oruro","No disponible",Salida,"Sin evento",
"14/10/2025 18:43",7281679,,,,Oruro,"Sucursal Oruro","No disponible",Salida,"Sin evento",
"15/10/2025 07:52",1,,,,Oruro,"Sucursal Oruro","No disponible",Salida,"Sin evento",
"15/10/2025 08:07",4,,,,Oruro,"Sucursal Oruro","No disponible",Salida,"Sin evento",
"15/10/2025 08:23",7281679,,,,Oruro,"Sucursal Oruro","No disponible",Salida,"Sin evento",
"15/10/2025 08:33",5,,,,Oruro,"Sucursal Oruro","No disponible",Salida,"Sin evento",
"15/10/2025 18:35",5,,,,Oruro,"Sucursal Oruro","No disponible",Salida,"Sin evento",
"15/10/2025 18:35",4,,,,Oruro,"Sucursal Oruro","No disponible",Salida,"Sin evento",
"15/10/2025 18:51",1,,,,Oruro,"Sucursal Oruro","No disponible",Salida,"Sin evento",
"15/10/2025 19:43",7281679,,,,Oruro,"Sucursal Oruro","No disponible",Salida,"Sin evento",
"16/10/2025 08:08",7281679,,,,Oruro,"Sucursal Oruro","No disponible",Salida,"Sin evento",
"16/10/2025 08:17",1,,,,Oruro,"Sucursal Oruro","No disponible",Salida,"Sin evento",
"16/10/2025 08:23",4,,,,Oruro,"Sucursal Oruro","No disponible",Salida,"Sin evento",
"16/10/2025 08:30",5,,,,Oruro,"Sucursal Oruro","No disponible",Salida,"Sin evento",
"16/10/2025 18:42",5,,,,Oruro,"Sucursal Oruro","No disponible",Salida,"Sin evento",
"16/10/2025 18:43",7281679,,,,Oruro,"Sucursal Oruro","No disponible",Salida,"Sin evento",
"16/10/2025 18:56",1,,,,Oruro,"Sucursal Oruro","No disponible",Salida,"Sin evento",
"16/10/2025 18:56",4,,,,Oruro,"Sucursal Oruro","No disponible",Salida,"Sin evento",
"16/10/2025 19:00",4,,,,Oruro,"Sucursal Oruro","No disponible",Salida,"Sin evento",
"17/10/2025 08:01",4,,,,Oruro,"Sucursal Oruro","No disponible",Salida,"Sin evento",
"17/10/2025 08:02",1,,,,Oruro,"Sucursal Oruro","No disponible",Salida,"Sin evento",
"17/10/2025 08:22",7281679,,,,Oruro,"Sucursal Oruro","No disponible",Salida,"Sin evento",
"17/10/2025 08:35",5,,,,Oruro,"Sucursal Oruro","No disponible",Salida,"Sin evento",
"17/10/2025 18:28",1,,,,Oruro,"Sucursal Oruro","No disponible",Salida,"Sin evento",
"17/10/2025 18:32",4,,,,Oruro,"Sucursal Oruro","No disponible",Salida,"Sin evento",
"17/10/2025 18:33",5,,,,Oruro,"Sucursal Oruro","No disponible",Salida,"Sin evento",
"17/10/2025 18:36",7281679,,,,Oruro,"Sucursal Oruro","No disponible",Salida,"Sin evento",
"18/10/2025 08:56",4,,,,Oruro,"Sucursal Oruro","No disponible",Salida,"Sin evento",
"18/10/2025 08:56",5,,,,Oruro,"Sucursal Oruro","No disponible",Salida,"Sin evento",
"18/10/2025 13:11",1,,,,Oruro,"Sucursal Oruro","No disponible",Salida,"Sin evento",
"20/10/2025 07:56",1,,,,Oruro,"Sucursal Oruro","No disponible",Salida,"Sin evento",
"20/10/2025 07:57",4,,,,Oruro,"Sucursal Oruro","No disponible",Salida,"Sin evento",
"20/10/2025 08:05",4,,,,Oruro,"Sucursal Oruro","No disponible",Salida,"Sin evento",
"20/10/2025 08:12",7281679,,,,Oruro,"Sucursal Oruro","No disponible",Salida,"Sin evento",
"20/10/2025 08:28",1,,,,Oruro,"Sucursal Oruro","No disponible",Salida,"Sin evento",
"20/10/2025 08:29",5,,,,Oruro,"Sucursal Oruro","No disponible",Salida,"Sin evento",
"20/10/2025 18:32",5,,,,Oruro,"Sucursal Oruro","No disponible",Salida,"Sin evento",
"20/10/2025 18:39",7281679,,,,Oruro,"Sucursal Oruro","No disponible",Salida,"Sin evento",
"20/10/2025 18:44",4,,,,Oruro,"Sucursal Oruro","No disponible",Salida,"Sin evento",
"20/10/2025 19:05",1,,,,Oruro,"Sucursal Oruro","No disponible",Salida,"Sin evento",
"21/10/2025 07:46",1,,,,Oruro,"Sucursal Oruro","No disponible",Salida,"Sin evento",
"21/10/2025 08:05",4,,,,Oruro,"Sucursal Oruro","No disponible",Salida,"Sin evento",
"21/10/2025 08:10",4,,,,Oruro,"Sucursal Oruro","No disponible",Salida,"Sin evento",
"21/10/2025 08:15",7281679,,,,Oruro,"Sucursal Oruro","No disponible",Salida,"Sin evento",
"21/10/2025 08:25",5,,,,Oruro,"Sucursal Oruro","No disponible",Salida,"Sin evento",
"21/10/2025 18:34",4,,,,Oruro,"Sucursal Oruro","No disponible",Salida,"Sin evento",
"21/10/2025 18:35",5,,,,Oruro,"Sucursal Oruro","No disponible",Salida,"Sin evento",
"21/10/2025 18:35",7281679,,,,Oruro,"Sucursal Oruro","No disponible",Salida,"Sin evento",
"21/10/2025 18:36",1,,,,Oruro,"Sucursal Oruro","No disponible",Salida,"Sin evento",
"22/10/2025 08:07",4,,,,Oruro,"Sucursal Oruro","No disponible",Salida,"Sin evento",
"22/10/2025 08:19",7281679,,,,Oruro,"Sucursal Oruro","No disponible",Salida,"Sin evento",
"22/10/2025 08:23",1,,,,Oruro,"Sucursal Oruro","No disponible",Salida,"Sin evento",
"22/10/2025 08:36",5,,,,Oruro,"Sucursal Oruro","No disponible",Salida,"Sin evento",
"22/10/2025 18:51",5,,,,Oruro,"Sucursal Oruro","No disponible",Salida,"Sin evento",
"22/10/2025 18:53",1,,,,Oruro,"Sucursal Oruro","No disponible",Salida,"Sin evento",
"22/10/2025 18:54",4,,,,Oruro,"Sucursal Oruro","No disponible",Salida,"Sin evento",
"22/10/2025 18:54",7281679,,,,Oruro,"Sucursal Oruro","No disponible",Salida,"Sin evento",
"23/10/2025 07:17",1,,,,Oruro,"Sucursal Oruro","No disponible",Salida,"Sin evento",
"23/10/2025 08:02",4,,,,Oruro,"Sucursal Oruro","No disponible",Salida,"Sin evento",
"23/10/2025 08:25",5,,,,Oruro,"Sucursal Oruro","No disponible",Salida,"Sin evento",
"23/10/2025 08:30",7281679,,,,Oruro,"Sucursal Oruro","No disponible",Salida,"Sin evento",
"23/10/2025 18:31",5,,,,Oruro,"Sucursal Oruro","No disponible",Salida,"Sin evento",
"23/10/2025 18:43",7281679,,,,Oruro,"Sucursal Oruro","No disponible",Salida,"Sin evento",
"23/10/2025 18:59",4,,,,Oruro,"Sucursal Oruro","No disponible",Salida,"Sin evento",
"23/10/2025 18:59",1,,,,Oruro,"Sucursal Oruro","No disponible",Salida,"Sin evento",
"24/10/2025 08:16",4,,,,Oruro,"Sucursal Oruro","No disponible",Salida,"Sin evento",
"24/10/2025 08:16",5,,,,Oruro,"Sucursal Oruro","No disponible",Salida,"Sin evento",
"24/10/2025 08:20",7281679,,,,Oruro,"Sucursal Oruro","No disponible",Salida,"Sin evento",
"24/10/2025 08:25",1,,,,Oruro,"Sucursal Oruro","No disponible",Salida,"Sin evento",
"24/10/2025 18:44",4,,,,Oruro,"Sucursal Oruro","No disponible",Salida,"Sin evento",
"24/10/2025 18:44",1,,,,Oruro,"Sucursal Oruro","No disponible",Salida,"Sin evento",
"24/10/2025 18:46",7281679,,,,Oruro,"Sucursal Oruro","No disponible",Salida,"Sin evento",
"24/10/2025 19:07",5,,,,Oruro,"Sucursal Oruro","No disponible",Salida,"Sin evento",
"25/10/2025 08:59",4,,,,Oruro,"Sucursal Oruro","No disponible",Salida,"Sin evento",
"25/10/2025 08:59",5,,,,Oruro,"Sucursal Oruro","No disponible",Salida,"Sin evento",
"25/10/2025 12:41",1,,,,Oruro,"Sucursal Oruro","No disponible",Salida,"Sin evento",
"27/10/2025 08:01",4,,,,Oruro,"Sucursal Oruro","No disponible",Salida,"Sin evento",
"27/10/2025 08:25",7281679,,,,Oruro,"Sucursal Oruro","No disponible",Salida,"Sin evento",
"27/10/2025 08:29",1,,,,Oruro,"Sucursal Oruro","No disponible",Salida,"Sin evento",
"27/10/2025 08:31",5,,,,Oruro,"Sucursal Oruro","No disponible",Salida,"Sin evento",
"27/10/2025 18:28",7281679,,,,Oruro,"Sucursal Oruro","No disponible",Salida,"Sin evento",
"27/10/2025 18:36",5,,,,Oruro,"Sucursal Oruro","No disponible",Salida,"Sin evento",
"27/10/2025 18:37",1,,,,Oruro,"Sucursal Oruro","No disponible",Salida,"Sin evento",
"27/10/2025 18:37",4,,,,Oruro,"Sucursal Oruro","No disponible",Salida,"Sin evento",
"28/10/2025 07:26",1,,,,Oruro,"Sucursal Oruro","No disponible",Salida,"Sin evento",
"28/10/2025 08:02",4,,,,Oruro,"Sucursal Oruro","No disponible",Salida,"Sin evento",
"28/10/2025 08:26",7281679,,,,Oruro,"Sucursal Oruro","No disponible",Salida,"Sin evento",
"28/10/2025 08:32",5,,,,Oruro,"Sucursal Oruro","No disponible",Salida,"Sin evento",
"28/10/2025 18:34",5,,,,Oruro,"Sucursal Oruro","No disponible",Salida,"Sin evento",
"28/10/2025 18:36",7281679,,,,Oruro,"Sucursal Oruro","No disponible",Salida,"Sin evento",
"28/10/2025 18:36",1,,,,Oruro,"Sucursal Oruro","No disponible",Salida,"Sin evento",
"28/10/2025 18:37",4,,,,Oruro,"Sucursal Oruro","No disponible",Salida,"Sin evento",
"29/10/2025 08:19",4,,,,Oruro,"Sucursal Oruro","No disponible",Salida,"Sin evento",
"29/10/2025 08:19",7281679,,,,Oruro,"Sucursal Oruro","No disponible",Salida,"Sin evento",
"29/10/2025 08:32",1,,,,Oruro,"Sucursal Oruro","No disponible",Salida,"Sin evento",
"29/10/2025 08:34",5,,,,Oruro,"Sucursal Oruro","No disponible",Salida,"Sin evento",
"29/10/2025 18:44",5,,,,Oruro,"Sucursal Oruro","No disponible",Salida,"Sin evento",
"29/10/2025 18:47",7281679,,,,Oruro,"Sucursal Oruro","No disponible",Salida,"Sin evento",
"29/10/2025 19:16",1,,,,Oruro,"Sucursal Oruro","No disponible",Salida,"Sin evento",
"29/10/2025 19:20",4,,,,Oruro,"Sucursal Oruro","No disponible",Salida,"Sin evento",
"30/10/2025 07:39",1,,,,Oruro,"Sucursal Oruro","No disponible",Salida,"Sin evento",
"30/10/2025 08:21",4,,,,Oruro,"Sucursal Oruro","No disponible",Salida,"Sin evento",
"30/10/2025 08:21",5,,,,Oruro,"Sucursal Oruro","No disponible",Salida,"Sin evento",
"30/10/2025 08:27",7281679,,,,Oruro,"Sucursal Oruro","No disponible",Salida,"Sin evento",
"30/10/2025 19:36",5,,,,Oruro,"Sucursal Oruro","No disponible",Salida,"Sin evento",
"30/10/2025 19:36",7281679,,,,Oruro,"Sucursal Oruro","No disponible",Salida,"Sin evento",
"30/10/2025 19:40",1,,,,Oruro,"Sucursal Oruro","No disponible",Salida,"Sin evento",
"30/10/2025 19:46",4,,,,Oruro,"Sucursal Oruro","No disponible",Salida,"Sin evento",
"30/10/2025 19:51",4,,,,Oruro,"Sucursal Oruro","No disponible",Salida,"Sin evento",
"31/10/2025 08:01",4,,,,Oruro,"Sucursal Oruro","No disponible",Salida,"Sin evento",
"31/10/2025 08:26",7281679,,,,Oruro,"Sucursal Oruro","No disponible",Salida,"Sin evento",
"31/10/2025 08:31",5,,,,Oruro,"Sucursal Oruro","No disponible",Salida,"Sin evento",
"31/10/2025 08:31",1,,,,Oruro,"Sucursal Oruro","No disponible",Salida,"Sin evento",
"31/10/2025 18:41",1,,,,Oruro,"Sucursal Oruro","No disponible",Salida,"Sin evento",
"31/10/2025 18:45",5,,,,Oruro,"Sucursal Oruro","No disponible",Salida,"Sin evento",
"31/10/2025 18:50",7281679,,,,Oruro,"Sucursal Oruro","No disponible",Salida,"Sin evento",
"31/10/2025 18:55",4,,,,Oruro,"Sucursal Oruro","No disponible",Salida,"Sin evento",
"31/10/2025 19:15",1,,,,Oruro,"Sucursal Oruro","No disponible",Salida,"Sin evento",
"01/11/2025 09:05",5,,,,Oruro,"Sucursal Oruro","No disponible",Salida,"Sin evento",
"01/11/2025 09:05",4,,,,Oruro,"Sucursal Oruro","No disponible",Salida,"Sin evento",
"01/11/2025 09:05",7281679,,,,Oruro,"Sucursal Oruro","No disponible",Salida,"Sin evento",
"04/11/2025 07:52",1,,,,Oruro,"Sucursal Oruro","No disponible",Salida,"Sin evento",
"04/11/2025 08:07",4,,,,Oruro,"Sucursal Oruro","No disponible",Salida,"Sin evento",
"04/11/2025 08:21",1,,,,Oruro,"Sucursal Oruro","No disponible",Salida,"Sin evento",
"04/11/2025 08:22",5,,,,Oruro,"Sucursal Oruro","No disponible",Salida,"Sin evento",
"04/11/2025 08:22",4,,,,Oruro,"Sucursal Oruro","No disponible",Salida,"Sin evento",
"04/11/2025 08:24",7281679,,,,Oruro,"Sucursal Oruro","No disponible",Salida,"Sin evento",
"04/11/2025 08:26",5,,,,Oruro,"Sucursal Oruro","No disponible",Salida,"Sin evento",
"04/11/2025 18:35",1,,,,Oruro,"Sucursal Oruro","No disponible",Salida,"Sin evento",
"04/11/2025 18:35",5,,,,Oruro,"Sucursal Oruro","No disponible",Salida,"Sin evento",
"04/11/2025 18:35",4,,,,Oruro,"Sucursal Oruro","No disponible",Salida,"Sin evento",
"04/11/2025 19:11",7281679,,,,Oruro,"Sucursal Oruro","No disponible",Salida,"Sin evento",
"05/11/2025 07:38",4,,,,Oruro,"Sucursal Oruro","No disponible",Salida,"Sin evento",
"05/11/2025 08:10",7281679,,,,Oruro,"Sucursal Oruro","No disponible",Salida,"Sin evento",
"05/11/2025 08:12",1,,,,Oruro,"Sucursal Oruro","No disponible",Salida,"Sin evento",
"05/11/2025 08:12",5,,,,Oruro,"Sucursal Oruro","No disponible",Salida,"Sin evento",
"05/11/2025 18:32",7281679,,,,Oruro,"Sucursal Oruro","No disponible",Salida,"Sin evento",
"05/11/2025 18:37",4,,,,Oruro,"Sucursal Oruro","No disponible",Salida,"Sin evento",
"05/11/2025 19:27",1,,,,Oruro,"Sucursal Oruro","No disponible",Salida,"Sin evento",
"05/11/2025 19:28",5,,,,Oruro,"Sucursal Oruro","No disponible",Salida,"Sin evento",
"05/11/2025 19:28",4,,,,Oruro,"Sucursal Oruro","No disponible",Salida,"Sin evento",
"06/11/2025 07:02",7281679,,,,Oruro,"Sucursal Oruro","No disponible",Salida,"Sin evento",
"06/11/2025 08:16",1,,,,Oruro,"Sucursal Oruro","No disponible",Salida,"Sin evento",
"06/11/2025 08:16",5,,,,Oruro,"Sucursal Oruro","No disponible",Salida,"Sin evento",
"06/11/2025 08:16",4,,,,Oruro,"Sucursal Oruro","No disponible",Salida,"Sin evento",
"06/11/2025 18:27",1,,,,Oruro,"Sucursal Oruro","No disponible",Salida,"Sin evento",
"06/11/2025 18:27",5,,,,Oruro,"Sucursal Oruro","No disponible",Salida,"Sin evento",
"06/11/2025 18:27",4,,,,Oruro,"Sucursal Oruro","No disponible",Salida,"Sin evento",
"06/11/2025 19:35",7281679,,,,Oruro,"Sucursal Oruro","No disponible",Salida,"Sin evento",
"07/11/2025 07:16",1,,,,Oruro,"Sucursal Oruro","No disponible",Salida,"Sin evento",
"07/11/2025 07:16",5,,,,Oruro,"Sucursal Oruro","No disponible",Salida,"Sin evento",
"07/11/2025 07:16",4,,,,Oruro,"Sucursal Oruro","No disponible",Salida,"Sin evento",
"07/11/2025 08:02",7281679,,,,Oruro,"Sucursal Oruro","No disponible",Salida,"Sin evento",
"07/11/2025 18:40",7281679,,,,Oruro,"Sucursal Oruro","No disponible",Salida,"Sin evento",
"07/11/2025 19:21",1,,,,Oruro,"Sucursal Oruro","No disponible",Salida,"Sin evento",
"07/11/2025 19:21",5,,,,Oruro,"Sucursal Oruro","No disponible",Salida,"Sin evento",
"07/11/2025 19:21",4,,,,Oruro,"Sucursal Oruro","No disponible",Salida,"Sin evento",
"10/11/2025 08:02",7281679,,,,Oruro,"Sucursal Oruro","No disponible",Salida,"Sin evento",
"10/11/2025 08:27",5,,,,Oruro,"Sucursal Oruro","No disponible",Salida,"Sin evento",
"10/11/2025 08:29",1,,,,Oruro,"Sucursal Oruro","No disponible",Salida,"Sin evento",
"10/11/2025 08:32",4,,,,Oruro,"Sucursal Oruro","No disponible",Salida,"Sin evento",
"10/11/2025 18:31",5,,,,Oruro,"Sucursal Oruro","No disponible",Salida,"Sin evento",
"10/11/2025 18:36",7281679,,,,Oruro,"Sucursal Oruro","No disponible",Salida,"Sin evento",
"10/11/2025 18:39",4,,,,Oruro,"Sucursal Oruro","No disponible",Salida,"Sin evento",
"10/11/2025 18:41",1,,,,Oruro,"Sucursal Oruro","No disponible",Salida,"Sin evento",
"11/11/2025 07:40",1,,,,Oruro,"Sucursal Oruro","No disponible",Salida,"Sin evento",
"11/11/2025 08:13",4,,,,Oruro,"Sucursal Oruro","No disponible",Salida,"Sin evento",
"11/11/2025 08:19",7281679,,,,Oruro,"Sucursal Oruro","No disponible",Salida,"Sin evento",
"11/11/2025 08:31",5,,,,Oruro,"Sucursal Oruro","No disponible",Salida,"Sin evento",
"11/11/2025 18:49",5,,,,Oruro,"Sucursal Oruro","No disponible",Salida,"Sin evento",
"11/11/2025 18:54",4,,,,Oruro,"Sucursal Oruro","No disponible",Salida,"Sin evento",
"11/11/2025 19:03",7281679,,,,Oruro,"Sucursal Oruro","No disponible",Salida,"Sin evento",
"11/11/2025 19:19",1,,,,Oruro,"Sucursal Oruro","No disponible",Salida,"Sin evento",
"12/11/2025 08:00",4,,,,Oruro,"Sucursal Oruro","No disponible",Salida,"Sin evento",
"12/11/2025 08:19",7281679,,,,Oruro,"Sucursal Oruro","No disponible",Salida,"Sin evento",
"12/11/2025 08:19",1,,,,Oruro,"Sucursal Oruro","No disponible",Salida,"Sin evento",
"12/11/2025 08:35",5,,,,Oruro,"Sucursal Oruro","No disponible",Salida,"Sin evento",
"12/11/2025 18:33",4,,,,Oruro,"Sucursal Oruro","No disponible",Salida,"Sin evento",
"12/11/2025 18:34",5,,,,Oruro,"Sucursal Oruro","No disponible",Salida,"Sin evento",
"12/11/2025 18:40",7281679,,,,Oruro,"Sucursal Oruro","No disponible",Salida,"Sin evento",
"12/11/2025 18:52",1,,,,Oruro,"Sucursal Oruro","No disponible",Salida,"Sin evento",
"13/11/2025 07:50",1,,,,Oruro,"Sucursal Oruro","No disponible",Salida,"Sin evento",
"13/11/2025 08:06",4,,,,Oruro,"Sucursal Oruro","No disponible",Salida,"Sin evento",
"13/11/2025 08:21",7281679,,,,Oruro,"Sucursal Oruro","No disponible",Salida,"Sin evento",
"13/11/2025 08:34",5,,,,Oruro,"Sucursal Oruro","No disponible",Salida,"Sin evento",
"13/11/2025 18:32",4,,,,Oruro,"Sucursal Oruro","No disponible",Salida,"Sin evento",
"13/11/2025 18:32",7281679,,,,Oruro,"Sucursal Oruro","No disponible",Salida,"Sin evento",
"13/11/2025 18:33",5,,,,Oruro,"Sucursal Oruro","No disponible",Salida,"Sin evento",
"13/11/2025 19:27",1,,,,Oruro,"Sucursal Oruro","No disponible",Salida,"Sin evento",
"14/11/2025 07:42",1,,,,Oruro,"Sucursal Oruro","No disponible",Salida,"Sin evento",
"14/11/2025 08:07",4,,,,Oruro,"Sucursal Oruro","No disponible",Salida,"Sin evento",
"14/11/2025 08:19",7281679,,,,Oruro,"Sucursal Oruro","No disponible",Salida,"Sin evento",
"14/11/2025 08:33",5,,,,Oruro,"Sucursal Oruro","No disponible",Salida,"Sin evento",
"14/11/2025 18:33",5,,,,Oruro,"Sucursal Oruro","No disponible",Salida,"Sin evento",
"14/11/2025 18:50",7281679,,,,Oruro,"Sucursal Oruro","No disponible",Salida,"Sin evento",
"14/11/2025 19:22",1,,,,Oruro,"Sucursal Oruro","No disponible",Salida,"Sin evento",
"14/11/2025 19:22",4,,,,Oruro,"Sucursal Oruro","No disponible",Salida,"Sin evento",
"15/11/2025 08:53",4,,,,Oruro,"Sucursal Oruro","No disponible",Salida,"Sin evento",
"15/11/2025 08:54",5,,,,Oruro,"Sucursal Oruro","No disponible",Salida,"Sin evento",
"17/11/2025 08:01",4,,,,Oruro,"Sucursal Oruro","No disponible",Salida,"Sin evento",
"17/11/2025 08:03",1,,,,Oruro,"Sucursal Oruro","No disponible",Salida,"Sin evento",
"17/11/2025 08:15",7281679,,,,Oruro,"Sucursal Oruro","No disponible",Salida,"Sin evento",
"17/11/2025 08:28",5,,,,Oruro,"Sucursal Oruro","No disponible",Salida,"Sin evento",
"17/11/2025 18:39",5,,,,Oruro,"Sucursal Oruro","No disponible",Salida,"Sin evento",
"17/11/2025 18:43",7281679,,,,Oruro,"Sucursal Oruro","No disponible",Salida,"Sin evento",
"17/11/2025 18:52",1,,,,Oruro,"Sucursal Oruro","No disponible",Salida,"Sin evento",
"17/11/2025 18:52",4,,,,Oruro,"Sucursal Oruro","No disponible",Salida,"Sin evento",
"18/11/2025 07:49",1,,,,Oruro,"Sucursal Oruro","No disponible",Salida,"Sin evento",
"18/11/2025 07:50",4,,,,Oruro,"Sucursal Oruro","No disponible",Salida,"Sin evento",
"18/11/2025 08:12",4,,,,Oruro,"Sucursal Oruro","No disponible",Salida,"Sin evento",
"18/11/2025 08:16",5,,,,Oruro,"Sucursal Oruro","No disponible",Salida,"Sin evento",
"18/11/2025 08:22",7281679,,,,Oruro,"Sucursal Oruro","No disponible",Salida,"Sin evento",
"18/11/2025 18:36",5,,,,Oruro,"Sucursal Oruro","No disponible",Salida,"Sin evento",
"18/11/2025 18:43",4,,,,Oruro,"Sucursal Oruro","No disponible",Salida,"Sin evento",
"18/11/2025 18:44",7281679,,,,Oruro,"Sucursal Oruro","No disponible",Salida,"Sin evento",
"18/11/2025 18:49",1,,,,Oruro,"Sucursal Oruro","No disponible",Salida,"Sin evento",
"19/11/2025 07:45",4,,,,Oruro,"Sucursal Oruro","No disponible",Salida,"Sin evento",
"19/11/2025 08:17",4,,,,Oruro,"Sucursal Oruro","No disponible",Salida,"Sin evento",
"19/11/2025 08:25",7281679,,,,Oruro,"Sucursal Oruro","No disponible",Salida,"Sin evento",
"19/11/2025 08:31",5,,,,Oruro,"Sucursal Oruro","No disponible",Salida,"Sin evento",
"19/11/2025 08:32",1,,,,Oruro,"Sucursal Oruro","No disponible",Salida,"Sin evento",
"19/11/2025 18:33",7281679,,,,Oruro,"Sucursal Oruro","No disponible",Salida,"Sin evento",
"19/11/2025 18:33",5,,,,Oruro,"Sucursal Oruro","No disponible",Salida,"Sin evento",
"19/11/2025 18:43",1,,,,Oruro,"Sucursal Oruro","No disponible",Salida,"Sin evento",
"19/11/2025 18:44",4,,,,Oruro,"Sucursal Oruro","No disponible",Salida,"Sin evento",
"20/11/2025 07:53",4,,,,Oruro,"Sucursal Oruro","No disponible",Salida,"Sin evento",
"20/11/2025 08:00",4,,,,Oruro,"Sucursal Oruro","No disponible",Salida,"Sin evento",
"20/11/2025 08:17",7281679,,,,Oruro,"Sucursal Oruro","No disponible",Salida,"Sin evento",
"20/11/2025 08:17",5,,,,Oruro,"Sucursal Oruro","No disponible",Salida,"Sin evento",
"20/11/2025 08:31",1,,,,Oruro,"Sucursal Oruro","No disponible",Salida,"Sin evento",
"20/11/2025 18:35",1,,,,Oruro,"Sucursal Oruro","No disponible",Salida,"Sin evento",
"20/11/2025 18:35",4,,,,Oruro,"Sucursal Oruro","No disponible",Salida,"Sin evento",
"20/11/2025 18:35",7281679,,,,Oruro,"Sucursal Oruro","No disponible",Salida,"Sin evento",
"20/11/2025 18:36",5,,,,Oruro,"Sucursal Oruro","No disponible",Salida,"Sin evento",
"21/11/2025 08:02",4,,,,Oruro,"Sucursal Oruro","No disponible",Salida,"Sin evento",
"21/11/2025 08:12",1,,,,Oruro,"Sucursal Oruro","No disponible",Salida,"Sin evento",
"21/11/2025 08:15",7281679,,,,Oruro,"Sucursal Oruro","No disponible",Salida,"Sin evento",
"21/11/2025 08:23",5,,,,Oruro,"Sucursal Oruro","No disponible",Salida,"Sin evento",
"21/11/2025 18:30",5,,,,Oruro,"Sucursal Oruro","No disponible",Salida,"Sin evento",
"21/11/2025 18:30",4,,,,Oruro,"Sucursal Oruro","No disponible",Salida,"Sin evento",
"21/11/2025 18:38",7281679,,,,Oruro,"Sucursal Oruro","No disponible",Salida,"Sin evento",
"21/11/2025 18:39",1,,,,Oruro,"Sucursal Oruro","No disponible",Salida,"Sin evento",
"22/11/2025 07:54",5,,,,Oruro,"Sucursal Oruro","No disponible",Salida,"Sin evento",
"22/11/2025 08:55",4,,,,Oruro,"Sucursal Oruro","No disponible",Salida,"Sin evento",
"24/11/2025 07:53",1,,,,Oruro,"Sucursal Oruro","No disponible",Salida,"Sin evento",
"24/11/2025 08:20",4,,,,Oruro,"Sucursal Oruro","No disponible",Salida,"Sin evento",
"24/11/2025 08:21",7281679,,,,Oruro,"Sucursal Oruro","No disponible",Salida,"Sin evento",
"24/11/2025 08:21",5,,,,Oruro,"Sucursal Oruro","No disponible",Salida,"Sin evento",
"24/11/2025 18:34",5,,,,Oruro,"Sucursal Oruro","No disponible",Salida,"Sin evento",
"24/11/2025 18:34",4,,,,Oruro,"Sucursal Oruro","No disponible",Salida,"Sin evento",
"24/11/2025 18:44",7281679,,,,Oruro,"Sucursal Oruro","No disponible",Salida,"Sin evento",
"24/11/2025 18:56",1,,,,Oruro,"Sucursal Oruro","No disponible",Salida,"Sin evento",
"25/11/2025 07:31",1,,,,Oruro,"Sucursal Oruro","No disponible",Salida,"Sin evento",
"25/11/2025 08:03",4,,,,Oruro,"Sucursal Oruro","No disponible",Salida,"Sin evento",
"25/11/2025 08:25",5,,,,Oruro,"Sucursal Oruro","No disponible",Salida,"Sin evento",
"25/11/2025 08:37",7281679,,,,Oruro,"Sucursal Oruro","No disponible",Salida,"Sin evento",
"25/11/2025 18:31",4,,,,Oruro,"Sucursal Oruro","No disponible",Salida,"Sin evento",
"25/11/2025 18:31",5,,,,Oruro,"Sucursal Oruro","No disponible",Salida,"Sin evento",
"25/11/2025 18:33",7281679,,,,Oruro,"Sucursal Oruro","No disponible",Salida,"Sin evento",
"25/11/2025 19:45",1,,,,Oruro,"Sucursal Oruro","No disponible",Salida,"Sin evento",
"26/11/2025 08:25",4,,,,Oruro,"Sucursal Oruro","No disponible",Salida,"Sin evento",
"26/11/2025 08:25",7281679,,,,Oruro,"Sucursal Oruro","No disponible",Salida,"Sin evento",
"26/11/2025 08:25",5,,,,Oruro,"Sucursal Oruro","No disponible",Salida,"Sin evento",
"26/11/2025 08:29",1,,,,Oruro,"Sucursal Oruro","No disponible",Salida,"Sin evento",
"26/11/2025 18:38",4,,,,Oruro,"Sucursal Oruro","No disponible",Salida,"Sin evento",
"26/11/2025 18:39",5,,,,Oruro,"Sucursal Oruro","No disponible",Salida,"Sin evento",
"26/11/2025 18:44",1,,,,Oruro,"Sucursal Oruro","No disponible",Salida,"Sin evento",
"26/11/2025 19:10",7281679,,,,Oruro,"Sucursal Oruro","No disponible",Salida,"Sin evento",
"27/11/2025 08:27",1,,,,Oruro,"Sucursal Oruro","No disponible",Salida,"Sin evento",
"27/11/2025 08:27",4,,,,Oruro,"Sucursal Oruro","No disponible",Salida,"Sin evento",
"27/11/2025 08:27",5,,,,Oruro,"Sucursal Oruro","No disponible",Salida,"Sin evento",
"27/11/2025 08:27",7281679,,,,Oruro,"Sucursal Oruro","No disponible",Salida,"Sin evento",
"27/11/2025 18:31",4,,,,Oruro,"Sucursal Oruro","No disponible",Salida,"Sin evento",
"27/11/2025 18:33",5,,,,Oruro,"Sucursal Oruro","No disponible",Salida,"Sin evento",
"27/11/2025 18:37",7281679,,,,Oruro,"Sucursal Oruro","No disponible",Salida,"Sin evento",
"27/11/2025 18:48",1,,,,Oruro,"Sucursal Oruro","No disponible",Salida,"Sin evento",
"28/11/2025 07:30",1,,,,Oruro,"Sucursal Oruro","No disponible",Salida,"Sin evento",
"28/11/2025 08:07",4,,,,Oruro,"Sucursal Oruro","No disponible",Salida,"Sin evento",
"28/11/2025 08:30",7281679,,,,Oruro,"Sucursal Oruro","No disponible",Salida,"Sin evento",
"28/11/2025 08:31",5,,,,Oruro,"Sucursal Oruro","No disponible",Salida,"Sin evento",
"28/11/2025 18:40",5,,,,Oruro,"Sucursal Oruro","No disponible",Salida,"Sin evento",
"28/11/2025 18:40",7281679,,,,Oruro,"Sucursal Oruro","No disponible",Salida,"Sin evento",
"28/11/2025 18:44",4,,,,Oruro,"Sucursal Oruro","No disponible",Salida,"Sin evento",
"28/11/2025 18:45",1,,,,Oruro,"Sucursal Oruro","No disponible",Salida,"Sin evento",
"28/11/2025 20:30",1,,,,Oruro,"Sucursal Oruro","No disponible",Salida,"Sin evento",
"29/11/2025 08:57",4,,,,Oruro,"Sucursal Oruro","No disponible",Salida,"Sin evento",
"29/11/2025 08:58",5,,,,Oruro,"Sucursal Oruro","No disponible",Salida,"Sin evento",
"01/12/2025 07:58",1,,,,Oruro,"Sucursal Oruro","No disponible",Salida,"Sin evento",
"01/12/2025 08:02",4,,,,Oruro,"Sucursal Oruro","No disponible",Salida,"Sin evento",
"01/12/2025 08:16",7281679,,,,Oruro,"Sucursal Oruro","No disponible",Salida,"Sin evento",
"01/12/2025 08:26",5,,,,Oruro,"Sucursal Oruro","No disponible",Salida,"Sin evento",
"01/12/2025 18:33",5,,,,Oruro,"Sucursal Oruro","No disponible",Salida,"Sin evento",
"01/12/2025 18:35",7281679,,,,Oruro,"Sucursal Oruro","No disponible",Salida,"Sin evento",
"01/12/2025 18:46",4,,,,Oruro,"Sucursal Oruro","No disponible",Salida,"Sin evento",
"01/12/2025 18:47",1,,,,Oruro,"Sucursal Oruro","No disponible",Salida,"Sin evento",
"02/12/2025 08:08",1,,,,Oruro,"Sucursal Oruro","No disponible",Salida,"Sin evento",
"02/12/2025 08:21",4,,,,Oruro,"Sucursal Oruro","No disponible",Salida,"Sin evento",
"02/12/2025 08:22",5,,,,Oruro,"Sucursal Oruro","No disponible",Salida,"Sin evento",
"02/12/2025 08:22",7281679,,,,Oruro,"Sucursal Oruro","No disponible",Salida,"Sin evento",
"02/12/2025 08:23",4,,,,Oruro,"Sucursal Oruro","No disponible",Salida,"Sin evento",
"02/12/2025 18:35",5,,,,Oruro,"Sucursal Oruro","No disponible",Salida,"Sin evento",
"02/12/2025 18:35",7281679,,,,Oruro,"Sucursal Oruro","No disponible",Salida,"Sin evento",
"02/12/2025 18:36",4,,,,Oruro,"Sucursal Oruro","No disponible",Salida,"Sin evento",
"02/12/2025 19:00",1,,,,Oruro,"Sucursal Oruro","No disponible",Salida,"Sin evento",
"03/12/2025 07:57",5,,,,Oruro,"Sucursal Oruro","No disponible",Salida,"Sin evento",
"03/12/2025 08:17",1,,,,Oruro,"Sucursal Oruro","No disponible",Salida,"Sin evento",
"03/12/2025 08:31",4,,,,Oruro,"Sucursal Oruro","No disponible",Salida,"Sin evento",
"03/12/2025 08:31",7281679,,,,Oruro,"Sucursal Oruro","No disponible",Salida,"Sin evento",
"03/12/2025 18:40",1,,,,Oruro,"Sucursal Oruro","No disponible",Salida,"Sin evento",
"03/12/2025 18:42",7281679,,,,Oruro,"Sucursal Oruro","No disponible",Salida,"Sin evento",
"03/12/2025 18:45",5,,,,Oruro,"Sucursal Oruro","No disponible",Salida,"Sin evento",
"03/12/2025 18:45",4,,,,Oruro,"Sucursal Oruro","No disponible",Salida,"Sin evento",
"04/12/2025 08:14",4,,,,Oruro,"Sucursal Oruro","No disponible",Salida,"Sin evento",
"04/12/2025 08:14",7281679,,,,Oruro,"Sucursal Oruro","No disponible",Salida,"Sin evento",
"04/12/2025 08:15",5,,,,Oruro,"Sucursal Oruro","No disponible",Salida,"Sin evento",
"04/12/2025 08:21",1,,,,Oruro,"Sucursal Oruro","No disponible",Salida,"Sin evento",
"04/12/2025 18:37",7281679,,,,Oruro,"Sucursal Oruro","No disponible",Salida,"Sin evento",
"04/12/2025 18:40",5,,,,Oruro,"Sucursal Oruro","No disponible",Salida,"Sin evento",
"04/12/2025 18:48",4,,,,Oruro,"Sucursal Oruro","No disponible",Salida,"Sin evento",
"04/12/2025 18:51",1,,,,Oruro,"Sucursal Oruro","No disponible",Salida,"Sin evento",
"05/12/2025 07:51",1,,,,Oruro,"Sucursal Oruro","No disponible",Salida,"Sin evento",
"05/12/2025 08:25",4,,,,Oruro,"Sucursal Oruro","No disponible",Salida,"Sin evento",
"05/12/2025 08:25",7281679,,,,Oruro,"Sucursal Oruro","No disponible",Salida,"Sin evento",
"05/12/2025 08:26",5,,,,Oruro,"Sucursal Oruro","No disponible",Salida,"Sin evento",
"05/12/2025 18:46",1,,,,Oruro,"Sucursal Oruro","No disponible",Salida,"Sin evento",
"05/12/2025 18:47",4,,,,Oruro,"Sucursal Oruro","No disponible",Salida,"Sin evento",
"05/12/2025 18:47",7281679,,,,Oruro,"Sucursal Oruro","No disponible",Salida,"Sin evento",
"05/12/2025 18:49",5,,,,Oruro,"Sucursal Oruro","No disponible",Salida,"Sin evento",
"06/12/2025 08:54",7281679,,,,Oruro,"Sucursal Oruro","No disponible",Salida,"Sin evento",
"06/12/2025 08:56",5,,,,Oruro,"Sucursal Oruro","No disponible",Salida,"Sin evento",
"08/12/2025 08:10",7281679,,,,Oruro,"Sucursal Oruro","No disponible",Salida,"Sin evento",
"08/12/2025 08:21",5,,,,Oruro,"Sucursal Oruro","No disponible",Salida,"Sin evento",
"08/12/2025 08:21",4,,,,Oruro,"Sucursal Oruro","No disponible",Salida,"Sin evento",
"08/12/2025 08:33",1,,,,Oruro,"Sucursal Oruro","No disponible",Salida,"Sin evento",
"08/12/2025 18:44",1,,,,Oruro,"Sucursal Oruro","No disponible",Salida,"Sin evento",
"08/12/2025 18:44",5,,,,Oruro,"Sucursal Oruro","No disponible",Salida,"Sin evento",
"08/12/2025 18:45",4,,,,Oruro,"Sucursal Oruro","No disponible",Salida,"Sin evento",
"08/12/2025 18:47",7281679,,,,Oruro,"Sucursal Oruro","No disponible",Salida,"Sin evento",
"09/12/2025 07:50",1,,,,Oruro,"Sucursal Oruro","No disponible",Salida,"Sin evento",
"09/12/2025 08:09",4,,,,Oruro,"Sucursal Oruro","No disponible",Salida,"Sin evento",
"09/12/2025 08:15",7281679,,,,Oruro,"Sucursal Oruro","No disponible",Salida,"Sin evento",
"09/12/2025 08:18",5,,,,Oruro,"Sucursal Oruro","No disponible",Salida,"Sin evento",
"09/12/2025 18:30",5,,,,Oruro,"Sucursal Oruro","No disponible",Salida,"Sin evento",
"09/12/2025 18:41",7281679,,,,Oruro,"Sucursal Oruro","No disponible",Salida,"Sin evento",
"09/12/2025 18:48",4,,,,Oruro,"Sucursal Oruro","No disponible",Salida,"Sin evento",
"09/12/2025 19:01",1,,,,Oruro,"Sucursal Oruro","No disponible",Salida,"Sin evento",
"10/12/2025 07:57",1,,,,Oruro,"Sucursal Oruro","No disponible",Salida,"Sin evento",
"10/12/2025 08:16",7281679,,,,Oruro,"Sucursal Oruro","No disponible",Salida,"Sin evento",
"10/12/2025 08:17",4,,,,Oruro,"Sucursal Oruro","No disponible",Salida,"Sin evento",
"10/12/2025 08:21",4,,,,Oruro,"Sucursal Oruro","No disponible",Salida,"Sin evento",
"10/12/2025 08:23",5,,,,Oruro,"Sucursal Oruro","No disponible",Salida,"Sin evento",
"10/12/2025 08:28",1,,,,Oruro,"Sucursal Oruro","No disponible",Salida,"Sin evento",
"10/12/2025 18:31",4,,,,Oruro,"Sucursal Oruro","No disponible",Salida,"Sin evento",
"10/12/2025 18:31",5,,,,Oruro,"Sucursal Oruro","No disponible",Salida,"Sin evento",
"10/12/2025 18:54",7281679,,,,Oruro,"Sucursal Oruro","No disponible",Salida,"Sin evento",
"10/12/2025 19:00",1,,,,Oruro,"Sucursal Oruro","No disponible",Salida,"Sin evento",
"11/12/2025 07:58",1,,,,Oruro,"Sucursal Oruro","No disponible",Salida,"Sin evento",
"11/12/2025 08:16",5,,,,Oruro,"Sucursal Oruro","No disponible",Salida,"Sin evento",
"11/12/2025 08:16",4,,,,Oruro,"Sucursal Oruro","No disponible",Salida,"Sin evento",
"11/12/2025 08:28",7281679,,,,Oruro,"Sucursal Oruro","No disponible",Salida,"Sin evento",
"11/12/2025 18:32",1,,,,Oruro,"Sucursal Oruro","No disponible",Salida,"Sin evento",
"11/12/2025 18:32",5,,,,Oruro,"Sucursal Oruro","No disponible",Salida,"Sin evento",
"11/12/2025 18:33",7281679,,,,Oruro,"Sucursal Oruro","No disponible",Salida,"Sin evento",
"11/12/2025 18:37",4,,,,Oruro,"Sucursal Oruro","No disponible",Salida,"Sin evento",
"12/12/2025 07:56",5,,,,Oruro,"Sucursal Oruro","No disponible",Salida,"Sin evento",
"12/12/2025 07:56",1,,,,Oruro,"Sucursal Oruro","No disponible",Salida,"Sin evento",
"12/12/2025 07:59",1,,,,Oruro,"Sucursal Oruro","No disponible",Salida,"Sin evento",
"12/12/2025 08:23",4,,,,Oruro,"Sucursal Oruro","No disponible",Salida,"Sin evento",
"12/12/2025 08:34",7281679,,,,Oruro,"Sucursal Oruro","No disponible",Salida,"Sin evento",
"12/12/2025 18:41",4,,,,Oruro,"Sucursal Oruro","No disponible",Salida,"Sin evento",
"12/12/2025 18:42",7281679,,,,Oruro,"Sucursal Oruro","No disponible",Salida,"Sin evento",
"12/12/2025 18:43",5,,,,Oruro,"Sucursal Oruro","No disponible",Salida,"Sin evento",
"12/12/2025 18:54",1,,,,Oruro,"Sucursal Oruro","No disponible",Salida,"Sin evento",
"13/12/2025 08:55",4,,,,Oruro,"Sucursal Oruro","No disponible",Salida,"Sin evento",
"13/12/2025 09:03",5,,,,Oruro,"Sucursal Oruro","No disponible",Salida,"Sin evento",
"13/12/2025 09:06",7281679,,,,Oruro,"Sucursal Oruro","No disponible",Salida,"Sin evento",
"15/12/2025 07:42",1,,,,Oruro,"Sucursal Oruro","No disponible",Salida,"Sin evento",
"15/12/2025 08:19",4,,,,Oruro,"Sucursal Oruro","No disponible",Salida,"Sin evento",
"15/12/2025 08:24",7281679,,,,Oruro,"Sucursal Oruro","No disponible",Salida,"Sin evento",
"15/12/2025 08:27",5,,,,Oruro,"Sucursal Oruro","No disponible",Salida,"Sin evento",
"15/12/2025 18:29",5,,,,Oruro,"Sucursal Oruro","No disponible",Salida,"Sin evento",
"15/12/2025 18:29",7281679,,,,Oruro,"Sucursal Oruro","No disponible",Salida,"Sin evento",
"15/12/2025 18:30",4,,,,Oruro,"Sucursal Oruro","No disponible",Salida,"Sin evento",
"15/12/2025 18:30",1,,,,Oruro,"Sucursal Oruro","No disponible",Salida,"Sin evento",
"16/12/2025 08:14",4,,,,Oruro,"Sucursal Oruro","No disponible",Salida,"Sin evento",
"16/12/2025 08:23",7281679,,,,Oruro,"Sucursal Oruro","No disponible",Salida,"Sin evento",
"16/12/2025 08:30",1,,,,Oruro,"Sucursal Oruro","No disponible",Salida,"Sin evento",
"16/12/2025 08:32",5,,,,Oruro,"Sucursal Oruro","No disponible",Salida,"Sin evento",
"16/12/2025 18:32",5,,,,Oruro,"Sucursal Oruro","No disponible",Salida,"Sin evento",
"16/12/2025 18:32",7281679,,,,Oruro,"Sucursal Oruro","No disponible",Salida,"Sin evento",
"16/12/2025 18:37",4,,,,Oruro,"Sucursal Oruro","No disponible",Salida,"Sin evento",
"16/12/2025 18:45",1,,,,Oruro,"Sucursal Oruro","No disponible",Salida,"Sin evento",
"17/12/2025 08:08",7281679,,,,Oruro,"Sucursal Oruro","No disponible",Salida,"Sin evento",
"17/12/2025 08:09",4,,,,Oruro,"Sucursal Oruro","No disponible",Salida,"Sin evento",
"17/12/2025 08:09",5,,,,Oruro,"Sucursal Oruro","No disponible",Salida,"Sin evento",
"17/12/2025 08:20",1,,,,Oruro,"Sucursal Oruro","No disponible",Salida,"Sin evento",
"17/12/2025 18:36",4,,,,Oruro,"Sucursal Oruro","No disponible",Salida,"Sin evento",
"17/12/2025 18:37",5,,,,Oruro,"Sucursal Oruro","No disponible",Salida,"Sin evento",
"17/12/2025 18:37",1,,,,Oruro,"Sucursal Oruro","No disponible",Salida,"Sin evento",
"17/12/2025 18:37",7281679,,,,Oruro,"Sucursal Oruro","No disponible",Salida,"Sin evento",
"18/12/2025 08:02",4,,,,Oruro,"Sucursal Oruro","No disponible",Salida,"Sin evento",
"18/12/2025 08:22",7281679,,,,Oruro,"Sucursal Oruro","No disponible",Salida,"Sin evento",
"18/12/2025 08:32",5,,,,Oruro,"Sucursal Oruro","No disponible",Salida,"Sin evento",
"18/12/2025 08:35",1,,,,Oruro,"Sucursal Oruro","No disponible",Salida,"Sin evento",
"18/12/2025 18:34",7281679,,,,Oruro,"Sucursal Oruro","No disponible",Salida,"Sin evento",
"18/12/2025 18:35",4,,,,Oruro,"Sucursal Oruro","No disponible",Salida,"Sin evento",
"18/12/2025 18:35",5,,,,Oruro,"Sucursal Oruro","No disponible",Salida,"Sin evento",
"18/12/2025 18:36",1,,,,Oruro,"Sucursal Oruro","No disponible",Salida,"Sin evento",
"19/12/2025 07:49",1,,,,Oruro,"Sucursal Oruro","No disponible",Salida,"Sin evento",
"19/12/2025 08:00",4,,,,Oruro,"Sucursal Oruro","No disponible",Salida,"Sin evento",
"19/12/2025 08:00",5,,,,Oruro,"Sucursal Oruro","No disponible",Salida,"Sin evento",
"19/12/2025 08:18",7281679,,,,Oruro,"Sucursal Oruro","No disponible",Salida,"Sin evento",
"19/12/2025 18:42",5,,,,Oruro,"Sucursal Oruro","No disponible",Salida,"Sin evento",
"19/12/2025 18:46",7281679,,,,Oruro,"Sucursal Oruro","No disponible",Salida,"Sin evento",
"19/12/2025 18:59",4,,,,Oruro,"Sucursal Oruro","No disponible",Salida,"Sin evento",
"19/12/2025 19:02",1,,,,Oruro,"Sucursal Oruro","No disponible",Salida,"Sin evento",
"20/12/2025 08:51",5,,,,Oruro,"Sucursal Oruro","No disponible",Salida,"Sin evento",
"20/12/2025 08:51",4,,,,Oruro,"Sucursal Oruro","No disponible",Salida,"Sin evento",
"22/12/2025 07:46",1,,,,Oruro,"Sucursal Oruro","No disponible",Salida,"Sin evento",
"22/12/2025 08:07",7281679,,,,Oruro,"Sucursal Oruro","No disponible",Salida,"Sin evento",
"22/12/2025 08:10",4,,,,Oruro,"Sucursal Oruro","No disponible",Salida,"Sin evento",
"22/12/2025 08:19",5,,,,Oruro,"Sucursal Oruro","No disponible",Salida,"Sin evento",
"22/12/2025 18:35",5,,,,Oruro,"Sucursal Oruro","No disponible",Salida,"Sin evento",
"22/12/2025 18:38",7281679,,,,Oruro,"Sucursal Oruro","No disponible",Salida,"Sin evento",
"22/12/2025 18:43",4,,,,Oruro,"Sucursal Oruro","No disponible",Salida,"Sin evento",
"22/12/2025 18:52",1,,,,Oruro,"Sucursal Oruro","No disponible",Salida,"Sin evento",
"23/12/2025 08:10",1,,,,Oruro,"Sucursal Oruro","No disponible",Salida,"Sin evento",
"23/12/2025 08:10",4,,,,Oruro,"Sucursal Oruro","No disponible",Salida,"Sin evento",
"23/12/2025 08:10",7281679,,,,Oruro,"Sucursal Oruro","No disponible",Salida,"Sin evento",
"23/12/2025 08:10",5,,,,Oruro,"Sucursal Oruro","No disponible",Salida,"Sin evento",
"23/12/2025 18:35",5,,,,Oruro,"Sucursal Oruro","No disponible",Salida,"Sin evento",
"23/12/2025 18:35",7281679,,,,Oruro,"Sucursal Oruro","No disponible",Salida,"Sin evento",
"23/12/2025 18:35",4,,,,Oruro,"Sucursal Oruro","No disponible",Salida,"Sin evento",
"23/12/2025 19:34",5,,,,Oruro,"Sucursal Oruro","No disponible",Salida,"Sin evento",
"23/12/2025 19:35",7281679,,,,Oruro,"Sucursal Oruro","No disponible",Salida,"Sin evento",
"23/12/2025 19:35",4,,,,Oruro,"Sucursal Oruro","No disponible",Salida,"Sin evento",
"23/12/2025 19:35",1,,,,Oruro,"Sucursal Oruro","No disponible",Salida,"Sin evento",
"24/12/2025 08:27",5,,,,Oruro,"Sucursal Oruro","No disponible",Salida,"Sin evento",
"24/12/2025 08:27",7281679,,,,Oruro,"Sucursal Oruro","No disponible",Salida,"Sin evento",
"24/12/2025 08:27",4,,,,Oruro,"Sucursal Oruro","No disponible",Salida,"Sin evento",
"24/12/2025 08:28",1,,,,Oruro,"Sucursal Oruro","No disponible",Salida,"Sin evento",
"24/12/2025 14:44",1,,,,Oruro,"Sucursal Oruro","No disponible",Salida,"Sin evento",
"24/12/2025 14:47",7281679,,,,Oruro,"Sucursal Oruro","No disponible",Salida,"Sin evento",
"24/12/2025 14:50",5,,,,Oruro,"Sucursal Oruro","No disponible",Salida,"Sin evento",
"24/12/2025 14:51",4,,,,Oruro,"Sucursal Oruro","No disponible",Salida,"Sin evento",
"29/12/2025 07:44",1,,,,Oruro,"Sucursal Oruro","No disponible",Salida,"Sin evento",
"29/12/2025 08:36",4,,,,Oruro,"Sucursal Oruro","No disponible",Salida,"Sin evento",
"29/12/2025 08:36",5,,,,Oruro,"Sucursal Oruro","No disponible",Salida,"Sin evento",
"29/12/2025 08:36",7281679,,,,Oruro,"Sucursal Oruro","No disponible",Salida,"Sin evento",
"29/12/2025 18:38",5,,,,Oruro,"Sucursal Oruro","No disponible",Salida,"Sin evento",
"29/12/2025 18:38",4,,,,Oruro,"Sucursal Oruro","No disponible",Salida,"Sin evento",
"29/12/2025 18:38",7281679,,,,Oruro,"Sucursal Oruro","No disponible",Salida,"Sin evento",
"29/12/2025 18:49",1,,,,Oruro,"Sucursal Oruro","No disponible",Salida,"Sin evento",
"30/12/2025 07:01",7281679,,,,Oruro,"Sucursal Oruro","No disponible",Salida,"Sin evento",
"30/12/2025 08:28",1,,,,Oruro,"Sucursal Oruro","No disponible",Salida,"Sin evento",
"30/12/2025 08:28",4,,,,Oruro,"Sucursal Oruro","No disponible",Salida,"Sin evento",
"30/12/2025 08:29",5,,,,Oruro,"Sucursal Oruro","No disponible",Salida,"Sin evento",
"30/12/2025 18:48",7281679,,,,Oruro,"Sucursal Oruro","No disponible",Salida,"Sin evento",
"30/12/2025 18:48",4,,,,Oruro,"Sucursal Oruro","No disponible",Salida,"Sin evento",
"30/12/2025 19:32",1,,,,Oruro,"Sucursal Oruro","No disponible",Salida,"Sin evento",
"31/12/2025 07:51",1,,,,Oruro,"Sucursal Oruro","No disponible",Salida,"Sin evento",
"31/12/2025 08:14",4,,,,Oruro,"Sucursal Oruro","No disponible",Salida,"Sin evento",
"31/12/2025 08:14",7281679,,,,Oruro,"Sucursal Oruro","No disponible",Salida,"Sin evento",
"31/12/2025 08:15",5,,,,Oruro,"Sucursal Oruro","No disponible",Salida,"Sin evento",
"31/12/2025 15:33",4,,,,Oruro,"Sucursal Oruro","No disponible",Salida,"Sin evento",
"31/12/2025 15:35",5,,,,Oruro,"Sucursal Oruro","No disponible",Salida,"Sin evento",
"31/12/2025 15:45",7281679,,,,Oruro,"Sucursal Oruro","No disponible",Salida,"Sin evento",
"31/12/2025 15:45",1,,,,Oruro,"Sucursal Oruro","No disponible",Salida,"Sin evento",
"05/01/2026 08:26",1,,,,Oruro,"Sucursal Oruro","No disponible",Salida,"Sin evento",
"05/01/2026 08:26",4,,,,Oruro,"Sucursal Oruro","No disponible",Salida,"Sin evento",
"05/01/2026 08:26",7281679,,,,Oruro,"Sucursal Oruro","No disponible",Salida,"Sin evento",
"05/01/2026 18:33",4,,,,Oruro,"Sucursal Oruro","No disponible",Salida,"Sin evento",
"05/01/2026 18:34",7281679,,,,Oruro,"Sucursal Oruro","No disponible",Salida,"Sin evento",
"05/01/2026 19:04",1,,,,Oruro,"Sucursal Oruro","No disponible",Salida,"Sin evento",
"06/01/2026 08:11",1,,,,Oruro,"Sucursal Oruro","No disponible",Salida,"Sin evento",
"06/01/2026 08:24",4,,,,Oruro,"Sucursal Oruro","No disponible",Salida,"Sin evento",
"06/01/2026 08:25",7281679,,,,Oruro,"Sucursal Oruro","No disponible",Salida,"Sin evento",
"06/01/2026 18:39",4,,,,Oruro,"Sucursal Oruro","No disponible",Salida,"Sin evento",
"06/01/2026 18:39",7281679,,,,Oruro,"Sucursal Oruro","No disponible",Salida,"Sin evento",
"06/01/2026 18:59",1,,,,Oruro,"Sucursal Oruro","No disponible",Salida,"Sin evento",
"07/01/2026 08:16",1,,,,Oruro,"Sucursal Oruro","No disponible",Salida,"Sin evento",
"07/01/2026 08:23",4,,,,Oruro,"Sucursal Oruro","No disponible",Salida,"Sin evento",
"07/01/2026 08:32",7281679,,,,Oruro,"Sucursal Oruro","No disponible",Salida,"Sin evento",
"07/01/2026 18:33",7281679,,,,Oruro,"Sucursal Oruro","No disponible",Salida,"Sin evento",
"07/01/2026 18:33",4,,,,Oruro,"Sucursal Oruro","No disponible",Salida,"Sin evento",
"07/01/2026 18:53",1,,,,Oruro,"Sucursal Oruro","No disponible",Salida,"Sin evento",
"08/01/2026 08:25",1,,,,Oruro,"Sucursal Oruro","No disponible",Salida,"Sin evento",
"08/01/2026 08:25",4,,,,Oruro,"Sucursal Oruro","No disponible",Salida,"Sin evento",
"08/01/2026 08:26",7281679,,,,Oruro,"Sucursal Oruro","No disponible",Salida,"Sin evento",
"08/01/2026 18:29",7281679,,,,Oruro,"Sucursal Oruro","No disponible",Salida,"Sin evento",
"08/01/2026 18:30",4,,,,Oruro,"Sucursal Oruro","No disponible",Salida,"Sin evento",
"09/01/2026 08:21",1,,,,Oruro,"Sucursal Oruro","No disponible",Salida,"Sin evento",
"09/01/2026 08:22",7281679,,,,Oruro,"Sucursal Oruro","No disponible",Salida,"Sin evento",
"09/01/2026 08:22",4,,,,Oruro,"Sucursal Oruro","No disponible",Salida,"Sin evento",
"09/01/2026 18:39",7281679,,,,Oruro,"Sucursal Oruro","No disponible",Salida,"Sin evento",
"09/01/2026 18:59",4,,,,Oruro,"Sucursal Oruro","No disponible",Salida,"Sin evento",
"09/01/2026 19:19",1,,,,Oruro,"Sucursal Oruro","No disponible",Salida,"Sin evento",
"12/01/2026 08:09",1,,,,Oruro,"Sucursal Oruro","No disponible",Salida,"Sin evento",
"12/01/2026 08:15",4,,,,Oruro,"Sucursal Oruro","No disponible",Salida,"Sin evento",
"12/01/2026 08:25",7281679,,,,Oruro,"Sucursal Oruro","No disponible",Salida,"Sin evento",
"12/01/2026 18:39",7281679,,,,Oruro,"Sucursal Oruro","No disponible",Salida,"Sin evento",
"12/01/2026 18:40",1,,,,Oruro,"Sucursal Oruro","No disponible",Salida,"Sin evento",
"12/01/2026 18:42",4,,,,Oruro,"Sucursal Oruro","No disponible",Salida,"Sin evento",
"13/01/2026 08:21",1,,,,Oruro,"Sucursal Oruro","No disponible",Salida,"Sin evento",
"13/01/2026 08:21",4,,,,Oruro,"Sucursal Oruro","No disponible",Salida,"Sin evento",
"13/01/2026 08:29",7281679,,,,Oruro,"Sucursal Oruro","No disponible",Salida,"Sin evento",
"13/01/2026 18:46",7281679,,,,Oruro,"Sucursal Oruro","No disponible",Salida,"Sin evento",
"13/01/2026 18:50",4,,,,Oruro,"Sucursal Oruro","No disponible",Salida,"Sin evento",
"13/01/2026 19:06",1,,,,Oruro,"Sucursal Oruro","No disponible",Salida,"Sin evento",
"14/01/2026 08:09",1,,,,Oruro,"Sucursal Oruro","No disponible",Salida,"Sin evento",
"14/01/2026 08:25",4,,,,Oruro,"Sucursal Oruro","No disponible",Salida,"Sin evento",
"14/01/2026 08:27",7281679,,,,Oruro,"Sucursal Oruro","No disponible",Salida,"Sin evento",
"14/01/2026 19:05",7281679,,,,Oruro,"Sucursal Oruro","No disponible",Salida,"Sin evento",
"14/01/2026 19:07",4,,,,Oruro,"Sucursal Oruro","No disponible",Salida,"Sin evento",
"14/01/2026 19:13",1,,,,Oruro,"Sucursal Oruro","No disponible",Salida,"Sin evento",
"15/01/2026 08:18",1,,,,Oruro,"Sucursal Oruro","No disponible",Salida,"Sin evento",
"15/01/2026 08:18",4,,,,Oruro,"Sucursal Oruro","No disponible",Salida,"Sin evento",
"15/01/2026 08:32",7281679,,,,Oruro,"Sucursal Oruro","No disponible",Salida,"Sin evento",
"15/01/2026 18:33",4,,,,Oruro,"Sucursal Oruro","No disponible",Salida,"Sin evento",
"15/01/2026 18:37",7281679,,,,Oruro,"Sucursal Oruro","No disponible",Salida,"Sin evento",
"15/01/2026 18:38",1,,,,Oruro,"Sucursal Oruro","No disponible",Salida,"Sin evento",
"16/01/2026 08:21",1,,,,Oruro,"Sucursal Oruro","No disponible",Salida,"Sin evento",
"16/01/2026 08:24",4,,,,Oruro,"Sucursal Oruro","No disponible",Salida,"Sin evento",
"16/01/2026 08:35",7281679,,,,Oruro,"Sucursal Oruro","No disponible",Salida,"Sin evento",
"16/01/2026 18:33",4,,,,Oruro,"Sucursal Oruro","No disponible",Salida,"Sin evento",
"16/01/2026 18:33",7281679,,,,Oruro,"Sucursal Oruro","No disponible",Salida,"Sin evento",
"16/01/2026 19:28",1,,,,Oruro,"Sucursal Oruro","No disponible",Salida,"Sin evento",
"19/01/2026 08:33",1,,,,Oruro,"Sucursal Oruro","No disponible",Salida,"Sin evento",
"19/01/2026 08:33",4,,,,Oruro,"Sucursal Oruro","No disponible",Salida,"Sin evento",
"19/01/2026 08:33",7281679,,,,Oruro,"Sucursal Oruro","No disponible",Salida,"Sin evento",
"19/01/2026 18:33",4,,,,Oruro,"Sucursal Oruro","No disponible",Salida,"Sin evento",
"19/01/2026 18:33",7281679,,,,Oruro,"Sucursal Oruro","No disponible",Salida,"Sin evento",
"19/01/2026 18:43",1,,,,Oruro,"Sucursal Oruro","No disponible",Salida,"Sin evento",
"20/01/2026 08:22",1,,,,Oruro,"Sucursal Oruro","No disponible",Salida,"Sin evento",
"20/01/2026 08:22",4,,,,Oruro,"Sucursal Oruro","No disponible",Salida,"Sin evento",
"20/01/2026 08:25",7281679,,,,Oruro,"Sucursal Oruro","No disponible",Salida,"Sin evento",
"20/01/2026 18:51",7281679,,,,Oruro,"Sucursal Oruro","No disponible",Salida,"Sin evento",
"20/01/2026 19:02",1,,,,Oruro,"Sucursal Oruro","No disponible",Salida,"Sin evento",
"20/01/2026 19:02",4,,,,Oruro,"Sucursal Oruro","No disponible",Salida,"Sin evento",
"21/01/2026 08:25",1,,,,Oruro,"Sucursal Oruro","No disponible",Salida,"Sin evento",
"21/01/2026 08:25",4,,,,Oruro,"Sucursal Oruro","No disponible",Salida,"Sin evento",
"21/01/2026 08:26",7281679,,,,Oruro,"Sucursal Oruro","No disponible",Salida,"Sin evento",
"21/01/2026 18:38",4,,,,Oruro,"Sucursal Oruro","No disponible",Salida,"Sin evento",
"21/01/2026 18:41",7281679,,,,Oruro,"Sucursal Oruro","No disponible",Salida,"Sin evento",
"21/01/2026 19:13",1,,,,Oruro,"Sucursal Oruro","No disponible",Salida,"Sin evento",
"22/01/2026 08:32",1,,,,Oruro,"Sucursal Oruro","No disponible",Salida,"Sin evento",
"22/01/2026 08:32",4,,,,Oruro,"Sucursal Oruro","No disponible",Salida,"Sin evento",
"22/01/2026 08:32",7281679,,,,Oruro,"Sucursal Oruro","No disponible",Salida,"Sin evento",
"22/01/2026 18:46",4,,,,Oruro,"Sucursal Oruro","No disponible",Salida,"Sin evento",
"22/01/2026 18:53",7281679,,,,Oruro,"Sucursal Oruro","No disponible",Salida,"Sin evento",
"22/01/2026 18:53",1,,,,Oruro,"Sucursal Oruro","No disponible",Salida,"Sin evento",
"26/01/2026 08:28",1,,,,Oruro,"Sucursal Oruro","No disponible",Salida,"Sin evento",
"26/01/2026 08:28",7281679,,,,Oruro,"Sucursal Oruro","No disponible",Salida,"Sin evento",
"26/01/2026 08:28",4,,,,Oruro,"Sucursal Oruro","No disponible",Salida,"Sin evento",
"26/01/2026 18:36",4,,,,Oruro,"Sucursal Oruro","No disponible",Salida,"Sin evento",
"26/01/2026 18:36",7281679,,,,Oruro,"Sucursal Oruro","No disponible",Salida,"Sin evento",
"26/01/2026 18:43",1,,,,Oruro,"Sucursal Oruro","No disponible",Salida,"Sin evento",
"27/01/2026 08:19",1,,,,Oruro,"Sucursal Oruro","No disponible",Salida,"Sin evento",
"27/01/2026 08:26",4,,,,Oruro,"Sucursal Oruro","No disponible",Salida,"Sin evento",
"27/01/2026 08:38",7281679,,,,Oruro,"Sucursal Oruro","No disponible",Salida,"Sin evento",
"27/01/2026 18:40",7281679,,,,Oruro,"Sucursal Oruro","No disponible",Salida,"Sin evento",
"27/01/2026 18:42",1,,,,Oruro,"Sucursal Oruro","No disponible",Salida,"Sin evento",
"27/01/2026 18:46",4,,,,Oruro,"Sucursal Oruro","No disponible",Salida,"Sin evento",
"28/01/2026 08:09",1,,,,Oruro,"Sucursal Oruro","No disponible",Salida,"Sin evento",
"28/01/2026 08:25",7281679,,,,Oruro,"Sucursal Oruro","No disponible",Salida,"Sin evento",
"28/01/2026 08:28",4,,,,Oruro,"Sucursal Oruro","No disponible",Salida,"Sin evento",
"28/01/2026 18:43",7281679,,,,Oruro,"Sucursal Oruro","No disponible",Salida,"Sin evento",
"28/01/2026 18:52",4,,,,Oruro,"Sucursal Oruro","No disponible",Salida,"Sin evento",
"28/01/2026 19:06",1,,,,Oruro,"Sucursal Oruro","No disponible",Salida,"Sin evento",
"29/01/2026 08:20",1,,,,Oruro,"Sucursal Oruro","No disponible",Salida,"Sin evento",
"29/01/2026 08:28",7281679,,,,Oruro,"Sucursal Oruro","No disponible",Salida,"Sin evento",
"29/01/2026 08:33",4,,,,Oruro,"Sucursal Oruro","No disponible",Salida,"Sin evento",
"29/01/2026 18:34",7281679,,,,Oruro,"Sucursal Oruro","No disponible",Salida,"Sin evento",
"29/01/2026 18:38",1,,,,Oruro,"Sucursal Oruro","No disponible",Salida,"Sin evento",
"29/01/2026 18:38",4,,,,Oruro,"Sucursal Oruro","No disponible",Salida,"Sin evento",
"30/01/2026 08:22",1,,,,Oruro,"Sucursal Oruro","No disponible",Salida,"Sin evento",
"30/01/2026 08:23",4,,,,Oruro,"Sucursal Oruro","No disponible",Salida,"Sin evento",
"30/01/2026 08:34",7281679,,,,Oruro,"Sucursal Oruro","No disponible",Salida,"Sin evento",
"30/01/2026 18:33",4,,,,Oruro,"Sucursal Oruro","No disponible",Salida,"Sin evento",
"30/01/2026 18:34",7281679,,,,Oruro,"Sucursal Oruro","No disponible",Salida,"Sin evento",
"30/01/2026 18:39",1,,,,Oruro,"Sucursal Oruro","No disponible",Salida,"Sin evento",
"02/02/2026 08:02",1,,,,Oruro,"Sucursal Oruro","No disponible",Salida,"Sin evento",
"02/02/2026 08:06",4,,,,Oruro,"Sucursal Oruro","No disponible",Salida,"Sin evento",
"02/02/2026 08:33",7281679,,,,Oruro,"Sucursal Oruro","No disponible",Salida,"Sin evento",
"02/02/2026 18:39",7281679,,,,Oruro,"Sucursal Oruro","No disponible",Salida,"Sin evento",
"02/02/2026 18:39",4,,,,Oruro,"Sucursal Oruro","No disponible",Salida,"Sin evento",
"02/02/2026 19:20",1,,,,Oruro,"Sucursal Oruro","No disponible",Salida,"Sin evento",
"03/02/2026 08:08",1,,,,Oruro,"Sucursal Oruro","No disponible",Salida,"Sin evento",
"03/02/2026 08:12",4,,,,Oruro,"Sucursal Oruro","No disponible",Salida,"Sin evento",
"03/02/2026 08:36",7281679,,,,Oruro,"Sucursal Oruro","No disponible",Salida,"Sin evento",
"03/02/2026 18:47",7281679,,,,Oruro,"Sucursal Oruro","No disponible",Salida,"Sin evento",
"03/02/2026 18:49",1,,,,Oruro,"Sucursal Oruro","No disponible",Salida,"Sin evento",
"03/02/2026 18:50",4,,,,Oruro,"Sucursal Oruro","No disponible",Salida,"Sin evento",
"04/02/2026 08:01",1,,,,Oruro,"Sucursal Oruro","No disponible",Salida,"Sin evento",
"04/02/2026 08:13",4,,,,Oruro,"Sucursal Oruro","No disponible",Salida,"Sin evento",
"04/02/2026 08:18",7281679,,,,Oruro,"Sucursal Oruro","No disponible",Salida,"Sin evento",
"04/02/2026 18:43",7281679,,,,Oruro,"Sucursal Oruro","No disponible",Salida,"Sin evento",
"04/02/2026 18:44",4,,,,Oruro,"Sucursal Oruro","No disponible",Salida,"Sin evento",
"04/02/2026 18:50",1,,,,Oruro,"Sucursal Oruro","No disponible",Salida,"Sin evento",
"05/02/2026 08:03",1,,,,Oruro,"Sucursal Oruro","No disponible",Salida,"Sin evento",
"05/02/2026 08:03",4,,,,Oruro,"Sucursal Oruro","No disponible",Salida,"Sin evento",
"05/02/2026 08:34",7281679,,,,Oruro,"Sucursal Oruro","No disponible",Salida,"Sin evento",
"05/02/2026 18:47",7281679,,,,Oruro,"Sucursal Oruro","No disponible",Salida,"Sin evento",
"05/02/2026 18:47",4,,,,Oruro,"Sucursal Oruro","No disponible",Salida,"Sin evento",
"05/02/2026 18:47",1,,,,Oruro,"Sucursal Oruro","No disponible",Salida,"Sin evento",
"06/02/2026 08:01",1,,,,Oruro,"Sucursal Oruro","No disponible",Salida,"Sin evento",
"06/02/2026 08:13",4,,,,Oruro,"Sucursal Oruro","No disponible",Salida,"Sin evento",
"06/02/2026 08:30",7281679,,,,Oruro,"Sucursal Oruro","No disponible",Salida,"Sin evento",
"06/02/2026 18:31",7281679,,,,Oruro,"Sucursal Oruro","No disponible",Salida,"Sin evento",
"06/02/2026 18:31",4,,,,Oruro,"Sucursal Oruro","No disponible",Salida,"Sin evento",
"06/02/2026 18:32",1,,,,Oruro,"Sucursal Oruro","No disponible",Salida,"Sin evento",
"09/02/2026 08:26",1,,,,Oruro,"Sucursal Oruro","No disponible",Salida,"Sin evento",
"09/02/2026 08:28",4,,,,Oruro,"Sucursal Oruro","No disponible",Salida,"Sin evento",
"09/02/2026 08:28",7281679,,,,Oruro,"Sucursal Oruro","No disponible",Salida,"Sin evento",
"09/02/2026 18:32",7281679,,,,Oruro,"Sucursal Oruro","No disponible",Salida,"Sin evento",
"09/02/2026 18:40",4,,,,Oruro,"Sucursal Oruro","No disponible",Salida,"Sin evento",
"09/02/2026 18:58",1,,,,Oruro,"Sucursal Oruro","No disponible",Salida,"Sin evento",
"11/02/2026 08:33",1,,,,Oruro,"Sucursal Oruro","No disponible",Salida,"Sin evento",
"11/02/2026 08:33",7281679,,,,Oruro,"Sucursal Oruro","No disponible",Salida,"Sin evento",
"11/02/2026 08:33",4,,,,Oruro,"Sucursal Oruro","No disponible",Salida,"Sin evento",
"11/02/2026 18:42",7281679,,,,Oruro,"Sucursal Oruro","No disponible",Salida,"Sin evento",
"11/02/2026 18:42",4,,,,Oruro,"Sucursal Oruro","No disponible",Salida,"Sin evento",
"11/02/2026 19:04",1,,,,Oruro,"Sucursal Oruro","No disponible",Salida,"Sin evento",
"12/02/2026 08:32",1,,,,Oruro,"Sucursal Oruro","No disponible",Salida,"Sin evento",
"12/02/2026 08:32",4,,,,Oruro,"Sucursal Oruro","No disponible",Salida,"Sin evento",
"12/02/2026 08:32",7281679,,,,Oruro,"Sucursal Oruro","No disponible",Salida,"Sin evento",
"12/02/2026 16:56",1,,,,Oruro,"Sucursal Oruro","No disponible",Salida,"Sin evento",
"12/02/2026 18:35",7281679,,,,Oruro,"Sucursal Oruro","No disponible",Salida,"Sin evento",
"12/02/2026 18:36",4,,,,Oruro,"Sucursal Oruro","No disponible",Salida,"Sin evento",
"13/02/2026 07:26",1,,,,Oruro,"Sucursal Oruro","No disponible",Salida,"Sin evento",
"13/02/2026 07:55",7281679,,,,Oruro,"Sucursal Oruro","No disponible",Salida,"Sin evento",
"13/02/2026 08:26",4,,,,Oruro,"Sucursal Oruro","No disponible",Salida,"Sin evento",
"13/02/2026 15:00",7281679,,,,Oruro,"Sucursal Oruro","No disponible",Salida,"Sin evento",
"13/02/2026 15:01",4,,,,Oruro,"Sucursal Oruro","No disponible",Salida,"Sin evento",
"13/02/2026 15:32",1,,,,Oruro,"Sucursal Oruro","No disponible",Salida,"Sin evento",
"18/02/2026 08:29",1,,,,Oruro,"Sucursal Oruro","No disponible",Salida,"Sin evento",
"18/02/2026 08:29",4,,,,Oruro,"Sucursal Oruro","No disponible",Salida,"Sin evento",
"18/02/2026 08:33",7281679,,,,Oruro,"Sucursal Oruro","No disponible",Salida,"Sin evento",
"18/02/2026 18:41",7281679,,,,Oruro,"Sucursal Oruro","No disponible",Salida,"Sin evento",
"18/02/2026 18:42",4,,,,Oruro,"Sucursal Oruro","No disponible",Salida,"Sin evento",
"18/02/2026 18:43",1,,,,Oruro,"Sucursal Oruro","No disponible",Salida,"Sin evento",
"19/02/2026 08:34",1,,,,Oruro,"Sucursal Oruro","No disponible",Salida,"Sin evento",
"19/02/2026 08:34",4,,,,Oruro,"Sucursal Oruro","No disponible",Salida,"Sin evento",
"19/02/2026 08:40",7281679,,,,Oruro,"Sucursal Oruro","No disponible",Salida,"Sin evento",
"19/02/2026 18:39",4,,,,Oruro,"Sucursal Oruro","No disponible",Salida,"Sin evento",
"19/02/2026 18:40",7281679,,,,Oruro,"Sucursal Oruro","No disponible",Salida,"Sin evento",
"19/02/2026 19:17",1,,,,Oruro,"Sucursal Oruro","No disponible",Salida,"Sin evento",
"20/02/2026 08:06",1,,,,Oruro,"Sucursal Oruro","No disponible",Salida,"Sin evento",
"20/02/2026 08:33",7281679,,,,Oruro,"Sucursal Oruro","No disponible",Salida,"Sin evento",
"20/02/2026 08:33",4,,,,Oruro,"Sucursal Oruro","No disponible",Salida,"Sin evento",
"20/02/2026 18:33",7281679,,,,Oruro,"Sucursal Oruro","No disponible",Salida,"Sin evento",
"20/02/2026 18:34",4,,,,Oruro,"Sucursal Oruro","No disponible",Salida,"Sin evento",
"20/02/2026 18:46",1,,,,Oruro,"Sucursal Oruro","No disponible",Salida,"Sin evento",
"21/02/2026 09:01",4,,,,Oruro,"Sucursal Oruro","No disponible",Salida,"Sin evento",
"23/02/2026 08:15",1,,,,Oruro,"Sucursal Oruro","No disponible",Salida,"Sin evento",
"23/02/2026 08:20",4,,,,Oruro,"Sucursal Oruro","No disponible",Salida,"Sin evento",
"23/02/2026 08:35",7281679,,,,Oruro,"Sucursal Oruro","No disponible",Salida,"Sin evento",
"23/02/2026 18:47",7281679,,,,Oruro,"Sucursal Oruro","No disponible",Salida,"Sin evento",
"23/02/2026 19:27",1,,,,Oruro,"Sucursal Oruro","No disponible",Salida,"Sin evento",
"23/02/2026 19:27",4,,,,Oruro,"Sucursal Oruro","No disponible",Salida,"Sin evento",
"24/02/2026 08:08",1,,,,Oruro,"Sucursal Oruro","No disponible",Salida,"Sin evento",
"24/02/2026 08:15",4,,,,Oruro,"Sucursal Oruro","No disponible",Salida,"Sin evento",
"24/02/2026 08:33",7281679,,,,Oruro,"Sucursal Oruro","No disponible",Salida,"Sin evento",
"24/02/2026 18:43",4,,,,Oruro,"Sucursal Oruro","No disponible",Salida,"Sin evento",
"24/02/2026 18:46",7281679,,,,Oruro,"Sucursal Oruro","No disponible",Salida,"Sin evento",
"24/02/2026 20:58",1,,,,Oruro,"Sucursal Oruro","No disponible",Salida,"Sin evento",
"25/02/2026 08:29",1,,,,Oruro,"Sucursal Oruro","No disponible",Salida,"Sin evento",
"25/02/2026 08:29",7281679,,,,Oruro,"Sucursal Oruro","No disponible",Salida,"Sin evento",
"25/02/2026 08:32",4,,,,Oruro,"Sucursal Oruro","No disponible",Salida,"Sin evento",
"25/02/2026 18:35",7281679,,,,Oruro,"Sucursal Oruro","No disponible",Salida,"Sin evento",
"25/02/2026 18:46",4,,,,Oruro,"Sucursal Oruro","No disponible",Salida,"Sin evento",
"25/02/2026 18:46",7281679,,,,Oruro,"Sucursal Oruro","No disponible",Salida,"Sin evento",
"25/02/2026 18:47",1,,,,Oruro,"Sucursal Oruro","No disponible",Salida,"Sin evento",
"26/02/2026 07:52",1,,,,Oruro,"Sucursal Oruro","No disponible",Salida,"Sin evento",
"26/02/2026 08:35",7281679,,,,Oruro,"Sucursal Oruro","No disponible",Salida,"Sin evento",
"26/02/2026 08:35",4,,,,Oruro,"Sucursal Oruro","No disponible",Salida,"Sin evento",
"26/02/2026 18:33",4,,,,Oruro,"Sucursal Oruro","No disponible",Salida,"Sin evento",
"26/02/2026 18:35",7281679,,,,Oruro,"Sucursal Oruro","No disponible",Salida,"Sin evento",
"26/02/2026 18:37",1,,,,Oruro,"Sucursal Oruro","No disponible",Salida,"Sin evento",
"27/02/2026 08:28",1,,,,Oruro,"Sucursal Oruro","No disponible",Salida,"Sin evento",
"27/02/2026 08:28",4,,,,Oruro,"Sucursal Oruro","No disponible",Salida,"Sin evento",
"27/02/2026 08:33",7281679,,,,Oruro,"Sucursal Oruro","No disponible",Salida,"Sin evento",
"27/02/2026 18:37",4,,,,Oruro,"Sucursal Oruro","No disponible",Salida,"Sin evento",
"27/02/2026 18:38",1,,,,Oruro,"Sucursal Oruro","No disponible",Salida,"Sin evento",
"27/02/2026 18:38",7281679,,,,Oruro,"Sucursal Oruro","No disponible",Salida,"Sin evento",
"02/03/2026 08:21",7281679,,,,Oruro,"Sucursal Oruro","No disponible",Salida,"Sin evento",
"02/03/2026 08:23",4,,,,Oruro,"Sucursal Oruro","No disponible",Salida,"Sin evento",
"02/03/2026 18:45",4,,,,Oruro,"Sucursal Oruro","No disponible",Salida,"Sin evento",
"02/03/2026 18:46",7281679,,,,Oruro,"Sucursal Oruro","No disponible",Salida,"Sin evento",
"02/03/2026 18:55",1,,,,Oruro,"Sucursal Oruro","No disponible",Salida,"Sin evento",
"03/03/2026 08:07",1,,,,Oruro,"Sucursal Oruro","No disponible",Salida,"Sin evento",
"03/03/2026 08:30",4,,,,Oruro,"Sucursal Oruro","No disponible",Salida,"Sin evento",
"03/03/2026 08:35",7281679,,,,Oruro,"Sucursal Oruro","No disponible",Salida,"Sin evento",
"03/03/2026 18:46",4,,,,Oruro,"Sucursal Oruro","No disponible",Salida,"Sin evento",
"03/03/2026 18:47",1,,,,Oruro,"Sucursal Oruro","No disponible",Salida,"Sin evento",
"03/03/2026 19:16",7281679,,,,Oruro,"Sucursal Oruro","No disponible",Salida,"Sin evento",
"04/03/2026 07:43",1,,,,Oruro,"Sucursal Oruro","No disponible",Salida,"Sin evento",
"04/03/2026 08:32",7281679,,,,Oruro,"Sucursal Oruro","No disponible",Salida,"Sin evento",
"04/03/2026 08:35",4,,,,Oruro,"Sucursal Oruro","No disponible",Salida,"Sin evento",
"04/03/2026 18:38",7281679,,,,Oruro,"Sucursal Oruro","No disponible",Salida,"Sin evento",
"04/03/2026 18:39",4,,,,Oruro,"Sucursal Oruro","No disponible",Salida,"Sin evento",
"04/03/2026 18:45",1,,,,Oruro,"Sucursal Oruro","No disponible",Salida,"Sin evento",
"05/03/2026 08:08",1,,,,Oruro,"Sucursal Oruro","No disponible",Salida,"Sin evento",
"05/03/2026 08:29",4,,,,Oruro,"Sucursal Oruro","No disponible",Salida,"Sin evento",
"05/03/2026 08:36",7281679,,,,Oruro,"Sucursal Oruro","No disponible",Salida,"Sin evento",
"05/03/2026 18:36",7281679,,,,Oruro,"Sucursal Oruro","No disponible",Salida,"Sin evento",
"05/03/2026 18:37",4,,,,Oruro,"Sucursal Oruro","No disponible",Salida,"Sin evento",
"05/03/2026 20:38",1,,,,Oruro,"Sucursal Oruro","No disponible",Salida,"Sin evento",
"06/03/2026 08:05",1,,,,Oruro,"Sucursal Oruro","No disponible",Salida,"Sin evento",
"06/03/2026 08:21",4,,,,Oruro,"Sucursal Oruro","No disponible",Salida,"Sin evento",
"06/03/2026 08:34",7281679,,,,Oruro,"Sucursal Oruro","No disponible",Salida,"Sin evento",
"06/03/2026 18:48",7281679,,,,Oruro,"Sucursal Oruro","No disponible",Salida,"Sin evento",
"06/03/2026 18:48",4,,,,Oruro,"Sucursal Oruro","No disponible",Salida,"Sin evento",
"06/03/2026 18:52",1,,,,Oruro,"Sucursal Oruro","No disponible",Salida,"Sin evento",
"09/03/2026 08:22",4,,,,Oruro,"Sucursal Oruro","No disponible",Salida,"Sin evento",
"09/03/2026 08:22",7281679,,,,Oruro,"Sucursal Oruro","No disponible",Salida,"Sin evento",
"09/03/2026 08:30",1,,,,Oruro,"Sucursal Oruro","No disponible",Salida,"Sin evento",
"09/03/2026 18:30",4,,,,Oruro,"Sucursal Oruro","No disponible",Salida,"Sin evento",
"09/03/2026 18:34",7281679,,,,Oruro,"Sucursal Oruro","No disponible",Salida,"Sin evento",
"09/03/2026 18:37",1,,,,Oruro,"Sucursal Oruro","No disponible",Salida,"Sin evento",
"10/03/2026 08:26",1,,,,Oruro,"Sucursal Oruro","No disponible",Salida,"Sin evento",
"10/03/2026 08:26",4,,,,Oruro,"Sucursal Oruro","No disponible",Salida,"Sin evento",
"10/03/2026 08:31",7281679,,,,Oruro,"Sucursal Oruro","No disponible",Salida,"Sin evento",
"10/03/2026 18:38",7281679,,,,Oruro,"Sucursal Oruro","No disponible",Salida,"Sin evento",
"10/03/2026 18:41",1,,,,Oruro,"Sucursal Oruro","No disponible",Salida,"Sin evento",
"10/03/2026 18:42",4,,,,Oruro,"Sucursal Oruro","No disponible",Salida,"Sin evento",
"11/03/2026 07:59",1,,,,Oruro,"Sucursal Oruro","No disponible",Salida,"Sin evento",
"11/03/2026 08:22",7281679,,,,Oruro,"Sucursal Oruro","No disponible",Salida,"Sin evento",
"11/03/2026 08:28",4,,,,Oruro,"Sucursal Oruro","No disponible",Salida,"Sin evento",
"11/03/2026 18:36",7281679,,,,Oruro,"Sucursal Oruro","No disponible",Salida,"Sin evento",
"11/03/2026 18:56",4,,,,Oruro,"Sucursal Oruro","No disponible",Salida,"Sin evento",
"11/03/2026 19:12",1,,,,Oruro,"Sucursal Oruro","No disponible",Salida,"Sin evento",
"12/03/2026 08:13",1,,,,Oruro,"Sucursal Oruro","No disponible",Salida,"Sin evento",
"12/03/2026 08:35",7281679,,,,Oruro,"Sucursal Oruro","No disponible",Salida,"Sin evento",
"12/03/2026 19:05",7281679,,,,Oruro,"Sucursal Oruro","No disponible",Salida,"Sin evento",
"12/03/2026 19:06",1,,,,Oruro,"Sucursal Oruro","No disponible",Salida,"Sin evento",
"13/03/2026 08:17",1,,,,Oruro,"Sucursal Oruro","No disponible",Salida,"Sin evento",
"13/03/2026 08:35",7281679,,,,Oruro,"Sucursal Oruro","No disponible",Salida,"Sin evento",
"13/03/2026 18:40",1,,,,Oruro,"Sucursal Oruro","No disponible",Salida,"Sin evento",
"13/03/2026 18:42",7281679,,,,Oruro,"Sucursal Oruro","No disponible",Salida,"Sin evento",
"16/03/2026 08:16",1,,,,Oruro,"Sucursal Oruro","No disponible",Salida,"Sin evento",
"16/03/2026 08:34",4,,,,Oruro,"Sucursal Oruro","No disponible",Salida,"Sin evento",
"16/03/2026 08:35",7281679,,,,Oruro,"Sucursal Oruro","No disponible",Salida,"Sin evento",
"16/03/2026 19:00",7281679,,,,Oruro,"Sucursal Oruro","No disponible",Salida,"Sin evento",
"16/03/2026 19:04",4,,,,Oruro,"Sucursal Oruro","No disponible",Salida,"Sin evento",
"16/03/2026 19:21",1,,,,Oruro,"Sucursal Oruro","No disponible",Salida,"Sin evento",
"17/03/2026 08:14",1,,,,Oruro,"Sucursal Oruro","No disponible",Salida,"Sin evento",
"17/03/2026 08:26",4,,,,Oruro,"Sucursal Oruro","No disponible",Salida,"Sin evento",
"17/03/2026 08:27",7281679,,,,Oruro,"Sucursal Oruro","No disponible",Salida,"Sin evento",
"17/03/2026 18:46",7281679,,,,Oruro,"Sucursal Oruro","No disponible",Salida,"Sin evento",
"17/03/2026 18:48",1,,,,Oruro,"Sucursal Oruro","No disponible",Salida,"Sin evento",
"17/03/2026 18:48",4,,,,Oruro,"Sucursal Oruro","No disponible",Salida,"Sin evento",
"18/03/2026 08:04",1,,,,Oruro,"Sucursal Oruro","No disponible",Salida,"Sin evento",
"18/03/2026 08:17",4,,,,Oruro,"Sucursal Oruro","No disponible",Salida,"Sin evento",
"18/03/2026 08:33",7281679,,,,Oruro,"Sucursal Oruro","No disponible",Salida,"Sin evento",
"18/03/2026 18:46",4,,,,Oruro,"Sucursal Oruro","No disponible",Salida,"Sin evento",
"18/03/2026 18:54",1,,,,Oruro,"Sucursal Oruro","No disponible",Salida,"Sin evento",
"18/03/2026 19:01",7281679,,,,Oruro,"Sucursal Oruro","No disponible",Salida,"Sin evento",
"19/03/2026 08:13",1,,,,Oruro,"Sucursal Oruro","No disponible",Salida,"Sin evento",
"19/03/2026 08:25",4,,,,Oruro,"Sucursal Oruro","No disponible",Salida,"Sin evento",
"19/03/2026 08:27",7281679,,,,Oruro,"Sucursal Oruro","No disponible",Salida,"Sin evento",
"19/03/2026 18:53",4,,,,Oruro,"Sucursal Oruro","No disponible",Salida,"Sin evento",
"19/03/2026 18:55",7281679,,,,Oruro,"Sucursal Oruro","No disponible",Salida,"Sin evento",
"19/03/2026 19:02",1,,,,Oruro,"Sucursal Oruro","No disponible",Salida,"Sin evento",
"20/03/2026 08:18",1,,,,Oruro,"Sucursal Oruro","No disponible",Salida,"Sin evento",
"20/03/2026 08:28",7281679,,,,Oruro,"Sucursal Oruro","No disponible",Salida,"Sin evento",
"20/03/2026 08:30",4,,,,Oruro,"Sucursal Oruro","No disponible",Salida,"Sin evento",
"20/03/2026 18:53",1,,,,Oruro,"Sucursal Oruro","No disponible",Salida,"Sin evento",
"20/03/2026 18:53",7281679,,,,Oruro,"Sucursal Oruro","No disponible",Salida,"Sin evento",
"20/03/2026 18:57",4,,,,Oruro,"Sucursal Oruro","No disponible",Salida,"Sin evento",
"23/03/2026 08:17",7281679,,,,Oruro,"Sucursal Oruro","No disponible",Salida,"Sin evento",
"23/03/2026 08:17",1,,,,Oruro,"Sucursal Oruro","No disponible",Salida,"Sin evento",
"23/03/2026 08:23",4,,,,Oruro,"Sucursal Oruro","No disponible",Salida,"Sin evento",
"23/03/2026 18:37",7281679,,,,Oruro,"Sucursal Oruro","No disponible",Salida,"Sin evento",
"23/03/2026 18:38",4,,,,Oruro,"Sucursal Oruro","No disponible",Salida,"Sin evento",
"23/03/2026 18:45",1,,,,Oruro,"Sucursal Oruro","No disponible",Salida,"Sin evento",
"24/03/2026 08:18",1,,,,Oruro,"Sucursal Oruro","No disponible",Salida,"Sin evento",
"24/03/2026 08:29",4,,,,Oruro,"Sucursal Oruro","No disponible",Salida,"Sin evento",
"24/03/2026 08:38",7281679,,,,Oruro,"Sucursal Oruro","No disponible",Salida,"Sin evento",
"24/03/2026 18:44",7281679,,,,Oruro,"Sucursal Oruro","No disponible",Salida,"Sin evento",
"24/03/2026 18:45",4,,,,Oruro,"Sucursal Oruro","No disponible",Salida,"Sin evento",
"24/03/2026 18:48",1,,,,Oruro,"Sucursal Oruro","No disponible",Salida,"Sin evento",
"25/03/2026 08:17",1,,,,Oruro,"Sucursal Oruro","No disponible",Salida,"Sin evento",
"25/03/2026 08:25",7281679,,,,Oruro,"Sucursal Oruro","No disponible",Salida,"Sin evento",
"25/03/2026 08:25",4,,,,Oruro,"Sucursal Oruro","No disponible",Salida,"Sin evento",
"25/03/2026 18:36",4,,,,Oruro,"Sucursal Oruro","No disponible",Salida,"Sin evento",
"25/03/2026 18:42",7281679,,,,Oruro,"Sucursal Oruro","No disponible",Salida,"Sin evento",
"25/03/2026 19:11",1,,,,Oruro,"Sucursal Oruro","No disponible",Salida,"Sin evento",
"26/03/2026 08:12",1,,,,Oruro,"Sucursal Oruro","No disponible",Salida,"Sin evento",
"26/03/2026 08:31",4,,,,Oruro,"Sucursal Oruro","No disponible",Salida,"Sin evento",
"26/03/2026 08:38",7281679,,,,Oruro,"Sucursal Oruro","No disponible",Salida,"Sin evento",
"26/03/2026 18:35",7281679,,,,Oruro,"Sucursal Oruro","No disponible",Salida,"Sin evento",
"26/03/2026 18:42",1,,,,Oruro,"Sucursal Oruro","No disponible",Salida,"Sin evento",
"26/03/2026 18:44",4,,,,Oruro,"Sucursal Oruro","No disponible",Salida,"Sin evento",
"27/03/2026 08:17",1,,,,Oruro,"Sucursal Oruro","No disponible",Salida,"Sin evento",
"27/03/2026 08:25",4,,,,Oruro,"Sucursal Oruro","No disponible",Salida,"Sin evento",
"27/03/2026 08:28",7281679,,,,Oruro,"Sucursal Oruro","No disponible",Salida,"Sin evento",
"27/03/2026 18:32",7281679,,,,Oruro,"Sucursal Oruro","No disponible",Salida,"Sin evento",
"27/03/2026 18:34",1,,,,Oruro,"Sucursal Oruro","No disponible",Salida,"Sin evento",
"27/03/2026 18:35",4,,,,Oruro,"Sucursal Oruro","No disponible",Salida,"Sin evento",
"30/03/2026 08:23",1,,,,Oruro,"Sucursal Oruro","No disponible",Salida,"Sin evento",
"30/03/2026 08:25",4,,,,Oruro,"Sucursal Oruro","No disponible",Salida,"Sin evento",
"30/03/2026 08:28",7281679,,,,Oruro,"Sucursal Oruro","No disponible",Salida,"Sin evento",
"30/03/2026 18:30",7281679,,,,Oruro,"Sucursal Oruro","No disponible",Salida,"Sin evento",
"30/03/2026 18:31",4,,,,Oruro,"Sucursal Oruro","No disponible",Salida,"Sin evento",
"30/03/2026 18:53",1,,,,Oruro,"Sucursal Oruro","No disponible",Salida,"Sin evento",
"31/03/2026 08:19",1,,,,Oruro,"Sucursal Oruro","No disponible",Salida,"Sin evento",
"31/03/2026 08:32",7281679,,,,Oruro,"Sucursal Oruro","No disponible",Salida,"Sin evento",
"31/03/2026 08:40",4,,,,Oruro,"Sucursal Oruro","No disponible",Salida,"Sin evento",
"31/03/2026 18:47",4,,,,Oruro,"Sucursal Oruro","No disponible",Salida,"Sin evento",
"31/03/2026 18:55",7281679,,,,Oruro,"Sucursal Oruro","No disponible",Salida,"Sin evento",
"31/03/2026 19:09",1,,,,Oruro,"Sucursal Oruro","No disponible",Salida,"Sin evento",
"01/04/2026 08:18",1,,,,Oruro,"Sucursal Oruro","No disponible",Salida,"Sin evento",
"01/04/2026 08:23",4,,,,Oruro,"Sucursal Oruro","No disponible",Salida,"Sin evento",
"01/04/2026 08:31",7281679,,,,Oruro,"Sucursal Oruro","No disponible",Salida,"Sin evento",
"01/04/2026 19:04",4,,,,Oruro,"Sucursal Oruro","No disponible",Salida,"Sin evento",
"01/04/2026 19:05",7281679,,,,Oruro,"Sucursal Oruro","No disponible",Salida,"Sin evento",
"01/04/2026 19:08",1,,,,Oruro,"Sucursal Oruro","No disponible",Salida,"Sin evento",
"02/04/2026 07:41",7281679,,,,Oruro,"Sucursal Oruro","No disponible",Salida,"Sin evento",
"02/04/2026 07:57",4,,,,Oruro,"Sucursal Oruro","No disponible",Salida,"Sin evento",
"02/04/2026 07:57",1,,,,Oruro,"Sucursal Oruro","No disponible",Salida,"Sin evento",
"02/04/2026 14:37",4,,,,Oruro,"Sucursal Oruro","No disponible",Salida,"Sin evento",
"02/04/2026 14:42",7281679,,,,Oruro,"Sucursal Oruro","No disponible",Salida,"Sin evento",
"02/04/2026 16:30",1,,,,Oruro,"Sucursal Oruro","No disponible",Salida,"Sin evento",
"06/04/2026 08:05",1,,,,Oruro,"Sucursal Oruro","No disponible",Salida,"Sin evento",
"06/04/2026 08:31",7281679,,,,Oruro,"Sucursal Oruro","No disponible",Salida,"Sin evento",
"06/04/2026 08:31",4,,,,Oruro,"Sucursal Oruro","No disponible",Salida,"Sin evento",
"06/04/2026 18:31",4,,,,Oruro,"Sucursal Oruro","No disponible",Salida,"Sin evento",
"06/04/2026 18:34",7281679,,,,Oruro,"Sucursal Oruro","No disponible",Salida,"Sin evento",
"06/04/2026 18:51",1,,,,Oruro,"Sucursal Oruro","No disponible",Salida,"Sin evento",
"07/04/2026 08:25",1,,,,Oruro,"Sucursal Oruro","No disponible",Salida,"Sin evento",
"07/04/2026 08:35",4,,,,Oruro,"Sucursal Oruro","No disponible",Salida,"Sin evento",
"07/04/2026 08:35",7281679,,,,Oruro,"Sucursal Oruro","No disponible",Salida,"Sin evento",
"07/04/2026 18:48",7281679,,,,Oruro,"Sucursal Oruro","No disponible",Salida,"Sin evento",
"07/04/2026 18:56",4,,,,Oruro,"Sucursal Oruro","No disponible",Salida,"Sin evento",
"07/04/2026 19:05",1,,,,Oruro,"Sucursal Oruro","No disponible",Salida,"Sin evento",
"08/04/2026 08:23",1,,,,Oruro,"Sucursal Oruro","No disponible",Salida,"Sin evento",
"08/04/2026 08:25",4,,,,Oruro,"Sucursal Oruro","No disponible",Salida,"Sin evento",
"08/04/2026 08:29",7281679,,,,Oruro,"Sucursal Oruro","No disponible",Salida,"Sin evento",
"08/04/2026 18:53",4,,,,Oruro,"Sucursal Oruro","No disponible",Salida,"Sin evento",
"08/04/2026 18:56",1,,,,Oruro,"Sucursal Oruro","No disponible",Salida,"Sin evento",
"08/04/2026 18:58",7281679,,,,Oruro,"Sucursal Oruro","No disponible",Salida,"Sin evento",
"08/04/2026 20:33",7281679,,,,Oruro,"Sucursal Oruro","No disponible",Salida,"Sin evento",
"09/04/2026 08:30",1,,,,Oruro,"Sucursal Oruro","No disponible",Salida,"Sin evento",
"09/04/2026 08:30",4,,,,Oruro,"Sucursal Oruro","No disponible",Salida,"Sin evento",
"09/04/2026 08:38",7281679,,,,Oruro,"Sucursal Oruro","No disponible",Salida,"Sin evento",
"09/04/2026 18:48",4,,,,Oruro,"Sucursal Oruro","No disponible",Salida,"Sin evento",
"09/04/2026 19:06",1,,,,Oruro,"Sucursal Oruro","No disponible",Salida,"Sin evento",
"09/04/2026 19:29",7281679,,,,Oruro,"Sucursal Oruro","No disponible",Salida,"Sin evento",
"10/04/2026 08:17",1,,,,Oruro,"Sucursal Oruro","No disponible",Salida,"Sin evento",
"10/04/2026 08:28",4,,,,Oruro,"Sucursal Oruro","No disponible",Salida,"Sin evento",
"10/04/2026 08:39",7281679,,,,Oruro,"Sucursal Oruro","No disponible",Salida,"Sin evento",
"10/04/2026 18:35",4,,,,Oruro,"Sucursal Oruro","No disponible",Salida,"Sin evento",
"10/04/2026 18:36",7281679,,,,Oruro,"Sucursal Oruro","No disponible",Salida,"Sin evento",
"10/04/2026 18:41",1,,,,Oruro,"Sucursal Oruro","No disponible",Salida,"Sin evento",
"11/04/2026 08:56",4,,,,Oruro,"Sucursal Oruro","No disponible",Salida,"Sin evento",
"13/04/2026 08:36",1,,,,Oruro,"Sucursal Oruro","No disponible",Salida,"Sin evento",
"13/04/2026 08:36",4,,,,Oruro,"Sucursal Oruro","No disponible",Salida,"Sin evento",
"13/04/2026 08:36",7281679,,,,Oruro,"Sucursal Oruro","No disponible",Salida,"Sin evento",
"13/04/2026 18:34",1,,,,Oruro,"Sucursal Oruro","No disponible",Salida,"Sin evento",
"13/04/2026 18:34",4,,,,Oruro,"Sucursal Oruro","No disponible",Salida,"Sin evento",
"13/04/2026 18:35",7281679,,,,Oruro,"Sucursal Oruro","No disponible",Salida,"Sin evento",
"14/04/2026 08:17",1,,,,Oruro,"Sucursal Oruro","No disponible",Salida,"Sin evento",
"14/04/2026 08:31",4,,,,Oruro,"Sucursal Oruro","No disponible",Salida,"Sin evento",
"14/04/2026 08:33",7281679,,,,Oruro,"Sucursal Oruro","No disponible",Salida,"Sin evento",
"15/04/2026 08:23",1,,,,Oruro,"Sucursal Oruro","No disponible",Salida,"Sin evento",
"15/04/2026 08:27",4,,,,Oruro,"Sucursal Oruro","No disponible",Salida,"Sin evento",
"15/04/2026 08:31",7281679,,,,Oruro,"Sucursal Oruro","No disponible",Salida,"Sin evento",
"15/04/2026 18:42",4,,,,Oruro,"Sucursal Oruro","No disponible",Salida,"Sin evento",
"15/04/2026 19:07",1,,,,Oruro,"Sucursal Oruro","No disponible",Salida,"Sin evento",
"15/04/2026 19:22",7281679,,,,Oruro,"Sucursal Oruro","No disponible",Salida,"Sin evento",
"16/04/2026 08:27",1,,,,Oruro,"Sucursal Oruro","No disponible",Salida,"Sin evento",
"16/04/2026 08:27",7281679,,,,Oruro,"Sucursal Oruro","No disponible",Salida,"Sin evento",
"16/04/2026 08:29",4,,,,Oruro,"Sucursal Oruro","No disponible",Salida,"Sin evento",
"16/04/2026 18:32",7281679,,,,Oruro,"Sucursal Oruro","No disponible",Salida,"Sin evento",
"16/04/2026 18:49",4,,,,Oruro,"Sucursal Oruro","No disponible",Salida,"Sin evento",
"16/04/2026 18:50",1,,,,Oruro,"Sucursal Oruro","No disponible",Salida,"Sin evento",
"17/04/2026 08:29",1,,,,Oruro,"Sucursal Oruro","No disponible",Salida,"Sin evento",
"17/04/2026 08:31",4,,,,Oruro,"Sucursal Oruro","No disponible",Salida,"Sin evento",
"17/04/2026 08:35",7281679,,,,Oruro,"Sucursal Oruro","No disponible",Salida,"Sin evento",
"17/04/2026 18:38",4,,,,Oruro,"Sucursal Oruro","No disponible",Salida,"Sin evento",
"17/04/2026 18:46",7281679,,,,Oruro,"Sucursal Oruro","No disponible",Salida,"Sin evento",
"17/04/2026 19:01",1,,,,Oruro,"Sucursal Oruro","No disponible",Salida,"Sin evento",
"20/04/2026 08:27",1,,,,Oruro,"Sucursal Oruro","No disponible",Salida,"Sin evento",
"20/04/2026 08:28",4,,,,Oruro,"Sucursal Oruro","No disponible",Salida,"Sin evento",
"20/04/2026 08:35",7281679,,,,Oruro,"Sucursal Oruro","No disponible",Salida,"Sin evento",
"20/04/2026 18:36",7281679,,,,Oruro,"Sucursal Oruro","No disponible",Salida,"Sin evento",
"20/04/2026 18:37",4,,,,Oruro,"Sucursal Oruro","No disponible",Salida,"Sin evento",
"20/04/2026 18:46",1,,,,Oruro,"Sucursal Oruro","No disponible",Salida,"Sin evento",
"21/04/2026 08:14",1,,,,Oruro,"Sucursal Oruro","No disponible",Salida,"Sin evento",
"21/04/2026 08:31",4,,,,Oruro,"Sucursal Oruro","No disponible",Salida,"Sin evento",
"21/04/2026 08:38",7281679,,,,Oruro,"Sucursal Oruro","No disponible",Salida,"Sin evento",
"21/04/2026 18:44",4,,,,Oruro,"Sucursal Oruro","No disponible",Salida,"Sin evento",
"21/04/2026 18:44",7281679,,,,Oruro,"Sucursal Oruro","No disponible",Salida,"Sin evento",
"21/04/2026 19:14",1,,,,Oruro,"Sucursal Oruro","No disponible",Salida,"Sin evento",
"22/04/2026 08:29",1,,,,Oruro,"Sucursal Oruro","No disponible",Salida,"Sin evento",
"22/04/2026 08:29",7281679,,,,Oruro,"Sucursal Oruro","No disponible",Salida,"Sin evento",
"22/04/2026 08:29",4,,,,Oruro,"Sucursal Oruro","No disponible",Salida,"Sin evento",
"22/04/2026 18:37",4,,,,Oruro,"Sucursal Oruro","No disponible",Salida,"Sin evento",
"22/04/2026 18:38",7281679,,,,Oruro,"Sucursal Oruro","No disponible",Salida,"Sin evento",
"22/04/2026 18:44",1,,,,Oruro,"Sucursal Oruro","No disponible",Salida,"Sin evento",
"23/04/2026 08:28",1,,,,Oruro,"Sucursal Oruro","No disponible",Salida,"Sin evento",
"23/04/2026 08:31",4,,,,Oruro,"Sucursal Oruro","No disponible",Salida,"Sin evento",
"23/04/2026 08:35",7281679,,,,Oruro,"Sucursal Oruro","No disponible",Salida,"Sin evento",
"23/04/2026 18:41",7281679,,,,Oruro,"Sucursal Oruro","No disponible",Salida,"Sin evento",
"23/04/2026 19:06",1,,,,Oruro,"Sucursal Oruro","No disponible",Salida,"Sin evento",
"23/04/2026 19:06",4,,,,Oruro,"Sucursal Oruro","No disponible",Salida,"Sin evento",
"24/04/2026 08:23",1,,,,Oruro,"Sucursal Oruro","No disponible",Salida,"Sin evento",
"24/04/2026 08:31",4,,,,Oruro,"Sucursal Oruro","No disponible",Salida,"Sin evento",
"24/04/2026 08:34",7281679,,,,Oruro,"Sucursal Oruro","No disponible",Salida,"Sin evento",
"24/04/2026 18:42",7281679,,,,Oruro,"Sucursal Oruro","No disponible",Salida,"Sin evento",
"24/04/2026 19:01",1,,,,Oruro,"Sucursal Oruro","No disponible",Salida,"Sin evento",
"24/04/2026 19:03",4,,,,Oruro,"Sucursal Oruro","No disponible",Salida,"Sin evento",
"27/04/2026 08:11",1,,,,Oruro,"Sucursal Oruro","No disponible",Salida,"Sin evento",
"27/04/2026 08:15",4,,,,Oruro,"Sucursal Oruro","No disponible",Salida,"Sin evento",
"27/04/2026 08:36",7281679,,,,Oruro,"Sucursal Oruro","No disponible",Salida,"Sin evento",
"27/04/2026 18:31",4,,,,Oruro,"Sucursal Oruro","No disponible",Salida,"Sin evento",
"27/04/2026 18:33",4,,,,Oruro,"Sucursal Oruro","No disponible",Salida,"Sin evento",
"27/04/2026 18:35",7281679,,,,Oruro,"Sucursal Oruro","No disponible",Salida,"Sin evento",
"27/04/2026 18:46",1,,,,Oruro,"Sucursal Oruro","No disponible",Salida,"Sin evento",
"28/04/2026 08:20",1,,,,Oruro,"Sucursal Oruro","No disponible",Salida,"Sin evento",
"28/04/2026 08:20",4,,,,Oruro,"Sucursal Oruro","No disponible",Salida,"Sin evento",
"28/04/2026 08:41",7281679,,,,Oruro,"Sucursal Oruro","No disponible",Salida,"Sin evento",
"28/04/2026 18:55",4,,,,Oruro,"Sucursal Oruro","No disponible",Salida,"Sin evento",
"28/04/2026 18:56",7281679,,,,Oruro,"Sucursal Oruro","No disponible",Salida,"Sin evento",
"28/04/2026 19:01",1,,,,Oruro,"Sucursal Oruro","No disponible",Salida,"Sin evento",
"29/04/2026 08:22",7281679,,,,Oruro,"Sucursal Oruro","No disponible",Salida,"Sin evento",
"29/04/2026 08:22",1,,,,Oruro,"Sucursal Oruro","No disponible",Salida,"Sin evento",
"29/04/2026 08:33",4,,,,Oruro,"Sucursal Oruro","No disponible",Salida,"Sin evento",
"29/04/2026 19:21",4,,,,Oruro,"Sucursal Oruro","No disponible",Salida,"Sin evento",
"29/04/2026 19:21",7281679,,,,Oruro,"Sucursal Oruro","No disponible",Salida,"Sin evento",
"29/04/2026 19:26",1,,,,Oruro,"Sucursal Oruro","No disponible",Salida,"Sin evento",
"30/04/2026 07:28",1,,,,Oruro,"Sucursal Oruro","No disponible",Salida,"Sin evento",
"30/04/2026 08:29",7281679,,,,Oruro,"Sucursal Oruro","No disponible",Salida,"Sin evento",
"30/04/2026 08:30",4,,,,Oruro,"Sucursal Oruro","No disponible",Salida,"Sin evento",
"30/04/2026 18:56",1,,,,Oruro,"Sucursal Oruro","No disponible",Salida,"Sin evento",
"30/04/2026 18:56",7281679,,,,Oruro,"Sucursal Oruro","No disponible",Salida,"Sin evento",
"30/04/2026 18:59",4,,,,Oruro,"Sucursal Oruro","No disponible",Salida,"Sin evento",
"04/05/2026 08:16",4,,,,Oruro,"Sucursal Oruro","No disponible",Salida,"Sin evento",
"04/05/2026 08:16",1,,,,Oruro,"Sucursal Oruro","No disponible",Salida,"Sin evento",
"04/05/2026 08:42",7281679,,,,Oruro,"Sucursal Oruro","No disponible",Salida,"Sin evento",
"04/05/2026 19:23",1,,,,Oruro,"Sucursal Oruro","No disponible",Salida,"Sin evento",
"04/05/2026 19:24",7281679,,,,Oruro,"Sucursal Oruro","No disponible",Salida,"Sin evento",
"04/05/2026 19:26",4,,,,Oruro,"Sucursal Oruro","No disponible",Salida,"Sin evento",
"05/05/2026 08:24",1,,,,Oruro,"Sucursal Oruro","No disponible",Salida,"Sin evento",
"05/05/2026 08:25",4,,,,Oruro,"Sucursal Oruro","No disponible",Salida,"Sin evento",
"05/05/2026 08:46",7281679,,,,Oruro,"Sucursal Oruro","No disponible",Salida,"Sin evento",
"05/05/2026 18:34",7281679,,,,Oruro,"Sucursal Oruro","No disponible",Salida,"Sin evento",
"05/05/2026 18:43",4,,,,Oruro,"Sucursal Oruro","No disponible",Salida,"Sin evento",
"05/05/2026 18:59",1,,,,Oruro,"Sucursal Oruro","No disponible",Salida,"Sin evento",
"06/05/2026 08:25",1,,,,Oruro,"Sucursal Oruro","No disponible",Salida,"Sin evento",
"06/05/2026 08:25",4,,,,Oruro,"Sucursal Oruro","No disponible",Salida,"Sin evento",
"06/05/2026 08:33",7281679,,,,Oruro,"Sucursal Oruro","No disponible",Salida,"Sin evento",
"06/05/2026 18:37",7281679,,,,Oruro,"Sucursal Oruro","No disponible",Salida,"Sin evento",
"06/05/2026 18:38",4,,,,Oruro,"Sucursal Oruro","No disponible",Salida,"Sin evento",
"06/05/2026 18:44",1,,,,Oruro,"Sucursal Oruro","No disponible",Salida,"Sin evento",
"07/05/2026 07:56",1,,,,Oruro,"Sucursal Oruro","No disponible",Salida,"Sin evento",
"07/05/2026 08:22",4,,,,Oruro,"Sucursal Oruro","No disponible",Salida,"Sin evento",
"07/05/2026 08:38",7281679,,,,Oruro,"Sucursal Oruro","No disponible",Salida,"Sin evento",
"07/05/2026 18:35",4,,,,Oruro,"Sucursal Oruro","No disponible",Salida,"Sin evento",
"07/05/2026 18:45",7281679,,,,Oruro,"Sucursal Oruro","No disponible",Salida,"Sin evento",
"07/05/2026 19:04",1,,,,Oruro,"Sucursal Oruro","No disponible",Salida,"Sin evento",
"08/05/2026 08:31",1,,,,Oruro,"Sucursal Oruro","No disponible",Salida,"Sin evento",
"08/05/2026 08:31",7281679,,,,Oruro,"Sucursal Oruro","No disponible",Salida,"Sin evento",
"08/05/2026 08:31",4,,,,Oruro,"Sucursal Oruro","No disponible",Salida,"Sin evento",
"08/05/2026 18:38",7281679,,,,Oruro,"Sucursal Oruro","No disponible",Salida,"Sin evento",
"08/05/2026 18:59",4,,,,Oruro,"Sucursal Oruro","No disponible",Salida,"Sin evento",
"08/05/2026 19:09",1,,,,Oruro,"Sucursal Oruro","No disponible",Salida,"Sin evento",
"11/05/2026 08:23",1,,,,Oruro,"Sucursal Oruro","No disponible",Salida,"Sin evento",
"11/05/2026 08:24",4,,,,Oruro,"Sucursal Oruro","No disponible",Salida,"Sin evento",
"11/05/2026 08:26",7281679,,,,Oruro,"Sucursal Oruro","No disponible",Salida,"Sin evento",
"11/05/2026 18:54",4,,,,Oruro,"Sucursal Oruro","No disponible",Salida,"Sin evento",
"11/05/2026 18:56",7281679,,,,Oruro,"Sucursal Oruro","No disponible",Salida,"Sin evento",
"11/05/2026 18:58",4,,,,Oruro,"Sucursal Oruro","No disponible",Salida,"Sin evento",
"11/05/2026 19:10",1,,,,Oruro,"Sucursal Oruro","No disponible",Salida,"Sin evento",
"12/05/2026 08:28",1,,,,Oruro,"Sucursal Oruro","No disponible",Salida,"Sin evento",
"12/05/2026 08:28",4,,,,Oruro,"Sucursal Oruro","No disponible",Salida,"Sin evento",
"12/05/2026 08:33",7281679,,,,Oruro,"Sucursal Oruro","No disponible",Salida,"Sin evento",
"12/05/2026 18:46",7281679,,,,Oruro,"Sucursal Oruro","No disponible",Salida,"Sin evento",
"12/05/2026 18:48",4,,,,Oruro,"Sucursal Oruro","No disponible",Salida,"Sin evento",
"12/05/2026 18:49",1,,,,Oruro,"Sucursal Oruro","No disponible",Salida,"Sin evento",
"13/05/2026 08:38",7281679,,,,Oruro,"Sucursal Oruro","No disponible",Salida,"Sin evento",
"13/05/2026 08:40",1,,,,Oruro,"Sucursal Oruro","No disponible",Salida,"Sin evento",
"13/05/2026 08:40",4,,,,Oruro,"Sucursal Oruro","No disponible",Salida,"Sin evento",
"13/05/2026 18:32",7281679,,,,Oruro,"Sucursal Oruro","No disponible",Salida,"Sin evento",
"13/05/2026 18:32",4,,,,Oruro,"Sucursal Oruro","No disponible",Salida,"Sin evento",
"13/05/2026 18:49",1,,,,Oruro,"Sucursal Oruro","No disponible",Salida,"Sin evento",
"14/05/2026 08:18",1,,,,Oruro,"Sucursal Oruro","No disponible",Salida,"Sin evento",
"14/05/2026 08:22",4,,,,Oruro,"Sucursal Oruro","No disponible",Salida,"Sin evento",
"14/05/2026 08:41",7281679,,,,Oruro,"Sucursal Oruro","No disponible",Salida,"Sin evento",
"14/05/2026 18:31",1,,,,Oruro,"Sucursal Oruro","No disponible",Salida,"Sin evento",
"14/05/2026 18:32",7281679,,,,Oruro,"Sucursal Oruro","No disponible",Salida,"Sin evento",
"15/05/2026 08:29",1,,,,Oruro,"Sucursal Oruro","No disponible",Salida,"Sin evento",
"15/05/2026 08:29",4,,,,Oruro,"Sucursal Oruro","No disponible",Salida,"Sin evento",
"15/05/2026 08:33",7281679,,,,Oruro,"Sucursal Oruro","No disponible",Salida,"Sin evento",
"15/05/2026 19:01",4,,,,Oruro,"Sucursal Oruro","No disponible",Salida,"Sin evento",
"15/05/2026 19:01",7281679,,,,Oruro,"Sucursal Oruro","No disponible",Salida,"Sin evento",
"15/05/2026 19:12",1,,,,Oruro,"Sucursal Oruro","No disponible",Salida,"Sin evento",
"16/05/2026 08:58",4,,,,Oruro,"Sucursal Oruro","No disponible",Salida,"Sin evento",
"18/05/2026 08:32",7281679,,,,Oruro,"Sucursal Oruro","No disponible",Salida,"Sin evento",
"18/05/2026 08:32",4,,,,Oruro,"Sucursal Oruro","No disponible",Salida,"Sin evento",
"18/05/2026 08:33",1,,,,Oruro,"Sucursal Oruro","No disponible",Salida,"Sin evento",
"18/05/2026 18:32",4,,,,Oruro,"Sucursal Oruro","No disponible",Salida,"Sin evento",
"18/05/2026 18:32",1,,,,Oruro,"Sucursal Oruro","No disponible",Salida,"Sin evento",
"18/05/2026 18:32",7281679,,,,Oruro,"Sucursal Oruro","No disponible",Salida,"Sin evento",
"19/05/2026 08:05",1,,,,Oruro,"Sucursal Oruro","No disponible",Salida,"Sin evento",
"19/05/2026 08:24",4,,,,Oruro,"Sucursal Oruro","No disponible",Salida,"Sin evento",
"19/05/2026 08:36",7281679,,,,Oruro,"Sucursal Oruro","No disponible",Salida,"Sin evento",
"19/05/2026 17:50",1,,,,Oruro,"Sucursal Oruro","No disponible",Salida,"Sin evento",
"19/05/2026 17:50",7281679,,,,Oruro,"Sucursal Oruro","No disponible",Salida,"Sin evento",
"19/05/2026 17:51",4,,,,Oruro,"Sucursal Oruro","No disponible",Salida,"Sin evento",
"20/05/2026 08:17",1,,,,Oruro,"Sucursal Oruro","No disponible",Salida,"Sin evento",
"20/05/2026 08:25",4,,,,Oruro,"Sucursal Oruro","No disponible",Salida,"Sin evento",
"20/05/2026 08:37",7281679,,,,Oruro,"Sucursal Oruro","No disponible",Salida,"Sin evento",
"20/05/2026 18:57",7281679,,,,Oruro,"Sucursal Oruro","No disponible",Salida,"Sin evento",
"20/05/2026 18:59",4,,,,Oruro,"Sucursal Oruro","No disponible",Salida,"Sin evento",
"20/05/2026 19:00",4,,,,Oruro,"Sucursal Oruro","No disponible",Salida,"Sin evento",
"20/05/2026 19:35",1,,,,Oruro,"Sucursal Oruro","No disponible",Salida,"Sin evento",
"21/05/2026 08:14",1,,,,Oruro,"Sucursal Oruro","No disponible",Salida,"Sin evento",
"21/05/2026 08:26",7281679,,,,Oruro,"Sucursal Oruro","No disponible",Salida,"Sin evento",
"21/05/2026 08:30",4,,,,Oruro,"Sucursal Oruro","No disponible",Salida,"Sin evento",
"21/05/2026 18:25",1,,,,Oruro,"Sucursal Oruro","No disponible",Salida,"Sin evento",
"21/05/2026 18:25",4,,,,Oruro,"Sucursal Oruro","No disponible",Salida,"Sin evento",
"21/05/2026 18:25",7281679,,,,Oruro,"Sucursal Oruro","No disponible",Salida,"Sin evento",
"22/05/2026 08:21",1,,,,Oruro,"Sucursal Oruro","No disponible",Salida,"Sin evento",
"22/05/2026 08:24",7281679,,,,Oruro,"Sucursal Oruro","No disponible",Salida,"Sin evento",
"22/05/2026 08:25",4,,,,Oruro,"Sucursal Oruro","No disponible",Salida,"Sin evento",
"22/05/2026 16:57",4,,,,Oruro,"Sucursal Oruro","No disponible",Salida,"Sin evento",
"22/05/2026 16:57",7281679,,,,Oruro,"Sucursal Oruro","No disponible",Salida,"Sin evento",
"22/05/2026 17:05",1,,,,Oruro,"Sucursal Oruro","No disponible",Salida,"Sin evento",
"25/05/2026 08:27",4,,,,Oruro,"Sucursal Oruro","No disponible",Salida,"Sin evento",
"25/05/2026 08:27",1,,,,Oruro,"Sucursal Oruro","No disponible",Salida,"Sin evento",
"25/05/2026 08:37",7281679,,,,Oruro,"Sucursal Oruro","No disponible",Salida,"Sin evento",
"25/05/2026 17:18",4,,,,Oruro,"Sucursal Oruro","No disponible",Salida,"Sin evento",
"25/05/2026 17:19",7281679,,,,Oruro,"Sucursal Oruro","No disponible",Salida,"Sin evento",
"25/05/2026 17:28",1,,,,Oruro,"Sucursal Oruro","No disponible",Salida,"Sin evento",
"26/05/2026 08:14",1,,,,Oruro,"Sucursal Oruro","No disponible",Salida,"Sin evento",
"26/05/2026 08:28",4,,,,Oruro,"Sucursal Oruro","No disponible",Salida,"Sin evento",
"26/05/2026 08:36",7281679,,,,Oruro,"Sucursal Oruro","No disponible",Salida,"Sin evento",
"26/05/2026 18:30",7281679,,,,Oruro,"Sucursal Oruro","No disponible",Salida,"Sin evento",
"26/05/2026 18:30",4,,,,Oruro,"Sucursal Oruro","No disponible",Salida,"Sin evento",
"26/05/2026 19:27",1,,,,Oruro,"Sucursal Oruro","No disponible",Salida,"Sin evento",
"27/05/2026 07:42",1,,,,Oruro,"Sucursal Oruro","No disponible",Salida,"Sin evento",
"27/05/2026 08:25",4,,,,Oruro,"Sucursal Oruro","No disponible",Salida,"Sin evento",
"27/05/2026 08:30",7281679,,,,Oruro,"Sucursal Oruro","No disponible",Salida,"Sin evento",
"27/05/2026 18:37",1,,,,Oruro,"Sucursal Oruro","No disponible",Salida,"Sin evento",
"27/05/2026 18:38",7281679,,,,Oruro,"Sucursal Oruro","No disponible",Salida,"Sin evento",
"28/05/2026 07:52",1,,,,Oruro,"Sucursal Oruro","No disponible",Salida,"Sin evento",
"28/05/2026 08:24",4,,,,Oruro,"Sucursal Oruro","No disponible",Salida,"Sin evento",
"28/05/2026 08:25",7281679,,,,Oruro,"Sucursal Oruro","No disponible",Salida,"Sin evento",
"28/05/2026 18:20",4,,,,Oruro,"Sucursal Oruro","No disponible",Salida,"Sin evento",
"28/05/2026 18:20",7281679,,,,Oruro,"Sucursal Oruro","No disponible",Salida,"Sin evento",
"28/05/2026 18:21",1,,,,Oruro,"Sucursal Oruro","No disponible",Salida,"Sin evento",
"29/05/2026 08:25",1,,,,Oruro,"Sucursal Oruro","No disponible",Salida,"Sin evento",
"29/05/2026 08:25",4,,,,Oruro,"Sucursal Oruro","No disponible",Salida,"Sin evento",
"29/05/2026 08:31",7281679,,,,Oruro,"Sucursal Oruro","No disponible",Salida,"Sin evento",
"29/05/2026 18:29",7281679,,,,Oruro,"Sucursal Oruro","No disponible",Salida,"Sin evento",
"29/05/2026 18:30",4,,,,Oruro,"Sucursal Oruro","No disponible",Salida,"Sin evento",
"29/05/2026 18:34",1,,,,Oruro,"Sucursal Oruro","No disponible",Salida,"Sin evento",
"01/06/2026 08:20",1,,,,Oruro,"Sucursal Oruro","No disponible",Salida,"Sin evento",
"01/06/2026 08:21",4,,,,Oruro,"Sucursal Oruro","No disponible",Salida,"Sin evento",
"01/06/2026 08:34",7281679,,,,Oruro,"Sucursal Oruro","No disponible",Salida,"Sin evento",
"01/06/2026 18:29",7281679,,,,Oruro,"Sucursal Oruro","No disponible",Salida,"Sin evento",
"01/06/2026 18:29",4,,,,Oruro,"Sucursal Oruro","No disponible",Salida,"Sin evento",
"01/06/2026 18:37",1,,,,Oruro,"Sucursal Oruro","No disponible",Salida,"Sin evento",
"02/06/2026 08:25",7281679,,,,Oruro,"Sucursal Oruro","No disponible",Salida,"Sin evento",
"02/06/2026 08:25",1,,,,Oruro,"Sucursal Oruro","No disponible",Salida,"Sin evento",
"02/06/2026 08:34",4,,,,Oruro,"Sucursal Oruro","No disponible",Salida,"Sin evento",
"02/06/2026 17:55",1,,,,Oruro,"Sucursal Oruro","No disponible",Salida,"Sin evento",
"02/06/2026 18:31",4,,,,Oruro,"Sucursal Oruro","No disponible",Salida,"Sin evento",
"02/06/2026 18:39",7281679,,,,Oruro,"Sucursal Oruro","No disponible",Salida,"Sin evento",
"03/06/2026 08:09",1,,,,Oruro,"Sucursal Oruro","No disponible",Salida,"Sin evento",
"03/06/2026 08:24",4,,,,Oruro,"Sucursal Oruro","No disponible",Salida,"Sin evento",
"03/06/2026 08:36",7281679,,,,Oruro,"Sucursal Oruro","No disponible",Salida,"Sin evento",
"03/06/2026 18:48",7281679,,,,Oruro,"Sucursal Oruro","No disponible",Salida,"Sin evento",
"03/06/2026 18:48",4,,,,Oruro,"Sucursal Oruro","No disponible",Salida,"Sin evento",
"03/06/2026 19:04",1,,,,Oruro,"Sucursal Oruro","No disponible",Salida,"Sin evento",
"08/06/2026 08:23",1,,,,Oruro,"Sucursal Oruro","No disponible",Salida,"Sin evento",
"08/06/2026 08:28",7281679,,,,Oruro,"Sucursal Oruro","No disponible",Salida,"Sin evento",
"08/06/2026 08:29",4,,,,Oruro,"Sucursal Oruro","No disponible",Salida,"Sin evento",
"08/06/2026 18:48",4,,,,Oruro,"Sucursal Oruro","No disponible",Salida,"Sin evento",
"08/06/2026 18:48",7281679,,,,Oruro,"Sucursal Oruro","No disponible",Salida,"Sin evento",
"08/06/2026 18:51",1,,,,Oruro,"Sucursal Oruro","No disponible",Salida,"Sin evento",
"09/06/2026 08:23",1,,,,Oruro,"Sucursal Oruro","No disponible",Salida,"Sin evento",
"09/06/2026 08:23",7281679,,,,Oruro,"Sucursal Oruro","No disponible",Salida,"Sin evento",
"09/06/2026 08:23",4,,,,Oruro,"Sucursal Oruro","No disponible",Salida,"Sin evento",
"09/06/2026 18:48",7281679,,,,Oruro,"Sucursal Oruro","No disponible",Salida,"Sin evento",
"09/06/2026 18:51",4,,,,Oruro,"Sucursal Oruro","No disponible",Salida,"Sin evento",
"09/06/2026 18:53",1,,,,Oruro,"Sucursal Oruro","No disponible",Salida,"Sin evento",
"10/06/2026 08:38",1,,,,Oruro,"Sucursal Oruro","No disponible",Salida,"Sin evento",
"10/06/2026 08:38",4,,,,Oruro,"Sucursal Oruro","No disponible",Salida,"Sin evento",
"10/06/2026 08:39",7281679,,,,Oruro,"Sucursal Oruro","No disponible",Salida,"Sin evento",
"10/06/2026 17:25",7281679,,,,Oruro,"Sucursal Oruro","No disponible",Salida,"Sin evento",
"10/06/2026 17:26",4,,,,Oruro,"Sucursal Oruro","No disponible",Salida,"Sin evento",
"10/06/2026 17:28",1,,,,Oruro,"Sucursal Oruro","No disponible",Salida,"Sin evento",
"11/06/2026 08:14",1,,,,Oruro,"Sucursal Oruro","No disponible",Salida,"Sin evento",
"11/06/2026 08:25",4,,,,Oruro,"Sucursal Oruro","No disponible",Salida,"Sin evento",
"11/06/2026 08:41",7281679,,,,Oruro,"Sucursal Oruro","No disponible",Salida,"Sin evento",
"11/06/2026 18:31",7281679,,,,Oruro,"Sucursal Oruro","No disponible",Salida,"Sin evento",
"11/06/2026 18:32",4,,,,Oruro,"Sucursal Oruro","No disponible",Salida,"Sin evento",
"11/06/2026 18:41",1,,,,Oruro,"Sucursal Oruro","No disponible",Salida,"Sin evento",
"12/06/2026 08:20",1,,,,Oruro,"Sucursal Oruro","No disponible",Salida,"Sin evento",
"12/06/2026 08:27",4,,,,Oruro,"Sucursal Oruro","No disponible",Salida,"Sin evento",
"12/06/2026 08:32",7281679,,,,Oruro,"Sucursal Oruro","No disponible",Salida,"Sin evento",
"12/06/2026 17:57",1,,,,Oruro,"Sucursal Oruro","No disponible",Salida,"Sin evento",
"12/06/2026 17:57",7281679,,,,Oruro,"Sucursal Oruro","No disponible",Salida,"Sin evento",
"12/06/2026 18:00",4,,,,Oruro,"Sucursal Oruro","No disponible",Salida,"Sin evento",
"13/06/2026 09:01",4,,,,Oruro,"Sucursal Oruro","No disponible",Salida,"Sin evento",
"15/06/2026 08:27",1,,,,Oruro,"Sucursal Oruro","No disponible",Salida,"Sin evento",
"15/06/2026 08:28",4,,,,Oruro,"Sucursal Oruro","No disponible",Salida,"Sin evento",
"15/06/2026 08:29",7281679,,,,Oruro,"Sucursal Oruro","No disponible",Salida,"Sin evento",
"15/06/2026 18:28",1,,,,Oruro,"Sucursal Oruro","No disponible",Salida,"Sin evento",
"15/06/2026 18:29",4,,,,Oruro,"Sucursal Oruro","No disponible",Salida,"Sin evento",
"15/06/2026 18:29",7281679,,,,Oruro,"Sucursal Oruro","No disponible",Salida,"Sin evento",
"16/06/2026 08:19",1,,,,Oruro,"Sucursal Oruro","No disponible",Salida,"Sin evento",
"16/06/2026 08:20",4,,,,Oruro,"Sucursal Oruro","No disponible",Salida,"Sin evento",
"16/06/2026 08:32",7281679,,,,Oruro,"Sucursal Oruro","No disponible",Salida,"Sin evento",
"16/06/2026 17:35",7281679,,,,Oruro,"Sucursal Oruro","No disponible",Salida,"Sin evento",
"16/06/2026 17:36",4,,,,Oruro,"Sucursal Oruro","No disponible",Salida,"Sin evento",
"16/06/2026 17:37",1,,,,Oruro,"Sucursal Oruro","No disponible",Salida,"Sin evento",
"17/06/2026 08:25",1,,,,Oruro,"Sucursal Oruro","No disponible",Salida,"Sin evento",
"17/06/2026 08:27",4,,,,Oruro,"Sucursal Oruro","No disponible",Salida,"Sin evento",
"17/06/2026 08:30",7281679,,,,Oruro,"Sucursal Oruro","No disponible",Salida,"Sin evento",
"17/06/2026 18:29",1,,,,Oruro,"Sucursal Oruro","No disponible",Salida,"Sin evento",
"17/06/2026 18:29",7281679,,,,Oruro,"Sucursal Oruro","No disponible",Salida,"Sin evento",
"17/06/2026 18:29",4,,,,Oruro,"Sucursal Oruro","No disponible",Salida,"Sin evento",
"18/06/2026 08:26",1,,,,Oruro,"Sucursal Oruro","No disponible",Salida,"Sin evento",
"18/06/2026 08:26",4,,,,Oruro,"Sucursal Oruro","No disponible",Salida,"Sin evento",
"18/06/2026 08:35",7281679,,,,Oruro,"Sucursal Oruro","No disponible",Salida,"Sin evento",
"18/06/2026 18:58",7281679,,,,Oruro,"Sucursal Oruro","No disponible",Salida,"Sin evento",
"18/06/2026 18:59",4,,,,Oruro,"Sucursal Oruro","No disponible",Salida,"Sin evento",
"18/06/2026 19:12",1,,,,Oruro,"Sucursal Oruro","No disponible",Salida,"Sin evento",
"19/06/2026 08:28",4,,,,Oruro,"Sucursal Oruro","No disponible",Salida,"Sin evento",
"19/06/2026 08:29",1,,,,Oruro,"Sucursal Oruro","No disponible",Salida,"Sin evento",
"19/06/2026 08:31",7281679,,,,Oruro,"Sucursal Oruro","No disponible",Salida,"Sin evento",
"19/06/2026 19:03",4,,,,Oruro,"Sucursal Oruro","No disponible",Salida,"Sin evento",
"19/06/2026 19:07",7281679,,,,Oruro,"Sucursal Oruro","No disponible",Salida,"Sin evento",
"19/06/2026 19:13",4,,,,Oruro,"Sucursal Oruro","No disponible",Salida,"Sin evento",
"19/06/2026 19:13",1,,,,Oruro,"Sucursal Oruro","No disponible",Salida,"Sin evento",
"23/06/2026 08:23",1,,,,Oruro,"Sucursal Oruro","No disponible",Salida,"Sin evento",
"23/06/2026 08:27",7281679,,,,Oruro,"Sucursal Oruro","No disponible",Salida,"Sin evento",
"23/06/2026 08:29",4,,,,Oruro,"Sucursal Oruro","No disponible",Salida,"Sin evento",
"23/06/2026 18:51",7281679,,,,Oruro,"Sucursal Oruro","No disponible",Salida,"Sin evento",
"23/06/2026 18:51",4,,,,Oruro,"Sucursal Oruro","No disponible",Salida,"Sin evento",
"23/06/2026 19:01",1,,,,Oruro,"Sucursal Oruro","No disponible",Salida,"Sin evento",
"24/06/2026 08:25",1,,,,Oruro,"Sucursal Oruro","No disponible",Salida,"Sin evento",
"24/06/2026 08:25",7281679,,,,Oruro,"Sucursal Oruro","No disponible",Salida,"Sin evento",
"24/06/2026 08:25",4,,,,Oruro,"Sucursal Oruro","No disponible",Salida,"Sin evento",
"24/06/2026 18:36",4,,,,Oruro,"Sucursal Oruro","No disponible",Salida,"Sin evento",
"24/06/2026 18:42",1,,,,Oruro,"Sucursal Oruro","No disponible",Salida,"Sin evento",
"24/06/2026 18:42",7281679,,,,Oruro,"Sucursal Oruro","No disponible",Salida,"Sin evento",
"25/06/2026 08:17",1,,,,Oruro,"Sucursal Oruro","No disponible",Salida,"Sin evento",
"25/06/2026 08:30",4,,,,Oruro,"Sucursal Oruro","No disponible",Salida,"Sin evento",
"25/06/2026 08:46",7281679,,,,Oruro,"Sucursal Oruro","No disponible",Salida,"Sin evento",
"25/06/2026 19:27",1,,,,Oruro,"Sucursal Oruro","No disponible",Salida,"Sin evento",
"25/06/2026 19:36",7281679,,,,Oruro,"Sucursal Oruro","No disponible",Salida,"Sin evento",
"25/06/2026 19:53",4,,,,Oruro,"Sucursal Oruro","No disponible",Salida,"Sin evento",
"26/06/2026 08:29",7281679,,,,Oruro,"Sucursal Oruro","No disponible",Salida,"Sin evento",
"26/06/2026 08:30",1,,,,Oruro,"Sucursal Oruro","No disponible",Salida,"Sin evento",
"26/06/2026 08:43",4,,,,Oruro,"Sucursal Oruro","No disponible",Salida,"Sin evento",
"26/06/2026 18:45",7281679,,,,Oruro,"Sucursal Oruro","No disponible",Salida,"Sin evento",
"26/06/2026 18:46",4,,,,Oruro,"Sucursal Oruro","No disponible",Salida,"Sin evento",
"26/06/2026 18:49",1,,,,Oruro,"Sucursal Oruro","No disponible",Salida,"Sin evento",
"29/06/2026 08:12",1,,,,Oruro,"Sucursal Oruro","No disponible",Salida,"Sin evento",
"29/06/2026 08:27",4,,,,Oruro,"Sucursal Oruro","No disponible",Salida,"Sin evento",
"29/06/2026 08:31",7281679,,,,Oruro,"Sucursal Oruro","No disponible",Salida,"Sin evento",
"29/06/2026 18:31",1,,,,Oruro,"Sucursal Oruro","No disponible",Salida,"Sin evento",
"29/06/2026 18:31",7281679,,,,Oruro,"Sucursal Oruro","No disponible",Salida,"Sin evento",
"29/06/2026 18:31",4,,,,Oruro,"Sucursal Oruro","No disponible",Salida,"Sin evento",
"30/06/2026 08:18",1,,,,Oruro,"Sucursal Oruro","No disponible",Salida,"Sin evento",
"30/06/2026 08:26",4,,,,Oruro,"Sucursal Oruro","No disponible",Salida,"Sin evento",
"30/06/2026 08:31",7281679,,,,Oruro,"Sucursal Oruro","No disponible",Salida,"Sin evento",
"30/06/2026 19:20",4,,,,Oruro,"Sucursal Oruro","No disponible",Salida,"Sin evento",
"30/06/2026 19:58",7281679,,,,Oruro,"Sucursal Oruro","No disponible",Salida,"Sin evento",
"30/06/2026 20:04",1,,,,Oruro,"Sucursal Oruro","No disponible",Salida,"Sin evento",
"01/07/2026 08:25",1,,,,Oruro,"Sucursal Oruro","No disponible",Salida,"Sin evento",
"01/07/2026 08:30",4,,,,Oruro,"Sucursal Oruro","No disponible",Salida,"Sin evento",
"01/07/2026 08:33",7281679,,,,Oruro,"Sucursal Oruro","No disponible",Salida,"Sin evento",
"01/07/2026 19:40",4,,,,Oruro,"Sucursal Oruro","No disponible",Salida,"Sin evento",
"01/07/2026 20:43",7281679,,,,Oruro,"Sucursal Oruro","No disponible",Salida,"Sin evento",
"01/07/2026 20:46",1,,,,Oruro,"Sucursal Oruro","No disponible",Salida,"Sin evento",
"02/07/2026 08:26",1,,,,Oruro,"Sucursal Oruro","No disponible",Salida,"Sin evento",
"02/07/2026 08:29",4,,,,Oruro,"Sucursal Oruro","No disponible",Salida,"Sin evento",
"02/07/2026 08:36",7281679,,,,Oruro,"Sucursal Oruro","No disponible",Salida,"Sin evento",
"02/07/2026 18:45",7281679,,,,Oruro,"Sucursal Oruro","No disponible",Salida,"Sin evento",
"02/07/2026 18:55",4,,,,Oruro,"Sucursal Oruro","No disponible",Salida,"Sin evento",
"02/07/2026 19:08",1,,,,Oruro,"Sucursal Oruro","No disponible",Salida,"Sin evento",
"03/07/2026 08:36",1,,,,Oruro,"Sucursal Oruro","No disponible",Salida,"Sin evento",
"03/07/2026 08:36",4,,,,Oruro,"Sucursal Oruro","No disponible",Salida,"Sin evento",
"03/07/2026 08:36",7281679,,,,Oruro,"Sucursal Oruro","No disponible",Salida,"Sin evento",
"03/07/2026 19:08",7281679,,,,Oruro,"Sucursal Oruro","No disponible",Salida,"Sin evento",
"03/07/2026 19:11",4,,,,Oruro,"Sucursal Oruro","No disponible",Salida,"Sin evento",
"03/07/2026 19:23",1,,,,Oruro,"Sucursal Oruro","No disponible",Salida,"Sin evento",
"06/07/2026 08:26",1,,,,Oruro,"Sucursal Oruro","No disponible",Salida,"Sin evento",
"06/07/2026 08:26",4,,,,Oruro,"Sucursal Oruro","No disponible",Salida,"Sin evento",
"06/07/2026 08:45",7281679,,,,Oruro,"Sucursal Oruro","No disponible",Salida,"Sin evento",
"06/07/2026 19:00",7281679,,,,Oruro,"Sucursal Oruro","No disponible",Salida,"Sin evento",
"06/07/2026 19:01",4,,,,Oruro,"Sucursal Oruro","No disponible",Salida,"Sin evento",
"06/07/2026 19:04",7281679,,,,Oruro,"Sucursal Oruro","No disponible",Salida,"Sin evento",
"06/07/2026 19:16",1,,,,Oruro,"Sucursal Oruro","No disponible",Salida,"Sin evento",
"07/07/2026 08:28",1,,,,Oruro,"Sucursal Oruro","No disponible",Salida,"Sin evento",
"07/07/2026 08:29",4,,,,Oruro,"Sucursal Oruro","No disponible",Salida,"Sin evento",
"07/07/2026 08:36",7281679,,,,Oruro,"Sucursal Oruro","No disponible",Salida,"Sin evento",
"07/07/2026 18:36",7281679,,,,Oruro,"Sucursal Oruro","No disponible",Salida,"Sin evento",
"07/07/2026 19:42",4,,,,Oruro,"Sucursal Oruro","No disponible",Salida,"Sin evento",
"07/07/2026 19:47",1,,,,Oruro,"Sucursal Oruro","No disponible",Salida,"Sin evento",
"08/07/2026 08:41",1,,,,Oruro,"Sucursal Oruro","No disponible",Salida,"Sin evento",
"08/07/2026 08:41",7281679,,,,Oruro,"Sucursal Oruro","No disponible",Salida,"Sin evento",
"08/07/2026 08:43",4,,,,Oruro,"Sucursal Oruro","No disponible",Salida,"Sin evento",
"08/07/2026 18:33",4,,,,Oruro,"Sucursal Oruro","No disponible",Salida,"Sin evento",
"08/07/2026 19:32",7281679,,,,Oruro,"Sucursal Oruro","No disponible",Salida,"Sin evento",
"08/07/2026 19:57",1,,,,Oruro,"Sucursal Oruro","No disponible",Salida,"Sin evento",
"09/07/2026 08:31",1,,,,Oruro,"Sucursal Oruro","No disponible",Salida,"Sin evento",
"09/07/2026 08:31",4,,,,Oruro,"Sucursal Oruro","No disponible",Salida,"Sin evento",
"09/07/2026 09:02",7281679,,,,Oruro,"Sucursal Oruro","No disponible",Salida,"Sin evento",
"09/07/2026 18:35",7281679,,,,Oruro,"Sucursal Oruro","No disponible",Salida,"Sin evento",
"09/07/2026 19:09",4,,,,Oruro,"Sucursal Oruro","No disponible",Salida,"Sin evento",
"09/07/2026 19:10",1,,,,Oruro,"Sucursal Oruro","No disponible",Salida,"Sin evento",
"10/07/2026 08:32",1,,,,Oruro,"Sucursal Oruro","No disponible",Salida,"Sin evento",
"10/07/2026 08:32",4,,,,Oruro,"Sucursal Oruro","No disponible",Salida,"Sin evento",
"10/07/2026 08:44",7281679,,,,Oruro,"Sucursal Oruro","No disponible",Salida,"Sin evento",
"10/07/2026 18:39",7281679,,,,Oruro,"Sucursal Oruro","No disponible",Salida,"Sin evento",
"10/07/2026 18:41",1,,,,Oruro,"Sucursal Oruro","No disponible",Salida,"Sin evento",
"10/07/2026 18:42",4,,,,Oruro,"Sucursal Oruro","No disponible",Salida,"Sin evento",
"13/07/2026 08:39",1,,,,Oruro,"Sucursal Oruro","No disponible",Salida,"Sin evento",
"13/07/2026 08:39",7281679,,,,Oruro,"Sucursal Oruro","No disponible",Salida,"Sin evento",
"13/07/2026 08:39",4,,,,Oruro,"Sucursal Oruro","No disponible",Salida,"Sin evento",
"13/07/2026 18:31",7281679,,,,Oruro,"Sucursal Oruro","No disponible",Salida,"Sin evento",
"13/07/2026 18:50",4,,,,Oruro,"Sucursal Oruro","No disponible",Salida,"Sin evento",
"13/07/2026 18:51",1,,,,Oruro,"Sucursal Oruro","No disponible",Salida,"Sin evento",
"14/07/2026 08:37",1,,,,Oruro,"Sucursal Oruro","No disponible",Salida,"Sin evento",
"14/07/2026 08:37",4,,,,Oruro,"Sucursal Oruro","No disponible",Salida,"Sin evento",
"14/07/2026 08:46",7281679,,,,Oruro,"Sucursal Oruro","No disponible",Salida,"Sin evento",
"14/07/2026 18:36",4,,,,Oruro,"Sucursal Oruro","No disponible",Salida,"Sin evento",
"14/07/2026 18:41",7281679,,,,Oruro,"Sucursal Oruro","No disponible",Salida,"Sin evento",
"14/07/2026 18:42",1,,,,Oruro,"Sucursal Oruro","No disponible",Salida,"Sin evento",
"15/07/2026 08:30",1,,,,Oruro,"Sucursal Oruro","No disponible",Salida,"Sin evento",
"15/07/2026 08:32",4,,,,Oruro,"Sucursal Oruro","No disponible",Salida,"Sin evento",
"15/07/2026 08:34",7281679,,,,Oruro,"Sucursal Oruro","No disponible",Salida,"Sin evento",
"15/07/2026 18:51",7281679,,,,Oruro,"Sucursal Oruro","No disponible",Salida,"Sin evento",
"15/07/2026 18:52",1,,,,Oruro,"Sucursal Oruro","No disponible",Salida,"Sin evento",
"15/07/2026 18:53",4,,,,Oruro,"Sucursal Oruro","No disponible",Salida,"Sin evento",
"16/07/2026 08:42",1,,,,Oruro,"Sucursal Oruro","No disponible",Salida,"Sin evento",
"16/07/2026 08:42",4,,,,Oruro,"Sucursal Oruro","No disponible",Salida,"Sin evento",
"16/07/2026 08:44",7281679,,,,Oruro,"Sucursal Oruro","No disponible",Salida,"Sin evento",
"16/07/2026 18:42",4,,,,Oruro,"Sucursal Oruro","No disponible",Salida,"Sin evento",
"16/07/2026 18:44",4,,,,Oruro,"Sucursal Oruro","No disponible",Salida,"Sin evento",
"16/07/2026 18:45",7281679,,,,Oruro,"Sucursal Oruro","No disponible",Salida,"Sin evento",
"16/07/2026 19:02",1,,,,Oruro,"Sucursal Oruro","No disponible",Salida,"Sin evento",
"17/07/2026 08:31",1,,,,Oruro,"Sucursal Oruro","No disponible",Salida,"Sin evento",
"17/07/2026 08:33",4,,,,Oruro,"Sucursal Oruro","No disponible",Salida,"Sin evento",
"17/07/2026 08:35",7281679,,,,Oruro,"Sucursal Oruro","No disponible",Salida,"Sin evento",
"17/07/2026 18:49",7281679,,,,Oruro,"Sucursal Oruro","No disponible",Salida,"Sin evento",
"17/07/2026 19:01",4,,,,Oruro,"Sucursal Oruro","No disponible",Salida,"Sin evento",
"17/07/2026 19:02",1,,,,Oruro,"Sucursal Oruro","No disponible",Salida,"Sin evento",
"20/07/2026 08:21",7281679,,,,Oruro,"Sucursal Oruro","No disponible",Salida,"Sin evento",
"20/07/2026 08:29",4,,,,Oruro,"Sucursal Oruro","No disponible",Salida,"Sin evento",
"20/07/2026 08:40",1,,,,Oruro,"Sucursal Oruro","No disponible",Salida,"Sin evento",
"20/07/2026 18:32",7281679,,,,Oruro,"Sucursal Oruro","No disponible",Salida,"Sin evento",
"20/07/2026 18:53",1,,,,Oruro,"Sucursal Oruro","No disponible",Salida,"Sin evento",
"20/07/2026 20:20",4,,,,Oruro,"Sucursal Oruro","No disponible",Salida,"Sin evento",
"20/07/2026 20:22",1,,,,Oruro,"Sucursal Oruro","No disponible",Salida,"Sin evento",
"21/07/2026 08:34",1,,,,Oruro,"Sucursal Oruro","No disponible",Salida,"Sin evento",
"21/07/2026 08:34",4,,,,Oruro,"Sucursal Oruro","No disponible",Salida,"Sin evento",
"21/07/2026 08:36",7281679,,,,Oruro,"Sucursal Oruro","No disponible",Salida,"Sin evento",
"21/07/2026 18:30",7281679,,,,Oruro,"Sucursal Oruro","No disponible",Salida,"Sin evento",
"21/07/2026 18:54",4,,,,Oruro,"Sucursal Oruro","No disponible",Salida,"Sin evento",
"21/07/2026 18:57",1,,,,Oruro,"Sucursal Oruro","No disponible",Salida,"Sin evento",
"22/07/2026 08:26",1,,,,Oruro,"Sucursal Oruro","No disponible",Salida,"Sin evento",
"22/07/2026 08:31",4,,,,Oruro,"Sucursal Oruro","No disponible",Salida,"Sin evento",
"22/07/2026 08:39",7281679,,,,Oruro,"Sucursal Oruro","No disponible",Salida,"Sin evento",
"22/07/2026 18:32",7281679,,,,Oruro,"Sucursal Oruro","No disponible",Salida,"Sin evento",
"22/07/2026 19:31",4,,,,Oruro,"Sucursal Oruro","No disponible",Salida,"Sin evento",
"22/07/2026 19:31",1,,,,Oruro,"Sucursal Oruro","No disponible",Salida,"Sin evento",
"23/07/2026 08:26",1,,,,Oruro,"Sucursal Oruro","No disponible",Salida,"Sin evento",
"23/07/2026 08:29",4,,,,Oruro,"Sucursal Oruro","No disponible",Salida,"Sin evento",
"23/07/2026 08:34",7281679,,,,Oruro,"Sucursal Oruro","No disponible",Salida,"Sin evento",
"23/07/2026 18:29",7281679,,,,Oruro,"Sucursal Oruro","No disponible",Salida,"Sin evento",
"23/07/2026 18:29",4,,,,Oruro,"Sucursal Oruro","No disponible",Salida,"Sin evento",
"23/07/2026 18:31",1,,,,Oruro,"Sucursal Oruro","No disponible",Salida,"Sin evento",
"24/07/2026 08:40",1,,,,Oruro,"Sucursal Oruro","No disponible",Salida,"Sin evento",
"24/07/2026 08:41",4,,,,Oruro,"Sucursal Oruro","No disponible",Salida,"Sin evento",
"24/07/2026 08:41",7281679,,,,Oruro,"Sucursal Oruro","No disponible",Salida,"Sin evento",
"24/07/2026 18:44",7281679,,,,Oruro,"Sucursal Oruro","No disponible",Salida,"Sin evento",
"24/07/2026 18:58",4,,,,Oruro,"Sucursal Oruro","No disponible",Salida,"Sin evento",
"24/07/2026 19:05",1,,,,Oruro,"Sucursal Oruro","No disponible",Salida,"Sin evento",
"27/07/2026 07:55",1,,,,Oruro,"Sucursal Oruro","No disponible",Salida,"Sin evento",
"27/07/2026 08:27",4,,,,Oruro,"Sucursal Oruro","No disponible",Salida,"Sin evento",
"27/07/2026 08:34",7281679,,,,Oruro,"Sucursal Oruro","No disponible",Salida,"Sin evento",
"27/07/2026 18:39",4,,,,Oruro,"Sucursal Oruro","No disponible",Salida,"Sin evento",
"27/07/2026 18:51",1,,,,Oruro,"Sucursal Oruro","No disponible",Salida,"Sin evento",
"27/07/2026 19:18",7281679,,,,Oruro,"Sucursal Oruro","No disponible",Salida,"Sin evento",
"28/07/2026 07:42",1,,,,Oruro,"Sucursal Oruro","No disponible",Salida,"Sin evento",
"28/07/2026 08:21",7281679,,,,Oruro,"Sucursal Oruro","No disponible",Salida,"Sin evento",
"28/07/2026 08:23",4,,,,Oruro,"Sucursal Oruro","No disponible",Salida,"Sin evento",
"28/07/2026 19:02",7281679,,,,Oruro,"Sucursal Oruro","No disponible",Salida,"Sin evento",
"28/07/2026 19:03",1,,,,Oruro,"Sucursal Oruro","No disponible",Salida,"Sin evento",
"28/07/2026 19:03",4,,,,Oruro,"Sucursal Oruro","No disponible",Salida,"Sin evento",
"29/07/2026 08:02",1,,,,Oruro,"Sucursal Oruro","No disponible",Salida,"Sin evento",
"29/07/2026 08:25",4,,,,Oruro,"Sucursal Oruro","No disponible",Salida,"Sin evento",
"29/07/2026 08:30",7281679,,,,Oruro,"Sucursal Oruro","No disponible",Salida,"Sin evento",
